filename,label,speaker,split
DataSet_clean/marvin/00176480_nohash_0.wav,marvin,00176480,train
DataSet_clean/marvin/00176480_nohash_1.wav,marvin,00176480,train
DataSet_clean/marvin/00b01445_nohash_0.wav,marvin,00b01445,train
DataSet_clean/marvin/00b01445_nohash_1.wav,marvin,00b01445,train
DataSet_clean/marvin/012187a4_nohash_0.wav,marvin,012187a4,test
DataSet_clean/marvin/012c8314_nohash_0.wav,marvin,012c8314,train
DataSet_clean/marvin/012c8314_nohash_1.wav,marvin,012c8314,train
DataSet_clean/marvin/0135f3f2_nohash_0.wav,marvin,0135f3f2,train
DataSet_clean/marvin/0137b3f4_nohash_0.wav,marvin,0137b3f4,train
DataSet_clean/marvin/0165e0e8_nohash_0.wav,marvin,0165e0e8,test
DataSet_clean/marvin/016e2c6d_nohash_0.wav,marvin,016e2c6d,train
DataSet_clean/marvin/016e2c6d_nohash_1.wav,marvin,016e2c6d,train
DataSet_clean/marvin/016e2c6d_nohash_2.wav,marvin,016e2c6d,train
DataSet_clean/marvin/017c4098_nohash_0.wav,marvin,017c4098,val
DataSet_clean/marvin/019fa366_nohash_0.wav,marvin,019fa366,test
DataSet_clean/marvin/01b4757a_nohash_0.wav,marvin,01b4757a,train
DataSet_clean/marvin/01b4757a_nohash_1.wav,marvin,01b4757a,train
DataSet_clean/marvin/01b4757a_nohash_2.wav,marvin,01b4757a,train
DataSet_clean/marvin/01bb6a2a_nohash_0.wav,marvin,01bb6a2a,train
DataSet_clean/marvin/01bcfc0c_nohash_0.wav,marvin,01bcfc0c,train
DataSet_clean/marvin/01d22d03_nohash_0.wav,marvin,01d22d03,train
DataSet_clean/marvin/0227998e_nohash_0.wav,marvin,0227998e,train
DataSet_clean/marvin/022cd682_nohash_0.wav,marvin,022cd682,train
DataSet_clean/marvin/023a61ad_nohash_0.wav,marvin,023a61ad,val
DataSet_clean/marvin/026290a7_nohash_0.wav,marvin,026290a7,train
DataSet_clean/marvin/02746d24_nohash_0.wav,marvin,02746d24,train
DataSet_clean/marvin/02ade946_nohash_0.wav,marvin,02ade946,val
DataSet_clean/marvin/02e42bed_nohash_0.wav,marvin,02e42bed,val
DataSet_clean/marvin/02e85b60_nohash_0.wav,marvin,02e85b60,train
DataSet_clean/marvin/02e85b60_nohash_1.wav,marvin,02e85b60,train
DataSet_clean/marvin/030ec18b_nohash_0.wav,marvin,030ec18b,train
DataSet_clean/marvin/030ec18b_nohash_1.wav,marvin,030ec18b,train
DataSet_clean/marvin/030ec18b_nohash_2.wav,marvin,030ec18b,train
DataSet_clean/marvin/03401e93_nohash_0.wav,marvin,03401e93,train
DataSet_clean/marvin/035de8fe_nohash_0.wav,marvin,035de8fe,val
DataSet_clean/marvin/037c445a_nohash_0.wav,marvin,037c445a,train
DataSet_clean/marvin/0397ecda_nohash_0.wav,marvin,0397ecda,val
DataSet_clean/marvin/03c96658_nohash_0.wav,marvin,03c96658,train
DataSet_clean/marvin/03c96658_nohash_1.wav,marvin,03c96658,train
DataSet_clean/marvin/03cf93b1_nohash_0.wav,marvin,03cf93b1,train
DataSet_clean/marvin/03cf93b1_nohash_1.wav,marvin,03cf93b1,train
DataSet_clean/marvin/042186b8_nohash_0.wav,marvin,042186b8,train
DataSet_clean/marvin/042186b8_nohash_1.wav,marvin,042186b8,train
DataSet_clean/marvin/042a8dde_nohash_0.wav,marvin,042a8dde,val
DataSet_clean/marvin/042ea76c_nohash_0.wav,marvin,042ea76c,val
DataSet_clean/marvin/042ea76c_nohash_1.wav,marvin,042ea76c,val
DataSet_clean/marvin/0447d7c1_nohash_0.wav,marvin,0447d7c1,train
DataSet_clean/marvin/0447d7c1_nohash_1.wav,marvin,0447d7c1,train
DataSet_clean/marvin/0447d7c1_nohash_2.wav,marvin,0447d7c1,train
DataSet_clean/marvin/050170cb_nohash_0.wav,marvin,050170cb,train
DataSet_clean/marvin/0585b66d_nohash_0.wav,marvin,0585b66d,train
DataSet_clean/marvin/0685264e_nohash_0.wav,marvin,0685264e,train
DataSet_clean/marvin/069ab0d5_nohash_0.wav,marvin,069ab0d5,train
DataSet_clean/marvin/069ab0d5_nohash_1.wav,marvin,069ab0d5,train
DataSet_clean/marvin/06a79a03_nohash_0.wav,marvin,06a79a03,train
DataSet_clean/marvin/06a79a03_nohash_1.wav,marvin,06a79a03,train
DataSet_clean/marvin/07089da9_nohash_0.wav,marvin,07089da9,test
DataSet_clean/marvin/0717b9f6_nohash_0.wav,marvin,0717b9f6,train
DataSet_clean/marvin/07363607_nohash_0.wav,marvin,07363607,train
DataSet_clean/marvin/075e38c3_nohash_0.wav,marvin,075e38c3,train
DataSet_clean/marvin/079d1020_nohash_0.wav,marvin,079d1020,train
DataSet_clean/marvin/07c5129e_nohash_0.wav,marvin,07c5129e,train
DataSet_clean/marvin/07de53d3_nohash_0.wav,marvin,07de53d3,train
DataSet_clean/marvin/0819edb0_nohash_0.wav,marvin,0819edb0,train
DataSet_clean/marvin/08ab231c_nohash_0.wav,marvin,08ab231c,train
DataSet_clean/marvin/08ab8082_nohash_0.wav,marvin,08ab8082,train
DataSet_clean/marvin/093f65a1_nohash_0.wav,marvin,093f65a1,train
DataSet_clean/marvin/093f65a1_nohash_1.wav,marvin,093f65a1,train
DataSet_clean/marvin/0943c746_nohash_0.wav,marvin,0943c746,train
DataSet_clean/marvin/095847e4_nohash_0.wav,marvin,095847e4,train
DataSet_clean/marvin/099d52ad_nohash_0.wav,marvin,099d52ad,test
DataSet_clean/marvin/09ddc105_nohash_0.wav,marvin,09ddc105,test
DataSet_clean/marvin/0a196374_nohash_0.wav,marvin,0a196374,train
DataSet_clean/marvin/0a5636ca_nohash_0.wav,marvin,0a5636ca,train
DataSet_clean/marvin/0a5636ca_nohash_1.wav,marvin,0a5636ca,train
DataSet_clean/marvin/0a7c2a8d_nohash_0.wav,marvin,0a7c2a8d,val
DataSet_clean/marvin/0a9f9af7_nohash_0.wav,marvin,0a9f9af7,train
DataSet_clean/marvin/0a9f9af7_nohash_1.wav,marvin,0a9f9af7,train
DataSet_clean/marvin/0a9f9af7_nohash_2.wav,marvin,0a9f9af7,train
DataSet_clean/marvin/0ac15fe9_nohash_0.wav,marvin,0ac15fe9,train
DataSet_clean/marvin/0b09edd3_nohash_0.wav,marvin,0b09edd3,train
DataSet_clean/marvin/0b09edd3_nohash_1.wav,marvin,0b09edd3,train
DataSet_clean/marvin/0b40aa8e_nohash_0.wav,marvin,0b40aa8e,train
DataSet_clean/marvin/0b57a6ed_nohash_0.wav,marvin,0b57a6ed,val
DataSet_clean/marvin/0b7ee1a0_nohash_0.wav,marvin,0b7ee1a0,val
DataSet_clean/marvin/0ba018fc_nohash_0.wav,marvin,0ba018fc,train
DataSet_clean/marvin/0bfec55f_nohash_0.wav,marvin,0bfec55f,train
DataSet_clean/marvin/0c09f202_nohash_0.wav,marvin,0c09f202,train
DataSet_clean/marvin/0c2ca723_nohash_0.wav,marvin,0c2ca723,val
DataSet_clean/marvin/0c40e715_nohash_0.wav,marvin,0c40e715,train
DataSet_clean/marvin/0c5027de_nohash_0.wav,marvin,0c5027de,train
DataSet_clean/marvin/0cb74144_nohash_0.wav,marvin,0cb74144,train
DataSet_clean/marvin/0d2bcf9d_nohash_0.wav,marvin,0d2bcf9d,train
DataSet_clean/marvin/0d2bcf9d_nohash_1.wav,marvin,0d2bcf9d,train
DataSet_clean/marvin/0d53e045_nohash_0.wav,marvin,0d53e045,train
DataSet_clean/marvin/0d53e045_nohash_1.wav,marvin,0d53e045,train
DataSet_clean/marvin/0d6d7360_nohash_0.wav,marvin,0d6d7360,test
DataSet_clean/marvin/0d90d8e1_nohash_0.wav,marvin,0d90d8e1,train
DataSet_clean/marvin/0d97f020_nohash_0.wav,marvin,0d97f020,train
DataSet_clean/marvin/0e17f595_nohash_0.wav,marvin,0e17f595,train
DataSet_clean/marvin/0e6e36c9_nohash_0.wav,marvin,0e6e36c9,train
DataSet_clean/marvin/0ea9c8ce_nohash_0.wav,marvin,0ea9c8ce,train
DataSet_clean/marvin/0f2442b6_nohash_0.wav,marvin,0f2442b6,val
DataSet_clean/marvin/0f7266cf_nohash_0.wav,marvin,0f7266cf,train
DataSet_clean/marvin/102192fd_nohash_0.wav,marvin,102192fd,train
DataSet_clean/marvin/10467b06_nohash_0.wav,marvin,10467b06,train
DataSet_clean/marvin/10467b06_nohash_1.wav,marvin,10467b06,train
DataSet_clean/marvin/105a0eea_nohash_0.wav,marvin,105a0eea,train
DataSet_clean/marvin/105e72bb_nohash_0.wav,marvin,105e72bb,train
DataSet_clean/marvin/10627519_nohash_0.wav,marvin,10627519,train
DataSet_clean/marvin/1093c8e7_nohash_0.wav,marvin,1093c8e7,train
DataSet_clean/marvin/10c6d873_nohash_0.wav,marvin,10c6d873,test
DataSet_clean/marvin/10f2bb12_nohash_0.wav,marvin,10f2bb12,train
DataSet_clean/marvin/113b3fbc_nohash_0.wav,marvin,113b3fbc,train
DataSet_clean/marvin/118261a9_nohash_0.wav,marvin,118261a9,train
DataSet_clean/marvin/118261a9_nohash_1.wav,marvin,118261a9,train
DataSet_clean/marvin/122c5aa7_nohash_0.wav,marvin,122c5aa7,test
DataSet_clean/marvin/12529547_nohash_0.wav,marvin,12529547,val
DataSet_clean/marvin/12623a81_nohash_0.wav,marvin,12623a81,train
DataSet_clean/marvin/126a31d2_nohash_0.wav,marvin,126a31d2,train
DataSet_clean/marvin/126a31d2_nohash_1.wav,marvin,126a31d2,train
DataSet_clean/marvin/126a31d2_nohash_2.wav,marvin,126a31d2,train
DataSet_clean/marvin/12c206ea_nohash_0.wav,marvin,12c206ea,test
DataSet_clean/marvin/13199b79_nohash_0.wav,marvin,13199b79,val
DataSet_clean/marvin/135c6841_nohash_0.wav,marvin,135c6841,train
DataSet_clean/marvin/1365dd89_nohash_0.wav,marvin,1365dd89,train
DataSet_clean/marvin/13a93b33_nohash_0.wav,marvin,13a93b33,test
DataSet_clean/marvin/14587ff0_nohash_0.wav,marvin,14587ff0,train
DataSet_clean/marvin/1473be6a_nohash_0.wav,marvin,1473be6a,val
DataSet_clean/marvin/1473be6a_nohash_1.wav,marvin,1473be6a,val
DataSet_clean/marvin/14872d06_nohash_0.wav,marvin,14872d06,train
DataSet_clean/marvin/14872d06_nohash_1.wav,marvin,14872d06,train
DataSet_clean/marvin/14c7b073_nohash_0.wav,marvin,14c7b073,train
DataSet_clean/marvin/14df1e28_nohash_0.wav,marvin,14df1e28,train
DataSet_clean/marvin/151bfb79_nohash_0.wav,marvin,151bfb79,train
DataSet_clean/marvin/152491bc_nohash_0.wav,marvin,152491bc,train
DataSet_clean/marvin/1528225c_nohash_0.wav,marvin,1528225c,val
DataSet_clean/marvin/15574821_nohash_0.wav,marvin,15574821,train
DataSet_clean/marvin/15574821_nohash_1.wav,marvin,15574821,train
DataSet_clean/marvin/15574821_nohash_2.wav,marvin,15574821,train
DataSet_clean/marvin/15c563d7_nohash_0.wav,marvin,15c563d7,train
DataSet_clean/marvin/15dd287d_nohash_0.wav,marvin,15dd287d,train
DataSet_clean/marvin/15f04ff8_nohash_0.wav,marvin,15f04ff8,train
DataSet_clean/marvin/161fcca8_nohash_0.wav,marvin,161fcca8,train
DataSet_clean/marvin/1625acd8_nohash_0.wav,marvin,1625acd8,train
DataSet_clean/marvin/1625acd8_nohash_1.wav,marvin,1625acd8,train
DataSet_clean/marvin/1657c9fa_nohash_0.wav,marvin,1657c9fa,train
DataSet_clean/marvin/1678e6f1_nohash_0.wav,marvin,1678e6f1,train
DataSet_clean/marvin/16db1582_nohash_0.wav,marvin,16db1582,train
DataSet_clean/marvin/16db1582_nohash_1.wav,marvin,16db1582,train
DataSet_clean/marvin/16db1582_nohash_2.wav,marvin,16db1582,train
DataSet_clean/marvin/16fce7de_nohash_0.wav,marvin,16fce7de,train
DataSet_clean/marvin/16fce7de_nohash_1.wav,marvin,16fce7de,train
DataSet_clean/marvin/173ae793_nohash_0.wav,marvin,173ae793,train
DataSet_clean/marvin/173ce2be_nohash_0.wav,marvin,173ce2be,test
DataSet_clean/marvin/173e6bbf_nohash_0.wav,marvin,173e6bbf,val
DataSet_clean/marvin/173e6bbf_nohash_1.wav,marvin,173e6bbf,val
DataSet_clean/marvin/1746d7b6_nohash_0.wav,marvin,1746d7b6,train
DataSet_clean/marvin/179a61b7_nohash_0.wav,marvin,179a61b7,val
DataSet_clean/marvin/17cc40ee_nohash_0.wav,marvin,17cc40ee,train
DataSet_clean/marvin/17cc40ee_nohash_1.wav,marvin,17cc40ee,train
DataSet_clean/marvin/17cc40ee_nohash_2.wav,marvin,17cc40ee,train
DataSet_clean/marvin/1816b768_nohash_0.wav,marvin,1816b768,test
DataSet_clean/marvin/1851e33b_nohash_0.wav,marvin,1851e33b,train
DataSet_clean/marvin/1851e33b_nohash_1.wav,marvin,1851e33b,train
DataSet_clean/marvin/187af8be_nohash_0.wav,marvin,187af8be,train
DataSet_clean/marvin/1887fe04_nohash_0.wav,marvin,1887fe04,train
DataSet_clean/marvin/1890e5c3_nohash_0.wav,marvin,1890e5c3,train
DataSet_clean/marvin/18c54a68_nohash_0.wav,marvin,18c54a68,train
DataSet_clean/marvin/18d120ae_nohash_0.wav,marvin,18d120ae,val
DataSet_clean/marvin/18e910f4_nohash_0.wav,marvin,18e910f4,test
DataSet_clean/marvin/18ffa72d_nohash_0.wav,marvin,18ffa72d,val
DataSet_clean/marvin/190821dc_nohash_0.wav,marvin,190821dc,val
DataSet_clean/marvin/1942abd7_nohash_0.wav,marvin,1942abd7,train
DataSet_clean/marvin/1942abd7_nohash_1.wav,marvin,1942abd7,train
DataSet_clean/marvin/195c120a_nohash_0.wav,marvin,195c120a,train
DataSet_clean/marvin/196e84b7_nohash_0.wav,marvin,196e84b7,val
DataSet_clean/marvin/19785c4e_nohash_0.wav,marvin,19785c4e,val
DataSet_clean/marvin/197f4153_nohash_0.wav,marvin,197f4153,train
DataSet_clean/marvin/1995cf9e_nohash_0.wav,marvin,1995cf9e,train
DataSet_clean/marvin/1995cf9e_nohash_1.wav,marvin,1995cf9e,train
DataSet_clean/marvin/199da2bf_nohash_0.wav,marvin,199da2bf,train
DataSet_clean/marvin/19b05529_nohash_0.wav,marvin,19b05529,train
DataSet_clean/marvin/19e246ad_nohash_0.wav,marvin,19e246ad,train
DataSet_clean/marvin/19e246ad_nohash_1.wav,marvin,19e246ad,train
DataSet_clean/marvin/1a073312_nohash_0.wav,marvin,1a073312,train
DataSet_clean/marvin/1a673010_nohash_0.wav,marvin,1a673010,train
DataSet_clean/marvin/1a6eca98_nohash_0.wav,marvin,1a6eca98,val
DataSet_clean/marvin/1a6eca98_nohash_1.wav,marvin,1a6eca98,val
DataSet_clean/marvin/1a994c9f_nohash_0.wav,marvin,1a994c9f,train
DataSet_clean/marvin/1acc97de_nohash_0.wav,marvin,1acc97de,train
DataSet_clean/marvin/1aed7c6d_nohash_0.wav,marvin,1aed7c6d,train
DataSet_clean/marvin/1aeef15e_nohash_0.wav,marvin,1aeef15e,train
DataSet_clean/marvin/1aeef15e_nohash_1.wav,marvin,1aeef15e,train
DataSet_clean/marvin/1afd49bf_nohash_0.wav,marvin,1afd49bf,train
DataSet_clean/marvin/1afd49bf_nohash_1.wav,marvin,1afd49bf,train
DataSet_clean/marvin/1b459024_nohash_0.wav,marvin,1b459024,train
DataSet_clean/marvin/1b4c9b89_nohash_0.wav,marvin,1b4c9b89,val
DataSet_clean/marvin/1b5ba788_nohash_0.wav,marvin,1b5ba788,train
DataSet_clean/marvin/1b63157b_nohash_0.wav,marvin,1b63157b,val
DataSet_clean/marvin/1b755c65_nohash_0.wav,marvin,1b755c65,val
DataSet_clean/marvin/1b755c65_nohash_1.wav,marvin,1b755c65,val
DataSet_clean/marvin/1b835b87_nohash_0.wav,marvin,1b835b87,train
DataSet_clean/marvin/1b835b87_nohash_1.wav,marvin,1b835b87,train
DataSet_clean/marvin/1b88bf70_nohash_0.wav,marvin,1b88bf70,val
DataSet_clean/marvin/1b88bf70_nohash_1.wav,marvin,1b88bf70,val
DataSet_clean/marvin/1b88bf70_nohash_2.wav,marvin,1b88bf70,val
DataSet_clean/marvin/1ba20be2_nohash_0.wav,marvin,1ba20be2,train
DataSet_clean/marvin/1ba20be2_nohash_1.wav,marvin,1ba20be2,train
DataSet_clean/marvin/1bb6ed89_nohash_0.wav,marvin,1bb6ed89,train
DataSet_clean/marvin/1c3f4fac_nohash_0.wav,marvin,1c3f4fac,train
DataSet_clean/marvin/1c3f50ad_nohash_0.wav,marvin,1c3f50ad,test
DataSet_clean/marvin/1c45ceb2_nohash_0.wav,marvin,1c45ceb2,train
DataSet_clean/marvin/1c50d874_nohash_0.wav,marvin,1c50d874,train
DataSet_clean/marvin/1c6e5447_nohash_0.wav,marvin,1c6e5447,test
DataSet_clean/marvin/1c6e5447_nohash_1.wav,marvin,1c6e5447,test
DataSet_clean/marvin/1c6e5447_nohash_2.wav,marvin,1c6e5447,test
DataSet_clean/marvin/1c76f5f3_nohash_0.wav,marvin,1c76f5f3,train
DataSet_clean/marvin/1c84a139_nohash_0.wav,marvin,1c84a139,train
DataSet_clean/marvin/1cbcc7a7_nohash_0.wav,marvin,1cbcc7a7,train
DataSet_clean/marvin/1cc80e39_nohash_0.wav,marvin,1cc80e39,train
DataSet_clean/marvin/1cc80e39_nohash_1.wav,marvin,1cc80e39,train
DataSet_clean/marvin/1cc80e39_nohash_2.wav,marvin,1cc80e39,train
DataSet_clean/marvin/1cc80e39_nohash_3.wav,marvin,1cc80e39,train
DataSet_clean/marvin/1d1fe0a0_nohash_0.wav,marvin,1d1fe0a0,train
DataSet_clean/marvin/1d1fe0a0_nohash_1.wav,marvin,1d1fe0a0,train
DataSet_clean/marvin/1d919a90_nohash_0.wav,marvin,1d919a90,val
DataSet_clean/marvin/1daa5ada_nohash_0.wav,marvin,1daa5ada,train
DataSet_clean/marvin/1dce06e8_nohash_0.wav,marvin,1dce06e8,val
DataSet_clean/marvin/1df483c0_nohash_0.wav,marvin,1df483c0,train
DataSet_clean/marvin/1df99a8a_nohash_0.wav,marvin,1df99a8a,val
DataSet_clean/marvin/1df99a8a_nohash_1.wav,marvin,1df99a8a,val
DataSet_clean/marvin/1e02ffc5_nohash_0.wav,marvin,1e02ffc5,train
DataSet_clean/marvin/1e31353f_nohash_0.wav,marvin,1e31353f,train
DataSet_clean/marvin/1e31353f_nohash_1.wav,marvin,1e31353f,train
DataSet_clean/marvin/1e4064b8_nohash_0.wav,marvin,1e4064b8,train
DataSet_clean/marvin/1e4064b8_nohash_1.wav,marvin,1e4064b8,train
DataSet_clean/marvin/1e9b215e_nohash_0.wav,marvin,1e9b215e,train
DataSet_clean/marvin/1e9e6bdd_nohash_0.wav,marvin,1e9e6bdd,train
DataSet_clean/marvin/1ecfb537_nohash_0.wav,marvin,1ecfb537,val
DataSet_clean/marvin/1ed557b9_nohash_0.wav,marvin,1ed557b9,train
DataSet_clean/marvin/1eddce1d_nohash_0.wav,marvin,1eddce1d,test
DataSet_clean/marvin/1eddce1d_nohash_1.wav,marvin,1eddce1d,test
DataSet_clean/marvin/1efdf53f_nohash_0.wav,marvin,1efdf53f,train
DataSet_clean/marvin/1f3bece8_nohash_0.wav,marvin,1f3bece8,train
DataSet_clean/marvin/1f3e4139_nohash_0.wav,marvin,1f3e4139,train
DataSet_clean/marvin/1f653d27_nohash_0.wav,marvin,1f653d27,train
DataSet_clean/marvin/1fc04a13_nohash_0.wav,marvin,1fc04a13,train
DataSet_clean/marvin/1fc04a13_nohash_1.wav,marvin,1fc04a13,train
DataSet_clean/marvin/1fd85ee4_nohash_0.wav,marvin,1fd85ee4,train
DataSet_clean/marvin/1fd85ee4_nohash_1.wav,marvin,1fd85ee4,train
DataSet_clean/marvin/1fe4c891_nohash_0.wav,marvin,1fe4c891,train
DataSet_clean/marvin/1ffd513b_nohash_0.wav,marvin,1ffd513b,train
DataSet_clean/marvin/1ffd513b_nohash_1.wav,marvin,1ffd513b,train
DataSet_clean/marvin/20174140_nohash_0.wav,marvin,20174140,train
DataSet_clean/marvin/201e28a9_nohash_0.wav,marvin,201e28a9,train
DataSet_clean/marvin/20a0d54b_nohash_0.wav,marvin,20a0d54b,test
DataSet_clean/marvin/20d779bf_nohash_0.wav,marvin,20d779bf,train
DataSet_clean/marvin/20fd451f_nohash_0.wav,marvin,20fd451f,train
DataSet_clean/marvin/211ccd2e_nohash_0.wav,marvin,211ccd2e,train
DataSet_clean/marvin/211ccd2e_nohash_1.wav,marvin,211ccd2e,train
DataSet_clean/marvin/2144be19_nohash_0.wav,marvin,2144be19,test
DataSet_clean/marvin/215699ff_nohash_0.wav,marvin,215699ff,train
DataSet_clean/marvin/215699ff_nohash_1.wav,marvin,215699ff,train
DataSet_clean/marvin/21832144_nohash_0.wav,marvin,21832144,train
DataSet_clean/marvin/2197f41c_nohash_0.wav,marvin,2197f41c,train
DataSet_clean/marvin/21cbe292_nohash_0.wav,marvin,21cbe292,train
DataSet_clean/marvin/21e8c417_nohash_0.wav,marvin,21e8c417,train
DataSet_clean/marvin/21e8c417_nohash_1.wav,marvin,21e8c417,train
DataSet_clean/marvin/220ee1ef_nohash_0.wav,marvin,220ee1ef,val
DataSet_clean/marvin/22296dbe_nohash_0.wav,marvin,22296dbe,val
DataSet_clean/marvin/2250f5f2_nohash_0.wav,marvin,2250f5f2,train
DataSet_clean/marvin/2250f5f2_nohash_1.wav,marvin,2250f5f2,train
DataSet_clean/marvin/2275edbb_nohash_0.wav,marvin,2275edbb,train
DataSet_clean/marvin/229978fd_nohash_0.wav,marvin,229978fd,test
DataSet_clean/marvin/22aa3665_nohash_0.wav,marvin,22aa3665,train
DataSet_clean/marvin/22cb56b3_nohash_0.wav,marvin,22cb56b3,test
DataSet_clean/marvin/23059a35_nohash_0.wav,marvin,23059a35,train
DataSet_clean/marvin/2313e093_nohash_0.wav,marvin,2313e093,test
DataSet_clean/marvin/2313e093_nohash_1.wav,marvin,2313e093,test
DataSet_clean/marvin/2356b88d_nohash_0.wav,marvin,2356b88d,test
DataSet_clean/marvin/23abe1c9_nohash_0.wav,marvin,23abe1c9,train
DataSet_clean/marvin/23abe1c9_nohash_1.wav,marvin,23abe1c9,train
DataSet_clean/marvin/23da904f_nohash_0.wav,marvin,23da904f,train
DataSet_clean/marvin/24a3e589_nohash_0.wav,marvin,24a3e589,val
DataSet_clean/marvin/24ad3ebe_nohash_0.wav,marvin,24ad3ebe,train
DataSet_clean/marvin/24ad3ebe_nohash_1.wav,marvin,24ad3ebe,train
DataSet_clean/marvin/24ad3ebe_nohash_2.wav,marvin,24ad3ebe,train
DataSet_clean/marvin/24ad3ebe_nohash_3.wav,marvin,24ad3ebe,train
DataSet_clean/marvin/24b82192_nohash_0.wav,marvin,24b82192,val
DataSet_clean/marvin/24befdb3_nohash_0.wav,marvin,24befdb3,train
DataSet_clean/marvin/24cab2cb_nohash_0.wav,marvin,24cab2cb,train
DataSet_clean/marvin/24ed94ab_nohash_0.wav,marvin,24ed94ab,val
DataSet_clean/marvin/25040e85_nohash_0.wav,marvin,25040e85,test
DataSet_clean/marvin/25132942_nohash_0.wav,marvin,25132942,test
DataSet_clean/marvin/256c0a05_nohash_0.wav,marvin,256c0a05,train
DataSet_clean/marvin/257251e0_nohash_0.wav,marvin,257251e0,test
DataSet_clean/marvin/2579e514_nohash_0.wav,marvin,2579e514,train
DataSet_clean/marvin/257e17e0_nohash_0.wav,marvin,257e17e0,train
DataSet_clean/marvin/257e17e0_nohash_1.wav,marvin,257e17e0,train
DataSet_clean/marvin/2589f361_nohash_0.wav,marvin,2589f361,train
DataSet_clean/marvin/258f4559_nohash_0.wav,marvin,258f4559,train
DataSet_clean/marvin/258f4559_nohash_1.wav,marvin,258f4559,train
DataSet_clean/marvin/25c14394_nohash_0.wav,marvin,25c14394,train
DataSet_clean/marvin/264f471d_nohash_0.wav,marvin,264f471d,train
DataSet_clean/marvin/265bd13a_nohash_0.wav,marvin,265bd13a,test
DataSet_clean/marvin/26631bee_nohash_0.wav,marvin,26631bee,train
DataSet_clean/marvin/26a093e1_nohash_0.wav,marvin,26a093e1,val
DataSet_clean/marvin/26a093e1_nohash_1.wav,marvin,26a093e1,val
DataSet_clean/marvin/26e573a9_nohash_0.wav,marvin,26e573a9,train
DataSet_clean/marvin/27b9a84f_nohash_0.wav,marvin,27b9a84f,train
DataSet_clean/marvin/27b9a84f_nohash_1.wav,marvin,27b9a84f,train
DataSet_clean/marvin/27b9a84f_nohash_2.wav,marvin,27b9a84f,train
DataSet_clean/marvin/27c24504_nohash_0.wav,marvin,27c24504,train
DataSet_clean/marvin/27c30960_nohash_0.wav,marvin,27c30960,val
DataSet_clean/marvin/28e47b1a_nohash_0.wav,marvin,28e47b1a,val
DataSet_clean/marvin/28ed6bc9_nohash_0.wav,marvin,28ed6bc9,train
DataSet_clean/marvin/28ef2a01_nohash_0.wav,marvin,28ef2a01,train
DataSet_clean/marvin/29229c21_nohash_0.wav,marvin,29229c21,val
DataSet_clean/marvin/2927c601_nohash_0.wav,marvin,2927c601,val
DataSet_clean/marvin/299c14b1_nohash_0.wav,marvin,299c14b1,train
DataSet_clean/marvin/29b81b73_nohash_0.wav,marvin,29b81b73,train
DataSet_clean/marvin/29dce108_nohash_0.wav,marvin,29dce108,val
DataSet_clean/marvin/29fb33da_nohash_0.wav,marvin,29fb33da,test
DataSet_clean/marvin/2a0b413e_nohash_0.wav,marvin,2a0b413e,train
DataSet_clean/marvin/2a1f4853_nohash_0.wav,marvin,2a1f4853,train
DataSet_clean/marvin/2a89ad5c_nohash_0.wav,marvin,2a89ad5c,train
DataSet_clean/marvin/2aa787cf_nohash_0.wav,marvin,2aa787cf,test
DataSet_clean/marvin/2aca1e72_nohash_0.wav,marvin,2aca1e72,train
DataSet_clean/marvin/2aca1e72_nohash_1.wav,marvin,2aca1e72,train
DataSet_clean/marvin/2aec99ec_nohash_0.wav,marvin,2aec99ec,test
DataSet_clean/marvin/2aec99ec_nohash_1.wav,marvin,2aec99ec,test
DataSet_clean/marvin/2b42e7a2_nohash_0.wav,marvin,2b42e7a2,train
DataSet_clean/marvin/2b42e7a2_nohash_1.wav,marvin,2b42e7a2,train
DataSet_clean/marvin/2b42e7a2_nohash_2.wav,marvin,2b42e7a2,train
DataSet_clean/marvin/2b5e346d_nohash_0.wav,marvin,2b5e346d,train
DataSet_clean/marvin/2b715941_nohash_0.wav,marvin,2b715941,train
DataSet_clean/marvin/2b715941_nohash_1.wav,marvin,2b715941,train
DataSet_clean/marvin/2bd2cad5_nohash_0.wav,marvin,2bd2cad5,test
DataSet_clean/marvin/2bdbe5f7_nohash_0.wav,marvin,2bdbe5f7,train
DataSet_clean/marvin/2be08ce4_nohash_0.wav,marvin,2be08ce4,train
DataSet_clean/marvin/2bfe70ef_nohash_0.wav,marvin,2bfe70ef,train
DataSet_clean/marvin/2c6d3924_nohash_0.wav,marvin,2c6d3924,test
DataSet_clean/marvin/2c727642_nohash_0.wav,marvin,2c727642,train
DataSet_clean/marvin/2c727642_nohash_1.wav,marvin,2c727642,train
DataSet_clean/marvin/2c7c33e8_nohash_0.wav,marvin,2c7c33e8,val
DataSet_clean/marvin/2cec1d47_nohash_0.wav,marvin,2cec1d47,train
DataSet_clean/marvin/2cf28b70_nohash_0.wav,marvin,2cf28b70,train
DataSet_clean/marvin/2cf28b70_nohash_1.wav,marvin,2cf28b70,train
DataSet_clean/marvin/2d327bc8_nohash_0.wav,marvin,2d327bc8,train
DataSet_clean/marvin/2d3c8dcb_nohash_0.wav,marvin,2d3c8dcb,train
DataSet_clean/marvin/2d82a556_nohash_0.wav,marvin,2d82a556,val
DataSet_clean/marvin/2d82a556_nohash_1.wav,marvin,2d82a556,val
DataSet_clean/marvin/2dce72b3_nohash_0.wav,marvin,2dce72b3,train
DataSet_clean/marvin/2df590cd_nohash_0.wav,marvin,2df590cd,train
DataSet_clean/marvin/2e0d80f7_nohash_0.wav,marvin,2e0d80f7,test
DataSet_clean/marvin/2e0d80f7_nohash_1.wav,marvin,2e0d80f7,test
DataSet_clean/marvin/2e0d80f7_nohash_2.wav,marvin,2e0d80f7,test
DataSet_clean/marvin/2e30f9a5_nohash_0.wav,marvin,2e30f9a5,train
DataSet_clean/marvin/2e30f9a5_nohash_1.wav,marvin,2e30f9a5,train
DataSet_clean/marvin/2e75d37a_nohash_0.wav,marvin,2e75d37a,val
DataSet_clean/marvin/2e7fac30_nohash_0.wav,marvin,2e7fac30,train
DataSet_clean/marvin/2e8c59f7_nohash_0.wav,marvin,2e8c59f7,train
DataSet_clean/marvin/2e8c59f7_nohash_1.wav,marvin,2e8c59f7,train
DataSet_clean/marvin/2f0a410b_nohash_0.wav,marvin,2f0a410b,train
DataSet_clean/marvin/2f666bb2_nohash_0.wav,marvin,2f666bb2,test
DataSet_clean/marvin/2f666bb2_nohash_1.wav,marvin,2f666bb2,test
DataSet_clean/marvin/2f813234_nohash_0.wav,marvin,2f813234,train
DataSet_clean/marvin/2fa39636_nohash_0.wav,marvin,2fa39636,train
DataSet_clean/marvin/2fee065a_nohash_0.wav,marvin,2fee065a,train
DataSet_clean/marvin/300384f0_nohash_0.wav,marvin,300384f0,test
DataSet_clean/marvin/300384f0_nohash_1.wav,marvin,300384f0,test
DataSet_clean/marvin/30065f33_nohash_0.wav,marvin,30065f33,test
DataSet_clean/marvin/30065f33_nohash_1.wav,marvin,30065f33,test
DataSet_clean/marvin/30065f33_nohash_2.wav,marvin,30065f33,test
DataSet_clean/marvin/3006c271_nohash_0.wav,marvin,3006c271,train
DataSet_clean/marvin/30137d34_nohash_0.wav,marvin,30137d34,train
DataSet_clean/marvin/30137d34_nohash_1.wav,marvin,30137d34,train
DataSet_clean/marvin/30276d03_nohash_0.wav,marvin,30276d03,train
DataSet_clean/marvin/30a09789_nohash_0.wav,marvin,30a09789,train
DataSet_clean/marvin/30aabd44_nohash_0.wav,marvin,30aabd44,test
DataSet_clean/marvin/30f31e42_nohash_0.wav,marvin,30f31e42,val
DataSet_clean/marvin/30f6e665_nohash_0.wav,marvin,30f6e665,train
DataSet_clean/marvin/3108acca_nohash_0.wav,marvin,3108acca,train
DataSet_clean/marvin/31267b59_nohash_0.wav,marvin,31267b59,train
DataSet_clean/marvin/31267b59_nohash_1.wav,marvin,31267b59,train
DataSet_clean/marvin/312b96ec_nohash_0.wav,marvin,312b96ec,val
DataSet_clean/marvin/312d6d81_nohash_0.wav,marvin,312d6d81,train
DataSet_clean/marvin/31583d30_nohash_0.wav,marvin,31583d30,train
DataSet_clean/marvin/31601aad_nohash_0.wav,marvin,31601aad,test
DataSet_clean/marvin/31d31fa0_nohash_0.wav,marvin,31d31fa0,train
DataSet_clean/marvin/31d31fa0_nohash_1.wav,marvin,31d31fa0,train
DataSet_clean/marvin/31e686d2_nohash_0.wav,marvin,31e686d2,train
DataSet_clean/marvin/31f01a8d_nohash_0.wav,marvin,31f01a8d,train
DataSet_clean/marvin/31fd5cf5_nohash_0.wav,marvin,31fd5cf5,train
DataSet_clean/marvin/3209ec42_nohash_0.wav,marvin,3209ec42,train
DataSet_clean/marvin/3209ec42_nohash_1.wav,marvin,3209ec42,train
DataSet_clean/marvin/321aba74_nohash_0.wav,marvin,321aba74,val
DataSet_clean/marvin/322d17d3_nohash_0.wav,marvin,322d17d3,train
DataSet_clean/marvin/324210dd_nohash_0.wav,marvin,324210dd,test
DataSet_clean/marvin/3250c035_nohash_0.wav,marvin,3250c035,train
DataSet_clean/marvin/3250c035_nohash_1.wav,marvin,3250c035,train
DataSet_clean/marvin/325a0c39_nohash_0.wav,marvin,325a0c39,train
DataSet_clean/marvin/325a0c39_nohash_1.wav,marvin,325a0c39,train
DataSet_clean/marvin/325a0c39_nohash_2.wav,marvin,325a0c39,train
DataSet_clean/marvin/327289eb_nohash_0.wav,marvin,327289eb,train
DataSet_clean/marvin/32efce64_nohash_0.wav,marvin,32efce64,train
DataSet_clean/marvin/32efce64_nohash_1.wav,marvin,32efce64,train
DataSet_clean/marvin/333784b7_nohash_0.wav,marvin,333784b7,train
DataSet_clean/marvin/333d7ddb_nohash_0.wav,marvin,333d7ddb,train
DataSet_clean/marvin/3389305e_nohash_0.wav,marvin,3389305e,train
DataSet_clean/marvin/3389305e_nohash_1.wav,marvin,3389305e,train
DataSet_clean/marvin/338dacf5_nohash_0.wav,marvin,338dacf5,val
DataSet_clean/marvin/338dacf5_nohash_1.wav,marvin,338dacf5,val
DataSet_clean/marvin/338dacf5_nohash_2.wav,marvin,338dacf5,val
DataSet_clean/marvin/339f2c5c_nohash_0.wav,marvin,339f2c5c,test
DataSet_clean/marvin/3411cf4b_nohash_0.wav,marvin,3411cf4b,train
DataSet_clean/marvin/3411cf4b_nohash_1.wav,marvin,3411cf4b,train
DataSet_clean/marvin/34263ab3_nohash_0.wav,marvin,34263ab3,train
DataSet_clean/marvin/3477fab6_nohash_0.wav,marvin,3477fab6,test
DataSet_clean/marvin/34881b10_nohash_0.wav,marvin,34881b10,train
DataSet_clean/marvin/34d5aa5a_nohash_0.wav,marvin,34d5aa5a,test
DataSet_clean/marvin/352ffbe3_nohash_0.wav,marvin,352ffbe3,train
DataSet_clean/marvin/3565ca83_nohash_0.wav,marvin,3565ca83,val
DataSet_clean/marvin/3589bc72_nohash_0.wav,marvin,3589bc72,train
DataSet_clean/marvin/35c29afe_nohash_0.wav,marvin,35c29afe,val
DataSet_clean/marvin/35c8fa78_nohash_0.wav,marvin,35c8fa78,train
DataSet_clean/marvin/35d1b6ee_nohash_0.wav,marvin,35d1b6ee,train
DataSet_clean/marvin/36050ef3_nohash_0.wav,marvin,36050ef3,train
DataSet_clean/marvin/363c6bad_nohash_0.wav,marvin,363c6bad,train
DataSet_clean/marvin/364f979f_nohash_0.wav,marvin,364f979f,train
DataSet_clean/marvin/364f979f_nohash_1.wav,marvin,364f979f,train
DataSet_clean/marvin/365531e2_nohash_0.wav,marvin,365531e2,train
DataSet_clean/marvin/3659fc1c_nohash_0.wav,marvin,3659fc1c,train
DataSet_clean/marvin/370844f7_nohash_0.wav,marvin,370844f7,train
DataSet_clean/marvin/3777c08e_nohash_0.wav,marvin,3777c08e,test
DataSet_clean/marvin/3777c08e_nohash_1.wav,marvin,3777c08e,test
DataSet_clean/marvin/377e916b_nohash_0.wav,marvin,377e916b,test
DataSet_clean/marvin/37a3cd33_nohash_0.wav,marvin,37a3cd33,train
DataSet_clean/marvin/37a3cd33_nohash_1.wav,marvin,37a3cd33,train
DataSet_clean/marvin/37bd115d_nohash_0.wav,marvin,37bd115d,val
DataSet_clean/marvin/37d38e44_nohash_0.wav,marvin,37d38e44,test
DataSet_clean/marvin/37dca74f_nohash_0.wav,marvin,37dca74f,train
DataSet_clean/marvin/37fc5d97_nohash_0.wav,marvin,37fc5d97,train
DataSet_clean/marvin/380abbad_nohash_0.wav,marvin,380abbad,train
DataSet_clean/marvin/380abbad_nohash_1.wav,marvin,380abbad,train
DataSet_clean/marvin/380abbad_nohash_2.wav,marvin,380abbad,train
DataSet_clean/marvin/3837f3f3_nohash_0.wav,marvin,3837f3f3,test
DataSet_clean/marvin/3847619e_nohash_0.wav,marvin,3847619e,test
DataSet_clean/marvin/3852fca2_nohash_0.wav,marvin,3852fca2,train
DataSet_clean/marvin/3852fca2_nohash_1.wav,marvin,3852fca2,train
DataSet_clean/marvin/38c30a4a_nohash_0.wav,marvin,38c30a4a,val
DataSet_clean/marvin/38c388bc_nohash_0.wav,marvin,38c388bc,train
DataSet_clean/marvin/38d78313_nohash_0.wav,marvin,38d78313,train
DataSet_clean/marvin/39543cfd_nohash_0.wav,marvin,39543cfd,train
DataSet_clean/marvin/39543cfd_nohash_1.wav,marvin,39543cfd,train
DataSet_clean/marvin/3983ba0d_nohash_0.wav,marvin,3983ba0d,val
DataSet_clean/marvin/39a45230_nohash_0.wav,marvin,39a45230,train
DataSet_clean/marvin/39b5fdab_nohash_0.wav,marvin,39b5fdab,val
DataSet_clean/marvin/39c13eed_nohash_0.wav,marvin,39c13eed,train
DataSet_clean/marvin/3a3ee7ed_nohash_0.wav,marvin,3a3ee7ed,train
DataSet_clean/marvin/3a53b856_nohash_0.wav,marvin,3a53b856,val
DataSet_clean/marvin/3a69f765_nohash_0.wav,marvin,3a69f765,val
DataSet_clean/marvin/3a70ab7f_nohash_0.wav,marvin,3a70ab7f,val
DataSet_clean/marvin/3a70ab7f_nohash_1.wav,marvin,3a70ab7f,val
DataSet_clean/marvin/3a70ab7f_nohash_2.wav,marvin,3a70ab7f,val
DataSet_clean/marvin/3a789a0d_nohash_0.wav,marvin,3a789a0d,val
DataSet_clean/marvin/3a789a0d_nohash_1.wav,marvin,3a789a0d,val
DataSet_clean/marvin/3a789a0d_nohash_2.wav,marvin,3a789a0d,val
DataSet_clean/marvin/3a789a0d_nohash_3.wav,marvin,3a789a0d,val
DataSet_clean/marvin/3a789a0d_nohash_4.wav,marvin,3a789a0d,val
DataSet_clean/marvin/3a789a0d_nohash_5.wav,marvin,3a789a0d,val
DataSet_clean/marvin/3a7d8872_nohash_0.wav,marvin,3a7d8872,train
DataSet_clean/marvin/3a929277_nohash_0.wav,marvin,3a929277,val
DataSet_clean/marvin/3aa6f4e2_nohash_0.wav,marvin,3aa6f4e2,train
DataSet_clean/marvin/3aa6f4e2_nohash_1.wav,marvin,3aa6f4e2,train
DataSet_clean/marvin/3aa6f4e2_nohash_2.wav,marvin,3aa6f4e2,train
DataSet_clean/marvin/3ab9ba07_nohash_0.wav,marvin,3ab9ba07,train
DataSet_clean/marvin/3ab9ba07_nohash_1.wav,marvin,3ab9ba07,train
DataSet_clean/marvin/3ae5c04f_nohash_0.wav,marvin,3ae5c04f,val
DataSet_clean/marvin/3b195250_nohash_0.wav,marvin,3b195250,test
DataSet_clean/marvin/3b3d2f59_nohash_0.wav,marvin,3b3d2f59,test
DataSet_clean/marvin/3b4f8f24_nohash_0.wav,marvin,3b4f8f24,val
DataSet_clean/marvin/3b8406c0_nohash_0.wav,marvin,3b8406c0,train
DataSet_clean/marvin/3b8406c0_nohash_1.wav,marvin,3b8406c0,train
DataSet_clean/marvin/3bb68054_nohash_0.wav,marvin,3bb68054,train
DataSet_clean/marvin/3bc21161_nohash_0.wav,marvin,3bc21161,train
DataSet_clean/marvin/3c257192_nohash_0.wav,marvin,3c257192,val
DataSet_clean/marvin/3c4aa5ef_nohash_0.wav,marvin,3c4aa5ef,train
DataSet_clean/marvin/3c8836dc_nohash_0.wav,marvin,3c8836dc,train
DataSet_clean/marvin/3ca784ec_nohash_0.wav,marvin,3ca784ec,train
DataSet_clean/marvin/3cbd76a3_nohash_0.wav,marvin,3cbd76a3,val
DataSet_clean/marvin/3cdecb0b_nohash_0.wav,marvin,3cdecb0b,train
DataSet_clean/marvin/3cdecb0b_nohash_1.wav,marvin,3cdecb0b,train
DataSet_clean/marvin/3d3ddaf8_nohash_0.wav,marvin,3d3ddaf8,val
DataSet_clean/marvin/3d3ddaf8_nohash_1.wav,marvin,3d3ddaf8,val
DataSet_clean/marvin/3d53244b_nohash_0.wav,marvin,3d53244b,train
DataSet_clean/marvin/3d9200b9_nohash_0.wav,marvin,3d9200b9,test
DataSet_clean/marvin/3da7f617_nohash_0.wav,marvin,3da7f617,train
DataSet_clean/marvin/3de53d23_nohash_0.wav,marvin,3de53d23,train
DataSet_clean/marvin/3dfd6c23_nohash_0.wav,marvin,3dfd6c23,test
DataSet_clean/marvin/3dfd6c23_nohash_1.wav,marvin,3dfd6c23,test
DataSet_clean/marvin/3e2ba5f7_nohash_0.wav,marvin,3e2ba5f7,train
DataSet_clean/marvin/3e2ba5f7_nohash_1.wav,marvin,3e2ba5f7,train
DataSet_clean/marvin/3e31dffe_nohash_0.wav,marvin,3e31dffe,test
DataSet_clean/marvin/3e3fa7fd_nohash_0.wav,marvin,3e3fa7fd,train
DataSet_clean/marvin/3eb8764c_nohash_0.wav,marvin,3eb8764c,test
DataSet_clean/marvin/3eb8764c_nohash_1.wav,marvin,3eb8764c,test
DataSet_clean/marvin/3ec05c3d_nohash_0.wav,marvin,3ec05c3d,val
DataSet_clean/marvin/3ec05c3d_nohash_1.wav,marvin,3ec05c3d,val
DataSet_clean/marvin/3ed3e49a_nohash_0.wav,marvin,3ed3e49a,train
DataSet_clean/marvin/3ed3e49a_nohash_1.wav,marvin,3ed3e49a,train
DataSet_clean/marvin/3f45a0cf_nohash_0.wav,marvin,3f45a0cf,train
DataSet_clean/marvin/3fb8c268_nohash_0.wav,marvin,3fb8c268,train
DataSet_clean/marvin/3fdafe25_nohash_0.wav,marvin,3fdafe25,test
DataSet_clean/marvin/3fdafe25_nohash_1.wav,marvin,3fdafe25,test
DataSet_clean/marvin/402e2977_nohash_0.wav,marvin,402e2977,val
DataSet_clean/marvin/409c962a_nohash_0.wav,marvin,409c962a,train
DataSet_clean/marvin/40b60ae9_nohash_0.wav,marvin,40b60ae9,train
DataSet_clean/marvin/41285056_nohash_0.wav,marvin,41285056,test
DataSet_clean/marvin/41285056_nohash_1.wav,marvin,41285056,test
DataSet_clean/marvin/412c675c_nohash_0.wav,marvin,412c675c,train
DataSet_clean/marvin/413bcfe1_nohash_0.wav,marvin,413bcfe1,test
DataSet_clean/marvin/41474817_nohash_0.wav,marvin,41474817,train
DataSet_clean/marvin/41777abb_nohash_0.wav,marvin,41777abb,train
DataSet_clean/marvin/41777abb_nohash_1.wav,marvin,41777abb,train
DataSet_clean/marvin/41777abb_nohash_2.wav,marvin,41777abb,train
DataSet_clean/marvin/418e7158_nohash_0.wav,marvin,418e7158,val
DataSet_clean/marvin/41dce6f5_nohash_0.wav,marvin,41dce6f5,val
DataSet_clean/marvin/41dce6f5_nohash_1.wav,marvin,41dce6f5,val
DataSet_clean/marvin/422d3197_nohash_0.wav,marvin,422d3197,test
DataSet_clean/marvin/422d3197_nohash_1.wav,marvin,422d3197,test
DataSet_clean/marvin/422f8cf1_nohash_0.wav,marvin,422f8cf1,train
DataSet_clean/marvin/4249c833_nohash_0.wav,marvin,4249c833,train
DataSet_clean/marvin/4290ca61_nohash_0.wav,marvin,4290ca61,train
DataSet_clean/marvin/42beb5eb_nohash_0.wav,marvin,42beb5eb,train
DataSet_clean/marvin/42beb5eb_nohash_1.wav,marvin,42beb5eb,train
DataSet_clean/marvin/42c6fff1_nohash_0.wav,marvin,42c6fff1,val
DataSet_clean/marvin/42ccb57a_nohash_0.wav,marvin,42ccb57a,train
DataSet_clean/marvin/42ccb57a_nohash_1.wav,marvin,42ccb57a,train
DataSet_clean/marvin/42e3f068_nohash_0.wav,marvin,42e3f068,train
DataSet_clean/marvin/42f81601_nohash_0.wav,marvin,42f81601,test
DataSet_clean/marvin/434a267c_nohash_0.wav,marvin,434a267c,val
DataSet_clean/marvin/434a267c_nohash_1.wav,marvin,434a267c,val
DataSet_clean/marvin/434a267c_nohash_2.wav,marvin,434a267c,val
DataSet_clean/marvin/435695e3_nohash_0.wav,marvin,435695e3,train
DataSet_clean/marvin/435f9f9e_nohash_0.wav,marvin,435f9f9e,train
DataSet_clean/marvin/435f9f9e_nohash_1.wav,marvin,435f9f9e,train
DataSet_clean/marvin/43691f67_nohash_0.wav,marvin,43691f67,test
DataSet_clean/marvin/43b85b64_nohash_0.wav,marvin,43b85b64,train
DataSet_clean/marvin/43f57297_nohash_0.wav,marvin,43f57297,train
DataSet_clean/marvin/4407ba92_nohash_0.wav,marvin,4407ba92,val
DataSet_clean/marvin/4422e51d_nohash_0.wav,marvin,4422e51d,train
DataSet_clean/marvin/4422e51d_nohash_1.wav,marvin,4422e51d,train
DataSet_clean/marvin/446a3161_nohash_0.wav,marvin,446a3161,train
DataSet_clean/marvin/44715c1c_nohash_0.wav,marvin,44715c1c,train
DataSet_clean/marvin/44bc77f7_nohash_0.wav,marvin,44bc77f7,train
DataSet_clean/marvin/44c201dd_nohash_0.wav,marvin,44c201dd,train
DataSet_clean/marvin/44e9d8d2_nohash_0.wav,marvin,44e9d8d2,train
DataSet_clean/marvin/45692b02_nohash_0.wav,marvin,45692b02,train
DataSet_clean/marvin/45864319_nohash_0.wav,marvin,45864319,train
DataSet_clean/marvin/459345ea_nohash_0.wav,marvin,459345ea,train
DataSet_clean/marvin/45adf84a_nohash_0.wav,marvin,45adf84a,train
DataSet_clean/marvin/460f2bad_nohash_0.wav,marvin,460f2bad,test
DataSet_clean/marvin/460f2bad_nohash_1.wav,marvin,460f2bad,test
DataSet_clean/marvin/46114b4e_nohash_0.wav,marvin,46114b4e,test
DataSet_clean/marvin/462dca36_nohash_0.wav,marvin,462dca36,test
DataSet_clean/marvin/462e1919_nohash_0.wav,marvin,462e1919,val
DataSet_clean/marvin/4634529e_nohash_0.wav,marvin,4634529e,train
DataSet_clean/marvin/4649256f_nohash_0.wav,marvin,4649256f,train
DataSet_clean/marvin/46a153d8_nohash_0.wav,marvin,46a153d8,val
DataSet_clean/marvin/471a0925_nohash_0.wav,marvin,471a0925,test
DataSet_clean/marvin/472b8045_nohash_0.wav,marvin,472b8045,train
DataSet_clean/marvin/47565088_nohash_0.wav,marvin,47565088,train
DataSet_clean/marvin/47565088_nohash_1.wav,marvin,47565088,train
DataSet_clean/marvin/475b61f1_nohash_0.wav,marvin,475b61f1,train
DataSet_clean/marvin/47d01978_nohash_0.wav,marvin,47d01978,val
DataSet_clean/marvin/483e2a6f_nohash_0.wav,marvin,483e2a6f,test
DataSet_clean/marvin/483e2a6f_nohash_1.wav,marvin,483e2a6f,test
DataSet_clean/marvin/4874a7e9_nohash_0.wav,marvin,4874a7e9,train
DataSet_clean/marvin/48a8a69d_nohash_0.wav,marvin,48a8a69d,test
DataSet_clean/marvin/48bfde8e_nohash_0.wav,marvin,48bfde8e,train
DataSet_clean/marvin/4954abe8_nohash_0.wav,marvin,4954abe8,train
DataSet_clean/marvin/4954abe8_nohash_1.wav,marvin,4954abe8,train
DataSet_clean/marvin/4954abe8_nohash_2.wav,marvin,4954abe8,train
DataSet_clean/marvin/4954abe8_nohash_3.wav,marvin,4954abe8,train
DataSet_clean/marvin/4995d875_nohash_0.wav,marvin,4995d875,train
DataSet_clean/marvin/4a0e2c16_nohash_0.wav,marvin,4a0e2c16,train
DataSet_clean/marvin/4a1e736b_nohash_0.wav,marvin,4a1e736b,val
DataSet_clean/marvin/4a294341_nohash_0.wav,marvin,4a294341,train
DataSet_clean/marvin/4a294341_nohash_1.wav,marvin,4a294341,train
DataSet_clean/marvin/4a4e28f1_nohash_0.wav,marvin,4a4e28f1,train
DataSet_clean/marvin/4a803e67_nohash_0.wav,marvin,4a803e67,train
DataSet_clean/marvin/4a803e67_nohash_1.wav,marvin,4a803e67,train
DataSet_clean/marvin/4a803e67_nohash_2.wav,marvin,4a803e67,train
DataSet_clean/marvin/4abb2400_nohash_0.wav,marvin,4abb2400,val
DataSet_clean/marvin/4abefdf5_nohash_0.wav,marvin,4abefdf5,train
DataSet_clean/marvin/4b3a7ad5_nohash_0.wav,marvin,4b3a7ad5,val
DataSet_clean/marvin/4b3a7ad5_nohash_1.wav,marvin,4b3a7ad5,val
DataSet_clean/marvin/4beff0c5_nohash_0.wav,marvin,4beff0c5,train
DataSet_clean/marvin/4c13fe25_nohash_0.wav,marvin,4c13fe25,train
DataSet_clean/marvin/4c3cddb8_nohash_0.wav,marvin,4c3cddb8,train
DataSet_clean/marvin/4c594e0f_nohash_0.wav,marvin,4c594e0f,train
DataSet_clean/marvin/4c6167ca_nohash_0.wav,marvin,4c6167ca,train
DataSet_clean/marvin/4c6167ca_nohash_1.wav,marvin,4c6167ca,train
DataSet_clean/marvin/4c6944d6_nohash_0.wav,marvin,4c6944d6,train
DataSet_clean/marvin/4c6944d6_nohash_1.wav,marvin,4c6944d6,train
DataSet_clean/marvin/4c841771_nohash_0.wav,marvin,4c841771,test
DataSet_clean/marvin/4c841771_nohash_1.wav,marvin,4c841771,test
DataSet_clean/marvin/4ca37738_nohash_0.wav,marvin,4ca37738,test
DataSet_clean/marvin/4cb874bb_nohash_0.wav,marvin,4cb874bb,train
DataSet_clean/marvin/4cee0c60_nohash_0.wav,marvin,4cee0c60,test
DataSet_clean/marvin/4d04f1d1_nohash_0.wav,marvin,4d04f1d1,val
DataSet_clean/marvin/4d463b96_nohash_0.wav,marvin,4d463b96,val
DataSet_clean/marvin/4d4e17f5_nohash_0.wav,marvin,4d4e17f5,train
DataSet_clean/marvin/4d4e17f5_nohash_1.wav,marvin,4d4e17f5,train
DataSet_clean/marvin/4d9e07cf_nohash_0.wav,marvin,4d9e07cf,test
DataSet_clean/marvin/4def68db_nohash_0.wav,marvin,4def68db,train
DataSet_clean/marvin/4e61bf96_nohash_0.wav,marvin,4e61bf96,val
DataSet_clean/marvin/4e6902d0_nohash_0.wav,marvin,4e6902d0,train
DataSet_clean/marvin/4e99c1b7_nohash_0.wav,marvin,4e99c1b7,test
DataSet_clean/marvin/4f086393_nohash_0.wav,marvin,4f086393,train
DataSet_clean/marvin/4f086393_nohash_1.wav,marvin,4f086393,train
DataSet_clean/marvin/4f256313_nohash_0.wav,marvin,4f256313,train
DataSet_clean/marvin/4f256313_nohash_1.wav,marvin,4f256313,train
DataSet_clean/marvin/4f8ef132_nohash_0.wav,marvin,4f8ef132,train
DataSet_clean/marvin/4fd1443e_nohash_0.wav,marvin,4fd1443e,val
DataSet_clean/marvin/4fd4d073_nohash_0.wav,marvin,4fd4d073,train
DataSet_clean/marvin/5087f68b_nohash_0.wav,marvin,5087f68b,val
DataSet_clean/marvin/508e30ee_nohash_0.wav,marvin,508e30ee,test
DataSet_clean/marvin/50a8ef27_nohash_0.wav,marvin,50a8ef27,train
DataSet_clean/marvin/50ed8a7b_nohash_0.wav,marvin,50ed8a7b,test
DataSet_clean/marvin/50ed8a7b_nohash_1.wav,marvin,50ed8a7b,test
DataSet_clean/marvin/50f55535_nohash_0.wav,marvin,50f55535,train
DataSet_clean/marvin/50f55535_nohash_1.wav,marvin,50f55535,train
DataSet_clean/marvin/5104f2f4_nohash_0.wav,marvin,5104f2f4,train
DataSet_clean/marvin/51055bda_nohash_0.wav,marvin,51055bda,val
DataSet_clean/marvin/513aeddf_nohash_0.wav,marvin,513aeddf,val
DataSet_clean/marvin/5170b77f_nohash_0.wav,marvin,5170b77f,train
DataSet_clean/marvin/5184ed3e_nohash_0.wav,marvin,5184ed3e,test
DataSet_clean/marvin/518588b6_nohash_0.wav,marvin,518588b6,train
DataSet_clean/marvin/5195f0ec_nohash_0.wav,marvin,5195f0ec,train
DataSet_clean/marvin/5195f0ec_nohash_1.wav,marvin,5195f0ec,train
DataSet_clean/marvin/51eefcc6_nohash_0.wav,marvin,51eefcc6,val
DataSet_clean/marvin/51eefcc6_nohash_1.wav,marvin,51eefcc6,val
DataSet_clean/marvin/51eefcc6_nohash_2.wav,marvin,51eefcc6,val
DataSet_clean/marvin/51f4d5b0_nohash_0.wav,marvin,51f4d5b0,train
DataSet_clean/marvin/51f4d5b0_nohash_1.wav,marvin,51f4d5b0,train
DataSet_clean/marvin/520e8c0e_nohash_0.wav,marvin,520e8c0e,train
DataSet_clean/marvin/5236848b_nohash_0.wav,marvin,5236848b,test
DataSet_clean/marvin/5236848b_nohash_1.wav,marvin,5236848b,test
DataSet_clean/marvin/525eaa62_nohash_0.wav,marvin,525eaa62,test
DataSet_clean/marvin/529eda42_nohash_0.wav,marvin,529eda42,train
DataSet_clean/marvin/529eda42_nohash_1.wav,marvin,529eda42,train
DataSet_clean/marvin/529eda42_nohash_2.wav,marvin,529eda42,train
DataSet_clean/marvin/529eda42_nohash_3.wav,marvin,529eda42,train
DataSet_clean/marvin/52e228e9_nohash_0.wav,marvin,52e228e9,train
DataSet_clean/marvin/52e228e9_nohash_1.wav,marvin,52e228e9,train
DataSet_clean/marvin/531a5b8a_nohash_0.wav,marvin,531a5b8a,train
DataSet_clean/marvin/531a5b8a_nohash_1.wav,marvin,531a5b8a,train
DataSet_clean/marvin/531a5b8a_nohash_2.wav,marvin,531a5b8a,train
DataSet_clean/marvin/533c6564_nohash_0.wav,marvin,533c6564,train
DataSet_clean/marvin/533c6564_nohash_1.wav,marvin,533c6564,train
DataSet_clean/marvin/53458368_nohash_0.wav,marvin,53458368,test
DataSet_clean/marvin/53578f4e_nohash_0.wav,marvin,53578f4e,test
DataSet_clean/marvin/53d5b86f_nohash_0.wav,marvin,53d5b86f,test
DataSet_clean/marvin/53d5b86f_nohash_1.wav,marvin,53d5b86f,test
DataSet_clean/marvin/541120c7_nohash_0.wav,marvin,541120c7,val
DataSet_clean/marvin/541120c7_nohash_1.wav,marvin,541120c7,val
DataSet_clean/marvin/542f38a2_nohash_0.wav,marvin,542f38a2,train
DataSet_clean/marvin/54412eae_nohash_0.wav,marvin,54412eae,train
DataSet_clean/marvin/54ad8f22_nohash_0.wav,marvin,54ad8f22,train
DataSet_clean/marvin/54aecbd5_nohash_0.wav,marvin,54aecbd5,test
DataSet_clean/marvin/54b6d355_nohash_0.wav,marvin,54b6d355,train
DataSet_clean/marvin/551e42e8_nohash_0.wav,marvin,551e42e8,train
DataSet_clean/marvin/551e42e8_nohash_1.wav,marvin,551e42e8,train
DataSet_clean/marvin/551e42e8_nohash_2.wav,marvin,551e42e8,train
DataSet_clean/marvin/551e42e8_nohash_3.wav,marvin,551e42e8,train
DataSet_clean/marvin/5525ff66_nohash_0.wav,marvin,5525ff66,val
DataSet_clean/marvin/553f1a79_nohash_0.wav,marvin,553f1a79,train
DataSet_clean/marvin/55463c16_nohash_0.wav,marvin,55463c16,train
DataSet_clean/marvin/55d3725a_nohash_0.wav,marvin,55d3725a,train
DataSet_clean/marvin/55d3725a_nohash_1.wav,marvin,55d3725a,train
DataSet_clean/marvin/55feffd5_nohash_0.wav,marvin,55feffd5,train
DataSet_clean/marvin/55feffd5_nohash_1.wav,marvin,55feffd5,train
DataSet_clean/marvin/5677ec77_nohash_0.wav,marvin,5677ec77,train
DataSet_clean/marvin/5677ec77_nohash_1.wav,marvin,5677ec77,train
DataSet_clean/marvin/56eb74ae_nohash_0.wav,marvin,56eb74ae,train
DataSet_clean/marvin/57152045_nohash_0.wav,marvin,57152045,train
DataSet_clean/marvin/571c044e_nohash_0.wav,marvin,571c044e,train
DataSet_clean/marvin/573cdb8a_nohash_0.wav,marvin,573cdb8a,val
DataSet_clean/marvin/573cdb8a_nohash_1.wav,marvin,573cdb8a,val
DataSet_clean/marvin/573cdb8a_nohash_2.wav,marvin,573cdb8a,val
DataSet_clean/marvin/5744b6a7_nohash_0.wav,marvin,5744b6a7,train
DataSet_clean/marvin/5744b6a7_nohash_1.wav,marvin,5744b6a7,train
DataSet_clean/marvin/574ec766_nohash_0.wav,marvin,574ec766,val
DataSet_clean/marvin/574ec766_nohash_1.wav,marvin,574ec766,val
DataSet_clean/marvin/5769c5ab_nohash_0.wav,marvin,5769c5ab,train
DataSet_clean/marvin/578d3efb_nohash_0.wav,marvin,578d3efb,train
DataSet_clean/marvin/57b38f48_nohash_0.wav,marvin,57b38f48,train
DataSet_clean/marvin/57b68383_nohash_0.wav,marvin,57b68383,test
DataSet_clean/marvin/57b68383_nohash_1.wav,marvin,57b68383,test
DataSet_clean/marvin/57de2379_nohash_0.wav,marvin,57de2379,train
DataSet_clean/marvin/587f3271_nohash_0.wav,marvin,587f3271,train
DataSet_clean/marvin/589bce2c_nohash_0.wav,marvin,589bce2c,val
DataSet_clean/marvin/58df33b5_nohash_0.wav,marvin,58df33b5,train
DataSet_clean/marvin/590750e8_nohash_0.wav,marvin,590750e8,val
DataSet_clean/marvin/591d32f3_nohash_0.wav,marvin,591d32f3,train
DataSet_clean/marvin/59b98a22_nohash_0.wav,marvin,59b98a22,train
DataSet_clean/marvin/59fe87e6_nohash_0.wav,marvin,59fe87e6,train
DataSet_clean/marvin/5a3712c9_nohash_0.wav,marvin,5a3712c9,train
DataSet_clean/marvin/5a5721f8_nohash_0.wav,marvin,5a5721f8,test
DataSet_clean/marvin/5a98d407_nohash_0.wav,marvin,5a98d407,train
DataSet_clean/marvin/5a9f7324_nohash_0.wav,marvin,5a9f7324,train
DataSet_clean/marvin/5a9f7324_nohash_1.wav,marvin,5a9f7324,train
DataSet_clean/marvin/5aac2efa_nohash_0.wav,marvin,5aac2efa,train
DataSet_clean/marvin/5aac2efa_nohash_1.wav,marvin,5aac2efa,train
DataSet_clean/marvin/5af0ca83_nohash_0.wav,marvin,5af0ca83,train
DataSet_clean/marvin/5af0ca83_nohash_1.wav,marvin,5af0ca83,train
DataSet_clean/marvin/5b09db89_nohash_0.wav,marvin,5b09db89,train
DataSet_clean/marvin/5b26c81b_nohash_0.wav,marvin,5b26c81b,test
DataSet_clean/marvin/5b32733e_nohash_0.wav,marvin,5b32733e,train
DataSet_clean/marvin/5b7cb31f_nohash_0.wav,marvin,5b7cb31f,test
DataSet_clean/marvin/5ba724a7_nohash_0.wav,marvin,5ba724a7,train
DataSet_clean/marvin/5ba724a7_nohash_1.wav,marvin,5ba724a7,train
DataSet_clean/marvin/5be23def_nohash_0.wav,marvin,5be23def,train
DataSet_clean/marvin/5c237956_nohash_0.wav,marvin,5c237956,train
DataSet_clean/marvin/5c237956_nohash_1.wav,marvin,5c237956,train
DataSet_clean/marvin/5c39594f_nohash_0.wav,marvin,5c39594f,train
DataSet_clean/marvin/5c8af87a_nohash_0.wav,marvin,5c8af87a,train
DataSet_clean/marvin/5d0ab165_nohash_0.wav,marvin,5d0ab165,val
DataSet_clean/marvin/5d0ab165_nohash_1.wav,marvin,5d0ab165,val
DataSet_clean/marvin/5d4e3bb8_nohash_0.wav,marvin,5d4e3bb8,train
DataSet_clean/marvin/5d4e3bb8_nohash_1.wav,marvin,5d4e3bb8,train
DataSet_clean/marvin/5d9bb361_nohash_0.wav,marvin,5d9bb361,test
DataSet_clean/marvin/5db0e146_nohash_0.wav,marvin,5db0e146,train
DataSet_clean/marvin/5db0e146_nohash_1.wav,marvin,5db0e146,train
DataSet_clean/marvin/5de3f6cc_nohash_0.wav,marvin,5de3f6cc,train
DataSet_clean/marvin/5e033479_nohash_0.wav,marvin,5e033479,val
DataSet_clean/marvin/5e033479_nohash_1.wav,marvin,5e033479,val
DataSet_clean/marvin/5e3b7a84_nohash_0.wav,marvin,5e3b7a84,test
DataSet_clean/marvin/5e3b7a84_nohash_1.wav,marvin,5e3b7a84,test
DataSet_clean/marvin/5e3dde6b_nohash_0.wav,marvin,5e3dde6b,train
DataSet_clean/marvin/5ebc1cda_nohash_0.wav,marvin,5ebc1cda,test
DataSet_clean/marvin/5ef35194_nohash_0.wav,marvin,5ef35194,train
DataSet_clean/marvin/5f1253e9_nohash_0.wav,marvin,5f1253e9,train
DataSet_clean/marvin/5f1b1051_nohash_0.wav,marvin,5f1b1051,test
DataSet_clean/marvin/5f1b1051_nohash_1.wav,marvin,5f1b1051,test
DataSet_clean/marvin/5f5eef60_nohash_0.wav,marvin,5f5eef60,train
DataSet_clean/marvin/5f814c23_nohash_0.wav,marvin,5f814c23,train
DataSet_clean/marvin/5f8e50a0_nohash_0.wav,marvin,5f8e50a0,test
DataSet_clean/marvin/5f9cd2eb_nohash_0.wav,marvin,5f9cd2eb,train
DataSet_clean/marvin/5fb88f4c_nohash_0.wav,marvin,5fb88f4c,train
DataSet_clean/marvin/5fe4a278_nohash_0.wav,marvin,5fe4a278,train
DataSet_clean/marvin/6021f08b_nohash_0.wav,marvin,6021f08b,train
DataSet_clean/marvin/60402b64_nohash_0.wav,marvin,60402b64,train
DataSet_clean/marvin/605ed0ff_nohash_0.wav,marvin,605ed0ff,val
DataSet_clean/marvin/6071a214_nohash_0.wav,marvin,6071a214,test
DataSet_clean/marvin/6071a214_nohash_1.wav,marvin,6071a214,test
DataSet_clean/marvin/6071a214_nohash_2.wav,marvin,6071a214,test
DataSet_clean/marvin/608473c9_nohash_0.wav,marvin,608473c9,train
DataSet_clean/marvin/6094340e_nohash_0.wav,marvin,6094340e,val
DataSet_clean/marvin/611d2b50_nohash_0.wav,marvin,611d2b50,train
DataSet_clean/marvin/6124b431_nohash_0.wav,marvin,6124b431,test
DataSet_clean/marvin/61482e52_nohash_0.wav,marvin,61482e52,test
DataSet_clean/marvin/616420be_nohash_0.wav,marvin,616420be,train
DataSet_clean/marvin/6166ae21_nohash_0.wav,marvin,6166ae21,test
DataSet_clean/marvin/6166ae21_nohash_1.wav,marvin,6166ae21,test
DataSet_clean/marvin/617aeb6c_nohash_0.wav,marvin,617aeb6c,test
DataSet_clean/marvin/617de221_nohash_0.wav,marvin,617de221,train
DataSet_clean/marvin/619b5164_nohash_0.wav,marvin,619b5164,val
DataSet_clean/marvin/619b5164_nohash_1.wav,marvin,619b5164,val
DataSet_clean/marvin/61ab8fbc_nohash_0.wav,marvin,61ab8fbc,test
DataSet_clean/marvin/61abbf52_nohash_0.wav,marvin,61abbf52,train
DataSet_clean/marvin/61d3e51e_nohash_0.wav,marvin,61d3e51e,test
DataSet_clean/marvin/61e2f74f_nohash_0.wav,marvin,61e2f74f,val
DataSet_clean/marvin/62581901_nohash_0.wav,marvin,62581901,train
DataSet_clean/marvin/62605293_nohash_0.wav,marvin,62605293,val
DataSet_clean/marvin/62605293_nohash_1.wav,marvin,62605293,val
DataSet_clean/marvin/62605293_nohash_2.wav,marvin,62605293,val
DataSet_clean/marvin/626e323f_nohash_0.wav,marvin,626e323f,train
DataSet_clean/marvin/62b7c848_nohash_0.wav,marvin,62b7c848,val
DataSet_clean/marvin/62b7c848_nohash_1.wav,marvin,62b7c848,val
DataSet_clean/marvin/62ef962d_nohash_0.wav,marvin,62ef962d,val
DataSet_clean/marvin/62f05757_nohash_0.wav,marvin,62f05757,test
DataSet_clean/marvin/6301e683_nohash_0.wav,marvin,6301e683,test
DataSet_clean/marvin/6347b393_nohash_0.wav,marvin,6347b393,train
DataSet_clean/marvin/6347b393_nohash_1.wav,marvin,6347b393,train
DataSet_clean/marvin/6366f61a_nohash_0.wav,marvin,6366f61a,train
DataSet_clean/marvin/6379c6a2_nohash_0.wav,marvin,6379c6a2,train
DataSet_clean/marvin/638548d5_nohash_0.wav,marvin,638548d5,train
DataSet_clean/marvin/63996b7c_nohash_0.wav,marvin,63996b7c,train
DataSet_clean/marvin/63f042c6_nohash_0.wav,marvin,63f042c6,test
DataSet_clean/marvin/63f7a489_nohash_0.wav,marvin,63f7a489,val
DataSet_clean/marvin/6414258b_nohash_0.wav,marvin,6414258b,train
DataSet_clean/marvin/6414258b_nohash_1.wav,marvin,6414258b,train
DataSet_clean/marvin/64220627_nohash_0.wav,marvin,64220627,train
DataSet_clean/marvin/64574a99_nohash_0.wav,marvin,64574a99,test
DataSet_clean/marvin/645ed69d_nohash_0.wav,marvin,645ed69d,val
DataSet_clean/marvin/64da5281_nohash_0.wav,marvin,64da5281,test
DataSet_clean/marvin/64da5281_nohash_1.wav,marvin,64da5281,test
DataSet_clean/marvin/64df20d8_nohash_0.wav,marvin,64df20d8,test
DataSet_clean/marvin/64e48f55_nohash_0.wav,marvin,64e48f55,train
DataSet_clean/marvin/64f83f0e_nohash_0.wav,marvin,64f83f0e,train
DataSet_clean/marvin/650daf8e_nohash_0.wav,marvin,650daf8e,train
DataSet_clean/marvin/652b3da7_nohash_0.wav,marvin,652b3da7,train
DataSet_clean/marvin/652b3da7_nohash_1.wav,marvin,652b3da7,train
DataSet_clean/marvin/654772d3_nohash_0.wav,marvin,654772d3,train
DataSet_clean/marvin/654772d3_nohash_1.wav,marvin,654772d3,train
DataSet_clean/marvin/6565a81d_nohash_0.wav,marvin,6565a81d,val
DataSet_clean/marvin/656e8bb3_nohash_0.wav,marvin,656e8bb3,train
DataSet_clean/marvin/656e8bb3_nohash_1.wav,marvin,656e8bb3,train
DataSet_clean/marvin/65846c5f_nohash_0.wav,marvin,65846c5f,train
DataSet_clean/marvin/65d14087_nohash_0.wav,marvin,65d14087,train
DataSet_clean/marvin/65d14087_nohash_1.wav,marvin,65d14087,train
DataSet_clean/marvin/65d81c54_nohash_0.wav,marvin,65d81c54,train
DataSet_clean/marvin/65d81c54_nohash_1.wav,marvin,65d81c54,train
DataSet_clean/marvin/65ec06e5_nohash_0.wav,marvin,65ec06e5,train
DataSet_clean/marvin/66276b0e_nohash_0.wav,marvin,66276b0e,train
DataSet_clean/marvin/66276b0e_nohash_1.wav,marvin,66276b0e,train
DataSet_clean/marvin/6640fdc0_nohash_0.wav,marvin,6640fdc0,val
DataSet_clean/marvin/66774579_nohash_0.wav,marvin,66774579,val
DataSet_clean/marvin/66774579_nohash_1.wav,marvin,66774579,val
DataSet_clean/marvin/66a412a7_nohash_0.wav,marvin,66a412a7,train
DataSet_clean/marvin/66a412a7_nohash_1.wav,marvin,66a412a7,train
DataSet_clean/marvin/66aa0f29_nohash_0.wav,marvin,66aa0f29,train
DataSet_clean/marvin/66cbe2b3_nohash_0.wav,marvin,66cbe2b3,test
DataSet_clean/marvin/66cbe2b3_nohash_1.wav,marvin,66cbe2b3,test
DataSet_clean/marvin/66cff190_nohash_0.wav,marvin,66cff190,train
DataSet_clean/marvin/66cff190_nohash_1.wav,marvin,66cff190,train
DataSet_clean/marvin/66e8a4ec_nohash_0.wav,marvin,66e8a4ec,train
DataSet_clean/marvin/6727b579_nohash_0.wav,marvin,6727b579,test
DataSet_clean/marvin/674ca5ea_nohash_0.wav,marvin,674ca5ea,val
DataSet_clean/marvin/676f8138_nohash_0.wav,marvin,676f8138,train
DataSet_clean/marvin/6794a793_nohash_0.wav,marvin,6794a793,train
DataSet_clean/marvin/67961766_nohash_0.wav,marvin,67961766,train
DataSet_clean/marvin/67961766_nohash_1.wav,marvin,67961766,train
DataSet_clean/marvin/67961766_nohash_2.wav,marvin,67961766,train
DataSet_clean/marvin/67fcdb05_nohash_0.wav,marvin,67fcdb05,train
DataSet_clean/marvin/67fcdb05_nohash_1.wav,marvin,67fcdb05,train
DataSet_clean/marvin/67fcdb05_nohash_2.wav,marvin,67fcdb05,train
DataSet_clean/marvin/6823565f_nohash_0.wav,marvin,6823565f,train
DataSet_clean/marvin/682e1687_nohash_0.wav,marvin,682e1687,train
DataSet_clean/marvin/682e1687_nohash_1.wav,marvin,682e1687,train
DataSet_clean/marvin/6889b21f_nohash_0.wav,marvin,6889b21f,train
DataSet_clean/marvin/6889b21f_nohash_1.wav,marvin,6889b21f,train
DataSet_clean/marvin/68dd409e_nohash_0.wav,marvin,68dd409e,test
DataSet_clean/marvin/68effe85_nohash_0.wav,marvin,68effe85,train
DataSet_clean/marvin/68effe85_nohash_1.wav,marvin,68effe85,train
DataSet_clean/marvin/692a88e6_nohash_0.wav,marvin,692a88e6,train
DataSet_clean/marvin/6940f7f3_nohash_0.wav,marvin,6940f7f3,train
DataSet_clean/marvin/695c2127_nohash_0.wav,marvin,695c2127,train
DataSet_clean/marvin/695c2127_nohash_1.wav,marvin,695c2127,train
DataSet_clean/marvin/695c2127_nohash_2.wav,marvin,695c2127,train
DataSet_clean/marvin/6982fc2a_nohash_0.wav,marvin,6982fc2a,train
DataSet_clean/marvin/69953f48_nohash_0.wav,marvin,69953f48,train
DataSet_clean/marvin/69a1a79f_nohash_0.wav,marvin,69a1a79f,train
DataSet_clean/marvin/69f609ec_nohash_0.wav,marvin,69f609ec,val
DataSet_clean/marvin/6a1908f8_nohash_0.wav,marvin,6a1908f8,train
DataSet_clean/marvin/6a1908f8_nohash_1.wav,marvin,6a1908f8,train
DataSet_clean/marvin/6a1908f8_nohash_2.wav,marvin,6a1908f8,train
DataSet_clean/marvin/6a203e0e_nohash_0.wav,marvin,6a203e0e,train
DataSet_clean/marvin/6a203e0e_nohash_1.wav,marvin,6a203e0e,train
DataSet_clean/marvin/6a27a9bf_nohash_0.wav,marvin,6a27a9bf,train
DataSet_clean/marvin/6a497f80_nohash_0.wav,marvin,6a497f80,train
DataSet_clean/marvin/6a497f80_nohash_1.wav,marvin,6a497f80,train
DataSet_clean/marvin/6a861f21_nohash_0.wav,marvin,6a861f21,test
DataSet_clean/marvin/6aa8def4_nohash_0.wav,marvin,6aa8def4,train
DataSet_clean/marvin/6ace4fe1_nohash_0.wav,marvin,6ace4fe1,train
DataSet_clean/marvin/6add0595_nohash_0.wav,marvin,6add0595,train
DataSet_clean/marvin/6add0595_nohash_1.wav,marvin,6add0595,train
DataSet_clean/marvin/6af4aa07_nohash_0.wav,marvin,6af4aa07,train
DataSet_clean/marvin/6af4aa07_nohash_1.wav,marvin,6af4aa07,train
DataSet_clean/marvin/6b7d5101_nohash_0.wav,marvin,6b7d5101,train
DataSet_clean/marvin/6b81fead_nohash_0.wav,marvin,6b81fead,train
DataSet_clean/marvin/6b81fead_nohash_1.wav,marvin,6b81fead,train
DataSet_clean/marvin/6b889021_nohash_0.wav,marvin,6b889021,train
DataSet_clean/marvin/6b889021_nohash_1.wav,marvin,6b889021,train
DataSet_clean/marvin/6bf5baf3_nohash_0.wav,marvin,6bf5baf3,test
DataSet_clean/marvin/6c0f6493_nohash_0.wav,marvin,6c0f6493,val
DataSet_clean/marvin/6c9223bd_nohash_0.wav,marvin,6c9223bd,train
DataSet_clean/marvin/6c9223bd_nohash_1.wav,marvin,6c9223bd,train
DataSet_clean/marvin/6c9223bd_nohash_2.wav,marvin,6c9223bd,train
DataSet_clean/marvin/6c968bd9_nohash_0.wav,marvin,6c968bd9,train
DataSet_clean/marvin/6cb6eee7_nohash_0.wav,marvin,6cb6eee7,test
DataSet_clean/marvin/6cc28ce5_nohash_0.wav,marvin,6cc28ce5,val
DataSet_clean/marvin/6cf5459b_nohash_0.wav,marvin,6cf5459b,train
DataSet_clean/marvin/6d0ad764_nohash_0.wav,marvin,6d0ad764,test
DataSet_clean/marvin/6d7af359_nohash_0.wav,marvin,6d7af359,train
DataSet_clean/marvin/6d818f6c_nohash_0.wav,marvin,6d818f6c,test
DataSet_clean/marvin/6e2ef3d5_nohash_0.wav,marvin,6e2ef3d5,train
DataSet_clean/marvin/6e74c582_nohash_0.wav,marvin,6e74c582,train
DataSet_clean/marvin/6e916de8_nohash_0.wav,marvin,6e916de8,train
DataSet_clean/marvin/6ef407da_nohash_0.wav,marvin,6ef407da,train
DataSet_clean/marvin/6ef76186_nohash_0.wav,marvin,6ef76186,train
DataSet_clean/marvin/6f1ffef6_nohash_0.wav,marvin,6f1ffef6,val
DataSet_clean/marvin/6f2c6f7e_nohash_0.wav,marvin,6f2c6f7e,train
DataSet_clean/marvin/6f2f57c1_nohash_0.wav,marvin,6f2f57c1,train
DataSet_clean/marvin/6f342826_nohash_0.wav,marvin,6f342826,train
DataSet_clean/marvin/6f3458b3_nohash_0.wav,marvin,6f3458b3,train
DataSet_clean/marvin/6f5b4d3d_nohash_0.wav,marvin,6f5b4d3d,val
DataSet_clean/marvin/6f689791_nohash_0.wav,marvin,6f689791,train
DataSet_clean/marvin/6f689791_nohash_1.wav,marvin,6f689791,train
DataSet_clean/marvin/6fca237d_nohash_0.wav,marvin,6fca237d,train
DataSet_clean/marvin/7014b07e_nohash_0.wav,marvin,7014b07e,train
DataSet_clean/marvin/7014b07e_nohash_1.wav,marvin,7014b07e,train
DataSet_clean/marvin/7014b07e_nohash_2.wav,marvin,7014b07e,train
DataSet_clean/marvin/708a9569_nohash_0.wav,marvin,708a9569,train
DataSet_clean/marvin/708b8d51_nohash_0.wav,marvin,708b8d51,test
DataSet_clean/marvin/708b8d51_nohash_1.wav,marvin,708b8d51,test
DataSet_clean/marvin/708b8d51_nohash_2.wav,marvin,708b8d51,test
DataSet_clean/marvin/70a00e98_nohash_0.wav,marvin,70a00e98,train
DataSet_clean/marvin/70b0ccf4_nohash_0.wav,marvin,70b0ccf4,train
DataSet_clean/marvin/7106d229_nohash_0.wav,marvin,7106d229,train
DataSet_clean/marvin/71904de3_nohash_0.wav,marvin,71904de3,train
DataSet_clean/marvin/7192fddc_nohash_0.wav,marvin,7192fddc,val
DataSet_clean/marvin/71aa5b54_nohash_0.wav,marvin,71aa5b54,train
DataSet_clean/marvin/71bf8f48_nohash_0.wav,marvin,71bf8f48,test
DataSet_clean/marvin/71d0ded4_nohash_0.wav,marvin,71d0ded4,train
DataSet_clean/marvin/71f6fed7_nohash_0.wav,marvin,71f6fed7,train
DataSet_clean/marvin/71f9bba8_nohash_0.wav,marvin,71f9bba8,val
DataSet_clean/marvin/7211390b_nohash_0.wav,marvin,7211390b,train
DataSet_clean/marvin/7213ed54_nohash_0.wav,marvin,7213ed54,train
DataSet_clean/marvin/72242187_nohash_0.wav,marvin,72242187,train
DataSet_clean/marvin/723efc4c_nohash_0.wav,marvin,723efc4c,test
DataSet_clean/marvin/723efc4c_nohash_1.wav,marvin,723efc4c,test
DataSet_clean/marvin/72be9202_nohash_0.wav,marvin,72be9202,train
DataSet_clean/marvin/72d75d96_nohash_0.wav,marvin,72d75d96,test
DataSet_clean/marvin/72e382bd_nohash_0.wav,marvin,72e382bd,test
DataSet_clean/marvin/7318280c_nohash_0.wav,marvin,7318280c,train
DataSet_clean/marvin/735845ab_nohash_0.wav,marvin,735845ab,train
DataSet_clean/marvin/73af0c50_nohash_0.wav,marvin,73af0c50,train
DataSet_clean/marvin/73af0c50_nohash_1.wav,marvin,73af0c50,train
DataSet_clean/marvin/73cccfaf_nohash_0.wav,marvin,73cccfaf,train
DataSet_clean/marvin/73cccfaf_nohash_1.wav,marvin,73cccfaf,train
DataSet_clean/marvin/73f20b00_nohash_0.wav,marvin,73f20b00,val
DataSet_clean/marvin/74241b28_nohash_0.wav,marvin,74241b28,train
DataSet_clean/marvin/742d6431_nohash_0.wav,marvin,742d6431,train
DataSet_clean/marvin/743edf9d_nohash_0.wav,marvin,743edf9d,train
DataSet_clean/marvin/743edf9d_nohash_1.wav,marvin,743edf9d,train
DataSet_clean/marvin/74551073_nohash_0.wav,marvin,74551073,test
DataSet_clean/marvin/745a8e32_nohash_0.wav,marvin,745a8e32,train
DataSet_clean/marvin/745a8e32_nohash_1.wav,marvin,745a8e32,train
DataSet_clean/marvin/7464b22e_nohash_0.wav,marvin,7464b22e,train
DataSet_clean/marvin/74b73f88_nohash_0.wav,marvin,74b73f88,train
DataSet_clean/marvin/74b73f88_nohash_1.wav,marvin,74b73f88,train
DataSet_clean/marvin/75915c90_nohash_0.wav,marvin,75915c90,train
DataSet_clean/marvin/75915c90_nohash_1.wav,marvin,75915c90,train
DataSet_clean/marvin/7622d95b_nohash_0.wav,marvin,7622d95b,train
DataSet_clean/marvin/763188c4_nohash_0.wav,marvin,763188c4,val
DataSet_clean/marvin/76e53db9_nohash_0.wav,marvin,76e53db9,test
DataSet_clean/marvin/773e26f7_nohash_0.wav,marvin,773e26f7,train
DataSet_clean/marvin/778a4a01_nohash_0.wav,marvin,778a4a01,train
DataSet_clean/marvin/778a4a01_nohash_1.wav,marvin,778a4a01,train
DataSet_clean/marvin/7799c9cd_nohash_0.wav,marvin,7799c9cd,train
DataSet_clean/marvin/779de043_nohash_0.wav,marvin,779de043,train
DataSet_clean/marvin/77f185d3_nohash_0.wav,marvin,77f185d3,train
DataSet_clean/marvin/77f185d3_nohash_1.wav,marvin,77f185d3,train
DataSet_clean/marvin/7846fd85_nohash_0.wav,marvin,7846fd85,train
DataSet_clean/marvin/78622c2b_nohash_0.wav,marvin,78622c2b,train
DataSet_clean/marvin/78622c2b_nohash_1.wav,marvin,78622c2b,train
DataSet_clean/marvin/78884794_nohash_0.wav,marvin,78884794,test
DataSet_clean/marvin/789e4ee7_nohash_0.wav,marvin,789e4ee7,test
DataSet_clean/marvin/7910d292_nohash_0.wav,marvin,7910d292,train
DataSet_clean/marvin/79b37d3a_nohash_0.wav,marvin,79b37d3a,val
DataSet_clean/marvin/7a5530c9_nohash_0.wav,marvin,7a5530c9,train
DataSet_clean/marvin/7a5530c9_nohash_1.wav,marvin,7a5530c9,train
DataSet_clean/marvin/7add4c5f_nohash_0.wav,marvin,7add4c5f,train
DataSet_clean/marvin/7add4c5f_nohash_1.wav,marvin,7add4c5f,train
DataSet_clean/marvin/7b2e879e_nohash_0.wav,marvin,7b2e879e,train
DataSet_clean/marvin/7bae88ed_nohash_0.wav,marvin,7bae88ed,test
DataSet_clean/marvin/7bae88ed_nohash_1.wav,marvin,7bae88ed,test
DataSet_clean/marvin/7bae88ed_nohash_2.wav,marvin,7bae88ed,test
DataSet_clean/marvin/7bae88ed_nohash_3.wav,marvin,7bae88ed,test
DataSet_clean/marvin/7be9f58a_nohash_0.wav,marvin,7be9f58a,test
DataSet_clean/marvin/7bf801d1_nohash_0.wav,marvin,7bf801d1,train
DataSet_clean/marvin/7bf801d1_nohash_1.wav,marvin,7bf801d1,train
DataSet_clean/marvin/7c2a3fa4_nohash_0.wav,marvin,7c2a3fa4,test
DataSet_clean/marvin/7c75a504_nohash_0.wav,marvin,7c75a504,train
DataSet_clean/marvin/7c75a504_nohash_1.wav,marvin,7c75a504,train
DataSet_clean/marvin/7c75a504_nohash_2.wav,marvin,7c75a504,train
DataSet_clean/marvin/7c83c5f6_nohash_0.wav,marvin,7c83c5f6,train
DataSet_clean/marvin/7c86c03e_nohash_0.wav,marvin,7c86c03e,train
DataSet_clean/marvin/7c9b43f0_nohash_0.wav,marvin,7c9b43f0,train
DataSet_clean/marvin/7ca023e2_nohash_0.wav,marvin,7ca023e2,train
DataSet_clean/marvin/7cb5c0b7_nohash_0.wav,marvin,7cb5c0b7,train
DataSet_clean/marvin/7cbf645a_nohash_0.wav,marvin,7cbf645a,test
DataSet_clean/marvin/7cf14c54_nohash_0.wav,marvin,7cf14c54,train
DataSet_clean/marvin/7cfb1618_nohash_0.wav,marvin,7cfb1618,test
DataSet_clean/marvin/7d149b38_nohash_0.wav,marvin,7d149b38,test
DataSet_clean/marvin/7d5f87c8_nohash_0.wav,marvin,7d5f87c8,test
DataSet_clean/marvin/7d5f87c8_nohash_1.wav,marvin,7d5f87c8,test
DataSet_clean/marvin/7d6b4b10_nohash_0.wav,marvin,7d6b4b10,val
DataSet_clean/marvin/7d86b703_nohash_0.wav,marvin,7d86b703,train
DataSet_clean/marvin/7e1054e7_nohash_0.wav,marvin,7e1054e7,test
DataSet_clean/marvin/7e4fa1d8_nohash_0.wav,marvin,7e4fa1d8,train
DataSet_clean/marvin/7e556a2c_nohash_0.wav,marvin,7e556a2c,val
DataSet_clean/marvin/7e556a2c_nohash_1.wav,marvin,7e556a2c,val
DataSet_clean/marvin/7e6bd776_nohash_0.wav,marvin,7e6bd776,train
DataSet_clean/marvin/7e843da8_nohash_0.wav,marvin,7e843da8,test
DataSet_clean/marvin/7ea032f3_nohash_0.wav,marvin,7ea032f3,train
DataSet_clean/marvin/7f581e94_nohash_0.wav,marvin,7f581e94,train
DataSet_clean/marvin/7f74626f_nohash_0.wav,marvin,7f74626f,train
DataSet_clean/marvin/7f9eb952_nohash_0.wav,marvin,7f9eb952,train
DataSet_clean/marvin/7fb8d703_nohash_0.wav,marvin,7fb8d703,test
DataSet_clean/marvin/7fc74fbe_nohash_0.wav,marvin,7fc74fbe,train
DataSet_clean/marvin/7fd25f7c_nohash_0.wav,marvin,7fd25f7c,train
DataSet_clean/marvin/7ff085e1_nohash_0.wav,marvin,7ff085e1,train
DataSet_clean/marvin/7ff085e1_nohash_1.wav,marvin,7ff085e1,train
DataSet_clean/marvin/7ff085e1_nohash_2.wav,marvin,7ff085e1,train
DataSet_clean/marvin/7ff4fc72_nohash_0.wav,marvin,7ff4fc72,val
DataSet_clean/marvin/8012c69d_nohash_0.wav,marvin,8012c69d,test
DataSet_clean/marvin/80768fa5_nohash_0.wav,marvin,80768fa5,train
DataSet_clean/marvin/80c45ed6_nohash_0.wav,marvin,80c45ed6,val
DataSet_clean/marvin/80c45ed6_nohash_1.wav,marvin,80c45ed6,val
DataSet_clean/marvin/80c45ed6_nohash_2.wav,marvin,80c45ed6,val
DataSet_clean/marvin/80f056c0_nohash_0.wav,marvin,80f056c0,train
DataSet_clean/marvin/80fe1dc7_nohash_0.wav,marvin,80fe1dc7,train
DataSet_clean/marvin/81332c92_nohash_0.wav,marvin,81332c92,train
DataSet_clean/marvin/8134f43f_nohash_0.wav,marvin,8134f43f,test
DataSet_clean/marvin/815f0f03_nohash_0.wav,marvin,815f0f03,test
DataSet_clean/marvin/815f0f03_nohash_1.wav,marvin,815f0f03,test
DataSet_clean/marvin/815f0f03_nohash_2.wav,marvin,815f0f03,test
DataSet_clean/marvin/81898f68_nohash_0.wav,marvin,81898f68,train
DataSet_clean/marvin/81dc4a94_nohash_0.wav,marvin,81dc4a94,train
DataSet_clean/marvin/81dc4a94_nohash_1.wav,marvin,81dc4a94,train
DataSet_clean/marvin/821b64cc_nohash_0.wav,marvin,821b64cc,train
DataSet_clean/marvin/82305c3a_nohash_0.wav,marvin,82305c3a,val
DataSet_clean/marvin/823353e5_nohash_0.wav,marvin,823353e5,test
DataSet_clean/marvin/823353e5_nohash_1.wav,marvin,823353e5,test
DataSet_clean/marvin/824e8ce5_nohash_0.wav,marvin,824e8ce5,train
DataSet_clean/marvin/826268f8_nohash_0.wav,marvin,826268f8,train
DataSet_clean/marvin/826268f8_nohash_1.wav,marvin,826268f8,train
DataSet_clean/marvin/827421c4_nohash_0.wav,marvin,827421c4,train
DataSet_clean/marvin/8281a2a8_nohash_0.wav,marvin,8281a2a8,train
DataSet_clean/marvin/82951cf0_nohash_0.wav,marvin,82951cf0,train
DataSet_clean/marvin/82b99576_nohash_0.wav,marvin,82b99576,train
DataSet_clean/marvin/82c6d220_nohash_0.wav,marvin,82c6d220,test
DataSet_clean/marvin/82c6d220_nohash_1.wav,marvin,82c6d220,test
DataSet_clean/marvin/82c6d220_nohash_2.wav,marvin,82c6d220,test
DataSet_clean/marvin/82c6d220_nohash_3.wav,marvin,82c6d220,test
DataSet_clean/marvin/82d0d3ba_nohash_0.wav,marvin,82d0d3ba,train
DataSet_clean/marvin/82e7204d_nohash_0.wav,marvin,82e7204d,test
DataSet_clean/marvin/82e7204d_nohash_1.wav,marvin,82e7204d,test
DataSet_clean/marvin/8335f893_nohash_0.wav,marvin,8335f893,test
DataSet_clean/marvin/833a0279_nohash_0.wav,marvin,833a0279,val
DataSet_clean/marvin/833d9f56_nohash_0.wav,marvin,833d9f56,train
DataSet_clean/marvin/834f03fe_nohash_0.wav,marvin,834f03fe,val
DataSet_clean/marvin/8353fea1_nohash_0.wav,marvin,8353fea1,train
DataSet_clean/marvin/837a0f64_nohash_0.wav,marvin,837a0f64,train
DataSet_clean/marvin/837f7378_nohash_0.wav,marvin,837f7378,train
DataSet_clean/marvin/83957201_nohash_0.wav,marvin,83957201,train
DataSet_clean/marvin/83c9e7e6_nohash_0.wav,marvin,83c9e7e6,train
DataSet_clean/marvin/840c366d_nohash_0.wav,marvin,840c366d,train
DataSet_clean/marvin/840c366d_nohash_1.wav,marvin,840c366d,train
DataSet_clean/marvin/840eab5a_nohash_0.wav,marvin,840eab5a,train
DataSet_clean/marvin/840eab5a_nohash_1.wav,marvin,840eab5a,train
DataSet_clean/marvin/845f8553_nohash_0.wav,marvin,845f8553,train
DataSet_clean/marvin/84d1e469_nohash_0.wav,marvin,84d1e469,train
DataSet_clean/marvin/850e2222_nohash_0.wav,marvin,850e2222,train
DataSet_clean/marvin/850e2222_nohash_1.wav,marvin,850e2222,train
DataSet_clean/marvin/850e2222_nohash_2.wav,marvin,850e2222,train
DataSet_clean/marvin/850e2222_nohash_3.wav,marvin,850e2222,train
DataSet_clean/marvin/8536c82d_nohash_0.wav,marvin,8536c82d,train
DataSet_clean/marvin/8549f25d_nohash_0.wav,marvin,8549f25d,test
DataSet_clean/marvin/856eb138_nohash_0.wav,marvin,856eb138,test
DataSet_clean/marvin/85834399_nohash_0.wav,marvin,85834399,train
DataSet_clean/marvin/85834399_nohash_1.wav,marvin,85834399,train
DataSet_clean/marvin/85851131_nohash_0.wav,marvin,85851131,test
DataSet_clean/marvin/85ac0c1b_nohash_0.wav,marvin,85ac0c1b,test
DataSet_clean/marvin/85b877b5_nohash_0.wav,marvin,85b877b5,train
DataSet_clean/marvin/85b877b5_nohash_1.wav,marvin,85b877b5,train
DataSet_clean/marvin/85c5eaa0_nohash_0.wav,marvin,85c5eaa0,train
DataSet_clean/marvin/85c60942_nohash_0.wav,marvin,85c60942,val
DataSet_clean/marvin/8601f33b_nohash_0.wav,marvin,8601f33b,test
DataSet_clean/marvin/8601f33b_nohash_1.wav,marvin,8601f33b,test
DataSet_clean/marvin/8625475c_nohash_0.wav,marvin,8625475c,train
DataSet_clean/marvin/8625475c_nohash_1.wav,marvin,8625475c,train
DataSet_clean/marvin/8625475c_nohash_2.wav,marvin,8625475c,train
DataSet_clean/marvin/863880b7_nohash_0.wav,marvin,863880b7,test
DataSet_clean/marvin/87014d40_nohash_0.wav,marvin,87014d40,test
DataSet_clean/marvin/87014d40_nohash_1.wav,marvin,87014d40,test
DataSet_clean/marvin/87070229_nohash_0.wav,marvin,87070229,train
DataSet_clean/marvin/8769c34c_nohash_0.wav,marvin,8769c34c,train
DataSet_clean/marvin/876c84d6_nohash_0.wav,marvin,876c84d6,val
DataSet_clean/marvin/87728a88_nohash_0.wav,marvin,87728a88,train
DataSet_clean/marvin/8781f4c1_nohash_0.wav,marvin,8781f4c1,train
DataSet_clean/marvin/8781f4c1_nohash_1.wav,marvin,8781f4c1,train
DataSet_clean/marvin/879a2b38_nohash_0.wav,marvin,879a2b38,train
DataSet_clean/marvin/87c62767_nohash_0.wav,marvin,87c62767,train
DataSet_clean/marvin/87c62767_nohash_1.wav,marvin,87c62767,train
DataSet_clean/marvin/87eff300_nohash_0.wav,marvin,87eff300,train
DataSet_clean/marvin/88053e92_nohash_0.wav,marvin,88053e92,train
DataSet_clean/marvin/881583a6_nohash_0.wav,marvin,881583a6,val
DataSet_clean/marvin/881583a6_nohash_1.wav,marvin,881583a6,val
DataSet_clean/marvin/881583a6_nohash_2.wav,marvin,881583a6,val
DataSet_clean/marvin/888a0c49_nohash_0.wav,marvin,888a0c49,train
DataSet_clean/marvin/88e85150_nohash_0.wav,marvin,88e85150,train
DataSet_clean/marvin/88e85150_nohash_1.wav,marvin,88e85150,train
DataSet_clean/marvin/88e90bc1_nohash_0.wav,marvin,88e90bc1,train
DataSet_clean/marvin/88f3719f_nohash_0.wav,marvin,88f3719f,val
DataSet_clean/marvin/890cc926_nohash_0.wav,marvin,890cc926,train
DataSet_clean/marvin/8931f494_nohash_0.wav,marvin,8931f494,test
DataSet_clean/marvin/893b3c11_nohash_0.wav,marvin,893b3c11,test
DataSet_clean/marvin/89d6d11e_nohash_0.wav,marvin,89d6d11e,test
DataSet_clean/marvin/89e59d18_nohash_0.wav,marvin,89e59d18,train
DataSet_clean/marvin/89e59d18_nohash_1.wav,marvin,89e59d18,train
DataSet_clean/marvin/89ed36ab_nohash_0.wav,marvin,89ed36ab,train
DataSet_clean/marvin/89f3ab7d_nohash_0.wav,marvin,89f3ab7d,test
DataSet_clean/marvin/89f3ab7d_nohash_1.wav,marvin,89f3ab7d,test
DataSet_clean/marvin/8a0457c9_nohash_0.wav,marvin,8a0457c9,train
DataSet_clean/marvin/8a194ee6_nohash_0.wav,marvin,8a194ee6,train
DataSet_clean/marvin/8a194ee6_nohash_1.wav,marvin,8a194ee6,train
DataSet_clean/marvin/8a1c449e_nohash_0.wav,marvin,8a1c449e,val
DataSet_clean/marvin/8a1c449e_nohash_1.wav,marvin,8a1c449e,val
DataSet_clean/marvin/8a28231e_nohash_0.wav,marvin,8a28231e,test
DataSet_clean/marvin/8a744054_nohash_0.wav,marvin,8a744054,train
DataSet_clean/marvin/8a90cf67_nohash_0.wav,marvin,8a90cf67,train
DataSet_clean/marvin/8aa35b0c_nohash_0.wav,marvin,8aa35b0c,test
DataSet_clean/marvin/8b25410a_nohash_0.wav,marvin,8b25410a,train
DataSet_clean/marvin/8b367d88_nohash_0.wav,marvin,8b367d88,test
DataSet_clean/marvin/8b367d88_nohash_1.wav,marvin,8b367d88,test
DataSet_clean/marvin/8b775397_nohash_0.wav,marvin,8b775397,train
DataSet_clean/marvin/8b775397_nohash_1.wav,marvin,8b775397,train
DataSet_clean/marvin/8c0e5970_nohash_0.wav,marvin,8c0e5970,train
DataSet_clean/marvin/8c3c4715_nohash_0.wav,marvin,8c3c4715,train
DataSet_clean/marvin/8c3c4715_nohash_1.wav,marvin,8c3c4715,train
DataSet_clean/marvin/8c780627_nohash_0.wav,marvin,8c780627,train
DataSet_clean/marvin/8c7f81df_nohash_0.wav,marvin,8c7f81df,val
DataSet_clean/marvin/8c7f81df_nohash_1.wav,marvin,8c7f81df,val
DataSet_clean/marvin/8c888bbb_nohash_0.wav,marvin,8c888bbb,train
DataSet_clean/marvin/8c888bbb_nohash_1.wav,marvin,8c888bbb,train
DataSet_clean/marvin/8ca3b1db_nohash_0.wav,marvin,8ca3b1db,train
DataSet_clean/marvin/8d4cdc60_nohash_0.wav,marvin,8d4cdc60,train
DataSet_clean/marvin/8d5d076d_nohash_0.wav,marvin,8d5d076d,test
DataSet_clean/marvin/8d9cc260_nohash_0.wav,marvin,8d9cc260,test
DataSet_clean/marvin/8dc18a75_nohash_0.wav,marvin,8dc18a75,test
DataSet_clean/marvin/8dc26a15_nohash_0.wav,marvin,8dc26a15,train
DataSet_clean/marvin/8dc26a15_nohash_1.wav,marvin,8dc26a15,train
DataSet_clean/marvin/8dd24423_nohash_0.wav,marvin,8dd24423,test
DataSet_clean/marvin/8dd24423_nohash_1.wav,marvin,8dd24423,test
DataSet_clean/marvin/8e05039f_nohash_0.wav,marvin,8e05039f,val
DataSet_clean/marvin/8e523821_nohash_0.wav,marvin,8e523821,train
DataSet_clean/marvin/8e69dc2f_nohash_0.wav,marvin,8e69dc2f,train
DataSet_clean/marvin/8e884ec4_nohash_0.wav,marvin,8e884ec4,train
DataSet_clean/marvin/8e884ec4_nohash_1.wav,marvin,8e884ec4,train
DataSet_clean/marvin/8ea22de7_nohash_0.wav,marvin,8ea22de7,train
DataSet_clean/marvin/8ea22de7_nohash_1.wav,marvin,8ea22de7,train
DataSet_clean/marvin/8ea22de7_nohash_2.wav,marvin,8ea22de7,train
DataSet_clean/marvin/8ea22de7_nohash_3.wav,marvin,8ea22de7,train
DataSet_clean/marvin/8ea6dec6_nohash_0.wav,marvin,8ea6dec6,train
DataSet_clean/marvin/8ec6dab6_nohash_0.wav,marvin,8ec6dab6,train
DataSet_clean/marvin/8ed25ef8_nohash_0.wav,marvin,8ed25ef8,test
DataSet_clean/marvin/8f0d3c27_nohash_0.wav,marvin,8f0d3c27,train
DataSet_clean/marvin/8f4c551f_nohash_0.wav,marvin,8f4c551f,train
DataSet_clean/marvin/8fce59ff_nohash_0.wav,marvin,8fce59ff,train
DataSet_clean/marvin/8fce59ff_nohash_1.wav,marvin,8fce59ff,train
DataSet_clean/marvin/8fe52b97_nohash_0.wav,marvin,8fe52b97,test
DataSet_clean/marvin/8fe52b97_nohash_1.wav,marvin,8fe52b97,test
DataSet_clean/marvin/8fe67225_nohash_0.wav,marvin,8fe67225,train
DataSet_clean/marvin/8ff44869_nohash_0.wav,marvin,8ff44869,train
DataSet_clean/marvin/90645155_nohash_0.wav,marvin,90645155,train
DataSet_clean/marvin/90804775_nohash_0.wav,marvin,90804775,train
DataSet_clean/marvin/90b0b91a_nohash_0.wav,marvin,90b0b91a,test
DataSet_clean/marvin/90b94017_nohash_0.wav,marvin,90b94017,train
DataSet_clean/marvin/90e72357_nohash_0.wav,marvin,90e72357,val
DataSet_clean/marvin/9151f184_nohash_0.wav,marvin,9151f184,test
DataSet_clean/marvin/91942e89_nohash_0.wav,marvin,91942e89,val
DataSet_clean/marvin/919d3c0e_nohash_0.wav,marvin,919d3c0e,train
DataSet_clean/marvin/91b03183_nohash_0.wav,marvin,91b03183,train
DataSet_clean/marvin/91bed2e0_nohash_0.wav,marvin,91bed2e0,train
DataSet_clean/marvin/91cdef62_nohash_0.wav,marvin,91cdef62,val
DataSet_clean/marvin/91cdef62_nohash_1.wav,marvin,91cdef62,val
DataSet_clean/marvin/91cdef62_nohash_2.wav,marvin,91cdef62,val
DataSet_clean/marvin/91ffb786_nohash_0.wav,marvin,91ffb786,train
DataSet_clean/marvin/92521ccc_nohash_0.wav,marvin,92521ccc,val
DataSet_clean/marvin/92a9c5e6_nohash_0.wav,marvin,92a9c5e6,train
DataSet_clean/marvin/92b0a735_nohash_0.wav,marvin,92b0a735,val
DataSet_clean/marvin/92b0a735_nohash_1.wav,marvin,92b0a735,val
DataSet_clean/marvin/92e17cc4_nohash_0.wav,marvin,92e17cc4,val
DataSet_clean/marvin/9331d34b_nohash_0.wav,marvin,9331d34b,train
DataSet_clean/marvin/937b433e_nohash_0.wav,marvin,937b433e,train
DataSet_clean/marvin/937b433e_nohash_1.wav,marvin,937b433e,train
DataSet_clean/marvin/93cf902e_nohash_0.wav,marvin,93cf902e,train
DataSet_clean/marvin/93ec8b84_nohash_0.wav,marvin,93ec8b84,train
DataSet_clean/marvin/93f30cc4_nohash_0.wav,marvin,93f30cc4,train
DataSet_clean/marvin/93f30cc4_nohash_1.wav,marvin,93f30cc4,train
DataSet_clean/marvin/93f30cc4_nohash_2.wav,marvin,93f30cc4,train
DataSet_clean/marvin/93f30cc4_nohash_3.wav,marvin,93f30cc4,train
DataSet_clean/marvin/94403ad3_nohash_0.wav,marvin,94403ad3,test
DataSet_clean/marvin/94403ad3_nohash_1.wav,marvin,94403ad3,test
DataSet_clean/marvin/9448c397_nohash_0.wav,marvin,9448c397,val
DataSet_clean/marvin/948867e7_nohash_0.wav,marvin,948867e7,train
DataSet_clean/marvin/94d370bf_nohash_0.wav,marvin,94d370bf,train
DataSet_clean/marvin/94e6864f_nohash_0.wav,marvin,94e6864f,train
DataSet_clean/marvin/94e6864f_nohash_1.wav,marvin,94e6864f,train
DataSet_clean/marvin/951cac20_nohash_0.wav,marvin,951cac20,train
DataSet_clean/marvin/95218ce8_nohash_0.wav,marvin,95218ce8,train
DataSet_clean/marvin/953fe1ad_nohash_0.wav,marvin,953fe1ad,train
DataSet_clean/marvin/95ba4996_nohash_0.wav,marvin,95ba4996,train
DataSet_clean/marvin/964e8cfd_nohash_0.wav,marvin,964e8cfd,train
DataSet_clean/marvin/96a48d28_nohash_0.wav,marvin,96a48d28,train
DataSet_clean/marvin/96c66ab7_nohash_0.wav,marvin,96c66ab7,train
DataSet_clean/marvin/96cd0255_nohash_0.wav,marvin,96cd0255,train
DataSet_clean/marvin/96d5276f_nohash_0.wav,marvin,96d5276f,train
DataSet_clean/marvin/96d8bb6f_nohash_0.wav,marvin,96d8bb6f,train
DataSet_clean/marvin/97101ef3_nohash_0.wav,marvin,97101ef3,test
DataSet_clean/marvin/97101ef3_nohash_1.wav,marvin,97101ef3,test
DataSet_clean/marvin/9735764a_nohash_0.wav,marvin,9735764a,val
DataSet_clean/marvin/977a3be4_nohash_0.wav,marvin,977a3be4,test
DataSet_clean/marvin/978240e1_nohash_0.wav,marvin,978240e1,test
DataSet_clean/marvin/9785931e_nohash_0.wav,marvin,9785931e,val
DataSet_clean/marvin/9785931e_nohash_1.wav,marvin,9785931e,val
DataSet_clean/marvin/97addd88_nohash_0.wav,marvin,97addd88,test
DataSet_clean/marvin/97addd88_nohash_1.wav,marvin,97addd88,test
DataSet_clean/marvin/97ae8b25_nohash_0.wav,marvin,97ae8b25,train
DataSet_clean/marvin/97ae8b25_nohash_1.wav,marvin,97ae8b25,train
DataSet_clean/marvin/97f493b9_nohash_0.wav,marvin,97f493b9,train
DataSet_clean/marvin/97f4c236_nohash_0.wav,marvin,97f4c236,train
DataSet_clean/marvin/982babaf_nohash_0.wav,marvin,982babaf,test
DataSet_clean/marvin/982babaf_nohash_1.wav,marvin,982babaf,test
DataSet_clean/marvin/98447c43_nohash_0.wav,marvin,98447c43,train
DataSet_clean/marvin/9886d8bf_nohash_0.wav,marvin,9886d8bf,train
DataSet_clean/marvin/989a2213_nohash_0.wav,marvin,989a2213,train
DataSet_clean/marvin/99081f4d_nohash_0.wav,marvin,99081f4d,train
DataSet_clean/marvin/990ebd1f_nohash_0.wav,marvin,990ebd1f,val
DataSet_clean/marvin/999823db_nohash_0.wav,marvin,999823db,train
DataSet_clean/marvin/99a9b015_nohash_0.wav,marvin,99a9b015,train
DataSet_clean/marvin/99e6cab8_nohash_0.wav,marvin,99e6cab8,val
DataSet_clean/marvin/99e6cab8_nohash_1.wav,marvin,99e6cab8,val
DataSet_clean/marvin/99e6cab8_nohash_2.wav,marvin,99e6cab8,val
DataSet_clean/marvin/99e6cab8_nohash_3.wav,marvin,99e6cab8,val
DataSet_clean/marvin/99fad6a0_nohash_0.wav,marvin,99fad6a0,test
DataSet_clean/marvin/9a2e5b3c_nohash_0.wav,marvin,9a2e5b3c,train
DataSet_clean/marvin/9a69672b_nohash_0.wav,marvin,9a69672b,test
DataSet_clean/marvin/9a76f8c3_nohash_0.wav,marvin,9a76f8c3,test
DataSet_clean/marvin/9a7c1f83_nohash_0.wav,marvin,9a7c1f83,train
DataSet_clean/marvin/9a7c1f83_nohash_1.wav,marvin,9a7c1f83,train
DataSet_clean/marvin/9a8d8d34_nohash_0.wav,marvin,9a8d8d34,train
DataSet_clean/marvin/9a8d8d34_nohash_1.wav,marvin,9a8d8d34,train
DataSet_clean/marvin/9aa21fa9_nohash_0.wav,marvin,9aa21fa9,train
DataSet_clean/marvin/9acd0254_nohash_0.wav,marvin,9acd0254,train
DataSet_clean/marvin/9b8a7439_nohash_0.wav,marvin,9b8a7439,train
DataSet_clean/marvin/9be15e93_nohash_0.wav,marvin,9be15e93,val
DataSet_clean/marvin/9c24bc76_nohash_0.wav,marvin,9c24bc76,train
DataSet_clean/marvin/9c24bc76_nohash_1.wav,marvin,9c24bc76,train
DataSet_clean/marvin/9c59dd28_nohash_0.wav,marvin,9c59dd28,train
DataSet_clean/marvin/9cde5de8_nohash_0.wav,marvin,9cde5de8,train
DataSet_clean/marvin/9cde5de8_nohash_1.wav,marvin,9cde5de8,train
DataSet_clean/marvin/9ce7a419_nohash_0.wav,marvin,9ce7a419,test
DataSet_clean/marvin/9ce7a419_nohash_1.wav,marvin,9ce7a419,test
DataSet_clean/marvin/9d050657_nohash_0.wav,marvin,9d050657,train
DataSet_clean/marvin/9d050657_nohash_1.wav,marvin,9d050657,train
DataSet_clean/marvin/9d7036f9_nohash_0.wav,marvin,9d7036f9,train
DataSet_clean/marvin/9dc1889e_nohash_0.wav,marvin,9dc1889e,train
DataSet_clean/marvin/9e075bf1_nohash_0.wav,marvin,9e075bf1,train
DataSet_clean/marvin/9e2ce5e3_nohash_0.wav,marvin,9e2ce5e3,train
DataSet_clean/marvin/9e42ae25_nohash_0.wav,marvin,9e42ae25,test
DataSet_clean/marvin/9e44aca3_nohash_0.wav,marvin,9e44aca3,train
DataSet_clean/marvin/9e44aca3_nohash_1.wav,marvin,9e44aca3,train
DataSet_clean/marvin/9e46cfa1_nohash_0.wav,marvin,9e46cfa1,train
DataSet_clean/marvin/9e6bb505_nohash_0.wav,marvin,9e6bb505,test
DataSet_clean/marvin/9ef5db3c_nohash_0.wav,marvin,9ef5db3c,train
DataSet_clean/marvin/9f22307d_nohash_0.wav,marvin,9f22307d,train
DataSet_clean/marvin/9f63152b_nohash_0.wav,marvin,9f63152b,train
DataSet_clean/marvin/9f6fbdb4_nohash_0.wav,marvin,9f6fbdb4,train
DataSet_clean/marvin/9f7079fe_nohash_0.wav,marvin,9f7079fe,train
DataSet_clean/marvin/9f92fb7c_nohash_0.wav,marvin,9f92fb7c,train
DataSet_clean/marvin/9fac5701_nohash_0.wav,marvin,9fac5701,val
DataSet_clean/marvin/9fb766d0_nohash_0.wav,marvin,9fb766d0,train
DataSet_clean/marvin/9ff1b8b6_nohash_0.wav,marvin,9ff1b8b6,test
DataSet_clean/marvin/9ff2d2f4_nohash_0.wav,marvin,9ff2d2f4,train
DataSet_clean/marvin/a045368c_nohash_0.wav,marvin,a045368c,train
DataSet_clean/marvin/a04817c2_nohash_0.wav,marvin,a04817c2,train
DataSet_clean/marvin/a05a90c1_nohash_0.wav,marvin,a05a90c1,test
DataSet_clean/marvin/a0a8d759_nohash_0.wav,marvin,a0a8d759,val
DataSet_clean/marvin/a0a8d759_nohash_1.wav,marvin,a0a8d759,val
DataSet_clean/marvin/a0f93943_nohash_0.wav,marvin,a0f93943,test
DataSet_clean/marvin/a108341b_nohash_0.wav,marvin,a108341b,train
DataSet_clean/marvin/a108341b_nohash_1.wav,marvin,a108341b,train
DataSet_clean/marvin/a13e0a74_nohash_0.wav,marvin,a13e0a74,train
DataSet_clean/marvin/a13e0a74_nohash_1.wav,marvin,a13e0a74,train
DataSet_clean/marvin/a1533da4_nohash_0.wav,marvin,a1533da4,train
DataSet_clean/marvin/a1533da4_nohash_1.wav,marvin,a1533da4,train
DataSet_clean/marvin/a16013b7_nohash_0.wav,marvin,a16013b7,train
DataSet_clean/marvin/a16b3102_nohash_0.wav,marvin,a16b3102,train
DataSet_clean/marvin/a19452d5_nohash_0.wav,marvin,a19452d5,train
DataSet_clean/marvin/a19452d5_nohash_1.wav,marvin,a19452d5,train
DataSet_clean/marvin/a1a59b72_nohash_0.wav,marvin,a1a59b72,train
DataSet_clean/marvin/a1c63f25_nohash_0.wav,marvin,a1c63f25,train
DataSet_clean/marvin/a1c63f25_nohash_1.wav,marvin,a1c63f25,train
DataSet_clean/marvin/a1cf7fd8_nohash_0.wav,marvin,a1cf7fd8,train
DataSet_clean/marvin/a1cff772_nohash_0.wav,marvin,a1cff772,test
DataSet_clean/marvin/a1e71565_nohash_0.wav,marvin,a1e71565,train
DataSet_clean/marvin/a243fcc2_nohash_0.wav,marvin,a243fcc2,train
DataSet_clean/marvin/a24cf51c_nohash_0.wav,marvin,a24cf51c,train
DataSet_clean/marvin/a24cf51c_nohash_1.wav,marvin,a24cf51c,train
DataSet_clean/marvin/a293e285_nohash_0.wav,marvin,a293e285,train
DataSet_clean/marvin/a2b16113_nohash_0.wav,marvin,a2b16113,train
DataSet_clean/marvin/a2b16113_nohash_1.wav,marvin,a2b16113,train
DataSet_clean/marvin/a2cc5444_nohash_0.wav,marvin,a2cc5444,val
DataSet_clean/marvin/a2fefcb4_nohash_0.wav,marvin,a2fefcb4,train
DataSet_clean/marvin/a2fefcb4_nohash_1.wav,marvin,a2fefcb4,train
DataSet_clean/marvin/a2fefcb4_nohash_2.wav,marvin,a2fefcb4,train
DataSet_clean/marvin/a3255f5c_nohash_0.wav,marvin,a3255f5c,test
DataSet_clean/marvin/a40c62f1_nohash_0.wav,marvin,a40c62f1,test
DataSet_clean/marvin/a434d52e_nohash_0.wav,marvin,a434d52e,train
DataSet_clean/marvin/a4383927_nohash_0.wav,marvin,a4383927,train
DataSet_clean/marvin/a489191a_nohash_0.wav,marvin,a489191a,train
DataSet_clean/marvin/a4baac4e_nohash_0.wav,marvin,a4baac4e,train
DataSet_clean/marvin/a4ca3afe_nohash_0.wav,marvin,a4ca3afe,train
DataSet_clean/marvin/a4effc43_nohash_0.wav,marvin,a4effc43,test
DataSet_clean/marvin/a518d1cf_nohash_0.wav,marvin,a518d1cf,train
DataSet_clean/marvin/a518d1cf_nohash_1.wav,marvin,a518d1cf,train
DataSet_clean/marvin/a527cb3c_nohash_0.wav,marvin,a527cb3c,val
DataSet_clean/marvin/a527cb3c_nohash_1.wav,marvin,a527cb3c,val
DataSet_clean/marvin/a55105d0_nohash_0.wav,marvin,a55105d0,train
DataSet_clean/marvin/a5527c48_nohash_0.wav,marvin,a5527c48,train
DataSet_clean/marvin/a5609cce_nohash_0.wav,marvin,a5609cce,train
DataSet_clean/marvin/a583c5b0_nohash_0.wav,marvin,a583c5b0,train
DataSet_clean/marvin/a583c5b0_nohash_1.wav,marvin,a583c5b0,train
DataSet_clean/marvin/a591c2ea_nohash_0.wav,marvin,a591c2ea,val
DataSet_clean/marvin/a5d1becc_nohash_0.wav,marvin,a5d1becc,test
DataSet_clean/marvin/a5d485dc_nohash_0.wav,marvin,a5d485dc,val
DataSet_clean/marvin/a60a09cf_nohash_0.wav,marvin,a60a09cf,val
DataSet_clean/marvin/a60a09cf_nohash_1.wav,marvin,a60a09cf,val
DataSet_clean/marvin/a62f807b_nohash_0.wav,marvin,a62f807b,train
DataSet_clean/marvin/a69b9b3e_nohash_0.wav,marvin,a69b9b3e,test
DataSet_clean/marvin/a6f2fd71_nohash_0.wav,marvin,a6f2fd71,train
DataSet_clean/marvin/a7200079_nohash_0.wav,marvin,a7200079,test
DataSet_clean/marvin/a7216980_nohash_0.wav,marvin,a7216980,train
DataSet_clean/marvin/a73be046_nohash_0.wav,marvin,a73be046,train
DataSet_clean/marvin/a74f3917_nohash_0.wav,marvin,a74f3917,train
DataSet_clean/marvin/a759efbc_nohash_0.wav,marvin,a759efbc,train
DataSet_clean/marvin/a77fbcfd_nohash_0.wav,marvin,a77fbcfd,train
DataSet_clean/marvin/a7acbbeb_nohash_0.wav,marvin,a7acbbeb,train
DataSet_clean/marvin/a7dd45cf_nohash_0.wav,marvin,a7dd45cf,val
DataSet_clean/marvin/a7dd45cf_nohash_1.wav,marvin,a7dd45cf,val
DataSet_clean/marvin/a80f9f53_nohash_0.wav,marvin,a80f9f53,train
DataSet_clean/marvin/a84dee7b_nohash_0.wav,marvin,a84dee7b,train
DataSet_clean/marvin/a84dee7b_nohash_1.wav,marvin,a84dee7b,train
DataSet_clean/marvin/a8688b67_nohash_0.wav,marvin,a8688b67,train
DataSet_clean/marvin/a879a2c3_nohash_0.wav,marvin,a879a2c3,train
DataSet_clean/marvin/a879a2c3_nohash_1.wav,marvin,a879a2c3,train
DataSet_clean/marvin/a8cf01bc_nohash_0.wav,marvin,a8cf01bc,train
DataSet_clean/marvin/a8e25ebb_nohash_0.wav,marvin,a8e25ebb,train
DataSet_clean/marvin/a8ee11c7_nohash_0.wav,marvin,a8ee11c7,train
DataSet_clean/marvin/a8ee11c7_nohash_1.wav,marvin,a8ee11c7,train
DataSet_clean/marvin/a902ce9b_nohash_0.wav,marvin,a902ce9b,train
DataSet_clean/marvin/a902ce9b_nohash_1.wav,marvin,a902ce9b,train
DataSet_clean/marvin/a928cc5b_nohash_0.wav,marvin,a928cc5b,train
DataSet_clean/marvin/a929f9b9_nohash_0.wav,marvin,a929f9b9,val
DataSet_clean/marvin/a957fef5_nohash_0.wav,marvin,a957fef5,val
DataSet_clean/marvin/a95dbfd4_nohash_0.wav,marvin,a95dbfd4,val
DataSet_clean/marvin/a97017df_nohash_0.wav,marvin,a97017df,train
DataSet_clean/marvin/a996cf66_nohash_0.wav,marvin,a996cf66,train
DataSet_clean/marvin/a9b574b3_nohash_0.wav,marvin,a9b574b3,val
DataSet_clean/marvin/a9ca1818_nohash_0.wav,marvin,a9ca1818,train
DataSet_clean/marvin/aa48c94a_nohash_0.wav,marvin,aa48c94a,val
DataSet_clean/marvin/aac5b7c1_nohash_0.wav,marvin,aac5b7c1,val
DataSet_clean/marvin/ab00c4b2_nohash_0.wav,marvin,ab00c4b2,test
DataSet_clean/marvin/ab353673_nohash_0.wav,marvin,ab353673,train
DataSet_clean/marvin/ab46af55_nohash_0.wav,marvin,ab46af55,test
DataSet_clean/marvin/ab5ae445_nohash_0.wav,marvin,ab5ae445,val
DataSet_clean/marvin/ab5ae445_nohash_1.wav,marvin,ab5ae445,val
DataSet_clean/marvin/ab5b211a_nohash_0.wav,marvin,ab5b211a,train
DataSet_clean/marvin/ab5d7179_nohash_0.wav,marvin,ab5d7179,train
DataSet_clean/marvin/ab71c9a7_nohash_0.wav,marvin,ab71c9a7,val
DataSet_clean/marvin/ab9b93e4_nohash_0.wav,marvin,ab9b93e4,train
DataSet_clean/marvin/ab9b93e4_nohash_1.wav,marvin,ab9b93e4,train
DataSet_clean/marvin/abbfc3b4_nohash_0.wav,marvin,abbfc3b4,test
DataSet_clean/marvin/abbfc3b4_nohash_1.wav,marvin,abbfc3b4,test
DataSet_clean/marvin/ac4b3fc3_nohash_0.wav,marvin,ac4b3fc3,test
DataSet_clean/marvin/ac7840d8_nohash_0.wav,marvin,ac7840d8,train
DataSet_clean/marvin/ac899eb7_nohash_0.wav,marvin,ac899eb7,train
DataSet_clean/marvin/ac899eb7_nohash_1.wav,marvin,ac899eb7,train
DataSet_clean/marvin/ac9dee0e_nohash_0.wav,marvin,ac9dee0e,train
DataSet_clean/marvin/acde7e73_nohash_0.wav,marvin,acde7e73,train
DataSet_clean/marvin/ace072ba_nohash_0.wav,marvin,ace072ba,val
DataSet_clean/marvin/ace82a68_nohash_0.wav,marvin,ace82a68,train
DataSet_clean/marvin/acfd3bc3_nohash_0.wav,marvin,acfd3bc3,train
DataSet_clean/marvin/acfd5b5e_nohash_0.wav,marvin,acfd5b5e,train
DataSet_clean/marvin/ad1429cf_nohash_0.wav,marvin,ad1429cf,train
DataSet_clean/marvin/ad1429cf_nohash_1.wav,marvin,ad1429cf,train
DataSet_clean/marvin/ad526ada_nohash_0.wav,marvin,ad526ada,val
DataSet_clean/marvin/ad5aeec2_nohash_0.wav,marvin,ad5aeec2,train
DataSet_clean/marvin/ad63d93c_nohash_0.wav,marvin,ad63d93c,train
DataSet_clean/marvin/ad6a46f1_nohash_0.wav,marvin,ad6a46f1,train
DataSet_clean/marvin/ad6a46f1_nohash_1.wav,marvin,ad6a46f1,train
DataSet_clean/marvin/adc216c5_nohash_0.wav,marvin,adc216c5,train
DataSet_clean/marvin/adc216c5_nohash_1.wav,marvin,adc216c5,train
DataSet_clean/marvin/adebe223_nohash_0.wav,marvin,adebe223,train
DataSet_clean/marvin/adec6a94_nohash_0.wav,marvin,adec6a94,train
DataSet_clean/marvin/adec6a94_nohash_1.wav,marvin,adec6a94,train
DataSet_clean/marvin/adec6a94_nohash_2.wav,marvin,adec6a94,train
DataSet_clean/marvin/ae5578f4_nohash_0.wav,marvin,ae5578f4,test
DataSet_clean/marvin/ae71797c_nohash_0.wav,marvin,ae71797c,train
DataSet_clean/marvin/ae82c78c_nohash_0.wav,marvin,ae82c78c,train
DataSet_clean/marvin/ae82c78c_nohash_1.wav,marvin,ae82c78c,train
DataSet_clean/marvin/ae92fa32_nohash_0.wav,marvin,ae92fa32,train
DataSet_clean/marvin/aeb99b1c_nohash_0.wav,marvin,aeb99b1c,train
DataSet_clean/marvin/aef8dcf5_nohash_0.wav,marvin,aef8dcf5,train
DataSet_clean/marvin/af130f12_nohash_0.wav,marvin,af130f12,train
DataSet_clean/marvin/af30314d_nohash_0.wav,marvin,af30314d,train
DataSet_clean/marvin/af30314d_nohash_1.wav,marvin,af30314d,train
DataSet_clean/marvin/af7a8296_nohash_0.wav,marvin,af7a8296,train
DataSet_clean/marvin/af8b2f2c_nohash_0.wav,marvin,af8b2f2c,train
DataSet_clean/marvin/af8b2f2c_nohash_1.wav,marvin,af8b2f2c,train
DataSet_clean/marvin/afabfa0e_nohash_0.wav,marvin,afabfa0e,train
DataSet_clean/marvin/afd53389_nohash_0.wav,marvin,afd53389,train
DataSet_clean/marvin/afe0b87d_nohash_0.wav,marvin,afe0b87d,train
DataSet_clean/marvin/aff582a1_nohash_0.wav,marvin,aff582a1,test
DataSet_clean/marvin/b00c4c53_nohash_0.wav,marvin,b00c4c53,val
DataSet_clean/marvin/b00dff7e_nohash_0.wav,marvin,b00dff7e,test
DataSet_clean/marvin/b06c19b0_nohash_0.wav,marvin,b06c19b0,test
DataSet_clean/marvin/b089169d_nohash_0.wav,marvin,b089169d,train
DataSet_clean/marvin/b0bad4a9_nohash_0.wav,marvin,b0bad4a9,val
DataSet_clean/marvin/b0c0197e_nohash_0.wav,marvin,b0c0197e,test
DataSet_clean/marvin/b0c0197e_nohash_1.wav,marvin,b0c0197e,test
DataSet_clean/marvin/b0d061c5_nohash_0.wav,marvin,b0d061c5,train
DataSet_clean/marvin/b0f24c9b_nohash_0.wav,marvin,b0f24c9b,train
DataSet_clean/marvin/b10b0654_nohash_0.wav,marvin,b10b0654,train
DataSet_clean/marvin/b11a05d2_nohash_0.wav,marvin,b11a05d2,val
DataSet_clean/marvin/b1df80c0_nohash_0.wav,marvin,b1df80c0,train
DataSet_clean/marvin/b1edd209_nohash_0.wav,marvin,b1edd209,test
DataSet_clean/marvin/b21f0fa4_nohash_0.wav,marvin,b21f0fa4,train
DataSet_clean/marvin/b29f8b23_nohash_0.wav,marvin,b29f8b23,train
DataSet_clean/marvin/b2ae3928_nohash_0.wav,marvin,b2ae3928,train
DataSet_clean/marvin/b2e2773a_nohash_0.wav,marvin,b2e2773a,train
DataSet_clean/marvin/b2fbe484_nohash_0.wav,marvin,b2fbe484,train
DataSet_clean/marvin/b2fbe484_nohash_1.wav,marvin,b2fbe484,train
DataSet_clean/marvin/b2fbe484_nohash_2.wav,marvin,b2fbe484,train
DataSet_clean/marvin/b36c27c2_nohash_0.wav,marvin,b36c27c2,val
DataSet_clean/marvin/b36c27c2_nohash_1.wav,marvin,b36c27c2,val
DataSet_clean/marvin/b36c27c2_nohash_2.wav,marvin,b36c27c2,val
DataSet_clean/marvin/b3bb4dd6_nohash_0.wav,marvin,b3bb4dd6,train
DataSet_clean/marvin/b3bdded5_nohash_0.wav,marvin,b3bdded5,val
DataSet_clean/marvin/b414c653_nohash_0.wav,marvin,b414c653,train
DataSet_clean/marvin/b41a92a3_nohash_0.wav,marvin,b41a92a3,train
DataSet_clean/marvin/b44007bc_nohash_0.wav,marvin,b44007bc,train
DataSet_clean/marvin/b4604db4_nohash_0.wav,marvin,b4604db4,train
DataSet_clean/marvin/b46e8153_nohash_0.wav,marvin,b46e8153,train
DataSet_clean/marvin/b49caed3_nohash_0.wav,marvin,b49caed3,train
DataSet_clean/marvin/b4aa9fef_nohash_0.wav,marvin,b4aa9fef,train
DataSet_clean/marvin/b4bef564_nohash_0.wav,marvin,b4bef564,train
DataSet_clean/marvin/b4bef564_nohash_1.wav,marvin,b4bef564,train
DataSet_clean/marvin/b4ea0d9a_nohash_0.wav,marvin,b4ea0d9a,test
DataSet_clean/marvin/b4ea0d9a_nohash_1.wav,marvin,b4ea0d9a,test
DataSet_clean/marvin/b528edb3_nohash_0.wav,marvin,b528edb3,train
DataSet_clean/marvin/b52bd596_nohash_0.wav,marvin,b52bd596,train
DataSet_clean/marvin/b544d4fd_nohash_0.wav,marvin,b544d4fd,train
DataSet_clean/marvin/b5552931_nohash_0.wav,marvin,b5552931,train
DataSet_clean/marvin/b575b5fb_nohash_0.wav,marvin,b575b5fb,train
DataSet_clean/marvin/b5935410_nohash_0.wav,marvin,b5935410,train
DataSet_clean/marvin/b5935410_nohash_1.wav,marvin,b5935410,train
DataSet_clean/marvin/b59fa113_nohash_0.wav,marvin,b59fa113,train
DataSet_clean/marvin/b59fe16d_nohash_0.wav,marvin,b59fe16d,test
DataSet_clean/marvin/b59fe16d_nohash_1.wav,marvin,b59fe16d,test
DataSet_clean/marvin/b59fe16d_nohash_2.wav,marvin,b59fe16d,test
DataSet_clean/marvin/b5aacf2c_nohash_0.wav,marvin,b5aacf2c,train
DataSet_clean/marvin/b5aacf2c_nohash_1.wav,marvin,b5aacf2c,train
DataSet_clean/marvin/b5eb4f9b_nohash_0.wav,marvin,b5eb4f9b,test
DataSet_clean/marvin/b6026214_nohash_0.wav,marvin,b6026214,val
DataSet_clean/marvin/b63fea9e_nohash_0.wav,marvin,b63fea9e,train
DataSet_clean/marvin/b665723d_nohash_0.wav,marvin,b665723d,train
DataSet_clean/marvin/b665723d_nohash_1.wav,marvin,b665723d,train
DataSet_clean/marvin/b66f4f93_nohash_0.wav,marvin,b66f4f93,val
DataSet_clean/marvin/b69002d4_nohash_0.wav,marvin,b69002d4,val
DataSet_clean/marvin/b69fe0e2_nohash_0.wav,marvin,b69fe0e2,train
DataSet_clean/marvin/b6d11c9b_nohash_0.wav,marvin,b6d11c9b,test
DataSet_clean/marvin/b6e6aa2e_nohash_0.wav,marvin,b6e6aa2e,val
DataSet_clean/marvin/b7016c27_nohash_0.wav,marvin,b7016c27,test
DataSet_clean/marvin/b71ebf79_nohash_0.wav,marvin,b71ebf79,train
DataSet_clean/marvin/b72e58c9_nohash_0.wav,marvin,b72e58c9,train
DataSet_clean/marvin/b72e58c9_nohash_1.wav,marvin,b72e58c9,train
DataSet_clean/marvin/b76f6088_nohash_0.wav,marvin,b76f6088,train
DataSet_clean/marvin/b7e9f841_nohash_0.wav,marvin,b7e9f841,val
DataSet_clean/marvin/b80d6c5e_nohash_0.wav,marvin,b80d6c5e,train
DataSet_clean/marvin/b83c1acf_nohash_0.wav,marvin,b83c1acf,test
DataSet_clean/marvin/b843de62_nohash_0.wav,marvin,b843de62,train
DataSet_clean/marvin/b843de62_nohash_1.wav,marvin,b843de62,train
DataSet_clean/marvin/b84f83d2_nohash_0.wav,marvin,b84f83d2,train
DataSet_clean/marvin/b84f83d2_nohash_1.wav,marvin,b84f83d2,train
DataSet_clean/marvin/b87bdb22_nohash_0.wav,marvin,b87bdb22,val
DataSet_clean/marvin/b8872c20_nohash_0.wav,marvin,b8872c20,test
DataSet_clean/marvin/b8897f1c_nohash_0.wav,marvin,b8897f1c,train
DataSet_clean/marvin/b8b8cb52_nohash_0.wav,marvin,b8b8cb52,train
DataSet_clean/marvin/b93528e3_nohash_0.wav,marvin,b93528e3,val
DataSet_clean/marvin/b93528e3_nohash_1.wav,marvin,b93528e3,val
DataSet_clean/marvin/b959cd0c_nohash_0.wav,marvin,b959cd0c,train
DataSet_clean/marvin/b9cccd01_nohash_0.wav,marvin,b9cccd01,train
DataSet_clean/marvin/ba59cab3_nohash_0.wav,marvin,ba59cab3,val
DataSet_clean/marvin/ba59cab3_nohash_1.wav,marvin,ba59cab3,val
DataSet_clean/marvin/ba676390_nohash_0.wav,marvin,ba676390,train
DataSet_clean/marvin/ba676390_nohash_1.wav,marvin,ba676390,train
DataSet_clean/marvin/ba676390_nohash_2.wav,marvin,ba676390,train
DataSet_clean/marvin/ba676390_nohash_3.wav,marvin,ba676390,train
DataSet_clean/marvin/ba770f9b_nohash_0.wav,marvin,ba770f9b,train
DataSet_clean/marvin/bab36420_nohash_0.wav,marvin,bab36420,test
DataSet_clean/marvin/bad64eac_nohash_0.wav,marvin,bad64eac,train
DataSet_clean/marvin/bb05582b_nohash_0.wav,marvin,bb05582b,train
DataSet_clean/marvin/bb6d4301_nohash_0.wav,marvin,bb6d4301,train
DataSet_clean/marvin/bbaa7946_nohash_0.wav,marvin,bbaa7946,train
DataSet_clean/marvin/bbb2eb5b_nohash_0.wav,marvin,bbb2eb5b,train
DataSet_clean/marvin/bbc30633_nohash_0.wav,marvin,bbc30633,train
DataSet_clean/marvin/bbd0bbd0_nohash_0.wav,marvin,bbd0bbd0,val
DataSet_clean/marvin/bbf38549_nohash_0.wav,marvin,bbf38549,val
DataSet_clean/marvin/bc065a17_nohash_0.wav,marvin,bc065a17,train
DataSet_clean/marvin/bc065a17_nohash_1.wav,marvin,bc065a17,train
DataSet_clean/marvin/bc196f81_nohash_0.wav,marvin,bc196f81,train
DataSet_clean/marvin/bc196f81_nohash_1.wav,marvin,bc196f81,train
DataSet_clean/marvin/bc999754_nohash_0.wav,marvin,bc999754,train
DataSet_clean/marvin/bca56796_nohash_0.wav,marvin,bca56796,train
DataSet_clean/marvin/bcf614a2_nohash_0.wav,marvin,bcf614a2,train
DataSet_clean/marvin/bd76a7fd_nohash_0.wav,marvin,bd76a7fd,train
DataSet_clean/marvin/bd8412df_nohash_0.wav,marvin,bd8412df,train
DataSet_clean/marvin/bdb26021_nohash_0.wav,marvin,bdb26021,train
DataSet_clean/marvin/bdb90d38_nohash_0.wav,marvin,bdb90d38,train
DataSet_clean/marvin/bdd22e4d_nohash_0.wav,marvin,bdd22e4d,val
DataSet_clean/marvin/bde0f20a_nohash_0.wav,marvin,bde0f20a,test
DataSet_clean/marvin/bdee441c_nohash_0.wav,marvin,bdee441c,val
DataSet_clean/marvin/be7a5b2d_nohash_0.wav,marvin,be7a5b2d,train
DataSet_clean/marvin/be7fa0a3_nohash_0.wav,marvin,be7fa0a3,train
DataSet_clean/marvin/be7fa0a3_nohash_1.wav,marvin,be7fa0a3,train
DataSet_clean/marvin/be91a00a_nohash_0.wav,marvin,be91a00a,train
DataSet_clean/marvin/be91a00a_nohash_1.wav,marvin,be91a00a,train
DataSet_clean/marvin/beb458a4_nohash_0.wav,marvin,beb458a4,train
DataSet_clean/marvin/beb49c22_nohash_0.wav,marvin,beb49c22,train
DataSet_clean/marvin/beb49c22_nohash_1.wav,marvin,beb49c22,train
DataSet_clean/marvin/beb49c22_nohash_2.wav,marvin,beb49c22,train
DataSet_clean/marvin/becd5a53_nohash_0.wav,marvin,becd5a53,train
DataSet_clean/marvin/bed06fac_nohash_0.wav,marvin,bed06fac,train
DataSet_clean/marvin/bed06fac_nohash_1.wav,marvin,bed06fac,train
DataSet_clean/marvin/bf5d409d_nohash_0.wav,marvin,bf5d409d,train
DataSet_clean/marvin/bf70feda_nohash_0.wav,marvin,bf70feda,train
DataSet_clean/marvin/bf70feda_nohash_1.wav,marvin,bf70feda,train
DataSet_clean/marvin/bf8b8d9e_nohash_0.wav,marvin,bf8b8d9e,test
DataSet_clean/marvin/bf8b8d9e_nohash_1.wav,marvin,bf8b8d9e,test
DataSet_clean/marvin/bf8d5617_nohash_0.wav,marvin,bf8d5617,train
DataSet_clean/marvin/bf8d5617_nohash_1.wav,marvin,bf8d5617,train
DataSet_clean/marvin/bfaf2000_nohash_0.wav,marvin,bfaf2000,train
DataSet_clean/marvin/bfaf2000_nohash_1.wav,marvin,bfaf2000,train
DataSet_clean/marvin/bfbd0e6b_nohash_0.wav,marvin,bfbd0e6b,train
DataSet_clean/marvin/bfbd0e6b_nohash_1.wav,marvin,bfbd0e6b,train
DataSet_clean/marvin/bfbd0e6b_nohash_2.wav,marvin,bfbd0e6b,train
DataSet_clean/marvin/bfd26d6b_nohash_0.wav,marvin,bfd26d6b,train
DataSet_clean/marvin/bfdb9801_nohash_0.wav,marvin,bfdb9801,train
DataSet_clean/marvin/bfdb9801_nohash_1.wav,marvin,bfdb9801,train
DataSet_clean/marvin/c0445658_nohash_0.wav,marvin,c0445658,train
DataSet_clean/marvin/c08585c1_nohash_0.wav,marvin,c08585c1,test
DataSet_clean/marvin/c08e5058_nohash_0.wav,marvin,c08e5058,test
DataSet_clean/marvin/c0c701f1_nohash_0.wav,marvin,c0c701f1,train
DataSet_clean/marvin/c0e0f834_nohash_0.wav,marvin,c0e0f834,val
DataSet_clean/marvin/c0e0f834_nohash_1.wav,marvin,c0e0f834,val
DataSet_clean/marvin/c0e3ff37_nohash_0.wav,marvin,c0e3ff37,train
DataSet_clean/marvin/c0e8f5a1_nohash_0.wav,marvin,c0e8f5a1,test
DataSet_clean/marvin/c0e8f5a1_nohash_1.wav,marvin,c0e8f5a1,test
DataSet_clean/marvin/c103a2d5_nohash_0.wav,marvin,c103a2d5,train
DataSet_clean/marvin/c103a2d5_nohash_1.wav,marvin,c103a2d5,train
DataSet_clean/marvin/c103a2d5_nohash_2.wav,marvin,c103a2d5,train
DataSet_clean/marvin/c120e80e_nohash_0.wav,marvin,c120e80e,val
DataSet_clean/marvin/c137814b_nohash_0.wav,marvin,c137814b,val
DataSet_clean/marvin/c137814b_nohash_1.wav,marvin,c137814b,val
DataSet_clean/marvin/c18d8d00_nohash_0.wav,marvin,c18d8d00,val
DataSet_clean/marvin/c1b7c224_nohash_0.wav,marvin,c1b7c224,train
DataSet_clean/marvin/c1b7c224_nohash_1.wav,marvin,c1b7c224,train
DataSet_clean/marvin/c1cc6e95_nohash_0.wav,marvin,c1cc6e95,train
DataSet_clean/marvin/c1d39ce8_nohash_0.wav,marvin,c1d39ce8,test
DataSet_clean/marvin/c1d39ce8_nohash_1.wav,marvin,c1d39ce8,test
DataSet_clean/marvin/c1e0e8e3_nohash_0.wav,marvin,c1e0e8e3,train
DataSet_clean/marvin/c1eebc0b_nohash_0.wav,marvin,c1eebc0b,train
DataSet_clean/marvin/c205e625_nohash_0.wav,marvin,c205e625,test
DataSet_clean/marvin/c205e625_nohash_1.wav,marvin,c205e625,test
DataSet_clean/marvin/c205e625_nohash_2.wav,marvin,c205e625,test
DataSet_clean/marvin/c22d3f18_nohash_0.wav,marvin,c22d3f18,train
DataSet_clean/marvin/c22ebf46_nohash_0.wav,marvin,c22ebf46,train
DataSet_clean/marvin/c245d3d7_nohash_0.wav,marvin,c245d3d7,test
DataSet_clean/marvin/c245d3d7_nohash_1.wav,marvin,c245d3d7,test
DataSet_clean/marvin/c256377f_nohash_0.wav,marvin,c256377f,val
DataSet_clean/marvin/c256377f_nohash_1.wav,marvin,c256377f,val
DataSet_clean/marvin/c256377f_nohash_2.wav,marvin,c256377f,val
DataSet_clean/marvin/c25a032b_nohash_0.wav,marvin,c25a032b,val
DataSet_clean/marvin/c25a032b_nohash_1.wav,marvin,c25a032b,val
DataSet_clean/marvin/c2aeb59d_nohash_0.wav,marvin,c2aeb59d,train
DataSet_clean/marvin/c2dccf38_nohash_0.wav,marvin,c2dccf38,test
DataSet_clean/marvin/c2df23b2_nohash_0.wav,marvin,c2df23b2,train
DataSet_clean/marvin/c2e08f08_nohash_0.wav,marvin,c2e08f08,train
DataSet_clean/marvin/c33682f0_nohash_0.wav,marvin,c33682f0,train
DataSet_clean/marvin/c351e611_nohash_0.wav,marvin,c351e611,train
DataSet_clean/marvin/c37a72d3_nohash_0.wav,marvin,c37a72d3,val
DataSet_clean/marvin/c39703ec_nohash_0.wav,marvin,c39703ec,train
DataSet_clean/marvin/c41d9052_nohash_0.wav,marvin,c41d9052,train
DataSet_clean/marvin/c44d2a58_nohash_0.wav,marvin,c44d2a58,train
DataSet_clean/marvin/c4500713_nohash_0.wav,marvin,c4500713,train
DataSet_clean/marvin/c4500713_nohash_1.wav,marvin,c4500713,train
DataSet_clean/marvin/c4533c47_nohash_0.wav,marvin,c4533c47,train
DataSet_clean/marvin/c4cfbe43_nohash_0.wav,marvin,c4cfbe43,train
DataSet_clean/marvin/c4cfbe43_nohash_1.wav,marvin,c4cfbe43,train
DataSet_clean/marvin/c4e00ee9_nohash_0.wav,marvin,c4e00ee9,train
DataSet_clean/marvin/c4e1f6e0_nohash_0.wav,marvin,c4e1f6e0,train
DataSet_clean/marvin/c5570933_nohash_0.wav,marvin,c5570933,train
DataSet_clean/marvin/c5570933_nohash_1.wav,marvin,c5570933,train
DataSet_clean/marvin/c578beb0_nohash_0.wav,marvin,c578beb0,train
DataSet_clean/marvin/c5c60d8d_nohash_0.wav,marvin,c5c60d8d,train
DataSet_clean/marvin/c5c60d8d_nohash_1.wav,marvin,c5c60d8d,train
DataSet_clean/marvin/c5e3817f_nohash_0.wav,marvin,c5e3817f,train
DataSet_clean/marvin/c5e3817f_nohash_1.wav,marvin,c5e3817f,train
DataSet_clean/marvin/c601833f_nohash_0.wav,marvin,c601833f,train
DataSet_clean/marvin/c634a189_nohash_0.wav,marvin,c634a189,train
DataSet_clean/marvin/c6389ab0_nohash_0.wav,marvin,c6389ab0,train
DataSet_clean/marvin/c6389ab0_nohash_1.wav,marvin,c6389ab0,train
DataSet_clean/marvin/c68b2763_nohash_0.wav,marvin,c68b2763,train
DataSet_clean/marvin/c68cf200_nohash_0.wav,marvin,c68cf200,train
DataSet_clean/marvin/c68cf200_nohash_1.wav,marvin,c68cf200,train
DataSet_clean/marvin/c692524d_nohash_0.wav,marvin,c692524d,train
DataSet_clean/marvin/c6a23ff5_nohash_0.wav,marvin,c6a23ff5,val
DataSet_clean/marvin/c6ca5d01_nohash_0.wav,marvin,c6ca5d01,train
DataSet_clean/marvin/c6ca5d01_nohash_1.wav,marvin,c6ca5d01,train
DataSet_clean/marvin/c6ee87a7_nohash_0.wav,marvin,c6ee87a7,train
DataSet_clean/marvin/c71e3acc_nohash_0.wav,marvin,c71e3acc,train
DataSet_clean/marvin/c71e3acc_nohash_1.wav,marvin,c71e3acc,train
DataSet_clean/marvin/c79159aa_nohash_0.wav,marvin,c79159aa,train
DataSet_clean/marvin/c7aa72e6_nohash_0.wav,marvin,c7aa72e6,train
DataSet_clean/marvin/c7aa72e6_nohash_1.wav,marvin,c7aa72e6,train
DataSet_clean/marvin/c7e02d9c_nohash_0.wav,marvin,c7e02d9c,train
DataSet_clean/marvin/c842b5e4_nohash_0.wav,marvin,c842b5e4,train
DataSet_clean/marvin/c84f9b5c_nohash_0.wav,marvin,c84f9b5c,train
DataSet_clean/marvin/c86d4fd4_nohash_0.wav,marvin,c86d4fd4,train
DataSet_clean/marvin/c8771f88_nohash_0.wav,marvin,c8771f88,train
DataSet_clean/marvin/c87a578d_nohash_0.wav,marvin,c87a578d,train
DataSet_clean/marvin/c885a039_nohash_0.wav,marvin,c885a039,train
DataSet_clean/marvin/c885a039_nohash_1.wav,marvin,c885a039,train
DataSet_clean/marvin/c885a039_nohash_2.wav,marvin,c885a039,train
DataSet_clean/marvin/c8db14a8_nohash_0.wav,marvin,c8db14a8,train
DataSet_clean/marvin/c8db14a8_nohash_1.wav,marvin,c8db14a8,train
DataSet_clean/marvin/c90c0105_nohash_0.wav,marvin,c90c0105,test
DataSet_clean/marvin/c93d5e22_nohash_0.wav,marvin,c93d5e22,test
DataSet_clean/marvin/c948d727_nohash_0.wav,marvin,c948d727,train
DataSet_clean/marvin/c98bbbd3_nohash_0.wav,marvin,c98bbbd3,train
DataSet_clean/marvin/c9a5100f_nohash_0.wav,marvin,c9a5100f,train
DataSet_clean/marvin/c9b5ff26_nohash_0.wav,marvin,c9b5ff26,train
DataSet_clean/marvin/c9b653a0_nohash_0.wav,marvin,c9b653a0,train
DataSet_clean/marvin/c9e251d2_nohash_0.wav,marvin,c9e251d2,test
DataSet_clean/marvin/ca4912b6_nohash_0.wav,marvin,ca4912b6,train
DataSet_clean/marvin/ca4d5368_nohash_0.wav,marvin,ca4d5368,val
DataSet_clean/marvin/ca6d5cd1_nohash_0.wav,marvin,ca6d5cd1,train
DataSet_clean/marvin/caa4779f_nohash_0.wav,marvin,caa4779f,train
DataSet_clean/marvin/caa4779f_nohash_1.wav,marvin,caa4779f,train
DataSet_clean/marvin/caa7feaf_nohash_0.wav,marvin,caa7feaf,train
DataSet_clean/marvin/cab100c9_nohash_0.wav,marvin,cab100c9,val
DataSet_clean/marvin/cae62f38_nohash_0.wav,marvin,cae62f38,train
DataSet_clean/marvin/cae62f38_nohash_1.wav,marvin,cae62f38,train
DataSet_clean/marvin/cae62f38_nohash_2.wav,marvin,cae62f38,train
DataSet_clean/marvin/caf9fceb_nohash_0.wav,marvin,caf9fceb,train
DataSet_clean/marvin/cb2929ce_nohash_0.wav,marvin,cb2929ce,train
DataSet_clean/marvin/cb62dbf1_nohash_0.wav,marvin,cb62dbf1,test
DataSet_clean/marvin/cb72dfb6_nohash_0.wav,marvin,cb72dfb6,train
DataSet_clean/marvin/cb802c63_nohash_0.wav,marvin,cb802c63,val
DataSet_clean/marvin/cb802c63_nohash_1.wav,marvin,cb802c63,val
DataSet_clean/marvin/cc2f1a85_nohash_0.wav,marvin,cc2f1a85,val
DataSet_clean/marvin/cc2f1a85_nohash_1.wav,marvin,cc2f1a85,val
DataSet_clean/marvin/cc3b5b62_nohash_0.wav,marvin,cc3b5b62,train
DataSet_clean/marvin/cc554de3_nohash_0.wav,marvin,cc554de3,val
DataSet_clean/marvin/cc554de3_nohash_1.wav,marvin,cc554de3,val
DataSet_clean/marvin/cc592808_nohash_0.wav,marvin,cc592808,train
DataSet_clean/marvin/cc592808_nohash_1.wav,marvin,cc592808,train
DataSet_clean/marvin/cc6ee39b_nohash_0.wav,marvin,cc6ee39b,train
DataSet_clean/marvin/cc8b3228_nohash_0.wav,marvin,cc8b3228,train
DataSet_clean/marvin/ccb1266b_nohash_0.wav,marvin,ccb1266b,val
DataSet_clean/marvin/cce17a61_nohash_0.wav,marvin,cce17a61,train
DataSet_clean/marvin/cce17a61_nohash_1.wav,marvin,cce17a61,train
DataSet_clean/marvin/cce7416f_nohash_0.wav,marvin,cce7416f,train
DataSet_clean/marvin/cce7416f_nohash_1.wav,marvin,cce7416f,train
DataSet_clean/marvin/cce7416f_nohash_2.wav,marvin,cce7416f,train
DataSet_clean/marvin/cce7416f_nohash_3.wav,marvin,cce7416f,train
DataSet_clean/marvin/cd3331a6_nohash_0.wav,marvin,cd3331a6,train
DataSet_clean/marvin/cd3331a6_nohash_1.wav,marvin,cd3331a6,train
DataSet_clean/marvin/cd671b5f_nohash_0.wav,marvin,cd671b5f,train
DataSet_clean/marvin/cd7f8c1b_nohash_0.wav,marvin,cd7f8c1b,train
DataSet_clean/marvin/cd85758f_nohash_0.wav,marvin,cd85758f,train
DataSet_clean/marvin/cd911ace_nohash_0.wav,marvin,cd911ace,val
DataSet_clean/marvin/cd997d46_nohash_0.wav,marvin,cd997d46,test
DataSet_clean/marvin/cdbd6969_nohash_0.wav,marvin,cdbd6969,train
DataSet_clean/marvin/cdee383b_nohash_0.wav,marvin,cdee383b,train
DataSet_clean/marvin/ce0cb033_nohash_0.wav,marvin,ce0cb033,train
DataSet_clean/marvin/ce49cb60_nohash_0.wav,marvin,ce49cb60,test
DataSet_clean/marvin/ce7a8e92_nohash_0.wav,marvin,ce7a8e92,train
DataSet_clean/marvin/ceaadb24_nohash_0.wav,marvin,ceaadb24,train
DataSet_clean/marvin/cee22275_nohash_0.wav,marvin,cee22275,train
DataSet_clean/marvin/ceef6d96_nohash_0.wav,marvin,ceef6d96,train
DataSet_clean/marvin/cf87b736_nohash_0.wav,marvin,cf87b736,train
DataSet_clean/marvin/cf8d91cf_nohash_0.wav,marvin,cf8d91cf,test
DataSet_clean/marvin/cfbedff9_nohash_0.wav,marvin,cfbedff9,val
DataSet_clean/marvin/cfde27ba_nohash_0.wav,marvin,cfde27ba,train
DataSet_clean/marvin/d0426d63_nohash_0.wav,marvin,d0426d63,train
DataSet_clean/marvin/d0426d63_nohash_1.wav,marvin,d0426d63,train
DataSet_clean/marvin/d0426d63_nohash_2.wav,marvin,d0426d63,train
DataSet_clean/marvin/d070ea86_nohash_0.wav,marvin,d070ea86,train
DataSet_clean/marvin/d0858dce_nohash_0.wav,marvin,d0858dce,train
DataSet_clean/marvin/d0ce2418_nohash_0.wav,marvin,d0ce2418,train
DataSet_clean/marvin/d0ce2418_nohash_1.wav,marvin,d0ce2418,train
DataSet_clean/marvin/d0ce2418_nohash_2.wav,marvin,d0ce2418,train
DataSet_clean/marvin/d0f7bef5_nohash_0.wav,marvin,d0f7bef5,train
DataSet_clean/marvin/d0f7bef5_nohash_1.wav,marvin,d0f7bef5,train
DataSet_clean/marvin/d0f7bef5_nohash_2.wav,marvin,d0f7bef5,train
DataSet_clean/marvin/d0faf7e4_nohash_0.wav,marvin,d0faf7e4,test
DataSet_clean/marvin/d0fb9ff4_nohash_0.wav,marvin,d0fb9ff4,val
DataSet_clean/marvin/d107dc42_nohash_0.wav,marvin,d107dc42,val
DataSet_clean/marvin/d1453a87_nohash_0.wav,marvin,d1453a87,val
DataSet_clean/marvin/d1a4fb3f_nohash_0.wav,marvin,d1a4fb3f,train
DataSet_clean/marvin/d1a4fb3f_nohash_1.wav,marvin,d1a4fb3f,train
DataSet_clean/marvin/d1a4fb3f_nohash_2.wav,marvin,d1a4fb3f,train
DataSet_clean/marvin/d1a4fb3f_nohash_3.wav,marvin,d1a4fb3f,train
DataSet_clean/marvin/d1bf406b_nohash_0.wav,marvin,d1bf406b,val
DataSet_clean/marvin/d1bf406b_nohash_1.wav,marvin,d1bf406b,val
DataSet_clean/marvin/d1d3e64d_nohash_0.wav,marvin,d1d3e64d,train
DataSet_clean/marvin/d1dd03ed_nohash_0.wav,marvin,d1dd03ed,train
DataSet_clean/marvin/d21fd169_nohash_0.wav,marvin,d21fd169,train
DataSet_clean/marvin/d264f7b6_nohash_0.wav,marvin,d264f7b6,test
DataSet_clean/marvin/d2f4f431_nohash_0.wav,marvin,d2f4f431,val
DataSet_clean/marvin/d312f481_nohash_0.wav,marvin,d312f481,train
DataSet_clean/marvin/d33df435_nohash_0.wav,marvin,d33df435,train
DataSet_clean/marvin/d33df435_nohash_1.wav,marvin,d33df435,train
DataSet_clean/marvin/d37e4bf1_nohash_0.wav,marvin,d37e4bf1,val
DataSet_clean/marvin/d3831f6a_nohash_0.wav,marvin,d3831f6a,val
DataSet_clean/marvin/d394ef8e_nohash_0.wav,marvin,d394ef8e,train
DataSet_clean/marvin/d3badc9a_nohash_0.wav,marvin,d3badc9a,train
DataSet_clean/marvin/d3d8fcd0_nohash_0.wav,marvin,d3d8fcd0,train
DataSet_clean/marvin/d3f22f0e_nohash_0.wav,marvin,d3f22f0e,test
DataSet_clean/marvin/d4082f3e_nohash_0.wav,marvin,d4082f3e,val
DataSet_clean/marvin/d4082f3e_nohash_1.wav,marvin,d4082f3e,val
DataSet_clean/marvin/d430b3cc_nohash_0.wav,marvin,d430b3cc,train
DataSet_clean/marvin/d486fb84_nohash_0.wav,marvin,d486fb84,train
DataSet_clean/marvin/d486fb84_nohash_1.wav,marvin,d486fb84,train
DataSet_clean/marvin/d4d898d7_nohash_0.wav,marvin,d4d898d7,val
DataSet_clean/marvin/d4d898d7_nohash_1.wav,marvin,d4d898d7,val
DataSet_clean/marvin/d4d898d7_nohash_2.wav,marvin,d4d898d7,val
DataSet_clean/marvin/d53e25ba_nohash_0.wav,marvin,d53e25ba,train
DataSet_clean/marvin/d57febf0_nohash_0.wav,marvin,d57febf0,train
DataSet_clean/marvin/d5b963aa_nohash_0.wav,marvin,d5b963aa,train
DataSet_clean/marvin/d5c41d6a_nohash_0.wav,marvin,d5c41d6a,train
DataSet_clean/marvin/d5dd88da_nohash_0.wav,marvin,d5dd88da,train
DataSet_clean/marvin/d71ad617_nohash_0.wav,marvin,d71ad617,train
DataSet_clean/marvin/d750966e_nohash_0.wav,marvin,d750966e,train
DataSet_clean/marvin/d750966e_nohash_1.wav,marvin,d750966e,train
DataSet_clean/marvin/d7529c0c_nohash_0.wav,marvin,d7529c0c,val
DataSet_clean/marvin/d7559b2d_nohash_0.wav,marvin,d7559b2d,test
DataSet_clean/marvin/d7559b2d_nohash_1.wav,marvin,d7559b2d,test
DataSet_clean/marvin/d78858d9_nohash_0.wav,marvin,d78858d9,train
DataSet_clean/marvin/d78858d9_nohash_1.wav,marvin,d78858d9,train
DataSet_clean/marvin/d78858d9_nohash_2.wav,marvin,d78858d9,train
DataSet_clean/marvin/d7a58714_nohash_0.wav,marvin,d7a58714,train
DataSet_clean/marvin/d84829e0_nohash_0.wav,marvin,d84829e0,train
DataSet_clean/marvin/d84829e0_nohash_1.wav,marvin,d84829e0,train
DataSet_clean/marvin/d84829e0_nohash_2.wav,marvin,d84829e0,train
DataSet_clean/marvin/d84829e0_nohash_3.wav,marvin,d84829e0,train
DataSet_clean/marvin/d8521ea0_nohash_0.wav,marvin,d8521ea0,train
DataSet_clean/marvin/d874a786_nohash_0.wav,marvin,d874a786,train
DataSet_clean/marvin/d874a786_nohash_1.wav,marvin,d874a786,train
DataSet_clean/marvin/d8a5ace5_nohash_0.wav,marvin,d8a5ace5,train
DataSet_clean/marvin/d8ee4734_nohash_0.wav,marvin,d8ee4734,train
DataSet_clean/marvin/d8ee4734_nohash_1.wav,marvin,d8ee4734,train
DataSet_clean/marvin/d933bf5e_nohash_0.wav,marvin,d933bf5e,train
DataSet_clean/marvin/d94eb94f_nohash_0.wav,marvin,d94eb94f,train
DataSet_clean/marvin/d952a17e_nohash_0.wav,marvin,d952a17e,train
DataSet_clean/marvin/d952a17e_nohash_1.wav,marvin,d952a17e,train
DataSet_clean/marvin/d952a17e_nohash_2.wav,marvin,d952a17e,train
DataSet_clean/marvin/d98dd124_nohash_0.wav,marvin,d98dd124,train
DataSet_clean/marvin/d98f6043_nohash_0.wav,marvin,d98f6043,train
DataSet_clean/marvin/d9aa8c90_nohash_0.wav,marvin,d9aa8c90,test
DataSet_clean/marvin/d9ae8983_nohash_0.wav,marvin,d9ae8983,val
DataSet_clean/marvin/da040491_nohash_0.wav,marvin,da040491,train
DataSet_clean/marvin/da1d320c_nohash_0.wav,marvin,da1d320c,train
DataSet_clean/marvin/da2c5f1b_nohash_0.wav,marvin,da2c5f1b,train
DataSet_clean/marvin/da4ef063_nohash_0.wav,marvin,da4ef063,train
DataSet_clean/marvin/da584bc0_nohash_0.wav,marvin,da584bc0,train
DataSet_clean/marvin/da5e685e_nohash_0.wav,marvin,da5e685e,val
DataSet_clean/marvin/da7689f1_nohash_0.wav,marvin,da7689f1,train
DataSet_clean/marvin/da8fa823_nohash_0.wav,marvin,da8fa823,train
DataSet_clean/marvin/dabd70c2_nohash_0.wav,marvin,dabd70c2,train
DataSet_clean/marvin/dabf67d9_nohash_0.wav,marvin,dabf67d9,train
DataSet_clean/marvin/dabf67d9_nohash_1.wav,marvin,dabf67d9,train
DataSet_clean/marvin/dabf67d9_nohash_2.wav,marvin,dabf67d9,train
DataSet_clean/marvin/dae01802_nohash_0.wav,marvin,dae01802,test
DataSet_clean/marvin/db24628d_nohash_0.wav,marvin,db24628d,train
DataSet_clean/marvin/db43cd03_nohash_0.wav,marvin,db43cd03,train
DataSet_clean/marvin/db43cd03_nohash_1.wav,marvin,db43cd03,train
DataSet_clean/marvin/db72a474_nohash_0.wav,marvin,db72a474,train
DataSet_clean/marvin/db9cd41d_nohash_0.wav,marvin,db9cd41d,train
DataSet_clean/marvin/db9cd41d_nohash_1.wav,marvin,db9cd41d,train
DataSet_clean/marvin/db9cfc88_nohash_0.wav,marvin,db9cfc88,train
DataSet_clean/marvin/db9d52d2_nohash_0.wav,marvin,db9d52d2,val
DataSet_clean/marvin/dbb40d24_nohash_0.wav,marvin,dbb40d24,train
DataSet_clean/marvin/dbb7723a_nohash_0.wav,marvin,dbb7723a,val
DataSet_clean/marvin/dc2222d7_nohash_0.wav,marvin,dc2222d7,train
DataSet_clean/marvin/dc269564_nohash_0.wav,marvin,dc269564,val
DataSet_clean/marvin/dc6e9c04_nohash_0.wav,marvin,dc6e9c04,train
DataSet_clean/marvin/dc6e9c04_nohash_1.wav,marvin,dc6e9c04,train
DataSet_clean/marvin/dc7ec25b_nohash_0.wav,marvin,dc7ec25b,train
DataSet_clean/marvin/dc7ec25b_nohash_1.wav,marvin,dc7ec25b,train
DataSet_clean/marvin/dc7ec25b_nohash_2.wav,marvin,dc7ec25b,train
DataSet_clean/marvin/dca2797e_nohash_0.wav,marvin,dca2797e,val
DataSet_clean/marvin/dcbfe008_nohash_0.wav,marvin,dcbfe008,test
DataSet_clean/marvin/dcc012ec_nohash_0.wav,marvin,dcc012ec,test
DataSet_clean/marvin/dce05676_nohash_0.wav,marvin,dce05676,train
DataSet_clean/marvin/dce05676_nohash_1.wav,marvin,dce05676,train
DataSet_clean/marvin/dce5041a_nohash_0.wav,marvin,dce5041a,train
DataSet_clean/marvin/dd086776_nohash_0.wav,marvin,dd086776,train
DataSet_clean/marvin/dd086776_nohash_1.wav,marvin,dd086776,train
DataSet_clean/marvin/dd664d92_nohash_0.wav,marvin,dd664d92,val
DataSet_clean/marvin/dd6c6806_nohash_0.wav,marvin,dd6c6806,train
DataSet_clean/marvin/de08912f_nohash_0.wav,marvin,de08912f,val
DataSet_clean/marvin/de08912f_nohash_1.wav,marvin,de08912f,val
DataSet_clean/marvin/de3fe344_nohash_0.wav,marvin,de3fe344,test
DataSet_clean/marvin/de4f7798_nohash_0.wav,marvin,de4f7798,train
DataSet_clean/marvin/de6eb27c_nohash_0.wav,marvin,de6eb27c,train
DataSet_clean/marvin/de89e2ca_nohash_0.wav,marvin,de89e2ca,train
DataSet_clean/marvin/dedc7fab_nohash_0.wav,marvin,dedc7fab,train
DataSet_clean/marvin/dedc7fab_nohash_1.wav,marvin,dedc7fab,train
DataSet_clean/marvin/df280250_nohash_0.wav,marvin,df280250,train
DataSet_clean/marvin/df6bd83f_nohash_0.wav,marvin,df6bd83f,train
DataSet_clean/marvin/df6bd83f_nohash_1.wav,marvin,df6bd83f,train
DataSet_clean/marvin/dfb6450b_nohash_0.wav,marvin,dfb6450b,train
DataSet_clean/marvin/dfb6450b_nohash_1.wav,marvin,dfb6450b,train
DataSet_clean/marvin/dfdabe19_nohash_0.wav,marvin,dfdabe19,test
DataSet_clean/marvin/dff327c5_nohash_0.wav,marvin,dff327c5,train
DataSet_clean/marvin/e0315cf6_nohash_0.wav,marvin,e0315cf6,train
DataSet_clean/marvin/e0322f2c_nohash_0.wav,marvin,e0322f2c,test
DataSet_clean/marvin/e0344f60_nohash_0.wav,marvin,e0344f60,train
DataSet_clean/marvin/e04d7130_nohash_0.wav,marvin,e04d7130,val
DataSet_clean/marvin/e04d7130_nohash_1.wav,marvin,e04d7130,val
DataSet_clean/marvin/e0611c84_nohash_0.wav,marvin,e0611c84,train
DataSet_clean/marvin/e0611c84_nohash_1.wav,marvin,e0611c84,train
DataSet_clean/marvin/e0611c84_nohash_2.wav,marvin,e0611c84,train
DataSet_clean/marvin/e0a7c5a0_nohash_0.wav,marvin,e0a7c5a0,test
DataSet_clean/marvin/e0c782d5_nohash_0.wav,marvin,e0c782d5,val
DataSet_clean/marvin/e102119e_nohash_0.wav,marvin,e102119e,train
DataSet_clean/marvin/e102119e_nohash_1.wav,marvin,e102119e,train
DataSet_clean/marvin/e11fbc6e_nohash_0.wav,marvin,e11fbc6e,train
DataSet_clean/marvin/e1469561_nohash_0.wav,marvin,e1469561,val
DataSet_clean/marvin/e14d3db8_nohash_0.wav,marvin,e14d3db8,test
DataSet_clean/marvin/e1936ce8_nohash_0.wav,marvin,e1936ce8,test
DataSet_clean/marvin/e1aa22e4_nohash_0.wav,marvin,e1aa22e4,val
DataSet_clean/marvin/e1aa22e4_nohash_1.wav,marvin,e1aa22e4,val
DataSet_clean/marvin/e1aa22e4_nohash_2.wav,marvin,e1aa22e4,val
DataSet_clean/marvin/e20be42a_nohash_0.wav,marvin,e20be42a,train
DataSet_clean/marvin/e20be42a_nohash_1.wav,marvin,e20be42a,train
DataSet_clean/marvin/e2362167_nohash_0.wav,marvin,e2362167,val
DataSet_clean/marvin/e269bac0_nohash_0.wav,marvin,e269bac0,test
DataSet_clean/marvin/e269bac0_nohash_1.wav,marvin,e269bac0,test
DataSet_clean/marvin/e3411931_nohash_0.wav,marvin,e3411931,val
DataSet_clean/marvin/e3411931_nohash_1.wav,marvin,e3411931,val
DataSet_clean/marvin/e39a8ddc_nohash_0.wav,marvin,e39a8ddc,test
DataSet_clean/marvin/e3b64217_nohash_0.wav,marvin,e3b64217,test
DataSet_clean/marvin/e3e49931_nohash_0.wav,marvin,e3e49931,val
DataSet_clean/marvin/e41a903b_nohash_0.wav,marvin,e41a903b,val
DataSet_clean/marvin/e4200516_nohash_0.wav,marvin,e4200516,val
DataSet_clean/marvin/e48a80ed_nohash_0.wav,marvin,e48a80ed,train
DataSet_clean/marvin/e48a80ed_nohash_1.wav,marvin,e48a80ed,train
DataSet_clean/marvin/e49428d9_nohash_0.wav,marvin,e49428d9,train
DataSet_clean/marvin/e4a2cf79_nohash_0.wav,marvin,e4a2cf79,val
DataSet_clean/marvin/e4a2cf79_nohash_1.wav,marvin,e4a2cf79,val
DataSet_clean/marvin/e4a2cf79_nohash_2.wav,marvin,e4a2cf79,val
DataSet_clean/marvin/e4be0cf6_nohash_0.wav,marvin,e4be0cf6,train
DataSet_clean/marvin/e54a0f16_nohash_0.wav,marvin,e54a0f16,test
DataSet_clean/marvin/e55a2b20_nohash_0.wav,marvin,e55a2b20,train
DataSet_clean/marvin/e57abea3_nohash_0.wav,marvin,e57abea3,train
DataSet_clean/marvin/e57abea3_nohash_1.wav,marvin,e57abea3,train
DataSet_clean/marvin/e57d35bc_nohash_0.wav,marvin,e57d35bc,test
DataSet_clean/marvin/e5afa9b0_nohash_0.wav,marvin,e5afa9b0,train
DataSet_clean/marvin/e5afa9b0_nohash_1.wav,marvin,e5afa9b0,train
DataSet_clean/marvin/e5c48e53_nohash_0.wav,marvin,e5c48e53,test
DataSet_clean/marvin/e5d2e09d_nohash_0.wav,marvin,e5d2e09d,train
DataSet_clean/marvin/e5dadd24_nohash_0.wav,marvin,e5dadd24,val
DataSet_clean/marvin/e5dadd24_nohash_1.wav,marvin,e5dadd24,val
DataSet_clean/marvin/e5e54cee_nohash_0.wav,marvin,e5e54cee,test
DataSet_clean/marvin/e62056e2_nohash_0.wav,marvin,e62056e2,train
DataSet_clean/marvin/e62056e2_nohash_1.wav,marvin,e62056e2,train
DataSet_clean/marvin/e6327279_nohash_0.wav,marvin,e6327279,train
DataSet_clean/marvin/e6515415_nohash_0.wav,marvin,e6515415,train
DataSet_clean/marvin/e6515415_nohash_1.wav,marvin,e6515415,train
DataSet_clean/marvin/e6e29c47_nohash_0.wav,marvin,e6e29c47,train
DataSet_clean/marvin/e6e29c47_nohash_1.wav,marvin,e6e29c47,train
DataSet_clean/marvin/e71b4ce6_nohash_0.wav,marvin,e71b4ce6,train
DataSet_clean/marvin/e72aa705_nohash_0.wav,marvin,e72aa705,val
DataSet_clean/marvin/e7334395_nohash_0.wav,marvin,e7334395,train
DataSet_clean/marvin/e7334395_nohash_1.wav,marvin,e7334395,train
DataSet_clean/marvin/e76dd1ce_nohash_0.wav,marvin,e76dd1ce,test
DataSet_clean/marvin/e77d88fc_nohash_0.wav,marvin,e77d88fc,train
DataSet_clean/marvin/e7d0eb3f_nohash_0.wav,marvin,e7d0eb3f,val
DataSet_clean/marvin/e7ea8b76_nohash_0.wav,marvin,e7ea8b76,train
DataSet_clean/marvin/e7ebf59c_nohash_0.wav,marvin,e7ebf59c,test
DataSet_clean/marvin/e7ebf59c_nohash_1.wav,marvin,e7ebf59c,test
DataSet_clean/marvin/e82914c0_nohash_0.wav,marvin,e82914c0,test
DataSet_clean/marvin/e855b8f1_nohash_0.wav,marvin,e855b8f1,train
DataSet_clean/marvin/e882abb2_nohash_0.wav,marvin,e882abb2,train
DataSet_clean/marvin/e8b6f6fe_nohash_0.wav,marvin,e8b6f6fe,test
DataSet_clean/marvin/e8b6f6fe_nohash_1.wav,marvin,e8b6f6fe,test
DataSet_clean/marvin/e8c3c5ca_nohash_0.wav,marvin,e8c3c5ca,train
DataSet_clean/marvin/e900b652_nohash_0.wav,marvin,e900b652,test
DataSet_clean/marvin/e91d173e_nohash_0.wav,marvin,e91d173e,val
DataSet_clean/marvin/e9323bd9_nohash_0.wav,marvin,e9323bd9,test
DataSet_clean/marvin/e95c70e2_nohash_0.wav,marvin,e95c70e2,val
DataSet_clean/marvin/e98cb283_nohash_0.wav,marvin,e98cb283,train
DataSet_clean/marvin/e99d36c8_nohash_0.wav,marvin,e99d36c8,train
DataSet_clean/marvin/e9a76b2f_nohash_0.wav,marvin,e9a76b2f,train
DataSet_clean/marvin/e9abfe31_nohash_0.wav,marvin,e9abfe31,train
DataSet_clean/marvin/e9b61425_nohash_0.wav,marvin,e9b61425,test
DataSet_clean/marvin/e9bc5cc2_nohash_0.wav,marvin,e9bc5cc2,val
DataSet_clean/marvin/ea1f888c_nohash_0.wav,marvin,ea1f888c,train
DataSet_clean/marvin/ea7ca285_nohash_0.wav,marvin,ea7ca285,train
DataSet_clean/marvin/ea7ca285_nohash_1.wav,marvin,ea7ca285,train
DataSet_clean/marvin/ea7ca285_nohash_2.wav,marvin,ea7ca285,train
DataSet_clean/marvin/ea9f8e11_nohash_0.wav,marvin,ea9f8e11,train
DataSet_clean/marvin/eaa83485_nohash_0.wav,marvin,eaa83485,train
DataSet_clean/marvin/eb0676ec_nohash_0.wav,marvin,eb0676ec,train
DataSet_clean/marvin/eb3d8eb1_nohash_0.wav,marvin,eb3d8eb1,test
DataSet_clean/marvin/eb3f7d82_nohash_0.wav,marvin,eb3f7d82,train
DataSet_clean/marvin/eb609143_nohash_0.wav,marvin,eb609143,val
DataSet_clean/marvin/eb6dab4a_nohash_0.wav,marvin,eb6dab4a,train
DataSet_clean/marvin/eb6dab4a_nohash_1.wav,marvin,eb6dab4a,train
DataSet_clean/marvin/ec201020_nohash_0.wav,marvin,ec201020,train
DataSet_clean/marvin/ec32860c_nohash_0.wav,marvin,ec32860c,train
DataSet_clean/marvin/ec7d1151_nohash_0.wav,marvin,ec7d1151,train
DataSet_clean/marvin/ec989d6d_nohash_0.wav,marvin,ec989d6d,train
DataSet_clean/marvin/ecbd8d66_nohash_0.wav,marvin,ecbd8d66,train
DataSet_clean/marvin/ecbd8d66_nohash_1.wav,marvin,ecbd8d66,train
DataSet_clean/marvin/ece1a95a_nohash_0.wav,marvin,ece1a95a,train
DataSet_clean/marvin/ecef25ba_nohash_0.wav,marvin,ecef25ba,train
DataSet_clean/marvin/ed032775_nohash_0.wav,marvin,ed032775,train
DataSet_clean/marvin/ed07d5b7_nohash_0.wav,marvin,ed07d5b7,test
DataSet_clean/marvin/ed07d5b7_nohash_1.wav,marvin,ed07d5b7,test
DataSet_clean/marvin/ed3c2d05_nohash_0.wav,marvin,ed3c2d05,train
DataSet_clean/marvin/ed3c2d05_nohash_1.wav,marvin,ed3c2d05,train
DataSet_clean/marvin/ed3c2d05_nohash_2.wav,marvin,ed3c2d05,train
DataSet_clean/marvin/ed3c2d05_nohash_3.wav,marvin,ed3c2d05,train
DataSet_clean/marvin/edc53350_nohash_0.wav,marvin,edc53350,test
DataSet_clean/marvin/edd8bfe3_nohash_0.wav,marvin,edd8bfe3,train
DataSet_clean/marvin/edd8bfe3_nohash_1.wav,marvin,edd8bfe3,train
DataSet_clean/marvin/ede2f4ee_nohash_0.wav,marvin,ede2f4ee,train
DataSet_clean/marvin/ede2f4ee_nohash_1.wav,marvin,ede2f4ee,train
DataSet_clean/marvin/ee1d8d49_nohash_0.wav,marvin,ee1d8d49,train
DataSet_clean/marvin/ee23b031_nohash_0.wav,marvin,ee23b031,train
DataSet_clean/marvin/ee28caac_nohash_0.wav,marvin,ee28caac,train
DataSet_clean/marvin/ee6163d5_nohash_0.wav,marvin,ee6163d5,train
DataSet_clean/marvin/eeaf97c3_nohash_0.wav,marvin,eeaf97c3,train
DataSet_clean/marvin/eee5e541_nohash_0.wav,marvin,eee5e541,test
DataSet_clean/marvin/ef2578c0_nohash_0.wav,marvin,ef2578c0,train
DataSet_clean/marvin/ef2a3cfb_nohash_0.wav,marvin,ef2a3cfb,train
DataSet_clean/marvin/ef2a3cfb_nohash_1.wav,marvin,ef2a3cfb,train
DataSet_clean/marvin/ef3367d9_nohash_0.wav,marvin,ef3367d9,train
DataSet_clean/marvin/ef3367d9_nohash_1.wav,marvin,ef3367d9,train
DataSet_clean/marvin/ef77b778_nohash_0.wav,marvin,ef77b778,val
DataSet_clean/marvin/efa16ffd_nohash_0.wav,marvin,efa16ffd,train
DataSet_clean/marvin/efab2cbd_nohash_0.wav,marvin,efab2cbd,test
DataSet_clean/marvin/efc5e569_nohash_0.wav,marvin,efc5e569,val
DataSet_clean/marvin/f01a0d63_nohash_0.wav,marvin,f01a0d63,test
DataSet_clean/marvin/f035e2ea_nohash_0.wav,marvin,f035e2ea,train
DataSet_clean/marvin/f0522ff4_nohash_0.wav,marvin,f0522ff4,val
DataSet_clean/marvin/f0659908_nohash_0.wav,marvin,f0659908,train
DataSet_clean/marvin/f0ac2522_nohash_0.wav,marvin,f0ac2522,train
DataSet_clean/marvin/f0ae7203_nohash_0.wav,marvin,f0ae7203,train
DataSet_clean/marvin/f0ebef1b_nohash_0.wav,marvin,f0ebef1b,test
DataSet_clean/marvin/f17d21b5_nohash_0.wav,marvin,f17d21b5,train
DataSet_clean/marvin/f19279c4_nohash_0.wav,marvin,f19279c4,train
DataSet_clean/marvin/f192e6b4_nohash_0.wav,marvin,f192e6b4,train
DataSet_clean/marvin/f19c1390_nohash_0.wav,marvin,f19c1390,val
DataSet_clean/marvin/f1b35ace_nohash_0.wav,marvin,f1b35ace,train
DataSet_clean/marvin/f1b35ace_nohash_1.wav,marvin,f1b35ace,train
DataSet_clean/marvin/f1d36c53_nohash_0.wav,marvin,f1d36c53,train
DataSet_clean/marvin/f1d36c53_nohash_1.wav,marvin,f1d36c53,train
DataSet_clean/marvin/f1d36c53_nohash_2.wav,marvin,f1d36c53,train
DataSet_clean/marvin/f216055e_nohash_0.wav,marvin,f216055e,train
DataSet_clean/marvin/f216055e_nohash_1.wav,marvin,f216055e,train
DataSet_clean/marvin/f21893dc_nohash_0.wav,marvin,f21893dc,train
DataSet_clean/marvin/f21893dc_nohash_1.wav,marvin,f21893dc,train
DataSet_clean/marvin/f2898d06_nohash_0.wav,marvin,f2898d06,train
DataSet_clean/marvin/f292725f_nohash_0.wav,marvin,f292725f,test
DataSet_clean/marvin/f297e878_nohash_0.wav,marvin,f297e878,train
DataSet_clean/marvin/f297e878_nohash_1.wav,marvin,f297e878,train
DataSet_clean/marvin/f297e878_nohash_2.wav,marvin,f297e878,train
DataSet_clean/marvin/f2a90886_nohash_0.wav,marvin,f2a90886,train
DataSet_clean/marvin/f2dd248e_nohash_0.wav,marvin,f2dd248e,test
DataSet_clean/marvin/f2dd248e_nohash_1.wav,marvin,f2dd248e,test
DataSet_clean/marvin/f2e59fea_nohash_0.wav,marvin,f2e59fea,train
DataSet_clean/marvin/f2e9b610_nohash_0.wav,marvin,f2e9b610,train
DataSet_clean/marvin/f2f0d244_nohash_0.wav,marvin,f2f0d244,val
DataSet_clean/marvin/f30285c8_nohash_0.wav,marvin,f30285c8,train
DataSet_clean/marvin/f3210686_nohash_0.wav,marvin,f3210686,train
DataSet_clean/marvin/f33660af_nohash_0.wav,marvin,f33660af,val
DataSet_clean/marvin/f3957e23_nohash_0.wav,marvin,f3957e23,train
DataSet_clean/marvin/f3d06008_nohash_0.wav,marvin,f3d06008,test
DataSet_clean/marvin/f428ca69_nohash_0.wav,marvin,f428ca69,train
DataSet_clean/marvin/f42e234b_nohash_0.wav,marvin,f42e234b,train
DataSet_clean/marvin/f44f440f_nohash_0.wav,marvin,f44f440f,val
DataSet_clean/marvin/f4504600_nohash_0.wav,marvin,f4504600,train
DataSet_clean/marvin/f45fcf9a_nohash_0.wav,marvin,f45fcf9a,train
DataSet_clean/marvin/f47d644e_nohash_0.wav,marvin,f47d644e,train
DataSet_clean/marvin/f4c77b26_nohash_0.wav,marvin,f4c77b26,val
DataSet_clean/marvin/f4c77b26_nohash_1.wav,marvin,f4c77b26,val
DataSet_clean/marvin/f4cae173_nohash_0.wav,marvin,f4cae173,test
DataSet_clean/marvin/f4cae173_nohash_1.wav,marvin,f4cae173,test
DataSet_clean/marvin/f4cae173_nohash_2.wav,marvin,f4cae173,test
DataSet_clean/marvin/f4f59743_nohash_0.wav,marvin,f4f59743,val
DataSet_clean/marvin/f5341341_nohash_0.wav,marvin,f5341341,val
DataSet_clean/marvin/f5496439_nohash_0.wav,marvin,f5496439,val
DataSet_clean/marvin/f5496439_nohash_1.wav,marvin,f5496439,val
DataSet_clean/marvin/f5626af6_nohash_0.wav,marvin,f5626af6,train
DataSet_clean/marvin/f568162b_nohash_0.wav,marvin,f568162b,val
DataSet_clean/marvin/f5733968_nohash_0.wav,marvin,f5733968,train
DataSet_clean/marvin/f5c3de1b_nohash_0.wav,marvin,f5c3de1b,train
DataSet_clean/marvin/f5d09ebd_nohash_0.wav,marvin,f5d09ebd,train
DataSet_clean/marvin/f5e5e8b0_nohash_0.wav,marvin,f5e5e8b0,train
DataSet_clean/marvin/f618568f_nohash_0.wav,marvin,f618568f,val
DataSet_clean/marvin/f618568f_nohash_1.wav,marvin,f618568f,val
DataSet_clean/marvin/f618568f_nohash_2.wav,marvin,f618568f,val
DataSet_clean/marvin/f632210f_nohash_0.wav,marvin,f632210f,train
DataSet_clean/marvin/f638a812_nohash_0.wav,marvin,f638a812,train
DataSet_clean/marvin/f6581345_nohash_0.wav,marvin,f6581345,test
DataSet_clean/marvin/f6617a86_nohash_0.wav,marvin,f6617a86,train
DataSet_clean/marvin/f6617a86_nohash_1.wav,marvin,f6617a86,train
DataSet_clean/marvin/f68160c0_nohash_0.wav,marvin,f68160c0,train
DataSet_clean/marvin/f6a380e7_nohash_0.wav,marvin,f6a380e7,val
DataSet_clean/marvin/f736ab63_nohash_0.wav,marvin,f736ab63,train
DataSet_clean/marvin/f7879738_nohash_0.wav,marvin,f7879738,train
DataSet_clean/marvin/f798ac78_nohash_0.wav,marvin,f798ac78,train
DataSet_clean/marvin/f7b43563_nohash_0.wav,marvin,f7b43563,val
DataSet_clean/marvin/f810e799_nohash_0.wav,marvin,f810e799,train
DataSet_clean/marvin/f816db77_nohash_0.wav,marvin,f816db77,train
DataSet_clean/marvin/f822b9bf_nohash_0.wav,marvin,f822b9bf,train
DataSet_clean/marvin/f84762e5_nohash_0.wav,marvin,f84762e5,test
DataSet_clean/marvin/f864cd4a_nohash_0.wav,marvin,f864cd4a,train
DataSet_clean/marvin/f875f965_nohash_0.wav,marvin,f875f965,train
DataSet_clean/marvin/f875f965_nohash_1.wav,marvin,f875f965,train
DataSet_clean/marvin/f88f97a7_nohash_0.wav,marvin,f88f97a7,val
DataSet_clean/marvin/f88f97a7_nohash_1.wav,marvin,f88f97a7,val
DataSet_clean/marvin/f8ad3941_nohash_0.wav,marvin,f8ad3941,val
DataSet_clean/marvin/f8ba7c0e_nohash_0.wav,marvin,f8ba7c0e,train
DataSet_clean/marvin/f9273a21_nohash_0.wav,marvin,f9273a21,test
DataSet_clean/marvin/f9318c93_nohash_0.wav,marvin,f9318c93,train
DataSet_clean/marvin/f953e1af_nohash_0.wav,marvin,f953e1af,train
DataSet_clean/marvin/f9643d42_nohash_0.wav,marvin,f9643d42,train
DataSet_clean/marvin/f9af0887_nohash_0.wav,marvin,f9af0887,val
DataSet_clean/marvin/f9af823e_nohash_0.wav,marvin,f9af823e,train
DataSet_clean/marvin/f9af823e_nohash_1.wav,marvin,f9af823e,train
DataSet_clean/marvin/f9af823e_nohash_2.wav,marvin,f9af823e,train
DataSet_clean/marvin/f9f9751d_nohash_0.wav,marvin,f9f9751d,train
DataSet_clean/marvin/fa44fcf5_nohash_0.wav,marvin,fa44fcf5,val
DataSet_clean/marvin/fa44fcf5_nohash_1.wav,marvin,fa44fcf5,val
DataSet_clean/marvin/fa52ddf6_nohash_0.wav,marvin,fa52ddf6,train
DataSet_clean/marvin/fa57ab3b_nohash_0.wav,marvin,fa57ab3b,val
DataSet_clean/marvin/fa7895de_nohash_0.wav,marvin,fa7895de,train
DataSet_clean/marvin/fa7895de_nohash_1.wav,marvin,fa7895de,train
DataSet_clean/marvin/fac7deca_nohash_0.wav,marvin,fac7deca,test
DataSet_clean/marvin/facd97c0_nohash_0.wav,marvin,facd97c0,train
DataSet_clean/marvin/fad7a69a_nohash_0.wav,marvin,fad7a69a,train
DataSet_clean/marvin/fad7a69a_nohash_1.wav,marvin,fad7a69a,train
DataSet_clean/marvin/fafe8101_nohash_0.wav,marvin,fafe8101,val
DataSet_clean/marvin/fb24c826_nohash_0.wav,marvin,fb24c826,val
DataSet_clean/marvin/fb2f3242_nohash_0.wav,marvin,fb2f3242,train
DataSet_clean/marvin/fb2f3242_nohash_1.wav,marvin,fb2f3242,train
DataSet_clean/marvin/fb2f3242_nohash_2.wav,marvin,fb2f3242,train
DataSet_clean/marvin/fb495c43_nohash_0.wav,marvin,fb495c43,train
DataSet_clean/marvin/fb495c43_nohash_1.wav,marvin,fb495c43,train
DataSet_clean/marvin/fb727898_nohash_0.wav,marvin,fb727898,train
DataSet_clean/marvin/fb7eb481_nohash_0.wav,marvin,fb7eb481,train
DataSet_clean/marvin/fb8c31a9_nohash_0.wav,marvin,fb8c31a9,test
DataSet_clean/marvin/fb9d6d23_nohash_0.wav,marvin,fb9d6d23,train
DataSet_clean/marvin/fbb2f6cc_nohash_0.wav,marvin,fbb2f6cc,train
DataSet_clean/marvin/fbb56351_nohash_0.wav,marvin,fbb56351,val
DataSet_clean/marvin/fbdc07bb_nohash_0.wav,marvin,fbdc07bb,test
DataSet_clean/marvin/fbdc07bb_nohash_1.wav,marvin,fbdc07bb,test
DataSet_clean/marvin/fbe51750_nohash_0.wav,marvin,fbe51750,train
DataSet_clean/marvin/fc2411fe_nohash_0.wav,marvin,fc2411fe,test
DataSet_clean/marvin/fc2411fe_nohash_1.wav,marvin,fc2411fe,test
DataSet_clean/marvin/fc28c8d8_nohash_0.wav,marvin,fc28c8d8,test
DataSet_clean/marvin/fc28c8d8_nohash_1.wav,marvin,fc28c8d8,test
DataSet_clean/marvin/fc28c8d8_nohash_2.wav,marvin,fc28c8d8,test
DataSet_clean/marvin/fc28c8d8_nohash_3.wav,marvin,fc28c8d8,test
DataSet_clean/marvin/fc3ba625_nohash_0.wav,marvin,fc3ba625,train
DataSet_clean/marvin/fc94edb0_nohash_0.wav,marvin,fc94edb0,train
DataSet_clean/marvin/fcb25a78_nohash_0.wav,marvin,fcb25a78,train
DataSet_clean/marvin/fce96bac_nohash_0.wav,marvin,fce96bac,test
DataSet_clean/marvin/fda46b78_nohash_0.wav,marvin,fda46b78,train
DataSet_clean/marvin/fde2dee7_nohash_0.wav,marvin,fde2dee7,train
DataSet_clean/marvin/fde2dee7_nohash_1.wav,marvin,fde2dee7,train
DataSet_clean/marvin/fe11e258_nohash_0.wav,marvin,fe11e258,train
DataSet_clean/marvin/fe5c4a7a_nohash_0.wav,marvin,fe5c4a7a,train
DataSet_clean/marvin/ff21fb59_nohash_0.wav,marvin,ff21fb59,train
DataSet_clean/marvin/ff21fb59_nohash_1.wav,marvin,ff21fb59,train
DataSet_clean/marvin/ff21fb59_nohash_2.wav,marvin,ff21fb59,train
DataSet_clean/marvin/ff21fb59_nohash_3.wav,marvin,ff21fb59,train
DataSet_clean/marvin/ff2b842e_nohash_0.wav,marvin,ff2b842e,val
DataSet_clean/marvin/ff4ed4f3_nohash_0.wav,marvin,ff4ed4f3,test
DataSet_clean/marvin/ff63ab0b_nohash_0.wav,marvin,ff63ab0b,test
DataSet_clean/marvin/ff63ab0b_nohash_1.wav,marvin,ff63ab0b,test
DataSet_clean/marvin/ffa76c4a_nohash_0.wav,marvin,ffa76c4a,train
DataSet_clean/marvin/ffd2ba2f_nohash_0.wav,marvin,ffd2ba2f,train
DataSet_clean/marvin/fffcabd1_nohash_0.wav,marvin,fffcabd1,train
DataSet_clean/marvin/fffcabd1_nohash_1.wav,marvin,fffcabd1,train
DataSet_clean/yes/004ae714_nohash_0.wav,yes,004ae714,train
DataSet_clean/yes/004ae714_nohash_1.wav,yes,004ae714,train
DataSet_clean/yes/00970ce1_nohash_0.wav,yes,00970ce1,train
DataSet_clean/yes/00f0204f_nohash_0.wav,yes,00f0204f,train
DataSet_clean/yes/00f0204f_nohash_1.wav,yes,00f0204f,train
DataSet_clean/yes/00f0204f_nohash_2.wav,yes,00f0204f,train
DataSet_clean/yes/012c8314_nohash_0.wav,yes,012c8314,train
DataSet_clean/yes/0132a06d_nohash_0.wav,yes,0132a06d,test
DataSet_clean/yes/0132a06d_nohash_1.wav,yes,0132a06d,test
DataSet_clean/yes/0132a06d_nohash_2.wav,yes,0132a06d,test
DataSet_clean/yes/0132a06d_nohash_3.wav,yes,0132a06d,test
DataSet_clean/yes/0132a06d_nohash_4.wav,yes,0132a06d,test
DataSet_clean/yes/0135f3f2_nohash_0.wav,yes,0135f3f2,train
DataSet_clean/yes/0135f3f2_nohash_1.wav,yes,0135f3f2,train
DataSet_clean/yes/0137b3f4_nohash_0.wav,yes,0137b3f4,train
DataSet_clean/yes/0137b3f4_nohash_1.wav,yes,0137b3f4,train
DataSet_clean/yes/0137b3f4_nohash_2.wav,yes,0137b3f4,train
DataSet_clean/yes/0137b3f4_nohash_3.wav,yes,0137b3f4,train
DataSet_clean/yes/0137b3f4_nohash_4.wav,yes,0137b3f4,train
DataSet_clean/yes/01648c51_nohash_0.wav,yes,01648c51,train
DataSet_clean/yes/01648c51_nohash_1.wav,yes,01648c51,train
DataSet_clean/yes/016e2c6d_nohash_0.wav,yes,016e2c6d,train
DataSet_clean/yes/017c4098_nohash_0.wav,yes,017c4098,val
DataSet_clean/yes/017c4098_nohash_1.wav,yes,017c4098,val
DataSet_clean/yes/017c4098_nohash_2.wav,yes,017c4098,val
DataSet_clean/yes/017c4098_nohash_3.wav,yes,017c4098,val
DataSet_clean/yes/019fa366_nohash_0.wav,yes,019fa366,test
DataSet_clean/yes/019fa366_nohash_1.wav,yes,019fa366,test
DataSet_clean/yes/01bb6a2a_nohash_0.wav,yes,01bb6a2a,train
DataSet_clean/yes/01bb6a2a_nohash_1.wav,yes,01bb6a2a,train
DataSet_clean/yes/01bb6a2a_nohash_2.wav,yes,01bb6a2a,train
DataSet_clean/yes/01bb6a2a_nohash_3.wav,yes,01bb6a2a,train
DataSet_clean/yes/01bcfc0c_nohash_0.wav,yes,01bcfc0c,train
DataSet_clean/yes/01d22d03_nohash_0.wav,yes,01d22d03,train
DataSet_clean/yes/01d22d03_nohash_1.wav,yes,01d22d03,train
DataSet_clean/yes/01d22d03_nohash_2.wav,yes,01d22d03,train
DataSet_clean/yes/022cd682_nohash_0.wav,yes,022cd682,train
DataSet_clean/yes/023808be_nohash_0.wav,yes,023808be,train
DataSet_clean/yes/023a61ad_nohash_0.wav,yes,023a61ad,val
DataSet_clean/yes/023a61ad_nohash_1.wav,yes,023a61ad,val
DataSet_clean/yes/023a61ad_nohash_2.wav,yes,023a61ad,val
DataSet_clean/yes/026290a7_nohash_0.wav,yes,026290a7,train
DataSet_clean/yes/02ade946_nohash_0.wav,yes,02ade946,val
DataSet_clean/yes/02ade946_nohash_1.wav,yes,02ade946,val
DataSet_clean/yes/02ade946_nohash_2.wav,yes,02ade946,val
DataSet_clean/yes/02ade946_nohash_3.wav,yes,02ade946,val
DataSet_clean/yes/02ade946_nohash_4.wav,yes,02ade946,val
DataSet_clean/yes/02fcd241_nohash_0.wav,yes,02fcd241,train
DataSet_clean/yes/03401e93_nohash_0.wav,yes,03401e93,train
DataSet_clean/yes/03431e13_nohash_0.wav,yes,03431e13,train
DataSet_clean/yes/035de8fe_nohash_0.wav,yes,035de8fe,val
DataSet_clean/yes/0362539c_nohash_0.wav,yes,0362539c,test
DataSet_clean/yes/0397ecda_nohash_0.wav,yes,0397ecda,val
DataSet_clean/yes/03c96658_nohash_0.wav,yes,03c96658,train
DataSet_clean/yes/03cf93b1_nohash_0.wav,yes,03cf93b1,train
DataSet_clean/yes/03cf93b1_nohash_1.wav,yes,03cf93b1,train
DataSet_clean/yes/042186b8_nohash_0.wav,yes,042186b8,train
DataSet_clean/yes/042186b8_nohash_1.wav,yes,042186b8,train
DataSet_clean/yes/042186b8_nohash_2.wav,yes,042186b8,train
DataSet_clean/yes/042186b8_nohash_3.wav,yes,042186b8,train
DataSet_clean/yes/042a8dde_nohash_0.wav,yes,042a8dde,val
DataSet_clean/yes/042a8dde_nohash_1.wav,yes,042a8dde,val
DataSet_clean/yes/042a8dde_nohash_2.wav,yes,042a8dde,val
DataSet_clean/yes/042a8dde_nohash_3.wav,yes,042a8dde,val
DataSet_clean/yes/042ea76c_nohash_0.wav,yes,042ea76c,val
DataSet_clean/yes/042ea76c_nohash_1.wav,yes,042ea76c,val
DataSet_clean/yes/0474c92a_nohash_0.wav,yes,0474c92a,train
DataSet_clean/yes/050170cb_nohash_0.wav,yes,050170cb,train
DataSet_clean/yes/050170cb_nohash_1.wav,yes,050170cb,train
DataSet_clean/yes/050170cb_nohash_2.wav,yes,050170cb,train
DataSet_clean/yes/050170cb_nohash_3.wav,yes,050170cb,train
DataSet_clean/yes/05739450_nohash_0.wav,yes,05739450,test
DataSet_clean/yes/0585b66d_nohash_0.wav,yes,0585b66d,train
DataSet_clean/yes/0585b66d_nohash_1.wav,yes,0585b66d,train
DataSet_clean/yes/0585b66d_nohash_2.wav,yes,0585b66d,train
DataSet_clean/yes/0585b66d_nohash_3.wav,yes,0585b66d,train
DataSet_clean/yes/0585b66d_nohash_4.wav,yes,0585b66d,train
DataSet_clean/yes/05b2db80_nohash_0.wav,yes,05b2db80,train
DataSet_clean/yes/05b2db80_nohash_1.wav,yes,05b2db80,train
DataSet_clean/yes/05b2db80_nohash_2.wav,yes,05b2db80,train
DataSet_clean/yes/05cf43ef_nohash_0.wav,yes,05cf43ef,train
DataSet_clean/yes/060cd039_nohash_0.wav,yes,060cd039,val
DataSet_clean/yes/060cd039_nohash_1.wav,yes,060cd039,val
DataSet_clean/yes/063d48cf_nohash_0.wav,yes,063d48cf,train
DataSet_clean/yes/067f61e2_nohash_0.wav,yes,067f61e2,train
DataSet_clean/yes/067f61e2_nohash_1.wav,yes,067f61e2,train
DataSet_clean/yes/067f61e2_nohash_2.wav,yes,067f61e2,train
DataSet_clean/yes/067f61e2_nohash_3.wav,yes,067f61e2,train
DataSet_clean/yes/0685264e_nohash_0.wav,yes,0685264e,train
DataSet_clean/yes/0685264e_nohash_1.wav,yes,0685264e,train
DataSet_clean/yes/069ab0d5_nohash_0.wav,yes,069ab0d5,train
DataSet_clean/yes/069ab0d5_nohash_1.wav,yes,069ab0d5,train
DataSet_clean/yes/06a79a03_nohash_0.wav,yes,06a79a03,train
DataSet_clean/yes/06a79a03_nohash_1.wav,yes,06a79a03,train
DataSet_clean/yes/06a79a03_nohash_2.wav,yes,06a79a03,train
DataSet_clean/yes/06f6c194_nohash_0.wav,yes,06f6c194,train
DataSet_clean/yes/06f6c194_nohash_1.wav,yes,06f6c194,train
DataSet_clean/yes/06f6c194_nohash_2.wav,yes,06f6c194,train
DataSet_clean/yes/06f6c194_nohash_3.wav,yes,06f6c194,train
DataSet_clean/yes/06f6c194_nohash_4.wav,yes,06f6c194,train
DataSet_clean/yes/07089da9_nohash_0.wav,yes,07089da9,test
DataSet_clean/yes/07089da9_nohash_1.wav,yes,07089da9,test
DataSet_clean/yes/07089da9_nohash_2.wav,yes,07089da9,test
DataSet_clean/yes/07089da9_nohash_3.wav,yes,07089da9,test
DataSet_clean/yes/0717b9f6_nohash_0.wav,yes,0717b9f6,train
DataSet_clean/yes/0717b9f6_nohash_1.wav,yes,0717b9f6,train
DataSet_clean/yes/0717b9f6_nohash_2.wav,yes,0717b9f6,train
DataSet_clean/yes/0717b9f6_nohash_3.wav,yes,0717b9f6,train
DataSet_clean/yes/0717b9f6_nohash_4.wav,yes,0717b9f6,train
DataSet_clean/yes/079d1020_nohash_0.wav,yes,079d1020,train
DataSet_clean/yes/079dfce3_nohash_0.wav,yes,079dfce3,test
DataSet_clean/yes/07ad9b59_nohash_0.wav,yes,07ad9b59,train
DataSet_clean/yes/07ad9b59_nohash_1.wav,yes,07ad9b59,train
DataSet_clean/yes/07c5129e_nohash_0.wav,yes,07c5129e,train
DataSet_clean/yes/07de53d3_nohash_0.wav,yes,07de53d3,train
DataSet_clean/yes/0819edb0_nohash_0.wav,yes,0819edb0,train
DataSet_clean/yes/08ab231c_nohash_0.wav,yes,08ab231c,train
DataSet_clean/yes/08ab231c_nohash_1.wav,yes,08ab231c,train
DataSet_clean/yes/08ab231c_nohash_2.wav,yes,08ab231c,train
DataSet_clean/yes/08ab231c_nohash_3.wav,yes,08ab231c,train
DataSet_clean/yes/08ab231c_nohash_4.wav,yes,08ab231c,train
DataSet_clean/yes/093f65a1_nohash_0.wav,yes,093f65a1,train
DataSet_clean/yes/093f65a1_nohash_1.wav,yes,093f65a1,train
DataSet_clean/yes/0943c746_nohash_0.wav,yes,0943c746,train
DataSet_clean/yes/099d52ad_nohash_0.wav,yes,099d52ad,test
DataSet_clean/yes/099d52ad_nohash_1.wav,yes,099d52ad,test
DataSet_clean/yes/099d52ad_nohash_2.wav,yes,099d52ad,test
DataSet_clean/yes/099d52ad_nohash_3.wav,yes,099d52ad,test
DataSet_clean/yes/09a7aa2a_nohash_0.wav,yes,09a7aa2a,train
DataSet_clean/yes/09a7aa2a_nohash_1.wav,yes,09a7aa2a,train
DataSet_clean/yes/09bcdc9d_nohash_0.wav,yes,09bcdc9d,train
DataSet_clean/yes/09bcdc9d_nohash_1.wav,yes,09bcdc9d,train
DataSet_clean/yes/09bcdc9d_nohash_2.wav,yes,09bcdc9d,train
DataSet_clean/yes/09ddc105_nohash_0.wav,yes,09ddc105,test
DataSet_clean/yes/0a196374_nohash_0.wav,yes,0a196374,train
DataSet_clean/yes/0a196374_nohash_1.wav,yes,0a196374,train
DataSet_clean/yes/0a196374_nohash_2.wav,yes,0a196374,train
DataSet_clean/yes/0a196374_nohash_3.wav,yes,0a196374,train
DataSet_clean/yes/0a196374_nohash_4.wav,yes,0a196374,train
DataSet_clean/yes/0a2b400e_nohash_0.wav,yes,0a2b400e,train
DataSet_clean/yes/0a2b400e_nohash_1.wav,yes,0a2b400e,train
DataSet_clean/yes/0a2b400e_nohash_2.wav,yes,0a2b400e,train
DataSet_clean/yes/0a2b400e_nohash_3.wav,yes,0a2b400e,train
DataSet_clean/yes/0a396ff2_nohash_0.wav,yes,0a396ff2,train
DataSet_clean/yes/0a5636ca_nohash_0.wav,yes,0a5636ca,train
DataSet_clean/yes/0a7c2a8d_nohash_0.wav,yes,0a7c2a8d,val
DataSet_clean/yes/0a9f9af7_nohash_0.wav,yes,0a9f9af7,train
DataSet_clean/yes/0a9f9af7_nohash_1.wav,yes,0a9f9af7,train
DataSet_clean/yes/0a9f9af7_nohash_2.wav,yes,0a9f9af7,train
DataSet_clean/yes/0ab3b47d_nohash_0.wav,yes,0ab3b47d,val
DataSet_clean/yes/0ac15fe9_nohash_0.wav,yes,0ac15fe9,train
DataSet_clean/yes/0b40aa8e_nohash_0.wav,yes,0b40aa8e,train
DataSet_clean/yes/0b56bcfe_nohash_0.wav,yes,0b56bcfe,train
DataSet_clean/yes/0b7ee1a0_nohash_0.wav,yes,0b7ee1a0,val
DataSet_clean/yes/0b7ee1a0_nohash_1.wav,yes,0b7ee1a0,val
DataSet_clean/yes/0b7ee1a0_nohash_2.wav,yes,0b7ee1a0,val
DataSet_clean/yes/0b7ee1a0_nohash_3.wav,yes,0b7ee1a0,val
DataSet_clean/yes/0b7ee1a0_nohash_4.wav,yes,0b7ee1a0,val
DataSet_clean/yes/0ba018fc_nohash_0.wav,yes,0ba018fc,train
DataSet_clean/yes/0ba018fc_nohash_1.wav,yes,0ba018fc,train
DataSet_clean/yes/0ba018fc_nohash_2.wav,yes,0ba018fc,train
DataSet_clean/yes/0ba018fc_nohash_3.wav,yes,0ba018fc,train
DataSet_clean/yes/0ba018fc_nohash_4.wav,yes,0ba018fc,train
DataSet_clean/yes/0ba018fc_nohash_5.wav,yes,0ba018fc,train
DataSet_clean/yes/0bac8a71_nohash_0.wav,yes,0bac8a71,test
DataSet_clean/yes/0bd689d7_nohash_0.wav,yes,0bd689d7,train
DataSet_clean/yes/0bfec55f_nohash_0.wav,yes,0bfec55f,train
DataSet_clean/yes/0c09f202_nohash_0.wav,yes,0c09f202,train
DataSet_clean/yes/0c2ca723_nohash_0.wav,yes,0c2ca723,val
DataSet_clean/yes/0c2d2ffa_nohash_0.wav,yes,0c2d2ffa,train
DataSet_clean/yes/0c5027de_nohash_0.wav,yes,0c5027de,train
DataSet_clean/yes/0cb74144_nohash_0.wav,yes,0cb74144,train
DataSet_clean/yes/0cb74144_nohash_1.wav,yes,0cb74144,train
DataSet_clean/yes/0cb74144_nohash_2.wav,yes,0cb74144,train
DataSet_clean/yes/0cb74144_nohash_3.wav,yes,0cb74144,train
DataSet_clean/yes/0cc6b0b0_nohash_0.wav,yes,0cc6b0b0,train
DataSet_clean/yes/0d2bcf9d_nohash_0.wav,yes,0d2bcf9d,train
DataSet_clean/yes/0d6d7360_nohash_0.wav,yes,0d6d7360,test
DataSet_clean/yes/0d6d7360_nohash_1.wav,yes,0d6d7360,test
DataSet_clean/yes/0d6d7360_nohash_2.wav,yes,0d6d7360,test
DataSet_clean/yes/0d6d7360_nohash_3.wav,yes,0d6d7360,test
DataSet_clean/yes/0d6d7360_nohash_4.wav,yes,0d6d7360,test
DataSet_clean/yes/0d82fd99_nohash_0.wav,yes,0d82fd99,train
DataSet_clean/yes/0d82fd99_nohash_1.wav,yes,0d82fd99,train
DataSet_clean/yes/0d82fd99_nohash_2.wav,yes,0d82fd99,train
DataSet_clean/yes/0d82fd99_nohash_3.wav,yes,0d82fd99,train
DataSet_clean/yes/0d85a428_nohash_0.wav,yes,0d85a428,train
DataSet_clean/yes/0d85a428_nohash_1.wav,yes,0d85a428,train
DataSet_clean/yes/0d90d8e1_nohash_0.wav,yes,0d90d8e1,train
DataSet_clean/yes/0d90d8e1_nohash_1.wav,yes,0d90d8e1,train
DataSet_clean/yes/0d90d8e1_nohash_2.wav,yes,0d90d8e1,train
DataSet_clean/yes/0d90d8e1_nohash_3.wav,yes,0d90d8e1,train
DataSet_clean/yes/0e6e36c9_nohash_0.wav,yes,0e6e36c9,train
DataSet_clean/yes/0e6e36c9_nohash_1.wav,yes,0e6e36c9,train
DataSet_clean/yes/0e6e36c9_nohash_2.wav,yes,0e6e36c9,train
DataSet_clean/yes/0e6e36c9_nohash_3.wav,yes,0e6e36c9,train
DataSet_clean/yes/0e6e36c9_nohash_4.wav,yes,0e6e36c9,train
DataSet_clean/yes/0e8ec1cb_nohash_0.wav,yes,0e8ec1cb,train
DataSet_clean/yes/0ea0e2f4_nohash_0.wav,yes,0ea0e2f4,train
DataSet_clean/yes/0ea9c8ce_nohash_0.wav,yes,0ea9c8ce,train
DataSet_clean/yes/0ea9c8ce_nohash_1.wav,yes,0ea9c8ce,train
DataSet_clean/yes/0ea9c8ce_nohash_2.wav,yes,0ea9c8ce,train
DataSet_clean/yes/0ea9c8ce_nohash_3.wav,yes,0ea9c8ce,train
DataSet_clean/yes/0ea9c8ce_nohash_4.wav,yes,0ea9c8ce,train
DataSet_clean/yes/0f2442b6_nohash_0.wav,yes,0f2442b6,val
DataSet_clean/yes/0f3f64d5_nohash_0.wav,yes,0f3f64d5,test
DataSet_clean/yes/0f3f64d5_nohash_1.wav,yes,0f3f64d5,test
DataSet_clean/yes/0f46028a_nohash_0.wav,yes,0f46028a,train
DataSet_clean/yes/0f46028a_nohash_1.wav,yes,0f46028a,train
DataSet_clean/yes/0f46028a_nohash_2.wav,yes,0f46028a,train
DataSet_clean/yes/0f46028a_nohash_3.wav,yes,0f46028a,train
DataSet_clean/yes/0f46028a_nohash_4.wav,yes,0f46028a,train
DataSet_clean/yes/0f7205ef_nohash_0.wav,yes,0f7205ef,train
DataSet_clean/yes/0f7266cf_nohash_0.wav,yes,0f7266cf,train
DataSet_clean/yes/0f7266cf_nohash_1.wav,yes,0f7266cf,train
DataSet_clean/yes/0f7266cf_nohash_2.wav,yes,0f7266cf,train
DataSet_clean/yes/0f7266cf_nohash_3.wav,yes,0f7266cf,train
DataSet_clean/yes/0f7266cf_nohash_4.wav,yes,0f7266cf,train
DataSet_clean/yes/0f7dc557_nohash_0.wav,yes,0f7dc557,train
DataSet_clean/yes/0f7dc557_nohash_1.wav,yes,0f7dc557,train
DataSet_clean/yes/0fa1e7a9_nohash_0.wav,yes,0fa1e7a9,test
DataSet_clean/yes/0ff728b5_nohash_0.wav,yes,0ff728b5,train
DataSet_clean/yes/0ff728b5_nohash_1.wav,yes,0ff728b5,train
DataSet_clean/yes/0ff728b5_nohash_2.wav,yes,0ff728b5,train
DataSet_clean/yes/0ff728b5_nohash_3.wav,yes,0ff728b5,train
DataSet_clean/yes/0ff728b5_nohash_4.wav,yes,0ff728b5,train
DataSet_clean/yes/10467b06_nohash_0.wav,yes,10467b06,train
DataSet_clean/yes/105a0eea_nohash_0.wav,yes,105a0eea,train
DataSet_clean/yes/105a0eea_nohash_1.wav,yes,105a0eea,train
DataSet_clean/yes/105a0eea_nohash_2.wav,yes,105a0eea,train
DataSet_clean/yes/10627519_nohash_0.wav,yes,10627519,train
DataSet_clean/yes/10627519_nohash_1.wav,yes,10627519,train
DataSet_clean/yes/10627519_nohash_2.wav,yes,10627519,train
DataSet_clean/yes/106a6183_nohash_0.wav,yes,106a6183,train
DataSet_clean/yes/106a6183_nohash_1.wav,yes,106a6183,train
DataSet_clean/yes/106a6183_nohash_2.wav,yes,106a6183,train
DataSet_clean/yes/106a6183_nohash_3.wav,yes,106a6183,train
DataSet_clean/yes/106a6183_nohash_4.wav,yes,106a6183,train
DataSet_clean/yes/1093c8e7_nohash_0.wav,yes,1093c8e7,train
DataSet_clean/yes/10ace7eb_nohash_0.wav,yes,10ace7eb,train
DataSet_clean/yes/10ace7eb_nohash_1.wav,yes,10ace7eb,train
DataSet_clean/yes/10ace7eb_nohash_2.wav,yes,10ace7eb,train
DataSet_clean/yes/10ace7eb_nohash_3.wav,yes,10ace7eb,train
DataSet_clean/yes/10ace7eb_nohash_4.wav,yes,10ace7eb,train
DataSet_clean/yes/10c6d873_nohash_0.wav,yes,10c6d873,test
DataSet_clean/yes/11099149_nohash_0.wav,yes,11099149,train
DataSet_clean/yes/11321027_nohash_0.wav,yes,11321027,train
DataSet_clean/yes/11379f4d_nohash_0.wav,yes,11379f4d,train
DataSet_clean/yes/11379f4d_nohash_1.wav,yes,11379f4d,train
DataSet_clean/yes/113b3fbc_nohash_0.wav,yes,113b3fbc,train
DataSet_clean/yes/113b3fbc_nohash_1.wav,yes,113b3fbc,train
DataSet_clean/yes/113b3fbc_nohash_2.wav,yes,113b3fbc,train
DataSet_clean/yes/113b3fbc_nohash_3.wav,yes,113b3fbc,train
DataSet_clean/yes/113b3fbc_nohash_4.wav,yes,113b3fbc,train
DataSet_clean/yes/11860c84_nohash_0.wav,yes,11860c84,train
DataSet_clean/yes/11860c84_nohash_1.wav,yes,11860c84,train
DataSet_clean/yes/11b1df78_nohash_0.wav,yes,11b1df78,train
DataSet_clean/yes/11b1df78_nohash_1.wav,yes,11b1df78,train
DataSet_clean/yes/11b1df78_nohash_2.wav,yes,11b1df78,train
DataSet_clean/yes/11b1df78_nohash_3.wav,yes,11b1df78,train
DataSet_clean/yes/122c5aa7_nohash_0.wav,yes,122c5aa7,test
DataSet_clean/yes/122c5aa7_nohash_1.wav,yes,122c5aa7,test
DataSet_clean/yes/122c5aa7_nohash_2.wav,yes,122c5aa7,test
DataSet_clean/yes/122c5aa7_nohash_3.wav,yes,122c5aa7,test
DataSet_clean/yes/122c5aa7_nohash_4.wav,yes,122c5aa7,test
DataSet_clean/yes/12623a81_nohash_0.wav,yes,12623a81,train
DataSet_clean/yes/126a31d2_nohash_0.wav,yes,126a31d2,train
DataSet_clean/yes/129c7d8d_nohash_0.wav,yes,129c7d8d,train
DataSet_clean/yes/129c7d8d_nohash_1.wav,yes,129c7d8d,train
DataSet_clean/yes/129c7d8d_nohash_2.wav,yes,129c7d8d,train
DataSet_clean/yes/12c206ea_nohash_0.wav,yes,12c206ea,test
DataSet_clean/yes/130d9a87_nohash_0.wav,yes,130d9a87,train
DataSet_clean/yes/13199b79_nohash_0.wav,yes,13199b79,val
DataSet_clean/yes/13199b79_nohash_1.wav,yes,13199b79,val
DataSet_clean/yes/131e738d_nohash_0.wav,yes,131e738d,train
DataSet_clean/yes/131e738d_nohash_1.wav,yes,131e738d,train
DataSet_clean/yes/131e738d_nohash_2.wav,yes,131e738d,train
DataSet_clean/yes/131e738d_nohash_3.wav,yes,131e738d,train
DataSet_clean/yes/1365dd89_nohash_0.wav,yes,1365dd89,train
DataSet_clean/yes/140a0fdc_nohash_0.wav,yes,140a0fdc,train
DataSet_clean/yes/140a0fdc_nohash_1.wav,yes,140a0fdc,train
DataSet_clean/yes/144d27ff_nohash_0.wav,yes,144d27ff,train
DataSet_clean/yes/144d27ff_nohash_1.wav,yes,144d27ff,train
DataSet_clean/yes/144d27ff_nohash_2.wav,yes,144d27ff,train
DataSet_clean/yes/144d27ff_nohash_3.wav,yes,144d27ff,train
DataSet_clean/yes/146d97db_nohash_0.wav,yes,146d97db,train
DataSet_clean/yes/146d97db_nohash_1.wav,yes,146d97db,train
DataSet_clean/yes/1473be6a_nohash_0.wav,yes,1473be6a,val
DataSet_clean/yes/1474273a_nohash_0.wav,yes,1474273a,train
DataSet_clean/yes/14775481_nohash_0.wav,yes,14775481,train
DataSet_clean/yes/14775481_nohash_1.wav,yes,14775481,train
DataSet_clean/yes/14775481_nohash_2.wav,yes,14775481,train
DataSet_clean/yes/14872d06_nohash_0.wav,yes,14872d06,train
DataSet_clean/yes/1496195a_nohash_0.wav,yes,1496195a,train
DataSet_clean/yes/1496195a_nohash_1.wav,yes,1496195a,train
DataSet_clean/yes/1496195a_nohash_2.wav,yes,1496195a,train
DataSet_clean/yes/1496195a_nohash_3.wav,yes,1496195a,train
DataSet_clean/yes/1496195a_nohash_4.wav,yes,1496195a,train
DataSet_clean/yes/14c7b073_nohash_0.wav,yes,14c7b073,train
DataSet_clean/yes/14c7b073_nohash_1.wav,yes,14c7b073,train
DataSet_clean/yes/14c7b073_nohash_2.wav,yes,14c7b073,train
DataSet_clean/yes/14c7b073_nohash_3.wav,yes,14c7b073,train
DataSet_clean/yes/14c7b073_nohash_4.wav,yes,14c7b073,train
DataSet_clean/yes/151bfb79_nohash_0.wav,yes,151bfb79,train
DataSet_clean/yes/151bfb79_nohash_1.wav,yes,151bfb79,train
DataSet_clean/yes/152491bc_nohash_0.wav,yes,152491bc,train
DataSet_clean/yes/1538beb7_nohash_0.wav,yes,1538beb7,test
DataSet_clean/yes/15574821_nohash_0.wav,yes,15574821,train
DataSet_clean/yes/15574821_nohash_1.wav,yes,15574821,train
DataSet_clean/yes/15574821_nohash_2.wav,yes,15574821,train
DataSet_clean/yes/15b0c947_nohash_0.wav,yes,15b0c947,train
DataSet_clean/yes/15c563d7_nohash_0.wav,yes,15c563d7,train
DataSet_clean/yes/15c563d7_nohash_1.wav,yes,15c563d7,train
DataSet_clean/yes/15c563d7_nohash_2.wav,yes,15c563d7,train
DataSet_clean/yes/15c563d7_nohash_3.wav,yes,15c563d7,train
DataSet_clean/yes/15c563d7_nohash_4.wav,yes,15c563d7,train
DataSet_clean/yes/15dd287d_nohash_0.wav,yes,15dd287d,train
DataSet_clean/yes/15dd287d_nohash_1.wav,yes,15dd287d,train
DataSet_clean/yes/15dd287d_nohash_2.wav,yes,15dd287d,train
DataSet_clean/yes/15dd287d_nohash_3.wav,yes,15dd287d,train
DataSet_clean/yes/15dd287d_nohash_4.wav,yes,15dd287d,train
DataSet_clean/yes/15f04ff8_nohash_0.wav,yes,15f04ff8,train
DataSet_clean/yes/15f04ff8_nohash_1.wav,yes,15f04ff8,train
DataSet_clean/yes/161fcca8_nohash_0.wav,yes,161fcca8,train
DataSet_clean/yes/1626bc5a_nohash_0.wav,yes,1626bc5a,test
DataSet_clean/yes/1657c9fa_nohash_0.wav,yes,1657c9fa,train
DataSet_clean/yes/16d41d07_nohash_0.wav,yes,16d41d07,train
DataSet_clean/yes/16d41d07_nohash_1.wav,yes,16d41d07,train
DataSet_clean/yes/16d41d07_nohash_2.wav,yes,16d41d07,train
DataSet_clean/yes/16d41d07_nohash_3.wav,yes,16d41d07,train
DataSet_clean/yes/171b56dc_nohash_0.wav,yes,171b56dc,train
DataSet_clean/yes/171edea9_nohash_0.wav,yes,171edea9,val
DataSet_clean/yes/171edea9_nohash_1.wav,yes,171edea9,val
DataSet_clean/yes/171edea9_nohash_2.wav,yes,171edea9,val
DataSet_clean/yes/171edea9_nohash_3.wav,yes,171edea9,val
DataSet_clean/yes/172dc2b0_nohash_0.wav,yes,172dc2b0,train
DataSet_clean/yes/173e6bbf_nohash_0.wav,yes,173e6bbf,val
DataSet_clean/yes/1746d7b6_nohash_0.wav,yes,1746d7b6,train
DataSet_clean/yes/1746d7b6_nohash_1.wav,yes,1746d7b6,train
DataSet_clean/yes/179a61b7_nohash_0.wav,yes,179a61b7,val
DataSet_clean/yes/179a61b7_nohash_1.wav,yes,179a61b7,val
DataSet_clean/yes/179a61b7_nohash_2.wav,yes,179a61b7,val
DataSet_clean/yes/179a61b7_nohash_3.wav,yes,179a61b7,val
DataSet_clean/yes/179a61b7_nohash_4.wav,yes,179a61b7,val
DataSet_clean/yes/17f0e206_nohash_0.wav,yes,17f0e206,train
DataSet_clean/yes/1851e33b_nohash_0.wav,yes,1851e33b,train
DataSet_clean/yes/189cbabe_nohash_0.wav,yes,189cbabe,train
DataSet_clean/yes/189cbabe_nohash_1.wav,yes,189cbabe,train
DataSet_clean/yes/189cbabe_nohash_2.wav,yes,189cbabe,train
DataSet_clean/yes/18a8f03f_nohash_0.wav,yes,18a8f03f,train
DataSet_clean/yes/18c54a68_nohash_0.wav,yes,18c54a68,train
DataSet_clean/yes/18c54a68_nohash_1.wav,yes,18c54a68,train
DataSet_clean/yes/18d120ae_nohash_0.wav,yes,18d120ae,val
DataSet_clean/yes/18d84076_nohash_0.wav,yes,18d84076,train
DataSet_clean/yes/18e910f4_nohash_0.wav,yes,18e910f4,test
DataSet_clean/yes/18e910f4_nohash_1.wav,yes,18e910f4,test
DataSet_clean/yes/18e910f4_nohash_2.wav,yes,18e910f4,test
DataSet_clean/yes/18e910f4_nohash_3.wav,yes,18e910f4,test
DataSet_clean/yes/18e910f4_nohash_4.wav,yes,18e910f4,test
DataSet_clean/yes/18f8afd5_nohash_0.wav,yes,18f8afd5,val
DataSet_clean/yes/18f8afd5_nohash_1.wav,yes,18f8afd5,val
DataSet_clean/yes/18f8afd5_nohash_2.wav,yes,18f8afd5,val
DataSet_clean/yes/190821dc_nohash_0.wav,yes,190821dc,val
DataSet_clean/yes/1942abd7_nohash_0.wav,yes,1942abd7,train
DataSet_clean/yes/195c120a_nohash_0.wav,yes,195c120a,train
DataSet_clean/yes/195c120a_nohash_1.wav,yes,195c120a,train
DataSet_clean/yes/195c120a_nohash_2.wav,yes,195c120a,train
DataSet_clean/yes/195c120a_nohash_3.wav,yes,195c120a,train
DataSet_clean/yes/195c120a_nohash_4.wav,yes,195c120a,train
DataSet_clean/yes/196e84b7_nohash_0.wav,yes,196e84b7,val
DataSet_clean/yes/197f4153_nohash_0.wav,yes,197f4153,train
DataSet_clean/yes/197f4153_nohash_1.wav,yes,197f4153,train
DataSet_clean/yes/197f4153_nohash_2.wav,yes,197f4153,train
DataSet_clean/yes/197f4153_nohash_3.wav,yes,197f4153,train
DataSet_clean/yes/197f4153_nohash_4.wav,yes,197f4153,train
DataSet_clean/yes/1993db46_nohash_0.wav,yes,1993db46,train
DataSet_clean/yes/19b05529_nohash_0.wav,yes,19b05529,train
DataSet_clean/yes/19f9c115_nohash_0.wav,yes,19f9c115,train
DataSet_clean/yes/1a073312_nohash_0.wav,yes,1a073312,train
DataSet_clean/yes/1a4259c3_nohash_0.wav,yes,1a4259c3,test
DataSet_clean/yes/1a5b9ca4_nohash_0.wav,yes,1a5b9ca4,train
DataSet_clean/yes/1a5b9ca4_nohash_1.wav,yes,1a5b9ca4,train
DataSet_clean/yes/1a673010_nohash_0.wav,yes,1a673010,train
DataSet_clean/yes/1a673010_nohash_1.wav,yes,1a673010,train
DataSet_clean/yes/1a673010_nohash_2.wav,yes,1a673010,train
DataSet_clean/yes/1a73dcd1_nohash_0.wav,yes,1a73dcd1,train
DataSet_clean/yes/1a892463_nohash_0.wav,yes,1a892463,test
DataSet_clean/yes/1a892463_nohash_1.wav,yes,1a892463,test
DataSet_clean/yes/1a994c9f_nohash_0.wav,yes,1a994c9f,train
DataSet_clean/yes/1a994c9f_nohash_1.wav,yes,1a994c9f,train
DataSet_clean/yes/1a994c9f_nohash_2.wav,yes,1a994c9f,train
DataSet_clean/yes/1a994c9f_nohash_3.wav,yes,1a994c9f,train
DataSet_clean/yes/1a994c9f_nohash_4.wav,yes,1a994c9f,train
DataSet_clean/yes/1a9afd33_nohash_0.wav,yes,1a9afd33,train
DataSet_clean/yes/1acc97de_nohash_0.wav,yes,1acc97de,train
DataSet_clean/yes/1acc97de_nohash_1.wav,yes,1acc97de,train
DataSet_clean/yes/1acc97de_nohash_2.wav,yes,1acc97de,train
DataSet_clean/yes/1acc97de_nohash_3.wav,yes,1acc97de,train
DataSet_clean/yes/1acc97de_nohash_4.wav,yes,1acc97de,train
DataSet_clean/yes/1aed7c6d_nohash_0.wav,yes,1aed7c6d,train
DataSet_clean/yes/1aeef15e_nohash_0.wav,yes,1aeef15e,train
DataSet_clean/yes/1aeef15e_nohash_1.wav,yes,1aeef15e,train
DataSet_clean/yes/1aeef15e_nohash_2.wav,yes,1aeef15e,train
DataSet_clean/yes/1aeef15e_nohash_3.wav,yes,1aeef15e,train
DataSet_clean/yes/1b18600d_nohash_0.wav,yes,1b18600d,train
DataSet_clean/yes/1b18600d_nohash_1.wav,yes,1b18600d,train
DataSet_clean/yes/1b18600d_nohash_2.wav,yes,1b18600d,train
DataSet_clean/yes/1b42b551_nohash_0.wav,yes,1b42b551,train
DataSet_clean/yes/1b42b551_nohash_1.wav,yes,1b42b551,train
DataSet_clean/yes/1b42b551_nohash_2.wav,yes,1b42b551,train
DataSet_clean/yes/1b42b551_nohash_3.wav,yes,1b42b551,train
DataSet_clean/yes/1b4c9b89_nohash_0.wav,yes,1b4c9b89,val
DataSet_clean/yes/1b4c9b89_nohash_1.wav,yes,1b4c9b89,val
DataSet_clean/yes/1b4c9b89_nohash_2.wav,yes,1b4c9b89,val
DataSet_clean/yes/1b4c9b89_nohash_3.wav,yes,1b4c9b89,val
DataSet_clean/yes/1b4c9b89_nohash_4.wav,yes,1b4c9b89,val
DataSet_clean/yes/1b5ba788_nohash_0.wav,yes,1b5ba788,train
DataSet_clean/yes/1b627376_nohash_0.wav,yes,1b627376,train
DataSet_clean/yes/1b627376_nohash_1.wav,yes,1b627376,train
DataSet_clean/yes/1b63157b_nohash_0.wav,yes,1b63157b,val
DataSet_clean/yes/1b63157b_nohash_1.wav,yes,1b63157b,val
DataSet_clean/yes/1b63157b_nohash_2.wav,yes,1b63157b,val
DataSet_clean/yes/1b63157b_nohash_3.wav,yes,1b63157b,val
DataSet_clean/yes/1b63157b_nohash_4.wav,yes,1b63157b,val
DataSet_clean/yes/1b63157b_nohash_5.wav,yes,1b63157b,val
DataSet_clean/yes/1b755c65_nohash_0.wav,yes,1b755c65,val
DataSet_clean/yes/1b88bf70_nohash_0.wav,yes,1b88bf70,val
DataSet_clean/yes/1b88bf70_nohash_1.wav,yes,1b88bf70,val
DataSet_clean/yes/1c1060b1_nohash_0.wav,yes,1c1060b1,val
DataSet_clean/yes/1c1060b1_nohash_1.wav,yes,1c1060b1,val
DataSet_clean/yes/1c3f4fac_nohash_0.wav,yes,1c3f4fac,train
DataSet_clean/yes/1c3f4fac_nohash_1.wav,yes,1c3f4fac,train
DataSet_clean/yes/1c3f50ad_nohash_0.wav,yes,1c3f50ad,test
DataSet_clean/yes/1c6e5447_nohash_0.wav,yes,1c6e5447,test
DataSet_clean/yes/1c84a139_nohash_0.wav,yes,1c84a139,train
DataSet_clean/yes/1c84a139_nohash_1.wav,yes,1c84a139,train
DataSet_clean/yes/1c84a139_nohash_2.wav,yes,1c84a139,train
DataSet_clean/yes/1c84a139_nohash_3.wav,yes,1c84a139,train
DataSet_clean/yes/1c84a139_nohash_4.wav,yes,1c84a139,train
DataSet_clean/yes/1cb788bc_nohash_0.wav,yes,1cb788bc,train
DataSet_clean/yes/1cbcc7a7_nohash_0.wav,yes,1cbcc7a7,train
DataSet_clean/yes/1cc80e39_nohash_0.wav,yes,1cc80e39,train
DataSet_clean/yes/1cc80e39_nohash_1.wav,yes,1cc80e39,train
DataSet_clean/yes/1d919a90_nohash_0.wav,yes,1d919a90,val
DataSet_clean/yes/1dc86f91_nohash_0.wav,yes,1dc86f91,val
DataSet_clean/yes/1dc86f91_nohash_1.wav,yes,1dc86f91,val
DataSet_clean/yes/1dc86f91_nohash_2.wav,yes,1dc86f91,val
DataSet_clean/yes/1dc86f91_nohash_3.wav,yes,1dc86f91,val
DataSet_clean/yes/1dce06e8_nohash_0.wav,yes,1dce06e8,val
DataSet_clean/yes/1df483c0_nohash_0.wav,yes,1df483c0,train
DataSet_clean/yes/1df483c0_nohash_1.wav,yes,1df483c0,train
DataSet_clean/yes/1df99a8a_nohash_0.wav,yes,1df99a8a,val
DataSet_clean/yes/1df99a8a_nohash_1.wav,yes,1df99a8a,val
DataSet_clean/yes/1e02ffc5_nohash_0.wav,yes,1e02ffc5,train
DataSet_clean/yes/1e02ffc5_nohash_1.wav,yes,1e02ffc5,train
DataSet_clean/yes/1e02ffc5_nohash_2.wav,yes,1e02ffc5,train
DataSet_clean/yes/1e02ffc5_nohash_3.wav,yes,1e02ffc5,train
DataSet_clean/yes/1e02ffc5_nohash_4.wav,yes,1e02ffc5,train
DataSet_clean/yes/1e412fac_nohash_0.wav,yes,1e412fac,val
DataSet_clean/yes/1e9e6bdd_nohash_0.wav,yes,1e9e6bdd,train
DataSet_clean/yes/1e9e6bdd_nohash_1.wav,yes,1e9e6bdd,train
DataSet_clean/yes/1e9e6bdd_nohash_2.wav,yes,1e9e6bdd,train
DataSet_clean/yes/1e9e6bdd_nohash_3.wav,yes,1e9e6bdd,train
DataSet_clean/yes/1e9e6bdd_nohash_4.wav,yes,1e9e6bdd,train
DataSet_clean/yes/1ecfb537_nohash_0.wav,yes,1ecfb537,val
DataSet_clean/yes/1ecfb537_nohash_1.wav,yes,1ecfb537,val
DataSet_clean/yes/1ecfb537_nohash_2.wav,yes,1ecfb537,val
DataSet_clean/yes/1ecfb537_nohash_3.wav,yes,1ecfb537,val
DataSet_clean/yes/1ecfb537_nohash_4.wav,yes,1ecfb537,val
DataSet_clean/yes/1ed0b13d_nohash_0.wav,yes,1ed0b13d,train
DataSet_clean/yes/1ed0b13d_nohash_1.wav,yes,1ed0b13d,train
DataSet_clean/yes/1ed0b13d_nohash_2.wav,yes,1ed0b13d,train
DataSet_clean/yes/1ed0b13d_nohash_3.wav,yes,1ed0b13d,train
DataSet_clean/yes/1ed0b13d_nohash_4.wav,yes,1ed0b13d,train
DataSet_clean/yes/1ed557b9_nohash_0.wav,yes,1ed557b9,train
DataSet_clean/yes/1eddce1d_nohash_0.wav,yes,1eddce1d,test
DataSet_clean/yes/1eddce1d_nohash_1.wav,yes,1eddce1d,test
DataSet_clean/yes/1efdf53f_nohash_0.wav,yes,1efdf53f,train
DataSet_clean/yes/1f3bece8_nohash_0.wav,yes,1f3bece8,train
DataSet_clean/yes/1f3e4139_nohash_0.wav,yes,1f3e4139,train
DataSet_clean/yes/1f3e4139_nohash_1.wav,yes,1f3e4139,train
DataSet_clean/yes/1fd85ee4_nohash_0.wav,yes,1fd85ee4,train
DataSet_clean/yes/1ffd513b_nohash_0.wav,yes,1ffd513b,train
DataSet_clean/yes/20174140_nohash_0.wav,yes,20174140,train
DataSet_clean/yes/2039b9c1_nohash_0.wav,yes,2039b9c1,val
DataSet_clean/yes/2039b9c1_nohash_1.wav,yes,2039b9c1,val
DataSet_clean/yes/20a0d54b_nohash_0.wav,yes,20a0d54b,test
DataSet_clean/yes/20fd451f_nohash_0.wav,yes,20fd451f,train
DataSet_clean/yes/20fd451f_nohash_1.wav,yes,20fd451f,train
DataSet_clean/yes/20fd451f_nohash_2.wav,yes,20fd451f,train
DataSet_clean/yes/20fd451f_nohash_3.wav,yes,20fd451f,train
DataSet_clean/yes/210f3aa9_nohash_0.wav,yes,210f3aa9,train
DataSet_clean/yes/211b928a_nohash_0.wav,yes,211b928a,train
DataSet_clean/yes/211b928a_nohash_1.wav,yes,211b928a,train
DataSet_clean/yes/211b928a_nohash_2.wav,yes,211b928a,train
DataSet_clean/yes/211ccd2e_nohash_0.wav,yes,211ccd2e,train
DataSet_clean/yes/214ccb20_nohash_0.wav,yes,214ccb20,train
DataSet_clean/yes/215699ff_nohash_0.wav,yes,215699ff,train
DataSet_clean/yes/215699ff_nohash_1.wav,yes,215699ff,train
DataSet_clean/yes/21832144_nohash_0.wav,yes,21832144,train
DataSet_clean/yes/21832144_nohash_1.wav,yes,21832144,train
DataSet_clean/yes/21832144_nohash_2.wav,yes,21832144,train
DataSet_clean/yes/21832144_nohash_3.wav,yes,21832144,train
DataSet_clean/yes/21832144_nohash_4.wav,yes,21832144,train
DataSet_clean/yes/2197f41c_nohash_0.wav,yes,2197f41c,train
DataSet_clean/yes/2197f41c_nohash_1.wav,yes,2197f41c,train
DataSet_clean/yes/2197f41c_nohash_2.wav,yes,2197f41c,train
DataSet_clean/yes/21cbe292_nohash_0.wav,yes,21cbe292,train
DataSet_clean/yes/21e8c417_nohash_0.wav,yes,21e8c417,train
DataSet_clean/yes/22296dbe_nohash_0.wav,yes,22296dbe,val
DataSet_clean/yes/22296dbe_nohash_1.wav,yes,22296dbe,val
DataSet_clean/yes/22296dbe_nohash_2.wav,yes,22296dbe,val
DataSet_clean/yes/22296dbe_nohash_3.wav,yes,22296dbe,val
DataSet_clean/yes/2250f5f2_nohash_0.wav,yes,2250f5f2,train
DataSet_clean/yes/226537ab_nohash_0.wav,yes,226537ab,train
DataSet_clean/yes/226537ab_nohash_1.wav,yes,226537ab,train
DataSet_clean/yes/226537ab_nohash_2.wav,yes,226537ab,train
DataSet_clean/yes/2275edbb_nohash_0.wav,yes,2275edbb,train
DataSet_clean/yes/2296b1af_nohash_0.wav,yes,2296b1af,train
DataSet_clean/yes/2296b1af_nohash_1.wav,yes,2296b1af,train
DataSet_clean/yes/2296b1af_nohash_2.wav,yes,2296b1af,train
DataSet_clean/yes/229978fd_nohash_0.wav,yes,229978fd,test
DataSet_clean/yes/229978fd_nohash_1.wav,yes,229978fd,test
DataSet_clean/yes/229978fd_nohash_2.wav,yes,229978fd,test
DataSet_clean/yes/229978fd_nohash_3.wav,yes,229978fd,test
DataSet_clean/yes/229978fd_nohash_4.wav,yes,229978fd,test
DataSet_clean/yes/22aa3665_nohash_0.wav,yes,22aa3665,train
DataSet_clean/yes/22cb56b3_nohash_0.wav,yes,22cb56b3,test
DataSet_clean/yes/23059a35_nohash_0.wav,yes,23059a35,train
DataSet_clean/yes/23059a35_nohash_1.wav,yes,23059a35,train
DataSet_clean/yes/2335770e_nohash_0.wav,yes,2335770e,train
DataSet_clean/yes/234ab0fb_nohash_0.wav,yes,234ab0fb,train
DataSet_clean/yes/234ab0fb_nohash_1.wav,yes,234ab0fb,train
DataSet_clean/yes/234ab0fb_nohash_2.wav,yes,234ab0fb,train
DataSet_clean/yes/234d6a48_nohash_0.wav,yes,234d6a48,train
DataSet_clean/yes/234d6a48_nohash_1.wav,yes,234d6a48,train
DataSet_clean/yes/234d6a48_nohash_2.wav,yes,234d6a48,train
DataSet_clean/yes/234d6a48_nohash_3.wav,yes,234d6a48,train
DataSet_clean/yes/235b444f_nohash_0.wav,yes,235b444f,train
DataSet_clean/yes/235b444f_nohash_1.wav,yes,235b444f,train
DataSet_clean/yes/235b444f_nohash_2.wav,yes,235b444f,train
DataSet_clean/yes/235b444f_nohash_3.wav,yes,235b444f,train
DataSet_clean/yes/238c112c_nohash_0.wav,yes,238c112c,train
DataSet_clean/yes/238c112c_nohash_1.wav,yes,238c112c,train
DataSet_clean/yes/23ad12d8_nohash_0.wav,yes,23ad12d8,train
DataSet_clean/yes/23da904f_nohash_0.wav,yes,23da904f,train
DataSet_clean/yes/23da904f_nohash_1.wav,yes,23da904f,train
DataSet_clean/yes/23da904f_nohash_2.wav,yes,23da904f,train
DataSet_clean/yes/23da904f_nohash_3.wav,yes,23da904f,train
DataSet_clean/yes/23da904f_nohash_4.wav,yes,23da904f,train
DataSet_clean/yes/24632875_nohash_0.wav,yes,24632875,train
DataSet_clean/yes/24632875_nohash_1.wav,yes,24632875,train
DataSet_clean/yes/24632875_nohash_2.wav,yes,24632875,train
DataSet_clean/yes/24694eb6_nohash_0.wav,yes,24694eb6,train
DataSet_clean/yes/24694eb6_nohash_1.wav,yes,24694eb6,train
DataSet_clean/yes/246d2c7f_nohash_0.wav,yes,246d2c7f,train
DataSet_clean/yes/24a3e589_nohash_0.wav,yes,24a3e589,val
DataSet_clean/yes/24a3e589_nohash_1.wav,yes,24a3e589,val
DataSet_clean/yes/24a3e589_nohash_2.wav,yes,24a3e589,val
DataSet_clean/yes/24a3e589_nohash_3.wav,yes,24a3e589,val
DataSet_clean/yes/24a3e589_nohash_4.wav,yes,24a3e589,val
DataSet_clean/yes/24b82192_nohash_0.wav,yes,24b82192,val
DataSet_clean/yes/24befdb3_nohash_0.wav,yes,24befdb3,train
DataSet_clean/yes/24befdb3_nohash_1.wav,yes,24befdb3,train
DataSet_clean/yes/24befdb3_nohash_2.wav,yes,24befdb3,train
DataSet_clean/yes/24befdb3_nohash_3.wav,yes,24befdb3,train
DataSet_clean/yes/24befdb3_nohash_4.wav,yes,24befdb3,train
DataSet_clean/yes/24c9f572_nohash_0.wav,yes,24c9f572,train
DataSet_clean/yes/24c9f572_nohash_1.wav,yes,24c9f572,train
DataSet_clean/yes/24c9f572_nohash_2.wav,yes,24c9f572,train
DataSet_clean/yes/24cab2cb_nohash_0.wav,yes,24cab2cb,train
DataSet_clean/yes/2510c044_nohash_0.wav,yes,2510c044,test
DataSet_clean/yes/25132942_nohash_0.wav,yes,25132942,test
DataSet_clean/yes/25132942_nohash_1.wav,yes,25132942,test
DataSet_clean/yes/25132942_nohash_2.wav,yes,25132942,test
DataSet_clean/yes/25132942_nohash_3.wav,yes,25132942,test
DataSet_clean/yes/256c0a05_nohash_0.wav,yes,256c0a05,train
DataSet_clean/yes/256c0a05_nohash_1.wav,yes,256c0a05,train
DataSet_clean/yes/256c0a05_nohash_2.wav,yes,256c0a05,train
DataSet_clean/yes/256c0a05_nohash_3.wav,yes,256c0a05,train
DataSet_clean/yes/256c0a05_nohash_4.wav,yes,256c0a05,train
DataSet_clean/yes/257251e0_nohash_0.wav,yes,257251e0,test
DataSet_clean/yes/257e17e0_nohash_0.wav,yes,257e17e0,train
DataSet_clean/yes/25e95412_nohash_0.wav,yes,25e95412,train
DataSet_clean/yes/25e95412_nohash_1.wav,yes,25e95412,train
DataSet_clean/yes/25e95412_nohash_2.wav,yes,25e95412,train
DataSet_clean/yes/25e95412_nohash_3.wav,yes,25e95412,train
DataSet_clean/yes/25e95412_nohash_4.wav,yes,25e95412,train
DataSet_clean/yes/25e95412_nohash_5.wav,yes,25e95412,train
DataSet_clean/yes/262d7a03_nohash_0.wav,yes,262d7a03,val
DataSet_clean/yes/264f471d_nohash_0.wav,yes,264f471d,train
DataSet_clean/yes/264f471d_nohash_1.wav,yes,264f471d,train
DataSet_clean/yes/264f471d_nohash_2.wav,yes,264f471d,train
DataSet_clean/yes/264f471d_nohash_3.wav,yes,264f471d,train
DataSet_clean/yes/264f471d_nohash_4.wav,yes,264f471d,train
DataSet_clean/yes/265bd13a_nohash_0.wav,yes,265bd13a,test
DataSet_clean/yes/265bd13a_nohash_1.wav,yes,265bd13a,test
DataSet_clean/yes/26631bee_nohash_0.wav,yes,26631bee,train
DataSet_clean/yes/26a093e1_nohash_0.wav,yes,26a093e1,val
DataSet_clean/yes/26a093e1_nohash_1.wav,yes,26a093e1,val
DataSet_clean/yes/26b28ea7_nohash_0.wav,yes,26b28ea7,train
DataSet_clean/yes/26b28ea7_nohash_1.wav,yes,26b28ea7,train
DataSet_clean/yes/26e573a9_nohash_0.wav,yes,26e573a9,train
DataSet_clean/yes/270bfa52_nohash_0.wav,yes,270bfa52,train
DataSet_clean/yes/270bfa52_nohash_1.wav,yes,270bfa52,train
DataSet_clean/yes/2748cce7_nohash_0.wav,yes,2748cce7,train
DataSet_clean/yes/274c008f_nohash_0.wav,yes,274c008f,train
DataSet_clean/yes/2796ac50_nohash_0.wav,yes,2796ac50,train
DataSet_clean/yes/2796ac50_nohash_1.wav,yes,2796ac50,train
DataSet_clean/yes/27b03931_nohash_0.wav,yes,27b03931,train
DataSet_clean/yes/27c24504_nohash_0.wav,yes,27c24504,train
DataSet_clean/yes/27c24504_nohash_1.wav,yes,27c24504,train
DataSet_clean/yes/27c24504_nohash_2.wav,yes,27c24504,train
DataSet_clean/yes/27c24504_nohash_3.wav,yes,27c24504,train
DataSet_clean/yes/27c24504_nohash_4.wav,yes,27c24504,train
DataSet_clean/yes/27c30960_nohash_0.wav,yes,27c30960,val
DataSet_clean/yes/283d7a53_nohash_0.wav,yes,283d7a53,train
DataSet_clean/yes/28460a60_nohash_0.wav,yes,28460a60,test
DataSet_clean/yes/28460a60_nohash_1.wav,yes,28460a60,test
DataSet_clean/yes/28460a60_nohash_2.wav,yes,28460a60,test
DataSet_clean/yes/28612180_nohash_0.wav,yes,28612180,val
DataSet_clean/yes/28ce0c58_nohash_0.wav,yes,28ce0c58,train
DataSet_clean/yes/28ce0c58_nohash_1.wav,yes,28ce0c58,train
DataSet_clean/yes/28ce0c58_nohash_2.wav,yes,28ce0c58,train
DataSet_clean/yes/28ce0c58_nohash_3.wav,yes,28ce0c58,train
DataSet_clean/yes/28ce0c58_nohash_4.wav,yes,28ce0c58,train
DataSet_clean/yes/28e47b1a_nohash_0.wav,yes,28e47b1a,val
DataSet_clean/yes/28e47b1a_nohash_1.wav,yes,28e47b1a,val
DataSet_clean/yes/28e47b1a_nohash_2.wav,yes,28e47b1a,val
DataSet_clean/yes/28e47b1a_nohash_3.wav,yes,28e47b1a,val
DataSet_clean/yes/28e47b1a_nohash_4.wav,yes,28e47b1a,val
DataSet_clean/yes/28ed6bc9_nohash_0.wav,yes,28ed6bc9,train
DataSet_clean/yes/28ed6bc9_nohash_1.wav,yes,28ed6bc9,train
DataSet_clean/yes/28ed6bc9_nohash_2.wav,yes,28ed6bc9,train
DataSet_clean/yes/28ed6bc9_nohash_3.wav,yes,28ed6bc9,train
DataSet_clean/yes/28ed6bc9_nohash_4.wav,yes,28ed6bc9,train
DataSet_clean/yes/29229c21_nohash_0.wav,yes,29229c21,val
DataSet_clean/yes/29229c21_nohash_1.wav,yes,29229c21,val
DataSet_clean/yes/29229c21_nohash_2.wav,yes,29229c21,val
DataSet_clean/yes/29229c21_nohash_3.wav,yes,29229c21,val
DataSet_clean/yes/29229c21_nohash_4.wav,yes,29229c21,val
DataSet_clean/yes/2927c601_nohash_0.wav,yes,2927c601,val
DataSet_clean/yes/2927c601_nohash_1.wav,yes,2927c601,val
DataSet_clean/yes/2927c601_nohash_2.wav,yes,2927c601,val
DataSet_clean/yes/2927c601_nohash_3.wav,yes,2927c601,val
DataSet_clean/yes/2927c601_nohash_4.wav,yes,2927c601,val
DataSet_clean/yes/29b81b73_nohash_0.wav,yes,29b81b73,train
DataSet_clean/yes/29dce108_nohash_0.wav,yes,29dce108,val
DataSet_clean/yes/29dce108_nohash_1.wav,yes,29dce108,val
DataSet_clean/yes/29dce108_nohash_2.wav,yes,29dce108,val
DataSet_clean/yes/29dce108_nohash_3.wav,yes,29dce108,val
DataSet_clean/yes/29dce108_nohash_4.wav,yes,29dce108,val
DataSet_clean/yes/29fb33da_nohash_0.wav,yes,29fb33da,test
DataSet_clean/yes/29fb33da_nohash_1.wav,yes,29fb33da,test
DataSet_clean/yes/29fb33da_nohash_2.wav,yes,29fb33da,test
DataSet_clean/yes/29fb33da_nohash_3.wav,yes,29fb33da,test
DataSet_clean/yes/29fb33da_nohash_4.wav,yes,29fb33da,test
DataSet_clean/yes/2a0b413e_nohash_0.wav,yes,2a0b413e,train
DataSet_clean/yes/2a1f4853_nohash_0.wav,yes,2a1f4853,train
DataSet_clean/yes/2a1f4853_nohash_1.wav,yes,2a1f4853,train
DataSet_clean/yes/2a1f4853_nohash_2.wav,yes,2a1f4853,train
DataSet_clean/yes/2a1f4853_nohash_3.wav,yes,2a1f4853,train
DataSet_clean/yes/2a89ad5c_nohash_0.wav,yes,2a89ad5c,train
DataSet_clean/yes/2a89ad5c_nohash_1.wav,yes,2a89ad5c,train
DataSet_clean/yes/2aca1e72_nohash_0.wav,yes,2aca1e72,train
DataSet_clean/yes/2aca1e72_nohash_1.wav,yes,2aca1e72,train
DataSet_clean/yes/2aca1e72_nohash_2.wav,yes,2aca1e72,train
DataSet_clean/yes/2aca1e72_nohash_3.wav,yes,2aca1e72,train
DataSet_clean/yes/2aca1e72_nohash_4.wav,yes,2aca1e72,train
DataSet_clean/yes/2aca1e72_nohash_5.wav,yes,2aca1e72,train
DataSet_clean/yes/2aca1e72_nohash_6.wav,yes,2aca1e72,train
DataSet_clean/yes/2aca1e72_nohash_7.wav,yes,2aca1e72,train
DataSet_clean/yes/2aec99ec_nohash_0.wav,yes,2aec99ec,test
DataSet_clean/yes/2b3f509b_nohash_0.wav,yes,2b3f509b,val
DataSet_clean/yes/2b5e346d_nohash_0.wav,yes,2b5e346d,train
DataSet_clean/yes/2b5e346d_nohash_1.wav,yes,2b5e346d,train
DataSet_clean/yes/2b5e346d_nohash_2.wav,yes,2b5e346d,train
DataSet_clean/yes/2b5e346d_nohash_3.wav,yes,2b5e346d,train
DataSet_clean/yes/2b5e346d_nohash_4.wav,yes,2b5e346d,train
DataSet_clean/yes/2ba8c7a4_nohash_0.wav,yes,2ba8c7a4,test
DataSet_clean/yes/2bd2cad5_nohash_0.wav,yes,2bd2cad5,test
DataSet_clean/yes/2bdbe5f7_nohash_0.wav,yes,2bdbe5f7,train
DataSet_clean/yes/2bdbe5f7_nohash_1.wav,yes,2bdbe5f7,train
DataSet_clean/yes/2bdbe5f7_nohash_2.wav,yes,2bdbe5f7,train
DataSet_clean/yes/2bdbe5f7_nohash_3.wav,yes,2bdbe5f7,train
DataSet_clean/yes/2bdbe5f7_nohash_4.wav,yes,2bdbe5f7,train
DataSet_clean/yes/2be08ce4_nohash_0.wav,yes,2be08ce4,train
DataSet_clean/yes/2be08ce4_nohash_1.wav,yes,2be08ce4,train
DataSet_clean/yes/2bfe70ef_nohash_0.wav,yes,2bfe70ef,train
DataSet_clean/yes/2c6446f7_nohash_0.wav,yes,2c6446f7,train
DataSet_clean/yes/2c6446f7_nohash_1.wav,yes,2c6446f7,train
DataSet_clean/yes/2c6d3924_nohash_0.wav,yes,2c6d3924,test
DataSet_clean/yes/2c6d3924_nohash_1.wav,yes,2c6d3924,test
DataSet_clean/yes/2c727642_nohash_0.wav,yes,2c727642,train
DataSet_clean/yes/2c727642_nohash_1.wav,yes,2c727642,train
DataSet_clean/yes/2cec1d47_nohash_0.wav,yes,2cec1d47,train
DataSet_clean/yes/2cec1d47_nohash_1.wav,yes,2cec1d47,train
DataSet_clean/yes/2cf28b70_nohash_0.wav,yes,2cf28b70,train
DataSet_clean/yes/2d82a556_nohash_0.wav,yes,2d82a556,val
DataSet_clean/yes/2da58b32_nohash_0.wav,yes,2da58b32,train
DataSet_clean/yes/2da58b32_nohash_1.wav,yes,2da58b32,train
DataSet_clean/yes/2da58b32_nohash_2.wav,yes,2da58b32,train
DataSet_clean/yes/2da58b32_nohash_3.wav,yes,2da58b32,train
DataSet_clean/yes/2da58b32_nohash_4.wav,yes,2da58b32,train
DataSet_clean/yes/2dc4f05d_nohash_0.wav,yes,2dc4f05d,train
DataSet_clean/yes/2dc4f05d_nohash_1.wav,yes,2dc4f05d,train
DataSet_clean/yes/2dcb6848_nohash_0.wav,yes,2dcb6848,train
DataSet_clean/yes/2dce72b3_nohash_0.wav,yes,2dce72b3,train
DataSet_clean/yes/2dce72b3_nohash_1.wav,yes,2dce72b3,train
DataSet_clean/yes/2df590cd_nohash_0.wav,yes,2df590cd,train
DataSet_clean/yes/2e0d80f7_nohash_0.wav,yes,2e0d80f7,test
DataSet_clean/yes/2e30f9a5_nohash_0.wav,yes,2e30f9a5,train
DataSet_clean/yes/2e75d37a_nohash_0.wav,yes,2e75d37a,val
DataSet_clean/yes/2e75d37a_nohash_1.wav,yes,2e75d37a,val
DataSet_clean/yes/2e75d37a_nohash_2.wav,yes,2e75d37a,val
DataSet_clean/yes/2e75d37a_nohash_3.wav,yes,2e75d37a,val
DataSet_clean/yes/2e75d37a_nohash_4.wav,yes,2e75d37a,val
DataSet_clean/yes/2e7fac30_nohash_0.wav,yes,2e7fac30,train
DataSet_clean/yes/2e8c59f7_nohash_0.wav,yes,2e8c59f7,train
DataSet_clean/yes/2eff6fb9_nohash_0.wav,yes,2eff6fb9,train
DataSet_clean/yes/2f0a410b_nohash_0.wav,yes,2f0a410b,train
DataSet_clean/yes/2f0a410b_nohash_1.wav,yes,2f0a410b,train
DataSet_clean/yes/2f0ce4d9_nohash_0.wav,yes,2f0ce4d9,train
DataSet_clean/yes/2f0ce4d9_nohash_1.wav,yes,2f0ce4d9,train
DataSet_clean/yes/2f0ce4d9_nohash_2.wav,yes,2f0ce4d9,train
DataSet_clean/yes/2f0ce4d9_nohash_3.wav,yes,2f0ce4d9,train
DataSet_clean/yes/2f0ce4d9_nohash_4.wav,yes,2f0ce4d9,train
DataSet_clean/yes/2f666bb2_nohash_0.wav,yes,2f666bb2,test
DataSet_clean/yes/2f813234_nohash_0.wav,yes,2f813234,train
DataSet_clean/yes/2fcb6397_nohash_0.wav,yes,2fcb6397,test
DataSet_clean/yes/2fcb6397_nohash_1.wav,yes,2fcb6397,test
DataSet_clean/yes/2fcb6397_nohash_2.wav,yes,2fcb6397,test
DataSet_clean/yes/2fcb6397_nohash_3.wav,yes,2fcb6397,test
DataSet_clean/yes/2fee065a_nohash_0.wav,yes,2fee065a,train
DataSet_clean/yes/2fee065a_nohash_1.wav,yes,2fee065a,train
DataSet_clean/yes/2fee065a_nohash_2.wav,yes,2fee065a,train
DataSet_clean/yes/2fee065a_nohash_3.wav,yes,2fee065a,train
DataSet_clean/yes/2fee065a_nohash_4.wav,yes,2fee065a,train
DataSet_clean/yes/300384f0_nohash_0.wav,yes,300384f0,test
DataSet_clean/yes/30060aba_nohash_0.wav,yes,30060aba,train
DataSet_clean/yes/30060aba_nohash_1.wav,yes,30060aba,train
DataSet_clean/yes/30060aba_nohash_2.wav,yes,30060aba,train
DataSet_clean/yes/30060aba_nohash_3.wav,yes,30060aba,train
DataSet_clean/yes/30060aba_nohash_4.wav,yes,30060aba,train
DataSet_clean/yes/30065f33_nohash_0.wav,yes,30065f33,test
DataSet_clean/yes/3006c271_nohash_0.wav,yes,3006c271,train
DataSet_clean/yes/30137d34_nohash_0.wav,yes,30137d34,train
DataSet_clean/yes/30137d34_nohash_1.wav,yes,30137d34,train
DataSet_clean/yes/30137d34_nohash_2.wav,yes,30137d34,train
DataSet_clean/yes/30276d03_nohash_0.wav,yes,30276d03,train
DataSet_clean/yes/30276d03_nohash_1.wav,yes,30276d03,train
DataSet_clean/yes/30276d03_nohash_2.wav,yes,30276d03,train
DataSet_clean/yes/30276d03_nohash_3.wav,yes,30276d03,train
DataSet_clean/yes/30276d03_nohash_4.wav,yes,30276d03,train
DataSet_clean/yes/30802c5d_nohash_0.wav,yes,30802c5d,val
DataSet_clean/yes/30a09789_nohash_0.wav,yes,30a09789,train
DataSet_clean/yes/30a09789_nohash_1.wav,yes,30a09789,train
DataSet_clean/yes/30f6e665_nohash_0.wav,yes,30f6e665,train
DataSet_clean/yes/3102f006_nohash_0.wav,yes,3102f006,train
DataSet_clean/yes/3102f006_nohash_1.wav,yes,3102f006,train
DataSet_clean/yes/3102f006_nohash_2.wav,yes,3102f006,train
DataSet_clean/yes/3102f006_nohash_3.wav,yes,3102f006,train
DataSet_clean/yes/3102f006_nohash_4.wav,yes,3102f006,train
DataSet_clean/yes/3108acca_nohash_0.wav,yes,3108acca,train
DataSet_clean/yes/3108acca_nohash_1.wav,yes,3108acca,train
DataSet_clean/yes/3108acca_nohash_2.wav,yes,3108acca,train
DataSet_clean/yes/3108acca_nohash_3.wav,yes,3108acca,train
DataSet_clean/yes/311fde72_nohash_0.wav,yes,311fde72,train
DataSet_clean/yes/311fde72_nohash_1.wav,yes,311fde72,train
DataSet_clean/yes/31267b59_nohash_0.wav,yes,31267b59,train
DataSet_clean/yes/31601aad_nohash_0.wav,yes,31601aad,test
DataSet_clean/yes/31ac8b88_nohash_0.wav,yes,31ac8b88,test
DataSet_clean/yes/31d31fa0_nohash_0.wav,yes,31d31fa0,train
DataSet_clean/yes/31d68957_nohash_0.wav,yes,31d68957,train
DataSet_clean/yes/31db232b_nohash_0.wav,yes,31db232b,train
DataSet_clean/yes/31db232b_nohash_1.wav,yes,31db232b,train
DataSet_clean/yes/31e686d2_nohash_0.wav,yes,31e686d2,train
DataSet_clean/yes/31e686d2_nohash_1.wav,yes,31e686d2,train
DataSet_clean/yes/31f01a8d_nohash_0.wav,yes,31f01a8d,train
DataSet_clean/yes/31f01a8d_nohash_1.wav,yes,31f01a8d,train
DataSet_clean/yes/31f01a8d_nohash_2.wav,yes,31f01a8d,train
DataSet_clean/yes/31f01a8d_nohash_3.wav,yes,31f01a8d,train
DataSet_clean/yes/31f01a8d_nohash_4.wav,yes,31f01a8d,train
DataSet_clean/yes/31fd5cf5_nohash_0.wav,yes,31fd5cf5,train
DataSet_clean/yes/31fd5cf5_nohash_1.wav,yes,31fd5cf5,train
DataSet_clean/yes/3209ec42_nohash_0.wav,yes,3209ec42,train
DataSet_clean/yes/3209ec42_nohash_1.wav,yes,3209ec42,train
DataSet_clean/yes/321aba74_nohash_0.wav,yes,321aba74,val
DataSet_clean/yes/321aba74_nohash_1.wav,yes,321aba74,val
DataSet_clean/yes/321aba74_nohash_2.wav,yes,321aba74,val
DataSet_clean/yes/321aba74_nohash_3.wav,yes,321aba74,val
DataSet_clean/yes/321aba74_nohash_4.wav,yes,321aba74,val
DataSet_clean/yes/322d17d3_nohash_0.wav,yes,322d17d3,train
DataSet_clean/yes/322d17d3_nohash_1.wav,yes,322d17d3,train
DataSet_clean/yes/322d17d3_nohash_2.wav,yes,322d17d3,train
DataSet_clean/yes/322d17d3_nohash_3.wav,yes,322d17d3,train
DataSet_clean/yes/322d17d3_nohash_4.wav,yes,322d17d3,train
DataSet_clean/yes/324210dd_nohash_0.wav,yes,324210dd,test
DataSet_clean/yes/324210dd_nohash_1.wav,yes,324210dd,test
DataSet_clean/yes/324210dd_nohash_2.wav,yes,324210dd,test
DataSet_clean/yes/324210dd_nohash_3.wav,yes,324210dd,test
DataSet_clean/yes/324210dd_nohash_4.wav,yes,324210dd,test
DataSet_clean/yes/324210dd_nohash_5.wav,yes,324210dd,test
DataSet_clean/yes/32561e9e_nohash_0.wav,yes,32561e9e,train
DataSet_clean/yes/32561e9e_nohash_1.wav,yes,32561e9e,train
DataSet_clean/yes/325a0c39_nohash_0.wav,yes,325a0c39,train
DataSet_clean/yes/327289eb_nohash_0.wav,yes,327289eb,train
DataSet_clean/yes/3291330e_nohash_0.wav,yes,3291330e,train
DataSet_clean/yes/3291330e_nohash_1.wav,yes,3291330e,train
DataSet_clean/yes/3291330e_nohash_2.wav,yes,3291330e,train
DataSet_clean/yes/3291330e_nohash_3.wav,yes,3291330e,train
DataSet_clean/yes/3291330e_nohash_4.wav,yes,3291330e,train
DataSet_clean/yes/32ad5b65_nohash_0.wav,yes,32ad5b65,test
DataSet_clean/yes/32ad5b65_nohash_1.wav,yes,32ad5b65,test
DataSet_clean/yes/32ad5b65_nohash_2.wav,yes,32ad5b65,test
DataSet_clean/yes/32ad5b65_nohash_3.wav,yes,32ad5b65,test
DataSet_clean/yes/32ad5b65_nohash_4.wav,yes,32ad5b65,test
DataSet_clean/yes/33246bc2_nohash_0.wav,yes,33246bc2,train
DataSet_clean/yes/332d33b1_nohash_0.wav,yes,332d33b1,train
DataSet_clean/yes/332d33b1_nohash_1.wav,yes,332d33b1,train
DataSet_clean/yes/332d33b1_nohash_2.wav,yes,332d33b1,train
DataSet_clean/yes/332d33b1_nohash_3.wav,yes,332d33b1,train
DataSet_clean/yes/333784b7_nohash_0.wav,yes,333784b7,train
DataSet_clean/yes/333784b7_nohash_1.wav,yes,333784b7,train
DataSet_clean/yes/333784b7_nohash_2.wav,yes,333784b7,train
DataSet_clean/yes/333784b7_nohash_3.wav,yes,333784b7,train
DataSet_clean/yes/333784b7_nohash_4.wav,yes,333784b7,train
DataSet_clean/yes/333d7ddb_nohash_0.wav,yes,333d7ddb,train
DataSet_clean/yes/333d7ddb_nohash_1.wav,yes,333d7ddb,train
DataSet_clean/yes/333d7ddb_nohash_2.wav,yes,333d7ddb,train
DataSet_clean/yes/3367cff6_nohash_0.wav,yes,3367cff6,train
DataSet_clean/yes/3389305e_nohash_0.wav,yes,3389305e,train
DataSet_clean/yes/3389305e_nohash_1.wav,yes,3389305e,train
DataSet_clean/yes/3389305e_nohash_2.wav,yes,3389305e,train
DataSet_clean/yes/33903159_nohash_0.wav,yes,33903159,train
DataSet_clean/yes/339f2c5c_nohash_0.wav,yes,339f2c5c,test
DataSet_clean/yes/339f2c5c_nohash_1.wav,yes,339f2c5c,test
DataSet_clean/yes/3402e488_nohash_0.wav,yes,3402e488,val
DataSet_clean/yes/3402e488_nohash_1.wav,yes,3402e488,val
DataSet_clean/yes/340c8b10_nohash_0.wav,yes,340c8b10,test
DataSet_clean/yes/34263ab3_nohash_0.wav,yes,34263ab3,train
DataSet_clean/yes/34263ab3_nohash_1.wav,yes,34263ab3,train
DataSet_clean/yes/34805883_nohash_0.wav,yes,34805883,train
DataSet_clean/yes/34d5aa5a_nohash_0.wav,yes,34d5aa5a,test
DataSet_clean/yes/34d5aa5a_nohash_1.wav,yes,34d5aa5a,test
DataSet_clean/yes/352ffbe3_nohash_0.wav,yes,352ffbe3,train
DataSet_clean/yes/353b4d33_nohash_0.wav,yes,353b4d33,train
DataSet_clean/yes/3565ca83_nohash_0.wav,yes,3565ca83,val
DataSet_clean/yes/3589bc72_nohash_0.wav,yes,3589bc72,train
DataSet_clean/yes/3589bc72_nohash_1.wav,yes,3589bc72,train
DataSet_clean/yes/3589bc72_nohash_2.wav,yes,3589bc72,train
DataSet_clean/yes/3589bc72_nohash_3.wav,yes,3589bc72,train
DataSet_clean/yes/35c29afe_nohash_0.wav,yes,35c29afe,val
DataSet_clean/yes/35d1b6ee_nohash_0.wav,yes,35d1b6ee,train
DataSet_clean/yes/35d1b6ee_nohash_1.wav,yes,35d1b6ee,train
DataSet_clean/yes/35d1b6ee_nohash_2.wav,yes,35d1b6ee,train
DataSet_clean/yes/35d1b6ee_nohash_3.wav,yes,35d1b6ee,train
DataSet_clean/yes/35d1b6ee_nohash_4.wav,yes,35d1b6ee,train
DataSet_clean/yes/36050ef3_nohash_0.wav,yes,36050ef3,train
DataSet_clean/yes/36050ef3_nohash_1.wav,yes,36050ef3,train
DataSet_clean/yes/36050ef3_nohash_2.wav,yes,36050ef3,train
DataSet_clean/yes/36050ef3_nohash_3.wav,yes,36050ef3,train
DataSet_clean/yes/363c6bad_nohash_0.wav,yes,363c6bad,train
DataSet_clean/yes/363c6bad_nohash_1.wav,yes,363c6bad,train
DataSet_clean/yes/363c6bad_nohash_2.wav,yes,363c6bad,train
DataSet_clean/yes/363c6bad_nohash_3.wav,yes,363c6bad,train
DataSet_clean/yes/363c6bad_nohash_4.wav,yes,363c6bad,train
DataSet_clean/yes/363c6bad_nohash_5.wav,yes,363c6bad,train
DataSet_clean/yes/364c0853_nohash_0.wav,yes,364c0853,train
DataSet_clean/yes/365531e2_nohash_0.wav,yes,365531e2,train
DataSet_clean/yes/365531e2_nohash_1.wav,yes,365531e2,train
DataSet_clean/yes/365908bd_nohash_0.wav,yes,365908bd,test
DataSet_clean/yes/365908bd_nohash_1.wav,yes,365908bd,test
DataSet_clean/yes/365908bd_nohash_2.wav,yes,365908bd,test
DataSet_clean/yes/365908bd_nohash_3.wav,yes,365908bd,test
DataSet_clean/yes/365908bd_nohash_4.wav,yes,365908bd,test
DataSet_clean/yes/368bedd4_nohash_0.wav,yes,368bedd4,train
DataSet_clean/yes/36de13e1_nohash_0.wav,yes,36de13e1,train
DataSet_clean/yes/36de13e1_nohash_1.wav,yes,36de13e1,train
DataSet_clean/yes/370844f7_nohash_0.wav,yes,370844f7,train
DataSet_clean/yes/370844f7_nohash_1.wav,yes,370844f7,train
DataSet_clean/yes/377e916b_nohash_0.wav,yes,377e916b,test
DataSet_clean/yes/37a3cd33_nohash_0.wav,yes,37a3cd33,train
DataSet_clean/yes/37d38e44_nohash_0.wav,yes,37d38e44,test
DataSet_clean/yes/37dca74f_nohash_0.wav,yes,37dca74f,train
DataSet_clean/yes/37dca74f_nohash_1.wav,yes,37dca74f,train
DataSet_clean/yes/37dca74f_nohash_2.wav,yes,37dca74f,train
DataSet_clean/yes/37dca74f_nohash_3.wav,yes,37dca74f,train
DataSet_clean/yes/37dca74f_nohash_4.wav,yes,37dca74f,train
DataSet_clean/yes/380abbad_nohash_0.wav,yes,380abbad,train
DataSet_clean/yes/3847619e_nohash_0.wav,yes,3847619e,test
DataSet_clean/yes/3847619e_nohash_1.wav,yes,3847619e,test
DataSet_clean/yes/38d78313_nohash_0.wav,yes,38d78313,train
DataSet_clean/yes/38d78313_nohash_1.wav,yes,38d78313,train
DataSet_clean/yes/38d78313_nohash_2.wav,yes,38d78313,train
DataSet_clean/yes/38d78313_nohash_3.wav,yes,38d78313,train
DataSet_clean/yes/3903b558_nohash_0.wav,yes,3903b558,val
DataSet_clean/yes/39543cfd_nohash_0.wav,yes,39543cfd,train
DataSet_clean/yes/39833acb_nohash_0.wav,yes,39833acb,train
DataSet_clean/yes/39833acb_nohash_1.wav,yes,39833acb,train
DataSet_clean/yes/39833acb_nohash_2.wav,yes,39833acb,train
DataSet_clean/yes/39833acb_nohash_3.wav,yes,39833acb,train
DataSet_clean/yes/39833acb_nohash_4.wav,yes,39833acb,train
DataSet_clean/yes/39999a0f_nohash_0.wav,yes,39999a0f,val
DataSet_clean/yes/39a12648_nohash_0.wav,yes,39a12648,train
DataSet_clean/yes/39a12648_nohash_1.wav,yes,39a12648,train
DataSet_clean/yes/39a12648_nohash_2.wav,yes,39a12648,train
DataSet_clean/yes/39a12648_nohash_3.wav,yes,39a12648,train
DataSet_clean/yes/39a45230_nohash_0.wav,yes,39a45230,train
DataSet_clean/yes/39a45230_nohash_1.wav,yes,39a45230,train
DataSet_clean/yes/39a6b995_nohash_0.wav,yes,39a6b995,train
DataSet_clean/yes/39afb88e_nohash_0.wav,yes,39afb88e,val
DataSet_clean/yes/39ec87ac_nohash_0.wav,yes,39ec87ac,train
DataSet_clean/yes/3a182c98_nohash_0.wav,yes,3a182c98,test
DataSet_clean/yes/3a182c98_nohash_1.wav,yes,3a182c98,test
DataSet_clean/yes/3a3ee7ed_nohash_0.wav,yes,3a3ee7ed,train
DataSet_clean/yes/3a3ee7ed_nohash_1.wav,yes,3a3ee7ed,train
DataSet_clean/yes/3a3ee7ed_nohash_2.wav,yes,3a3ee7ed,train
DataSet_clean/yes/3a3ee7ed_nohash_3.wav,yes,3a3ee7ed,train
DataSet_clean/yes/3a3ee7ed_nohash_4.wav,yes,3a3ee7ed,train
DataSet_clean/yes/3a69f765_nohash_0.wav,yes,3a69f765,val
DataSet_clean/yes/3a69f765_nohash_1.wav,yes,3a69f765,val
DataSet_clean/yes/3a69f765_nohash_2.wav,yes,3a69f765,val
DataSet_clean/yes/3a69f765_nohash_3.wav,yes,3a69f765,val
DataSet_clean/yes/3a69f765_nohash_4.wav,yes,3a69f765,val
DataSet_clean/yes/3a7d8872_nohash_0.wav,yes,3a7d8872,train
DataSet_clean/yes/3a929277_nohash_0.wav,yes,3a929277,val
DataSet_clean/yes/3a929277_nohash_1.wav,yes,3a929277,val
DataSet_clean/yes/3a929277_nohash_2.wav,yes,3a929277,val
DataSet_clean/yes/3a929277_nohash_3.wav,yes,3a929277,val
DataSet_clean/yes/3a929277_nohash_4.wav,yes,3a929277,val
DataSet_clean/yes/3aa6f4e2_nohash_0.wav,yes,3aa6f4e2,train
DataSet_clean/yes/3ab9ba07_nohash_0.wav,yes,3ab9ba07,train
DataSet_clean/yes/3ab9ba07_nohash_1.wav,yes,3ab9ba07,train
DataSet_clean/yes/3ab9ba07_nohash_2.wav,yes,3ab9ba07,train
DataSet_clean/yes/3ae5c04f_nohash_0.wav,yes,3ae5c04f,val
DataSet_clean/yes/3ae5c04f_nohash_1.wav,yes,3ae5c04f,val
DataSet_clean/yes/3b195250_nohash_0.wav,yes,3b195250,test
DataSet_clean/yes/3b195250_nohash_1.wav,yes,3b195250,test
DataSet_clean/yes/3b195250_nohash_2.wav,yes,3b195250,test
DataSet_clean/yes/3b195250_nohash_3.wav,yes,3b195250,test
DataSet_clean/yes/3b3d2f59_nohash_0.wav,yes,3b3d2f59,test
DataSet_clean/yes/3b3d2f59_nohash_1.wav,yes,3b3d2f59,test
DataSet_clean/yes/3b3d2f59_nohash_2.wav,yes,3b3d2f59,test
DataSet_clean/yes/3b3d2f59_nohash_3.wav,yes,3b3d2f59,test
DataSet_clean/yes/3b3d2f59_nohash_4.wav,yes,3b3d2f59,test
DataSet_clean/yes/3b3d2f59_nohash_5.wav,yes,3b3d2f59,test
DataSet_clean/yes/3b4f8f24_nohash_0.wav,yes,3b4f8f24,val
DataSet_clean/yes/3b4f8f24_nohash_1.wav,yes,3b4f8f24,val
DataSet_clean/yes/3b4f8f24_nohash_2.wav,yes,3b4f8f24,val
DataSet_clean/yes/3b4f8f24_nohash_3.wav,yes,3b4f8f24,val
DataSet_clean/yes/3b8406c0_nohash_0.wav,yes,3b8406c0,train
DataSet_clean/yes/3b8406c0_nohash_1.wav,yes,3b8406c0,train
DataSet_clean/yes/3b8406c0_nohash_2.wav,yes,3b8406c0,train
DataSet_clean/yes/3bb68054_nohash_0.wav,yes,3bb68054,train
DataSet_clean/yes/3bb68054_nohash_1.wav,yes,3bb68054,train
DataSet_clean/yes/3bb68054_nohash_2.wav,yes,3bb68054,train
DataSet_clean/yes/3bb68054_nohash_3.wav,yes,3bb68054,train
DataSet_clean/yes/3bc21161_nohash_0.wav,yes,3bc21161,train
DataSet_clean/yes/3bc21161_nohash_1.wav,yes,3bc21161,train
DataSet_clean/yes/3bc21161_nohash_2.wav,yes,3bc21161,train
DataSet_clean/yes/3bc21161_nohash_3.wav,yes,3bc21161,train
DataSet_clean/yes/3bfd30e6_nohash_0.wav,yes,3bfd30e6,train
DataSet_clean/yes/3bfd30e6_nohash_1.wav,yes,3bfd30e6,train
DataSet_clean/yes/3bfd30e6_nohash_2.wav,yes,3bfd30e6,train
DataSet_clean/yes/3bfd30e6_nohash_3.wav,yes,3bfd30e6,train
DataSet_clean/yes/3bfd30e6_nohash_4.wav,yes,3bfd30e6,train
DataSet_clean/yes/3c1e12cf_nohash_0.wav,yes,3c1e12cf,test
DataSet_clean/yes/3c1e12cf_nohash_1.wav,yes,3c1e12cf,test
DataSet_clean/yes/3c257192_nohash_0.wav,yes,3c257192,val
DataSet_clean/yes/3c257192_nohash_1.wav,yes,3c257192,val
DataSet_clean/yes/3c257192_nohash_2.wav,yes,3c257192,val
DataSet_clean/yes/3c257192_nohash_3.wav,yes,3c257192,val
DataSet_clean/yes/3c257192_nohash_4.wav,yes,3c257192,val
DataSet_clean/yes/3c4aa5ef_nohash_0.wav,yes,3c4aa5ef,train
DataSet_clean/yes/3c4aa5ef_nohash_1.wav,yes,3c4aa5ef,train
DataSet_clean/yes/3c4aa5ef_nohash_2.wav,yes,3c4aa5ef,train
DataSet_clean/yes/3c4aa5ef_nohash_3.wav,yes,3c4aa5ef,train
DataSet_clean/yes/3c4aa5ef_nohash_4.wav,yes,3c4aa5ef,train
DataSet_clean/yes/3c8836dc_nohash_0.wav,yes,3c8836dc,train
DataSet_clean/yes/3c8dc702_nohash_0.wav,yes,3c8dc702,val
DataSet_clean/yes/3ca784ec_nohash_0.wav,yes,3ca784ec,train
DataSet_clean/yes/3cc595de_nohash_0.wav,yes,3cc595de,test
DataSet_clean/yes/3cc595de_nohash_1.wav,yes,3cc595de,test
DataSet_clean/yes/3cc595de_nohash_2.wav,yes,3cc595de,test
DataSet_clean/yes/3cc595de_nohash_3.wav,yes,3cc595de,test
DataSet_clean/yes/3cc595de_nohash_4.wav,yes,3cc595de,test
DataSet_clean/yes/3cdecb0b_nohash_0.wav,yes,3cdecb0b,train
DataSet_clean/yes/3cdecb0b_nohash_1.wav,yes,3cdecb0b,train
DataSet_clean/yes/3ce4910e_nohash_0.wav,yes,3ce4910e,train
DataSet_clean/yes/3ce4910e_nohash_1.wav,yes,3ce4910e,train
DataSet_clean/yes/3ce4910e_nohash_2.wav,yes,3ce4910e,train
DataSet_clean/yes/3ce4910e_nohash_3.wav,yes,3ce4910e,train
DataSet_clean/yes/3ce4910e_nohash_4.wav,yes,3ce4910e,train
DataSet_clean/yes/3cfc6b3a_nohash_0.wav,yes,3cfc6b3a,train
DataSet_clean/yes/3d3ddaf8_nohash_0.wav,yes,3d3ddaf8,val
DataSet_clean/yes/3d53244b_nohash_0.wav,yes,3d53244b,train
DataSet_clean/yes/3d53244b_nohash_1.wav,yes,3d53244b,train
DataSet_clean/yes/3d53244b_nohash_2.wav,yes,3d53244b,train
DataSet_clean/yes/3d794813_nohash_0.wav,yes,3d794813,train
DataSet_clean/yes/3d794813_nohash_1.wav,yes,3d794813,train
DataSet_clean/yes/3d794813_nohash_2.wav,yes,3d794813,train
DataSet_clean/yes/3d794813_nohash_3.wav,yes,3d794813,train
DataSet_clean/yes/3d794813_nohash_4.wav,yes,3d794813,train
DataSet_clean/yes/3d86b69a_nohash_0.wav,yes,3d86b69a,train
DataSet_clean/yes/3d86b69a_nohash_1.wav,yes,3d86b69a,train
DataSet_clean/yes/3d86b69a_nohash_2.wav,yes,3d86b69a,train
DataSet_clean/yes/3d86b69a_nohash_3.wav,yes,3d86b69a,train
DataSet_clean/yes/3d9bbe2d_nohash_0.wav,yes,3d9bbe2d,val
DataSet_clean/yes/3d9bbe2d_nohash_1.wav,yes,3d9bbe2d,val
DataSet_clean/yes/3d9bbe2d_nohash_2.wav,yes,3d9bbe2d,val
DataSet_clean/yes/3d9bbe2d_nohash_3.wav,yes,3d9bbe2d,val
DataSet_clean/yes/3de53d23_nohash_0.wav,yes,3de53d23,train
DataSet_clean/yes/3df9a3d4_nohash_0.wav,yes,3df9a3d4,train
DataSet_clean/yes/3df9a3d4_nohash_1.wav,yes,3df9a3d4,train
DataSet_clean/yes/3e31dffe_nohash_0.wav,yes,3e31dffe,test
DataSet_clean/yes/3e31dffe_nohash_1.wav,yes,3e31dffe,test
DataSet_clean/yes/3e31dffe_nohash_2.wav,yes,3e31dffe,test
DataSet_clean/yes/3e31dffe_nohash_3.wav,yes,3e31dffe,test
DataSet_clean/yes/3e3fa7fd_nohash_0.wav,yes,3e3fa7fd,train
DataSet_clean/yes/3e3fa7fd_nohash_1.wav,yes,3e3fa7fd,train
DataSet_clean/yes/3e549219_nohash_0.wav,yes,3e549219,train
DataSet_clean/yes/3e549219_nohash_1.wav,yes,3e549219,train
DataSet_clean/yes/3ee0fc39_nohash_0.wav,yes,3ee0fc39,train
DataSet_clean/yes/3ee0fc39_nohash_1.wav,yes,3ee0fc39,train
DataSet_clean/yes/3ee0fc39_nohash_2.wav,yes,3ee0fc39,train
DataSet_clean/yes/3efa7ec4_nohash_0.wav,yes,3efa7ec4,train
DataSet_clean/yes/3f170018_nohash_0.wav,yes,3f170018,train
DataSet_clean/yes/3f45a0cf_nohash_0.wav,yes,3f45a0cf,train
DataSet_clean/yes/3f45a0cf_nohash_1.wav,yes,3f45a0cf,train
DataSet_clean/yes/3f45a0cf_nohash_2.wav,yes,3f45a0cf,train
DataSet_clean/yes/3f45a0cf_nohash_3.wav,yes,3f45a0cf,train
DataSet_clean/yes/3fb8c268_nohash_0.wav,yes,3fb8c268,train
DataSet_clean/yes/3fdafe25_nohash_0.wav,yes,3fdafe25,test
DataSet_clean/yes/3ffa3457_nohash_0.wav,yes,3ffa3457,test
DataSet_clean/yes/40115b19_nohash_0.wav,yes,40115b19,val
DataSet_clean/yes/40115b19_nohash_1.wav,yes,40115b19,val
DataSet_clean/yes/402e2977_nohash_0.wav,yes,402e2977,val
DataSet_clean/yes/402e2977_nohash_1.wav,yes,402e2977,val
DataSet_clean/yes/40738a2d_nohash_0.wav,yes,40738a2d,train
DataSet_clean/yes/40738a2d_nohash_1.wav,yes,40738a2d,train
DataSet_clean/yes/40738a2d_nohash_2.wav,yes,40738a2d,train
DataSet_clean/yes/40738a2d_nohash_3.wav,yes,40738a2d,train
DataSet_clean/yes/40738a2d_nohash_4.wav,yes,40738a2d,train
DataSet_clean/yes/408de0a4_nohash_0.wav,yes,408de0a4,val
DataSet_clean/yes/409c962a_nohash_0.wav,yes,409c962a,train
DataSet_clean/yes/41285056_nohash_0.wav,yes,41285056,test
DataSet_clean/yes/41285056_nohash_1.wav,yes,41285056,test
DataSet_clean/yes/41285056_nohash_2.wav,yes,41285056,test
DataSet_clean/yes/41285056_nohash_3.wav,yes,41285056,test
DataSet_clean/yes/41285056_nohash_4.wav,yes,41285056,test
DataSet_clean/yes/413997c1_nohash_0.wav,yes,413997c1,test
DataSet_clean/yes/413997c1_nohash_1.wav,yes,413997c1,test
DataSet_clean/yes/413bcfe1_nohash_0.wav,yes,413bcfe1,test
DataSet_clean/yes/41474817_nohash_0.wav,yes,41474817,train
DataSet_clean/yes/41474817_nohash_1.wav,yes,41474817,train
DataSet_clean/yes/41777abb_nohash_0.wav,yes,41777abb,train
DataSet_clean/yes/41dce6f5_nohash_0.wav,yes,41dce6f5,val
DataSet_clean/yes/421ed23f_nohash_0.wav,yes,421ed23f,train
DataSet_clean/yes/421ed23f_nohash_1.wav,yes,421ed23f,train
DataSet_clean/yes/422d3197_nohash_0.wav,yes,422d3197,test
DataSet_clean/yes/422f8cf1_nohash_0.wav,yes,422f8cf1,train
DataSet_clean/yes/4249c833_nohash_0.wav,yes,4249c833,train
DataSet_clean/yes/4249c833_nohash_1.wav,yes,4249c833,train
DataSet_clean/yes/4290ca61_nohash_0.wav,yes,4290ca61,train
DataSet_clean/yes/4290ca61_nohash_1.wav,yes,4290ca61,train
DataSet_clean/yes/42a99aec_nohash_0.wav,yes,42a99aec,train
DataSet_clean/yes/42a99aec_nohash_1.wav,yes,42a99aec,train
DataSet_clean/yes/42a99aec_nohash_2.wav,yes,42a99aec,train
DataSet_clean/yes/42a99aec_nohash_3.wav,yes,42a99aec,train
DataSet_clean/yes/42a99aec_nohash_4.wav,yes,42a99aec,train
DataSet_clean/yes/42beb5eb_nohash_0.wav,yes,42beb5eb,train
DataSet_clean/yes/42beb5eb_nohash_1.wav,yes,42beb5eb,train
DataSet_clean/yes/42ccb57a_nohash_0.wav,yes,42ccb57a,train
DataSet_clean/yes/42e3f068_nohash_0.wav,yes,42e3f068,train
DataSet_clean/yes/42f81601_nohash_0.wav,yes,42f81601,test
DataSet_clean/yes/42f81601_nohash_1.wav,yes,42f81601,test
DataSet_clean/yes/42f81601_nohash_2.wav,yes,42f81601,test
DataSet_clean/yes/42f81601_nohash_3.wav,yes,42f81601,test
DataSet_clean/yes/4340d369_nohash_0.wav,yes,4340d369,train
DataSet_clean/yes/434a267c_nohash_0.wav,yes,434a267c,val
DataSet_clean/yes/435695e3_nohash_0.wav,yes,435695e3,train
DataSet_clean/yes/435695e3_nohash_1.wav,yes,435695e3,train
DataSet_clean/yes/435695e3_nohash_2.wav,yes,435695e3,train
DataSet_clean/yes/435695e3_nohash_3.wav,yes,435695e3,train
DataSet_clean/yes/435f9f9e_nohash_0.wav,yes,435f9f9e,train
DataSet_clean/yes/43691f67_nohash_0.wav,yes,43691f67,test
DataSet_clean/yes/43691f67_nohash_1.wav,yes,43691f67,test
DataSet_clean/yes/43691f67_nohash_2.wav,yes,43691f67,test
DataSet_clean/yes/43691f67_nohash_3.wav,yes,43691f67,test
DataSet_clean/yes/439c84f4_nohash_0.wav,yes,439c84f4,test
DataSet_clean/yes/439c84f4_nohash_1.wav,yes,439c84f4,test
DataSet_clean/yes/439c84f4_nohash_2.wav,yes,439c84f4,test
DataSet_clean/yes/439c84f4_nohash_3.wav,yes,439c84f4,test
DataSet_clean/yes/439c84f4_nohash_4.wav,yes,439c84f4,test
DataSet_clean/yes/43fc47a7_nohash_0.wav,yes,43fc47a7,train
DataSet_clean/yes/43fc47a7_nohash_1.wav,yes,43fc47a7,train
DataSet_clean/yes/446a3161_nohash_0.wav,yes,446a3161,train
DataSet_clean/yes/44715c1c_nohash_0.wav,yes,44715c1c,train
DataSet_clean/yes/44bc77f7_nohash_0.wav,yes,44bc77f7,train
DataSet_clean/yes/44bc77f7_nohash_1.wav,yes,44bc77f7,train
DataSet_clean/yes/44c201dd_nohash_0.wav,yes,44c201dd,train
DataSet_clean/yes/44dad20e_nohash_0.wav,yes,44dad20e,train
DataSet_clean/yes/44e9d8d2_nohash_0.wav,yes,44e9d8d2,train
DataSet_clean/yes/44f68a83_nohash_0.wav,yes,44f68a83,train
DataSet_clean/yes/44f68a83_nohash_1.wav,yes,44f68a83,train
DataSet_clean/yes/45692b02_nohash_0.wav,yes,45692b02,train
DataSet_clean/yes/45692b02_nohash_1.wav,yes,45692b02,train
DataSet_clean/yes/45692b02_nohash_2.wav,yes,45692b02,train
DataSet_clean/yes/45692b02_nohash_3.wav,yes,45692b02,train
DataSet_clean/yes/45692b02_nohash_4.wav,yes,45692b02,train
DataSet_clean/yes/459345ea_nohash_0.wav,yes,459345ea,train
DataSet_clean/yes/459345ea_nohash_1.wav,yes,459345ea,train
DataSet_clean/yes/460209ac_nohash_0.wav,yes,460209ac,val
DataSet_clean/yes/460209ac_nohash_1.wav,yes,460209ac,val
DataSet_clean/yes/460209ac_nohash_2.wav,yes,460209ac,val
DataSet_clean/yes/460209ac_nohash_3.wav,yes,460209ac,val
DataSet_clean/yes/460f2bad_nohash_0.wav,yes,460f2bad,test
DataSet_clean/yes/4620dc14_nohash_0.wav,yes,4620dc14,test
DataSet_clean/yes/462dca36_nohash_0.wav,yes,462dca36,test
DataSet_clean/yes/462e1919_nohash_0.wav,yes,462e1919,val
DataSet_clean/yes/462e1919_nohash_1.wav,yes,462e1919,val
DataSet_clean/yes/462e1919_nohash_2.wav,yes,462e1919,val
DataSet_clean/yes/4634529e_nohash_0.wav,yes,4634529e,train
DataSet_clean/yes/4634529e_nohash_1.wav,yes,4634529e,train
DataSet_clean/yes/4634529e_nohash_2.wav,yes,4634529e,train
DataSet_clean/yes/4649256f_nohash_0.wav,yes,4649256f,train
DataSet_clean/yes/46a153d8_nohash_0.wav,yes,46a153d8,val
DataSet_clean/yes/46a153d8_nohash_1.wav,yes,46a153d8,val
DataSet_clean/yes/46a153d8_nohash_2.wav,yes,46a153d8,val
DataSet_clean/yes/46a153d8_nohash_3.wav,yes,46a153d8,val
DataSet_clean/yes/46a153d8_nohash_4.wav,yes,46a153d8,val
DataSet_clean/yes/471a0925_nohash_0.wav,yes,471a0925,test
DataSet_clean/yes/471a0925_nohash_1.wav,yes,471a0925,test
DataSet_clean/yes/471a0925_nohash_2.wav,yes,471a0925,test
DataSet_clean/yes/471a0925_nohash_3.wav,yes,471a0925,test
DataSet_clean/yes/471a0925_nohash_4.wav,yes,471a0925,test
DataSet_clean/yes/472b8045_nohash_0.wav,yes,472b8045,train
DataSet_clean/yes/472b8045_nohash_1.wav,yes,472b8045,train
DataSet_clean/yes/472b8045_nohash_2.wav,yes,472b8045,train
DataSet_clean/yes/472b8045_nohash_3.wav,yes,472b8045,train
DataSet_clean/yes/472b8045_nohash_4.wav,yes,472b8045,train
DataSet_clean/yes/47565088_nohash_0.wav,yes,47565088,train
DataSet_clean/yes/475b61f1_nohash_0.wav,yes,475b61f1,train
DataSet_clean/yes/47d01978_nohash_0.wav,yes,47d01978,val
DataSet_clean/yes/483e2a6f_nohash_0.wav,yes,483e2a6f,test
DataSet_clean/yes/483e2a6f_nohash_1.wav,yes,483e2a6f,test
DataSet_clean/yes/4845bb10_nohash_0.wav,yes,4845bb10,train
DataSet_clean/yes/4845bb10_nohash_1.wav,yes,4845bb10,train
DataSet_clean/yes/48a8a69d_nohash_0.wav,yes,48a8a69d,test
DataSet_clean/yes/48a8a69d_nohash_1.wav,yes,48a8a69d,test
DataSet_clean/yes/48a9f771_nohash_0.wav,yes,48a9f771,train
DataSet_clean/yes/48bdc11c_nohash_0.wav,yes,48bdc11c,train
DataSet_clean/yes/48bfde8e_nohash_0.wav,yes,48bfde8e,train
DataSet_clean/yes/48bfde8e_nohash_1.wav,yes,48bfde8e,train
DataSet_clean/yes/493392c6_nohash_0.wav,yes,493392c6,train
DataSet_clean/yes/493392c6_nohash_1.wav,yes,493392c6,train
DataSet_clean/yes/4954abe8_nohash_0.wav,yes,4954abe8,train
DataSet_clean/yes/4954abe8_nohash_1.wav,yes,4954abe8,train
DataSet_clean/yes/4995d875_nohash_0.wav,yes,4995d875,train
DataSet_clean/yes/4995d875_nohash_1.wav,yes,4995d875,train
DataSet_clean/yes/4995d875_nohash_2.wav,yes,4995d875,train
DataSet_clean/yes/4995d875_nohash_3.wav,yes,4995d875,train
DataSet_clean/yes/499be02e_nohash_0.wav,yes,499be02e,train
DataSet_clean/yes/499be02e_nohash_1.wav,yes,499be02e,train
DataSet_clean/yes/499be02e_nohash_2.wav,yes,499be02e,train
DataSet_clean/yes/499be02e_nohash_3.wav,yes,499be02e,train
DataSet_clean/yes/499be02e_nohash_4.wav,yes,499be02e,train
DataSet_clean/yes/4a0e2c16_nohash_0.wav,yes,4a0e2c16,train
DataSet_clean/yes/4a1e736b_nohash_0.wav,yes,4a1e736b,val
DataSet_clean/yes/4a1e736b_nohash_1.wav,yes,4a1e736b,val
DataSet_clean/yes/4a1e736b_nohash_2.wav,yes,4a1e736b,val
DataSet_clean/yes/4a1e736b_nohash_3.wav,yes,4a1e736b,val
DataSet_clean/yes/4a1e736b_nohash_4.wav,yes,4a1e736b,val
DataSet_clean/yes/4a4e28f1_nohash_0.wav,yes,4a4e28f1,train
DataSet_clean/yes/4abb2400_nohash_0.wav,yes,4abb2400,val
DataSet_clean/yes/4abefdf5_nohash_0.wav,yes,4abefdf5,train
DataSet_clean/yes/4b25f620_nohash_0.wav,yes,4b25f620,train
DataSet_clean/yes/4b25f620_nohash_1.wav,yes,4b25f620,train
DataSet_clean/yes/4b25f620_nohash_2.wav,yes,4b25f620,train
DataSet_clean/yes/4b3a7ad5_nohash_0.wav,yes,4b3a7ad5,val
DataSet_clean/yes/4b3a7ad5_nohash_1.wav,yes,4b3a7ad5,val
DataSet_clean/yes/4bb1244f_nohash_0.wav,yes,4bb1244f,train
DataSet_clean/yes/4bc2c2c5_nohash_0.wav,yes,4bc2c2c5,train
DataSet_clean/yes/4bc2c2c5_nohash_1.wav,yes,4bc2c2c5,train
DataSet_clean/yes/4bc2c2c5_nohash_2.wav,yes,4bc2c2c5,train
DataSet_clean/yes/4bc2c2c5_nohash_3.wav,yes,4bc2c2c5,train
DataSet_clean/yes/4bc2c2c5_nohash_4.wav,yes,4bc2c2c5,train
DataSet_clean/yes/4beff0c5_nohash_0.wav,yes,4beff0c5,train
DataSet_clean/yes/4beff0c5_nohash_1.wav,yes,4beff0c5,train
DataSet_clean/yes/4beff0c5_nohash_2.wav,yes,4beff0c5,train
DataSet_clean/yes/4c13fe25_nohash_0.wav,yes,4c13fe25,train
DataSet_clean/yes/4c3cddb8_nohash_0.wav,yes,4c3cddb8,train
DataSet_clean/yes/4c3cddb8_nohash_1.wav,yes,4c3cddb8,train
DataSet_clean/yes/4c3cddb8_nohash_2.wav,yes,4c3cddb8,train
DataSet_clean/yes/4c3cddb8_nohash_3.wav,yes,4c3cddb8,train
DataSet_clean/yes/4c3cddb8_nohash_4.wav,yes,4c3cddb8,train
DataSet_clean/yes/4c594e0f_nohash_0.wav,yes,4c594e0f,train
DataSet_clean/yes/4c6167ca_nohash_0.wav,yes,4c6167ca,train
DataSet_clean/yes/4c6167ca_nohash_1.wav,yes,4c6167ca,train
DataSet_clean/yes/4c6167ca_nohash_2.wav,yes,4c6167ca,train
DataSet_clean/yes/4c6167ca_nohash_3.wav,yes,4c6167ca,train
DataSet_clean/yes/4c6167ca_nohash_4.wav,yes,4c6167ca,train
DataSet_clean/yes/4c6167ca_nohash_5.wav,yes,4c6167ca,train
DataSet_clean/yes/4c6167ca_nohash_6.wav,yes,4c6167ca,train
DataSet_clean/yes/4c6167ca_nohash_7.wav,yes,4c6167ca,train
DataSet_clean/yes/4c6167ca_nohash_8.wav,yes,4c6167ca,train
DataSet_clean/yes/4c62312c_nohash_0.wav,yes,4c62312c,train
DataSet_clean/yes/4c6944d6_nohash_0.wav,yes,4c6944d6,train
DataSet_clean/yes/4c6944d6_nohash_1.wav,yes,4c6944d6,train
DataSet_clean/yes/4c6944d6_nohash_2.wav,yes,4c6944d6,train
DataSet_clean/yes/4c6944d6_nohash_3.wav,yes,4c6944d6,train
DataSet_clean/yes/4c6944d6_nohash_4.wav,yes,4c6944d6,train
DataSet_clean/yes/4c6944d6_nohash_5.wav,yes,4c6944d6,train
DataSet_clean/yes/4c6944d6_nohash_6.wav,yes,4c6944d6,train
DataSet_clean/yes/4ca37738_nohash_0.wav,yes,4ca37738,test
DataSet_clean/yes/4cee0c60_nohash_0.wav,yes,4cee0c60,test
DataSet_clean/yes/4cee0c60_nohash_1.wav,yes,4cee0c60,test
DataSet_clean/yes/4cee0c60_nohash_2.wav,yes,4cee0c60,test
DataSet_clean/yes/4cee0c60_nohash_3.wav,yes,4cee0c60,test
DataSet_clean/yes/4cee0c60_nohash_4.wav,yes,4cee0c60,test
DataSet_clean/yes/4d0d9906_nohash_0.wav,yes,4d0d9906,train
DataSet_clean/yes/4d4e17f5_nohash_0.wav,yes,4d4e17f5,train
DataSet_clean/yes/4d9e07cf_nohash_0.wav,yes,4d9e07cf,test
DataSet_clean/yes/4def68db_nohash_0.wav,yes,4def68db,train
DataSet_clean/yes/4def68db_nohash_1.wav,yes,4def68db,train
DataSet_clean/yes/4e02d62d_nohash_0.wav,yes,4e02d62d,train
DataSet_clean/yes/4e02d62d_nohash_1.wav,yes,4e02d62d,train
DataSet_clean/yes/4e02d62d_nohash_2.wav,yes,4e02d62d,train
DataSet_clean/yes/4e6902d0_nohash_0.wav,yes,4e6902d0,train
DataSet_clean/yes/4e6902d0_nohash_1.wav,yes,4e6902d0,train
DataSet_clean/yes/4e6902d0_nohash_2.wav,yes,4e6902d0,train
DataSet_clean/yes/4e6902d0_nohash_3.wav,yes,4e6902d0,train
DataSet_clean/yes/4e6902d0_nohash_4.wav,yes,4e6902d0,train
DataSet_clean/yes/4e8c5516_nohash_0.wav,yes,4e8c5516,train
DataSet_clean/yes/4e8c5516_nohash_1.wav,yes,4e8c5516,train
DataSet_clean/yes/4e99c1b7_nohash_0.wav,yes,4e99c1b7,test
DataSet_clean/yes/4e99c1b7_nohash_1.wav,yes,4e99c1b7,test
DataSet_clean/yes/4e99c1b7_nohash_2.wav,yes,4e99c1b7,test
DataSet_clean/yes/4e99c1b7_nohash_3.wav,yes,4e99c1b7,test
DataSet_clean/yes/4ec7d027_nohash_0.wav,yes,4ec7d027,train
DataSet_clean/yes/4f086393_nohash_0.wav,yes,4f086393,train
DataSet_clean/yes/4f256313_nohash_0.wav,yes,4f256313,train
DataSet_clean/yes/4f256313_nohash_1.wav,yes,4f256313,train
DataSet_clean/yes/4f2ab70c_nohash_0.wav,yes,4f2ab70c,val
DataSet_clean/yes/4f2be90f_nohash_0.wav,yes,4f2be90f,train
DataSet_clean/yes/4f8ef132_nohash_0.wav,yes,4f8ef132,train
DataSet_clean/yes/4fce7686_nohash_0.wav,yes,4fce7686,train
DataSet_clean/yes/4fd1443e_nohash_0.wav,yes,4fd1443e,val
DataSet_clean/yes/4fd1443e_nohash_1.wav,yes,4fd1443e,val
DataSet_clean/yes/4fd1443e_nohash_2.wav,yes,4fd1443e,val
DataSet_clean/yes/4fd1443e_nohash_3.wav,yes,4fd1443e,val
DataSet_clean/yes/4fd1443e_nohash_4.wav,yes,4fd1443e,val
DataSet_clean/yes/508e30ee_nohash_0.wav,yes,508e30ee,test
DataSet_clean/yes/508e30ee_nohash_1.wav,yes,508e30ee,test
DataSet_clean/yes/508e30ee_nohash_2.wav,yes,508e30ee,test
DataSet_clean/yes/508e30ee_nohash_3.wav,yes,508e30ee,test
DataSet_clean/yes/508e30ee_nohash_4.wav,yes,508e30ee,test
DataSet_clean/yes/508e30ee_nohash_5.wav,yes,508e30ee,test
DataSet_clean/yes/508e30ee_nohash_6.wav,yes,508e30ee,test
DataSet_clean/yes/50928b05_nohash_0.wav,yes,50928b05,train
DataSet_clean/yes/50d1c8e3_nohash_0.wav,yes,50d1c8e3,train
DataSet_clean/yes/50ed8a7b_nohash_0.wav,yes,50ed8a7b,test
DataSet_clean/yes/50ed8a7b_nohash_1.wav,yes,50ed8a7b,test
DataSet_clean/yes/50ed8a7b_nohash_2.wav,yes,50ed8a7b,test
DataSet_clean/yes/50f55535_nohash_0.wav,yes,50f55535,train
DataSet_clean/yes/50f55535_nohash_1.wav,yes,50f55535,train
DataSet_clean/yes/5104f2f4_nohash_0.wav,yes,5104f2f4,train
DataSet_clean/yes/51055bda_nohash_0.wav,yes,51055bda,val
DataSet_clean/yes/51055bda_nohash_1.wav,yes,51055bda,val
DataSet_clean/yes/51055bda_nohash_2.wav,yes,51055bda,val
DataSet_clean/yes/51055bda_nohash_3.wav,yes,51055bda,val
DataSet_clean/yes/51055bda_nohash_4.wav,yes,51055bda,val
DataSet_clean/yes/513aeddf_nohash_0.wav,yes,513aeddf,val
DataSet_clean/yes/513aeddf_nohash_1.wav,yes,513aeddf,val
DataSet_clean/yes/513aeddf_nohash_2.wav,yes,513aeddf,val
DataSet_clean/yes/513aeddf_nohash_3.wav,yes,513aeddf,val
DataSet_clean/yes/5165cf0a_nohash_0.wav,yes,5165cf0a,train
DataSet_clean/yes/5165cf0a_nohash_1.wav,yes,5165cf0a,train
DataSet_clean/yes/5170b77f_nohash_0.wav,yes,5170b77f,train
DataSet_clean/yes/5170b77f_nohash_1.wav,yes,5170b77f,train
DataSet_clean/yes/5170b77f_nohash_2.wav,yes,5170b77f,train
DataSet_clean/yes/5170b77f_nohash_3.wav,yes,5170b77f,train
DataSet_clean/yes/5170b77f_nohash_4.wav,yes,5170b77f,train
DataSet_clean/yes/5184ed3e_nohash_0.wav,yes,5184ed3e,test
DataSet_clean/yes/5184ed3e_nohash_1.wav,yes,5184ed3e,test
DataSet_clean/yes/518588b6_nohash_0.wav,yes,518588b6,train
DataSet_clean/yes/5188de0d_nohash_0.wav,yes,5188de0d,test
DataSet_clean/yes/5188de0d_nohash_1.wav,yes,5188de0d,test
DataSet_clean/yes/5195f0ec_nohash_0.wav,yes,5195f0ec,train
DataSet_clean/yes/51995cea_nohash_0.wav,yes,51995cea,val
DataSet_clean/yes/51995cea_nohash_1.wav,yes,51995cea,val
DataSet_clean/yes/51c5601d_nohash_0.wav,yes,51c5601d,train
DataSet_clean/yes/51c5601d_nohash_1.wav,yes,51c5601d,train
DataSet_clean/yes/51c5601d_nohash_2.wav,yes,51c5601d,train
DataSet_clean/yes/51c5601d_nohash_3.wav,yes,51c5601d,train
DataSet_clean/yes/51c5601d_nohash_4.wav,yes,51c5601d,train
DataSet_clean/yes/51f7a034_nohash_0.wav,yes,51f7a034,train
DataSet_clean/yes/51f7a034_nohash_1.wav,yes,51f7a034,train
DataSet_clean/yes/51f7a034_nohash_2.wav,yes,51f7a034,train
DataSet_clean/yes/51f7a034_nohash_3.wav,yes,51f7a034,train
DataSet_clean/yes/51f7a034_nohash_4.wav,yes,51f7a034,train
DataSet_clean/yes/520e8c0e_nohash_0.wav,yes,520e8c0e,train
DataSet_clean/yes/52162b51_nohash_0.wav,yes,52162b51,train
DataSet_clean/yes/52162b51_nohash_1.wav,yes,52162b51,train
DataSet_clean/yes/52162b51_nohash_2.wav,yes,52162b51,train
DataSet_clean/yes/52162b51_nohash_3.wav,yes,52162b51,train
DataSet_clean/yes/52162b51_nohash_4.wav,yes,52162b51,train
DataSet_clean/yes/525eaa62_nohash_0.wav,yes,525eaa62,test
DataSet_clean/yes/525eaa62_nohash_1.wav,yes,525eaa62,test
DataSet_clean/yes/525eaa62_nohash_2.wav,yes,525eaa62,test
DataSet_clean/yes/525eaa62_nohash_3.wav,yes,525eaa62,test
DataSet_clean/yes/525eaa62_nohash_4.wav,yes,525eaa62,test
DataSet_clean/yes/528f9242_nohash_0.wav,yes,528f9242,train
DataSet_clean/yes/528f9242_nohash_1.wav,yes,528f9242,train
DataSet_clean/yes/52bfbce8_nohash_0.wav,yes,52bfbce8,train
DataSet_clean/yes/52bfbce8_nohash_1.wav,yes,52bfbce8,train
DataSet_clean/yes/52e228e9_nohash_0.wav,yes,52e228e9,train
DataSet_clean/yes/530306f5_nohash_0.wav,yes,530306f5,train
DataSet_clean/yes/530306f5_nohash_1.wav,yes,530306f5,train
DataSet_clean/yes/530306f5_nohash_2.wav,yes,530306f5,train
DataSet_clean/yes/53578f4e_nohash_0.wav,yes,53578f4e,test
DataSet_clean/yes/53578f4e_nohash_1.wav,yes,53578f4e,test
DataSet_clean/yes/53d5b86f_nohash_0.wav,yes,53d5b86f,test
DataSet_clean/yes/53d5b86f_nohash_1.wav,yes,53d5b86f,test
DataSet_clean/yes/541120c7_nohash_0.wav,yes,541120c7,val
DataSet_clean/yes/542f38a2_nohash_0.wav,yes,542f38a2,train
DataSet_clean/yes/54ad8f22_nohash_0.wav,yes,54ad8f22,train
DataSet_clean/yes/54ad8f22_nohash_1.wav,yes,54ad8f22,train
DataSet_clean/yes/54ad8f22_nohash_2.wav,yes,54ad8f22,train
DataSet_clean/yes/54ad8f22_nohash_3.wav,yes,54ad8f22,train
DataSet_clean/yes/54ad8f22_nohash_4.wav,yes,54ad8f22,train
DataSet_clean/yes/54aecbd5_nohash_0.wav,yes,54aecbd5,test
DataSet_clean/yes/54aecbd5_nohash_1.wav,yes,54aecbd5,test
DataSet_clean/yes/54aecbd5_nohash_2.wav,yes,54aecbd5,test
DataSet_clean/yes/54aecbd5_nohash_3.wav,yes,54aecbd5,test
DataSet_clean/yes/54aecbd5_nohash_4.wav,yes,54aecbd5,test
DataSet_clean/yes/54b6d355_nohash_0.wav,yes,54b6d355,train
DataSet_clean/yes/54b6d355_nohash_1.wav,yes,54b6d355,train
DataSet_clean/yes/54b6d355_nohash_2.wav,yes,54b6d355,train
DataSet_clean/yes/54d9ccb5_nohash_0.wav,yes,54d9ccb5,val
DataSet_clean/yes/54d9ccb5_nohash_1.wav,yes,54d9ccb5,val
DataSet_clean/yes/54d9ccb5_nohash_2.wav,yes,54d9ccb5,val
DataSet_clean/yes/553f1a79_nohash_0.wav,yes,553f1a79,train
DataSet_clean/yes/553f1a79_nohash_1.wav,yes,553f1a79,train
DataSet_clean/yes/55463c16_nohash_0.wav,yes,55463c16,train
DataSet_clean/yes/5588c7e6_nohash_0.wav,yes,5588c7e6,train
DataSet_clean/yes/559bc36a_nohash_0.wav,yes,559bc36a,train
DataSet_clean/yes/559bc36a_nohash_1.wav,yes,559bc36a,train
DataSet_clean/yes/559bc36a_nohash_2.wav,yes,559bc36a,train
DataSet_clean/yes/559bc36a_nohash_3.wav,yes,559bc36a,train
DataSet_clean/yes/55d3725a_nohash_0.wav,yes,55d3725a,train
DataSet_clean/yes/55d3725a_nohash_1.wav,yes,55d3725a,train
DataSet_clean/yes/55feffd5_nohash_0.wav,yes,55feffd5,train
DataSet_clean/yes/563aa4e6_nohash_0.wav,yes,563aa4e6,train
DataSet_clean/yes/563aa4e6_nohash_1.wav,yes,563aa4e6,train
DataSet_clean/yes/563aa4e6_nohash_2.wav,yes,563aa4e6,train
DataSet_clean/yes/563aa4e6_nohash_3.wav,yes,563aa4e6,train
DataSet_clean/yes/563aa4e6_nohash_4.wav,yes,563aa4e6,train
DataSet_clean/yes/5677ec77_nohash_0.wav,yes,5677ec77,train
DataSet_clean/yes/56abe7dc_nohash_0.wav,yes,56abe7dc,val
DataSet_clean/yes/56abe7dc_nohash_1.wav,yes,56abe7dc,val
DataSet_clean/yes/56abe7dc_nohash_2.wav,yes,56abe7dc,val
DataSet_clean/yes/56cd307a_nohash_0.wav,yes,56cd307a,val
DataSet_clean/yes/56cd307a_nohash_1.wav,yes,56cd307a,val
DataSet_clean/yes/56eb74ae_nohash_0.wav,yes,56eb74ae,train
DataSet_clean/yes/56eb74ae_nohash_1.wav,yes,56eb74ae,train
DataSet_clean/yes/56eb74ae_nohash_2.wav,yes,56eb74ae,train
DataSet_clean/yes/56eb74ae_nohash_3.wav,yes,56eb74ae,train
DataSet_clean/yes/56eb74ae_nohash_4.wav,yes,56eb74ae,train
DataSet_clean/yes/56f78b7e_nohash_0.wav,yes,56f78b7e,train
DataSet_clean/yes/56f8a100_nohash_0.wav,yes,56f8a100,train
DataSet_clean/yes/5705a0f9_nohash_0.wav,yes,5705a0f9,test
DataSet_clean/yes/5705a0f9_nohash_1.wav,yes,5705a0f9,test
DataSet_clean/yes/57152045_nohash_0.wav,yes,57152045,train
DataSet_clean/yes/57152045_nohash_1.wav,yes,57152045,train
DataSet_clean/yes/57152045_nohash_2.wav,yes,57152045,train
DataSet_clean/yes/57152045_nohash_3.wav,yes,57152045,train
DataSet_clean/yes/57152045_nohash_4.wav,yes,57152045,train
DataSet_clean/yes/57152045_nohash_5.wav,yes,57152045,train
DataSet_clean/yes/57376a4c_nohash_0.wav,yes,57376a4c,train
DataSet_clean/yes/573cdb8a_nohash_0.wav,yes,573cdb8a,val
DataSet_clean/yes/5769c5ab_nohash_0.wav,yes,5769c5ab,train
DataSet_clean/yes/5769c5ab_nohash_1.wav,yes,5769c5ab,train
DataSet_clean/yes/5769c5ab_nohash_2.wav,yes,5769c5ab,train
DataSet_clean/yes/5769c5ab_nohash_3.wav,yes,5769c5ab,train
DataSet_clean/yes/5769c5ab_nohash_4.wav,yes,5769c5ab,train
DataSet_clean/yes/578d3efb_nohash_0.wav,yes,578d3efb,train
DataSet_clean/yes/578d3efb_nohash_1.wav,yes,578d3efb,train
DataSet_clean/yes/578d3efb_nohash_2.wav,yes,578d3efb,train
DataSet_clean/yes/578d3efb_nohash_3.wav,yes,578d3efb,train
DataSet_clean/yes/578d3efb_nohash_4.wav,yes,578d3efb,train
DataSet_clean/yes/57b38f48_nohash_0.wav,yes,57b38f48,train
DataSet_clean/yes/57cb3575_nohash_0.wav,yes,57cb3575,val
DataSet_clean/yes/57cb3575_nohash_1.wav,yes,57cb3575,val
DataSet_clean/yes/57de2379_nohash_0.wav,yes,57de2379,train
DataSet_clean/yes/5828dfa2_nohash_0.wav,yes,5828dfa2,val
DataSet_clean/yes/587f3271_nohash_0.wav,yes,587f3271,train
DataSet_clean/yes/589bce2c_nohash_0.wav,yes,589bce2c,val
DataSet_clean/yes/589bce2c_nohash_1.wav,yes,589bce2c,val
DataSet_clean/yes/58df33b5_nohash_0.wav,yes,58df33b5,train
DataSet_clean/yes/58df33b5_nohash_1.wav,yes,58df33b5,train
DataSet_clean/yes/59b98a22_nohash_0.wav,yes,59b98a22,train
DataSet_clean/yes/59b98a22_nohash_1.wav,yes,59b98a22,train
DataSet_clean/yes/59c3a7f2_nohash_0.wav,yes,59c3a7f2,test
DataSet_clean/yes/5a3712c9_nohash_0.wav,yes,5a3712c9,train
DataSet_clean/yes/5a5721f8_nohash_0.wav,yes,5a5721f8,test
DataSet_clean/yes/5a5721f8_nohash_1.wav,yes,5a5721f8,test
DataSet_clean/yes/5a5721f8_nohash_2.wav,yes,5a5721f8,test
DataSet_clean/yes/5a5721f8_nohash_3.wav,yes,5a5721f8,test
DataSet_clean/yes/5a98d407_nohash_0.wav,yes,5a98d407,train
DataSet_clean/yes/5a98d407_nohash_1.wav,yes,5a98d407,train
DataSet_clean/yes/5a98d407_nohash_2.wav,yes,5a98d407,train
DataSet_clean/yes/5a98d407_nohash_3.wav,yes,5a98d407,train
DataSet_clean/yes/5ab63b0a_nohash_0.wav,yes,5ab63b0a,val
DataSet_clean/yes/5af0ca83_nohash_0.wav,yes,5af0ca83,train
DataSet_clean/yes/5b09db89_nohash_0.wav,yes,5b09db89,train
DataSet_clean/yes/5b09db89_nohash_1.wav,yes,5b09db89,train
DataSet_clean/yes/5b09db89_nohash_2.wav,yes,5b09db89,train
DataSet_clean/yes/5b09db89_nohash_3.wav,yes,5b09db89,train
DataSet_clean/yes/5b1db3ee_nohash_0.wav,yes,5b1db3ee,val
DataSet_clean/yes/5b26c81b_nohash_0.wav,yes,5b26c81b,test
DataSet_clean/yes/5b32733e_nohash_0.wav,yes,5b32733e,train
DataSet_clean/yes/5c237956_nohash_0.wav,yes,5c237956,train
DataSet_clean/yes/5c39594f_nohash_0.wav,yes,5c39594f,train
DataSet_clean/yes/5c39594f_nohash_1.wav,yes,5c39594f,train
DataSet_clean/yes/5c39594f_nohash_2.wav,yes,5c39594f,train
DataSet_clean/yes/5c39594f_nohash_3.wav,yes,5c39594f,train
DataSet_clean/yes/5c39594f_nohash_4.wav,yes,5c39594f,train
DataSet_clean/yes/5c43ac9f_nohash_0.wav,yes,5c43ac9f,train
DataSet_clean/yes/5c8af87a_nohash_0.wav,yes,5c8af87a,train
DataSet_clean/yes/5c8af87a_nohash_1.wav,yes,5c8af87a,train
DataSet_clean/yes/5c8af87a_nohash_2.wav,yes,5c8af87a,train
DataSet_clean/yes/5c8af87a_nohash_3.wav,yes,5c8af87a,train
DataSet_clean/yes/5cf1ecce_nohash_0.wav,yes,5cf1ecce,train
DataSet_clean/yes/5cf1ecce_nohash_1.wav,yes,5cf1ecce,train
DataSet_clean/yes/5cf1ecce_nohash_2.wav,yes,5cf1ecce,train
DataSet_clean/yes/5cf1ecce_nohash_3.wav,yes,5cf1ecce,train
DataSet_clean/yes/5cf1ecce_nohash_4.wav,yes,5cf1ecce,train
DataSet_clean/yes/5d0ab165_nohash_0.wav,yes,5d0ab165,val
DataSet_clean/yes/5d0ab165_nohash_1.wav,yes,5d0ab165,val
DataSet_clean/yes/5d4e3bb8_nohash_0.wav,yes,5d4e3bb8,train
DataSet_clean/yes/5d9bb361_nohash_0.wav,yes,5d9bb361,test
DataSet_clean/yes/5de3f6cc_nohash_0.wav,yes,5de3f6cc,train
DataSet_clean/yes/5e033479_nohash_0.wav,yes,5e033479,val
DataSet_clean/yes/5e3b7a84_nohash_0.wav,yes,5e3b7a84,test
DataSet_clean/yes/5e3dde6b_nohash_0.wav,yes,5e3dde6b,train
DataSet_clean/yes/5e3dde6b_nohash_1.wav,yes,5e3dde6b,train
DataSet_clean/yes/5e3dde6b_nohash_2.wav,yes,5e3dde6b,train
DataSet_clean/yes/5e3dde6b_nohash_3.wav,yes,5e3dde6b,train
DataSet_clean/yes/5e3dde6b_nohash_4.wav,yes,5e3dde6b,train
DataSet_clean/yes/5eb5fc74_nohash_0.wav,yes,5eb5fc74,train
DataSet_clean/yes/5eb5fc74_nohash_1.wav,yes,5eb5fc74,train
DataSet_clean/yes/5ebc1cda_nohash_0.wav,yes,5ebc1cda,test
DataSet_clean/yes/5ebc1cda_nohash_1.wav,yes,5ebc1cda,test
DataSet_clean/yes/5ebc1cda_nohash_2.wav,yes,5ebc1cda,test
DataSet_clean/yes/5ebc1cda_nohash_3.wav,yes,5ebc1cda,test
DataSet_clean/yes/5ebc1cda_nohash_4.wav,yes,5ebc1cda,test
DataSet_clean/yes/5f1b1051_nohash_0.wav,yes,5f1b1051,test
DataSet_clean/yes/5f1b1051_nohash_1.wav,yes,5f1b1051,test
DataSet_clean/yes/5f47fdf9_nohash_0.wav,yes,5f47fdf9,val
DataSet_clean/yes/5f5eef60_nohash_0.wav,yes,5f5eef60,train
DataSet_clean/yes/5f5eef60_nohash_1.wav,yes,5f5eef60,train
DataSet_clean/yes/5f5eef60_nohash_2.wav,yes,5f5eef60,train
DataSet_clean/yes/5f5eef60_nohash_3.wav,yes,5f5eef60,train
DataSet_clean/yes/5f5eef60_nohash_4.wav,yes,5f5eef60,train
DataSet_clean/yes/5f8097e1_nohash_0.wav,yes,5f8097e1,test
DataSet_clean/yes/5f8097e1_nohash_1.wav,yes,5f8097e1,test
DataSet_clean/yes/5f8097e1_nohash_2.wav,yes,5f8097e1,test
DataSet_clean/yes/5f8097e1_nohash_3.wav,yes,5f8097e1,test
DataSet_clean/yes/5f814c23_nohash_0.wav,yes,5f814c23,train
DataSet_clean/yes/5f814c23_nohash_1.wav,yes,5f814c23,train
DataSet_clean/yes/5f814c23_nohash_2.wav,yes,5f814c23,train
DataSet_clean/yes/5f9cd2eb_nohash_0.wav,yes,5f9cd2eb,train
DataSet_clean/yes/5f9cd2eb_nohash_1.wav,yes,5f9cd2eb,train
DataSet_clean/yes/5f9cd2eb_nohash_2.wav,yes,5f9cd2eb,train
DataSet_clean/yes/5f9cd2eb_nohash_3.wav,yes,5f9cd2eb,train
DataSet_clean/yes/5f9cd2eb_nohash_4.wav,yes,5f9cd2eb,train
DataSet_clean/yes/5f9cd2eb_nohash_5.wav,yes,5f9cd2eb,train
DataSet_clean/yes/5fadb538_nohash_0.wav,yes,5fadb538,train
DataSet_clean/yes/5fadb538_nohash_1.wav,yes,5fadb538,train
DataSet_clean/yes/5fadb538_nohash_2.wav,yes,5fadb538,train
DataSet_clean/yes/5fadb538_nohash_3.wav,yes,5fadb538,train
DataSet_clean/yes/5fadb538_nohash_4.wav,yes,5fadb538,train
DataSet_clean/yes/5fb88f4c_nohash_0.wav,yes,5fb88f4c,train
DataSet_clean/yes/5fc3ed24_nohash_0.wav,yes,5fc3ed24,val
DataSet_clean/yes/5fe4a278_nohash_0.wav,yes,5fe4a278,train
DataSet_clean/yes/5fe4a278_nohash_1.wav,yes,5fe4a278,train
DataSet_clean/yes/5ff3f9a1_nohash_0.wav,yes,5ff3f9a1,train
DataSet_clean/yes/5ff3f9a1_nohash_1.wav,yes,5ff3f9a1,train
DataSet_clean/yes/60402b64_nohash_0.wav,yes,60402b64,train
DataSet_clean/yes/60472d26_nohash_0.wav,yes,60472d26,test
DataSet_clean/yes/60472d26_nohash_1.wav,yes,60472d26,test
DataSet_clean/yes/6071a214_nohash_0.wav,yes,6071a214,test
DataSet_clean/yes/6078eb0d_nohash_0.wav,yes,6078eb0d,train
DataSet_clean/yes/608473c9_nohash_0.wav,yes,608473c9,train
DataSet_clean/yes/6094340e_nohash_0.wav,yes,6094340e,val
DataSet_clean/yes/6094340e_nohash_1.wav,yes,6094340e,val
DataSet_clean/yes/611d2b50_nohash_0.wav,yes,611d2b50,train
DataSet_clean/yes/611d2b50_nohash_1.wav,yes,611d2b50,train
DataSet_clean/yes/611d2b50_nohash_2.wav,yes,611d2b50,train
DataSet_clean/yes/611d2b50_nohash_3.wav,yes,611d2b50,train
DataSet_clean/yes/6124b431_nohash_0.wav,yes,6124b431,test
DataSet_clean/yes/6124b431_nohash_1.wav,yes,6124b431,test
DataSet_clean/yes/61482e52_nohash_0.wav,yes,61482e52,test
DataSet_clean/yes/61482e52_nohash_1.wav,yes,61482e52,test
DataSet_clean/yes/61482e52_nohash_2.wav,yes,61482e52,test
DataSet_clean/yes/61482e52_nohash_3.wav,yes,61482e52,test
DataSet_clean/yes/61482e52_nohash_4.wav,yes,61482e52,test
DataSet_clean/yes/616420be_nohash_0.wav,yes,616420be,train
DataSet_clean/yes/616420be_nohash_1.wav,yes,616420be,train
DataSet_clean/yes/616420be_nohash_2.wav,yes,616420be,train
DataSet_clean/yes/616420be_nohash_3.wav,yes,616420be,train
DataSet_clean/yes/617aeb6c_nohash_0.wav,yes,617aeb6c,test
DataSet_clean/yes/617aeb6c_nohash_1.wav,yes,617aeb6c,test
DataSet_clean/yes/617aeb6c_nohash_2.wav,yes,617aeb6c,test
DataSet_clean/yes/617aeb6c_nohash_3.wav,yes,617aeb6c,test
DataSet_clean/yes/617aeb6c_nohash_4.wav,yes,617aeb6c,test
DataSet_clean/yes/617de221_nohash_0.wav,yes,617de221,train
DataSet_clean/yes/617de221_nohash_1.wav,yes,617de221,train
DataSet_clean/yes/617de221_nohash_2.wav,yes,617de221,train
DataSet_clean/yes/617de221_nohash_3.wav,yes,617de221,train
DataSet_clean/yes/617de221_nohash_4.wav,yes,617de221,train
DataSet_clean/yes/619b5164_nohash_0.wav,yes,619b5164,val
DataSet_clean/yes/619b5164_nohash_1.wav,yes,619b5164,val
DataSet_clean/yes/61a9f72a_nohash_0.wav,yes,61a9f72a,train
DataSet_clean/yes/61ab8fbc_nohash_0.wav,yes,61ab8fbc,test
DataSet_clean/yes/61ab8fbc_nohash_1.wav,yes,61ab8fbc,test
DataSet_clean/yes/61ab8fbc_nohash_2.wav,yes,61ab8fbc,test
DataSet_clean/yes/61ab8fbc_nohash_3.wav,yes,61ab8fbc,test
DataSet_clean/yes/61ab8fbc_nohash_4.wav,yes,61ab8fbc,test
DataSet_clean/yes/61abbf52_nohash_0.wav,yes,61abbf52,train
DataSet_clean/yes/61abbf52_nohash_1.wav,yes,61abbf52,train
DataSet_clean/yes/61abbf52_nohash_2.wav,yes,61abbf52,train
DataSet_clean/yes/61abbf52_nohash_3.wav,yes,61abbf52,train
DataSet_clean/yes/61abbf52_nohash_4.wav,yes,61abbf52,train
DataSet_clean/yes/61bcb275_nohash_0.wav,yes,61bcb275,val
DataSet_clean/yes/61bcb275_nohash_1.wav,yes,61bcb275,val
DataSet_clean/yes/61d3e51e_nohash_0.wav,yes,61d3e51e,test
DataSet_clean/yes/61e2f74f_nohash_0.wav,yes,61e2f74f,val
DataSet_clean/yes/61e2f74f_nohash_1.wav,yes,61e2f74f,val
DataSet_clean/yes/61e2f74f_nohash_2.wav,yes,61e2f74f,val
DataSet_clean/yes/61e2f74f_nohash_3.wav,yes,61e2f74f,val
DataSet_clean/yes/61e2f74f_nohash_4.wav,yes,61e2f74f,val
DataSet_clean/yes/6205088b_nohash_0.wav,yes,6205088b,train
DataSet_clean/yes/6205088b_nohash_1.wav,yes,6205088b,train
DataSet_clean/yes/6205088b_nohash_2.wav,yes,6205088b,train
DataSet_clean/yes/620ff0fa_nohash_0.wav,yes,620ff0fa,train
DataSet_clean/yes/62581901_nohash_0.wav,yes,62581901,train
DataSet_clean/yes/62581901_nohash_1.wav,yes,62581901,train
DataSet_clean/yes/62605293_nohash_0.wav,yes,62605293,val
DataSet_clean/yes/62641b88_nohash_0.wav,yes,62641b88,train
DataSet_clean/yes/626e323f_nohash_0.wav,yes,626e323f,train
DataSet_clean/yes/6272b231_nohash_0.wav,yes,6272b231,train
DataSet_clean/yes/6272b231_nohash_1.wav,yes,6272b231,train
DataSet_clean/yes/627c0bec_nohash_0.wav,yes,627c0bec,train
DataSet_clean/yes/62b7c848_nohash_0.wav,yes,62b7c848,val
DataSet_clean/yes/62ccd358_nohash_0.wav,yes,62ccd358,val
DataSet_clean/yes/62ef962d_nohash_0.wav,yes,62ef962d,val
DataSet_clean/yes/62ef962d_nohash_1.wav,yes,62ef962d,val
DataSet_clean/yes/62ef962d_nohash_2.wav,yes,62ef962d,val
DataSet_clean/yes/62f05757_nohash_0.wav,yes,62f05757,test
DataSet_clean/yes/62f05757_nohash_1.wav,yes,62f05757,test
DataSet_clean/yes/62f05757_nohash_2.wav,yes,62f05757,test
DataSet_clean/yes/62f05757_nohash_3.wav,yes,62f05757,test
DataSet_clean/yes/62f05757_nohash_4.wav,yes,62f05757,test
DataSet_clean/yes/6301e683_nohash_0.wav,yes,6301e683,test
DataSet_clean/yes/6347b393_nohash_0.wav,yes,6347b393,train
DataSet_clean/yes/6347b393_nohash_1.wav,yes,6347b393,train
DataSet_clean/yes/6379c6a2_nohash_0.wav,yes,6379c6a2,train
DataSet_clean/yes/637c702a_nohash_0.wav,yes,637c702a,train
DataSet_clean/yes/637c702a_nohash_1.wav,yes,637c702a,train
DataSet_clean/yes/637c702a_nohash_2.wav,yes,637c702a,train
DataSet_clean/yes/637c702a_nohash_3.wav,yes,637c702a,train
DataSet_clean/yes/638548d5_nohash_0.wav,yes,638548d5,train
DataSet_clean/yes/63996b7c_nohash_0.wav,yes,63996b7c,train
DataSet_clean/yes/63f042c6_nohash_0.wav,yes,63f042c6,test
DataSet_clean/yes/63f7a489_nohash_0.wav,yes,63f7a489,val
DataSet_clean/yes/63f7a489_nohash_1.wav,yes,63f7a489,val
DataSet_clean/yes/63f7a489_nohash_2.wav,yes,63f7a489,val
DataSet_clean/yes/63f7a489_nohash_3.wav,yes,63f7a489,val
DataSet_clean/yes/63f7a489_nohash_4.wav,yes,63f7a489,val
DataSet_clean/yes/6414258b_nohash_0.wav,yes,6414258b,train
DataSet_clean/yes/645ed69d_nohash_0.wav,yes,645ed69d,val
DataSet_clean/yes/645ed69d_nohash_1.wav,yes,645ed69d,val
DataSet_clean/yes/645ed69d_nohash_2.wav,yes,645ed69d,val
DataSet_clean/yes/645ed69d_nohash_3.wav,yes,645ed69d,val
DataSet_clean/yes/645ed69d_nohash_4.wav,yes,645ed69d,val
DataSet_clean/yes/64a80906_nohash_0.wav,yes,64a80906,train
DataSet_clean/yes/64da5281_nohash_0.wav,yes,64da5281,test
DataSet_clean/yes/64da5281_nohash_1.wav,yes,64da5281,test
DataSet_clean/yes/64df20d8_nohash_0.wav,yes,64df20d8,test
DataSet_clean/yes/64df20d8_nohash_1.wav,yes,64df20d8,test
DataSet_clean/yes/64df20d8_nohash_2.wav,yes,64df20d8,test
DataSet_clean/yes/64df20d8_nohash_3.wav,yes,64df20d8,test
DataSet_clean/yes/64df20d8_nohash_4.wav,yes,64df20d8,test
DataSet_clean/yes/64e48f55_nohash_0.wav,yes,64e48f55,train
DataSet_clean/yes/64e48f55_nohash_1.wav,yes,64e48f55,train
DataSet_clean/yes/64e48f55_nohash_2.wav,yes,64e48f55,train
DataSet_clean/yes/65040d9b_nohash_0.wav,yes,65040d9b,val
DataSet_clean/yes/65040d9b_nohash_1.wav,yes,65040d9b,val
DataSet_clean/yes/65079685_nohash_0.wav,yes,65079685,train
DataSet_clean/yes/650daf8e_nohash_0.wav,yes,650daf8e,train
DataSet_clean/yes/651d108f_nohash_0.wav,yes,651d108f,train
DataSet_clean/yes/652b3da7_nohash_0.wav,yes,652b3da7,train
DataSet_clean/yes/652b3da7_nohash_1.wav,yes,652b3da7,train
DataSet_clean/yes/653a48f5_nohash_0.wav,yes,653a48f5,test
DataSet_clean/yes/6565a81d_nohash_0.wav,yes,6565a81d,val
DataSet_clean/yes/6565a81d_nohash_1.wav,yes,6565a81d,val
DataSet_clean/yes/6565a81d_nohash_2.wav,yes,6565a81d,val
DataSet_clean/yes/6565a81d_nohash_3.wav,yes,6565a81d,val
DataSet_clean/yes/6565a81d_nohash_4.wav,yes,6565a81d,val
DataSet_clean/yes/656e8bb3_nohash_0.wav,yes,656e8bb3,train
DataSet_clean/yes/65846c5f_nohash_0.wav,yes,65846c5f,train
DataSet_clean/yes/65846c5f_nohash_1.wav,yes,65846c5f,train
DataSet_clean/yes/659b7fae_nohash_0.wav,yes,659b7fae,test
DataSet_clean/yes/65c73b55_nohash_0.wav,yes,65c73b55,train
DataSet_clean/yes/65d81c54_nohash_0.wav,yes,65d81c54,train
DataSet_clean/yes/65d844fc_nohash_0.wav,yes,65d844fc,train
DataSet_clean/yes/65ec06e5_nohash_0.wav,yes,65ec06e5,train
DataSet_clean/yes/65f2531f_nohash_0.wav,yes,65f2531f,train
DataSet_clean/yes/65f2531f_nohash_1.wav,yes,65f2531f,train
DataSet_clean/yes/65f2531f_nohash_2.wav,yes,65f2531f,train
DataSet_clean/yes/65f2531f_nohash_3.wav,yes,65f2531f,train
DataSet_clean/yes/65f2531f_nohash_4.wav,yes,65f2531f,train
DataSet_clean/yes/66041c69_nohash_0.wav,yes,66041c69,train
DataSet_clean/yes/66276b0e_nohash_0.wav,yes,66276b0e,train
DataSet_clean/yes/6640fdc0_nohash_0.wav,yes,6640fdc0,val
DataSet_clean/yes/66774579_nohash_0.wav,yes,66774579,val
DataSet_clean/yes/66a412a7_nohash_0.wav,yes,66a412a7,train
DataSet_clean/yes/66a412a7_nohash_1.wav,yes,66a412a7,train
DataSet_clean/yes/66a412a7_nohash_2.wav,yes,66a412a7,train
DataSet_clean/yes/66aa0f29_nohash_0.wav,yes,66aa0f29,train
DataSet_clean/yes/66cbe2b3_nohash_0.wav,yes,66cbe2b3,test
DataSet_clean/yes/66cff190_nohash_0.wav,yes,66cff190,train
DataSet_clean/yes/6727b579_nohash_0.wav,yes,6727b579,test
DataSet_clean/yes/6727b579_nohash_1.wav,yes,6727b579,test
DataSet_clean/yes/6727b579_nohash_2.wav,yes,6727b579,test
DataSet_clean/yes/6727b579_nohash_3.wav,yes,6727b579,test
DataSet_clean/yes/6727b579_nohash_4.wav,yes,6727b579,test
DataSet_clean/yes/6736bc64_nohash_0.wav,yes,6736bc64,train
DataSet_clean/yes/6736bc64_nohash_1.wav,yes,6736bc64,train
DataSet_clean/yes/6736bc64_nohash_2.wav,yes,6736bc64,train
DataSet_clean/yes/674ca5ea_nohash_0.wav,yes,674ca5ea,val
DataSet_clean/yes/676f8138_nohash_0.wav,yes,676f8138,train
DataSet_clean/yes/676f8138_nohash_1.wav,yes,676f8138,train
DataSet_clean/yes/676f8138_nohash_2.wav,yes,676f8138,train
DataSet_clean/yes/676f8138_nohash_3.wav,yes,676f8138,train
DataSet_clean/yes/676f8138_nohash_4.wav,yes,676f8138,train
DataSet_clean/yes/679463fc_nohash_0.wav,yes,679463fc,train
DataSet_clean/yes/679463fc_nohash_1.wav,yes,679463fc,train
DataSet_clean/yes/679463fc_nohash_2.wav,yes,679463fc,train
DataSet_clean/yes/679463fc_nohash_3.wav,yes,679463fc,train
DataSet_clean/yes/679463fc_nohash_4.wav,yes,679463fc,train
DataSet_clean/yes/67bdbf56_nohash_0.wav,yes,67bdbf56,train
DataSet_clean/yes/67bdbf56_nohash_1.wav,yes,67bdbf56,train
DataSet_clean/yes/67bdbf56_nohash_2.wav,yes,67bdbf56,train
DataSet_clean/yes/67fcdb05_nohash_0.wav,yes,67fcdb05,train
DataSet_clean/yes/6846af18_nohash_0.wav,yes,6846af18,train
DataSet_clean/yes/6846af18_nohash_1.wav,yes,6846af18,train
DataSet_clean/yes/686d030b_nohash_0.wav,yes,686d030b,train
DataSet_clean/yes/686d030b_nohash_1.wav,yes,686d030b,train
DataSet_clean/yes/686d030b_nohash_2.wav,yes,686d030b,train
DataSet_clean/yes/686d030b_nohash_3.wav,yes,686d030b,train
DataSet_clean/yes/686d030b_nohash_4.wav,yes,686d030b,train
DataSet_clean/yes/68dd409e_nohash_0.wav,yes,68dd409e,test
DataSet_clean/yes/6904f0cb_nohash_0.wav,yes,6904f0cb,train
DataSet_clean/yes/6904f0cb_nohash_1.wav,yes,6904f0cb,train
DataSet_clean/yes/6904f0cb_nohash_2.wav,yes,6904f0cb,train
DataSet_clean/yes/6904f0cb_nohash_3.wav,yes,6904f0cb,train
DataSet_clean/yes/6904f0cb_nohash_4.wav,yes,6904f0cb,train
DataSet_clean/yes/6904f0cb_nohash_5.wav,yes,6904f0cb,train
DataSet_clean/yes/692a88e6_nohash_0.wav,yes,692a88e6,train
DataSet_clean/yes/692a88e6_nohash_1.wav,yes,692a88e6,train
DataSet_clean/yes/692a88e6_nohash_2.wav,yes,692a88e6,train
DataSet_clean/yes/692a88e6_nohash_3.wav,yes,692a88e6,train
DataSet_clean/yes/692a88e6_nohash_4.wav,yes,692a88e6,train
DataSet_clean/yes/695c2127_nohash_0.wav,yes,695c2127,train
DataSet_clean/yes/695c2127_nohash_1.wav,yes,695c2127,train
DataSet_clean/yes/6969e51a_nohash_0.wav,yes,6969e51a,train
DataSet_clean/yes/6969e51a_nohash_1.wav,yes,6969e51a,train
DataSet_clean/yes/6969e51a_nohash_2.wav,yes,6969e51a,train
DataSet_clean/yes/6982fc2a_nohash_0.wav,yes,6982fc2a,train
DataSet_clean/yes/6982fc2a_nohash_1.wav,yes,6982fc2a,train
DataSet_clean/yes/69a1a79f_nohash_0.wav,yes,69a1a79f,train
DataSet_clean/yes/69a1a79f_nohash_1.wav,yes,69a1a79f,train
DataSet_clean/yes/69a1a79f_nohash_2.wav,yes,69a1a79f,train
DataSet_clean/yes/69a1a79f_nohash_3.wav,yes,69a1a79f,train
DataSet_clean/yes/69a1a79f_nohash_4.wav,yes,69a1a79f,train
DataSet_clean/yes/6a203e0e_nohash_0.wav,yes,6a203e0e,train
DataSet_clean/yes/6a27a9bf_nohash_0.wav,yes,6a27a9bf,train
DataSet_clean/yes/6a27a9bf_nohash_1.wav,yes,6a27a9bf,train
DataSet_clean/yes/6a2fb9a5_nohash_0.wav,yes,6a2fb9a5,val
DataSet_clean/yes/6a2fb9a5_nohash_1.wav,yes,6a2fb9a5,val
DataSet_clean/yes/6a497f80_nohash_0.wav,yes,6a497f80,train
DataSet_clean/yes/6a497f80_nohash_1.wav,yes,6a497f80,train
DataSet_clean/yes/6aa8def4_nohash_0.wav,yes,6aa8def4,train
DataSet_clean/yes/6aa8def4_nohash_1.wav,yes,6aa8def4,train
DataSet_clean/yes/6aa8def4_nohash_2.wav,yes,6aa8def4,train
DataSet_clean/yes/6aa8def4_nohash_3.wav,yes,6aa8def4,train
DataSet_clean/yes/6aafb34f_nohash_0.wav,yes,6aafb34f,train
DataSet_clean/yes/6aafb34f_nohash_1.wav,yes,6aafb34f,train
DataSet_clean/yes/6ace4fe1_nohash_0.wav,yes,6ace4fe1,train
DataSet_clean/yes/6ace4fe1_nohash_1.wav,yes,6ace4fe1,train
DataSet_clean/yes/6ace4fe1_nohash_2.wav,yes,6ace4fe1,train
DataSet_clean/yes/6ace4fe1_nohash_3.wav,yes,6ace4fe1,train
DataSet_clean/yes/6adb8ad9_nohash_0.wav,yes,6adb8ad9,test
DataSet_clean/yes/6adb8ad9_nohash_1.wav,yes,6adb8ad9,test
DataSet_clean/yes/6af4aa07_nohash_0.wav,yes,6af4aa07,train
DataSet_clean/yes/6b81fead_nohash_0.wav,yes,6b81fead,train
DataSet_clean/yes/6b889021_nohash_0.wav,yes,6b889021,train
DataSet_clean/yes/6bf5baf3_nohash_0.wav,yes,6bf5baf3,test
DataSet_clean/yes/6bf5baf3_nohash_1.wav,yes,6bf5baf3,test
DataSet_clean/yes/6bf5baf3_nohash_2.wav,yes,6bf5baf3,test
DataSet_clean/yes/6bf5baf3_nohash_3.wav,yes,6bf5baf3,test
DataSet_clean/yes/6c0f6493_nohash_0.wav,yes,6c0f6493,val
DataSet_clean/yes/6c0f6493_nohash_1.wav,yes,6c0f6493,val
DataSet_clean/yes/6c0f6493_nohash_2.wav,yes,6c0f6493,val
DataSet_clean/yes/6c0f6493_nohash_3.wav,yes,6c0f6493,val
DataSet_clean/yes/6c0f6493_nohash_4.wav,yes,6c0f6493,val
DataSet_clean/yes/6c429c7b_nohash_0.wav,yes,6c429c7b,val
DataSet_clean/yes/6c429c7b_nohash_1.wav,yes,6c429c7b,val
DataSet_clean/yes/6c429c7b_nohash_2.wav,yes,6c429c7b,val
DataSet_clean/yes/6c429c7b_nohash_3.wav,yes,6c429c7b,val
DataSet_clean/yes/6c429c7b_nohash_4.wav,yes,6c429c7b,val
DataSet_clean/yes/6c6aa323_nohash_0.wav,yes,6c6aa323,train
DataSet_clean/yes/6c88cf25_nohash_0.wav,yes,6c88cf25,train
DataSet_clean/yes/6c9223bd_nohash_0.wav,yes,6c9223bd,train
DataSet_clean/yes/6c968bd9_nohash_0.wav,yes,6c968bd9,train
DataSet_clean/yes/6c968bd9_nohash_1.wav,yes,6c968bd9,train
DataSet_clean/yes/6c968bd9_nohash_2.wav,yes,6c968bd9,train
DataSet_clean/yes/6c968bd9_nohash_3.wav,yes,6c968bd9,train
DataSet_clean/yes/6c968bd9_nohash_4.wav,yes,6c968bd9,train
DataSet_clean/yes/6c9a1ac2_nohash_0.wav,yes,6c9a1ac2,test
DataSet_clean/yes/6cb6eee7_nohash_0.wav,yes,6cb6eee7,test
DataSet_clean/yes/6d0ad764_nohash_0.wav,yes,6d0ad764,test
DataSet_clean/yes/6d7af359_nohash_0.wav,yes,6d7af359,train
DataSet_clean/yes/6d818f6c_nohash_0.wav,yes,6d818f6c,test
DataSet_clean/yes/6e41a77e_nohash_0.wav,yes,6e41a77e,val
DataSet_clean/yes/6e41a77e_nohash_1.wav,yes,6e41a77e,val
DataSet_clean/yes/6e74c582_nohash_0.wav,yes,6e74c582,train
DataSet_clean/yes/6ef407da_nohash_0.wav,yes,6ef407da,train
DataSet_clean/yes/6ef407da_nohash_1.wav,yes,6ef407da,train
DataSet_clean/yes/6ef407da_nohash_2.wav,yes,6ef407da,train
DataSet_clean/yes/6ef407da_nohash_3.wav,yes,6ef407da,train
DataSet_clean/yes/6ef407da_nohash_4.wav,yes,6ef407da,train
DataSet_clean/yes/6f1ffef6_nohash_0.wav,yes,6f1ffef6,val
DataSet_clean/yes/6f2c6f7e_nohash_0.wav,yes,6f2c6f7e,train
DataSet_clean/yes/6f2f57c1_nohash_0.wav,yes,6f2f57c1,train
DataSet_clean/yes/6f2f57c1_nohash_1.wav,yes,6f2f57c1,train
DataSet_clean/yes/6f2f57c1_nohash_2.wav,yes,6f2f57c1,train
DataSet_clean/yes/6f2f57c1_nohash_3.wav,yes,6f2f57c1,train
DataSet_clean/yes/6f342826_nohash_0.wav,yes,6f342826,train
DataSet_clean/yes/6f342826_nohash_1.wav,yes,6f342826,train
DataSet_clean/yes/6f5b4d3d_nohash_0.wav,yes,6f5b4d3d,val
DataSet_clean/yes/6f689791_nohash_0.wav,yes,6f689791,train
DataSet_clean/yes/6f9088d7_nohash_0.wav,yes,6f9088d7,train
DataSet_clean/yes/6fb3d5a7_nohash_0.wav,yes,6fb3d5a7,train
DataSet_clean/yes/6fb3d5a7_nohash_1.wav,yes,6fb3d5a7,train
DataSet_clean/yes/6fb3d5a7_nohash_2.wav,yes,6fb3d5a7,train
DataSet_clean/yes/6fb3d5a7_nohash_3.wav,yes,6fb3d5a7,train
DataSet_clean/yes/6fb3d5a7_nohash_4.wav,yes,6fb3d5a7,train
DataSet_clean/yes/6fca237d_nohash_0.wav,yes,6fca237d,train
DataSet_clean/yes/6fca237d_nohash_1.wav,yes,6fca237d,train
DataSet_clean/yes/7014b07e_nohash_0.wav,yes,7014b07e,train
DataSet_clean/yes/7014b07e_nohash_1.wav,yes,7014b07e,train
DataSet_clean/yes/708a9569_nohash_0.wav,yes,708a9569,train
DataSet_clean/yes/708b8d51_nohash_0.wav,yes,708b8d51,test
DataSet_clean/yes/708b8d51_nohash_1.wav,yes,708b8d51,test
DataSet_clean/yes/7096522d_nohash_0.wav,yes,7096522d,train
DataSet_clean/yes/70a00e98_nohash_0.wav,yes,70a00e98,train
DataSet_clean/yes/70a00e98_nohash_1.wav,yes,70a00e98,train
DataSet_clean/yes/70a00e98_nohash_2.wav,yes,70a00e98,train
DataSet_clean/yes/70a00e98_nohash_3.wav,yes,70a00e98,train
DataSet_clean/yes/7106d229_nohash_0.wav,yes,7106d229,train
DataSet_clean/yes/7117fb6d_nohash_0.wav,yes,7117fb6d,train
DataSet_clean/yes/712e4d58_nohash_0.wav,yes,712e4d58,train
DataSet_clean/yes/712e4d58_nohash_1.wav,yes,712e4d58,train
DataSet_clean/yes/712e4d58_nohash_2.wav,yes,712e4d58,train
DataSet_clean/yes/712e4d58_nohash_3.wav,yes,712e4d58,train
DataSet_clean/yes/712e4d58_nohash_4.wav,yes,712e4d58,train
DataSet_clean/yes/716757ce_nohash_0.wav,yes,716757ce,val
DataSet_clean/yes/71904de3_nohash_0.wav,yes,71904de3,train
DataSet_clean/yes/7192fddc_nohash_0.wav,yes,7192fddc,val
DataSet_clean/yes/71d0ded4_nohash_0.wav,yes,71d0ded4,train
DataSet_clean/yes/71d0ded4_nohash_1.wav,yes,71d0ded4,train
DataSet_clean/yes/71d0ded4_nohash_2.wav,yes,71d0ded4,train
DataSet_clean/yes/71d0ded4_nohash_3.wav,yes,71d0ded4,train
DataSet_clean/yes/71e6ab20_nohash_0.wav,yes,71e6ab20,test
DataSet_clean/yes/71f6fed7_nohash_0.wav,yes,71f6fed7,train
DataSet_clean/yes/7211390b_nohash_0.wav,yes,7211390b,train
DataSet_clean/yes/7211390b_nohash_1.wav,yes,7211390b,train
DataSet_clean/yes/7211390b_nohash_2.wav,yes,7211390b,train
DataSet_clean/yes/7211390b_nohash_3.wav,yes,7211390b,train
DataSet_clean/yes/7211390b_nohash_4.wav,yes,7211390b,train
DataSet_clean/yes/7213ed54_nohash_0.wav,yes,7213ed54,train
DataSet_clean/yes/7213ed54_nohash_1.wav,yes,7213ed54,train
DataSet_clean/yes/7213ed54_nohash_2.wav,yes,7213ed54,train
DataSet_clean/yes/7213ed54_nohash_3.wav,yes,7213ed54,train
DataSet_clean/yes/7213ed54_nohash_4.wav,yes,7213ed54,train
DataSet_clean/yes/72242187_nohash_0.wav,yes,72242187,train
DataSet_clean/yes/72242187_nohash_1.wav,yes,72242187,train
DataSet_clean/yes/72242187_nohash_2.wav,yes,72242187,train
DataSet_clean/yes/72242187_nohash_3.wav,yes,72242187,train
DataSet_clean/yes/72242187_nohash_4.wav,yes,72242187,train
DataSet_clean/yes/72320401_nohash_0.wav,yes,72320401,test
DataSet_clean/yes/72320401_nohash_1.wav,yes,72320401,test
DataSet_clean/yes/72320401_nohash_2.wav,yes,72320401,test
DataSet_clean/yes/723efc4c_nohash_0.wav,yes,723efc4c,test
DataSet_clean/yes/723efc4c_nohash_1.wav,yes,723efc4c,test
DataSet_clean/yes/7257420c_nohash_0.wav,yes,7257420c,val
DataSet_clean/yes/728be664_nohash_0.wav,yes,728be664,train
DataSet_clean/yes/72aa7259_nohash_0.wav,yes,72aa7259,train
DataSet_clean/yes/72d75d96_nohash_0.wav,yes,72d75d96,test
DataSet_clean/yes/72e382bd_nohash_0.wav,yes,72e382bd,test
DataSet_clean/yes/72e382bd_nohash_1.wav,yes,72e382bd,test
DataSet_clean/yes/72e382bd_nohash_2.wav,yes,72e382bd,test
DataSet_clean/yes/72e382bd_nohash_3.wav,yes,72e382bd,test
DataSet_clean/yes/72e382bd_nohash_4.wav,yes,72e382bd,test
DataSet_clean/yes/7303215d_nohash_0.wav,yes,7303215d,train
DataSet_clean/yes/73124b26_nohash_0.wav,yes,73124b26,train
DataSet_clean/yes/73124b26_nohash_1.wav,yes,73124b26,train
DataSet_clean/yes/73124b26_nohash_2.wav,yes,73124b26,train
DataSet_clean/yes/735845ab_nohash_0.wav,yes,735845ab,train
DataSet_clean/yes/735845ab_nohash_1.wav,yes,735845ab,train
DataSet_clean/yes/735845ab_nohash_2.wav,yes,735845ab,train
DataSet_clean/yes/735845ab_nohash_3.wav,yes,735845ab,train
DataSet_clean/yes/735845ab_nohash_4.wav,yes,735845ab,train
DataSet_clean/yes/73af0c50_nohash_0.wav,yes,73af0c50,train
DataSet_clean/yes/73f20b00_nohash_0.wav,yes,73f20b00,val
DataSet_clean/yes/73f20b00_nohash_1.wav,yes,73f20b00,val
DataSet_clean/yes/73f20b00_nohash_2.wav,yes,73f20b00,val
DataSet_clean/yes/73f20b00_nohash_3.wav,yes,73f20b00,val
DataSet_clean/yes/73f20b00_nohash_4.wav,yes,73f20b00,val
DataSet_clean/yes/74241b28_nohash_0.wav,yes,74241b28,train
DataSet_clean/yes/74241b28_nohash_1.wav,yes,74241b28,train
DataSet_clean/yes/74241b28_nohash_2.wav,yes,74241b28,train
DataSet_clean/yes/74241b28_nohash_3.wav,yes,74241b28,train
DataSet_clean/yes/74241b28_nohash_4.wav,yes,74241b28,train
DataSet_clean/yes/742d6431_nohash_0.wav,yes,742d6431,train
DataSet_clean/yes/742d6431_nohash_1.wav,yes,742d6431,train
DataSet_clean/yes/742d6431_nohash_2.wav,yes,742d6431,train
DataSet_clean/yes/742d6431_nohash_3.wav,yes,742d6431,train
DataSet_clean/yes/742d6431_nohash_4.wav,yes,742d6431,train
DataSet_clean/yes/743edf9d_nohash_0.wav,yes,743edf9d,train
DataSet_clean/yes/743edf9d_nohash_1.wav,yes,743edf9d,train
DataSet_clean/yes/74551073_nohash_0.wav,yes,74551073,test
DataSet_clean/yes/745a8e32_nohash_0.wav,yes,745a8e32,train
DataSet_clean/yes/745a8e32_nohash_1.wav,yes,745a8e32,train
DataSet_clean/yes/748cb308_nohash_0.wav,yes,748cb308,train
DataSet_clean/yes/750e3e75_nohash_0.wav,yes,750e3e75,train
DataSet_clean/yes/7622d95b_nohash_0.wav,yes,7622d95b,train
DataSet_clean/yes/763188c4_nohash_0.wav,yes,763188c4,val
DataSet_clean/yes/763188c4_nohash_1.wav,yes,763188c4,val
DataSet_clean/yes/763188c4_nohash_2.wav,yes,763188c4,val
DataSet_clean/yes/763188c4_nohash_3.wav,yes,763188c4,val
DataSet_clean/yes/763188c4_nohash_4.wav,yes,763188c4,val
DataSet_clean/yes/76424fa5_nohash_0.wav,yes,76424fa5,train
DataSet_clean/yes/76424fa5_nohash_1.wav,yes,76424fa5,train
DataSet_clean/yes/765ffccb_nohash_0.wav,yes,765ffccb,train
DataSet_clean/yes/76b58705_nohash_0.wav,yes,76b58705,train
DataSet_clean/yes/76b58705_nohash_1.wav,yes,76b58705,train
DataSet_clean/yes/76e53db9_nohash_0.wav,yes,76e53db9,test
DataSet_clean/yes/773e26f7_nohash_0.wav,yes,773e26f7,train
DataSet_clean/yes/773e26f7_nohash_1.wav,yes,773e26f7,train
DataSet_clean/yes/773e26f7_nohash_2.wav,yes,773e26f7,train
DataSet_clean/yes/773e26f7_nohash_3.wav,yes,773e26f7,train
DataSet_clean/yes/773e26f7_nohash_4.wav,yes,773e26f7,train
DataSet_clean/yes/778a4a01_nohash_0.wav,yes,778a4a01,train
DataSet_clean/yes/7799c9cd_nohash_0.wav,yes,7799c9cd,train
DataSet_clean/yes/7799c9cd_nohash_1.wav,yes,7799c9cd,train
DataSet_clean/yes/779de043_nohash_0.wav,yes,779de043,train
DataSet_clean/yes/779de043_nohash_1.wav,yes,779de043,train
DataSet_clean/yes/779de043_nohash_2.wav,yes,779de043,train
DataSet_clean/yes/779de043_nohash_3.wav,yes,779de043,train
DataSet_clean/yes/779de043_nohash_4.wav,yes,779de043,train
DataSet_clean/yes/77def3ee_nohash_0.wav,yes,77def3ee,val
DataSet_clean/yes/77def3ee_nohash_1.wav,yes,77def3ee,val
DataSet_clean/yes/77f185d3_nohash_0.wav,yes,77f185d3,train
DataSet_clean/yes/78030270_nohash_0.wav,yes,78030270,train
DataSet_clean/yes/7846fd85_nohash_0.wav,yes,7846fd85,train
DataSet_clean/yes/7846fd85_nohash_1.wav,yes,7846fd85,train
DataSet_clean/yes/7846fd85_nohash_2.wav,yes,7846fd85,train
DataSet_clean/yes/7846fd85_nohash_3.wav,yes,7846fd85,train
DataSet_clean/yes/7846fd85_nohash_4.wav,yes,7846fd85,train
DataSet_clean/yes/784e281a_nohash_0.wav,yes,784e281a,test
DataSet_clean/yes/784e281a_nohash_1.wav,yes,784e281a,test
DataSet_clean/yes/78622c2b_nohash_0.wav,yes,78622c2b,train
DataSet_clean/yes/78622c2b_nohash_1.wav,yes,78622c2b,train
DataSet_clean/yes/78884794_nohash_0.wav,yes,78884794,test
DataSet_clean/yes/7910d292_nohash_0.wav,yes,7910d292,train
DataSet_clean/yes/794cdfc5_nohash_0.wav,yes,794cdfc5,train
DataSet_clean/yes/798f702a_nohash_0.wav,yes,798f702a,train
DataSet_clean/yes/79b37d3a_nohash_0.wav,yes,79b37d3a,val
DataSet_clean/yes/7ab5b8f7_nohash_0.wav,yes,7ab5b8f7,test
DataSet_clean/yes/7b2e879e_nohash_0.wav,yes,7b2e879e,train
DataSet_clean/yes/7b301939_nohash_0.wav,yes,7b301939,train
DataSet_clean/yes/7be5a0f3_nohash_0.wav,yes,7be5a0f3,train
DataSet_clean/yes/7be9f58a_nohash_0.wav,yes,7be9f58a,test
DataSet_clean/yes/7be9f58a_nohash_1.wav,yes,7be9f58a,test
DataSet_clean/yes/7bf801d1_nohash_0.wav,yes,7bf801d1,train
DataSet_clean/yes/7c1d8533_nohash_0.wav,yes,7c1d8533,val
DataSet_clean/yes/7c1d8533_nohash_1.wav,yes,7c1d8533,val
DataSet_clean/yes/7c1d8533_nohash_2.wav,yes,7c1d8533,val
DataSet_clean/yes/7c2a3fa4_nohash_0.wav,yes,7c2a3fa4,test
DataSet_clean/yes/7c75a504_nohash_0.wav,yes,7c75a504,train
DataSet_clean/yes/7c83c5f6_nohash_0.wav,yes,7c83c5f6,train
DataSet_clean/yes/7c83c5f6_nohash_1.wav,yes,7c83c5f6,train
DataSet_clean/yes/7c83c5f6_nohash_2.wav,yes,7c83c5f6,train
DataSet_clean/yes/7c83c5f6_nohash_3.wav,yes,7c83c5f6,train
DataSet_clean/yes/7c83c5f6_nohash_4.wav,yes,7c83c5f6,train
DataSet_clean/yes/7c86c03e_nohash_0.wav,yes,7c86c03e,train
DataSet_clean/yes/7ca023e2_nohash_0.wav,yes,7ca023e2,train
DataSet_clean/yes/7cb5c0b7_nohash_0.wav,yes,7cb5c0b7,train
DataSet_clean/yes/7cb5c0b7_nohash_1.wav,yes,7cb5c0b7,train
DataSet_clean/yes/7cbf645a_nohash_0.wav,yes,7cbf645a,test
DataSet_clean/yes/7cbf645a_nohash_1.wav,yes,7cbf645a,test
DataSet_clean/yes/7ce8df21_nohash_0.wav,yes,7ce8df21,train
DataSet_clean/yes/7cf14c54_nohash_0.wav,yes,7cf14c54,train
DataSet_clean/yes/7cf14c54_nohash_1.wav,yes,7cf14c54,train
DataSet_clean/yes/7cfb1618_nohash_0.wav,yes,7cfb1618,test
DataSet_clean/yes/7d149b38_nohash_0.wav,yes,7d149b38,test
DataSet_clean/yes/7d149b38_nohash_1.wav,yes,7d149b38,test
DataSet_clean/yes/7d5f87c8_nohash_0.wav,yes,7d5f87c8,test
DataSet_clean/yes/7d5f87c8_nohash_1.wav,yes,7d5f87c8,test
DataSet_clean/yes/7d6b4b10_nohash_0.wav,yes,7d6b4b10,val
DataSet_clean/yes/7d6b4b10_nohash_1.wav,yes,7d6b4b10,val
DataSet_clean/yes/7d6b4b10_nohash_2.wav,yes,7d6b4b10,val
DataSet_clean/yes/7d6b4b10_nohash_3.wav,yes,7d6b4b10,val
DataSet_clean/yes/7d6b4b10_nohash_4.wav,yes,7d6b4b10,val
DataSet_clean/yes/7d86b703_nohash_0.wav,yes,7d86b703,train
DataSet_clean/yes/7d86b703_nohash_1.wav,yes,7d86b703,train
DataSet_clean/yes/7e1054e7_nohash_0.wav,yes,7e1054e7,test
DataSet_clean/yes/7e1054e7_nohash_1.wav,yes,7e1054e7,test
DataSet_clean/yes/7e2d5caf_nohash_0.wav,yes,7e2d5caf,train
DataSet_clean/yes/7e556a2c_nohash_0.wav,yes,7e556a2c,val
DataSet_clean/yes/7e7ca854_nohash_0.wav,yes,7e7ca854,test
DataSet_clean/yes/7e7ca854_nohash_1.wav,yes,7e7ca854,test
DataSet_clean/yes/7e7ca854_nohash_2.wav,yes,7e7ca854,test
DataSet_clean/yes/7e7ca854_nohash_3.wav,yes,7e7ca854,test
DataSet_clean/yes/7e7ca854_nohash_4.wav,yes,7e7ca854,test
DataSet_clean/yes/7e843da8_nohash_0.wav,yes,7e843da8,test
DataSet_clean/yes/7e843da8_nohash_1.wav,yes,7e843da8,test
DataSet_clean/yes/7ea032f3_nohash_0.wav,yes,7ea032f3,train
DataSet_clean/yes/7ea032f3_nohash_1.wav,yes,7ea032f3,train
DataSet_clean/yes/7ea032f3_nohash_2.wav,yes,7ea032f3,train
DataSet_clean/yes/7ea032f3_nohash_3.wav,yes,7ea032f3,train
DataSet_clean/yes/7eee5973_nohash_0.wav,yes,7eee5973,val
DataSet_clean/yes/7f208e83_nohash_0.wav,yes,7f208e83,train
DataSet_clean/yes/7f581e94_nohash_0.wav,yes,7f581e94,train
DataSet_clean/yes/7f74626f_nohash_0.wav,yes,7f74626f,train
DataSet_clean/yes/7f74626f_nohash_1.wav,yes,7f74626f,train
DataSet_clean/yes/7f74626f_nohash_2.wav,yes,7f74626f,train
DataSet_clean/yes/7f74626f_nohash_3.wav,yes,7f74626f,train
DataSet_clean/yes/7f74626f_nohash_4.wav,yes,7f74626f,train
DataSet_clean/yes/7f9eb952_nohash_0.wav,yes,7f9eb952,train
DataSet_clean/yes/7f9eb952_nohash_1.wav,yes,7f9eb952,train
DataSet_clean/yes/7f9eb952_nohash_2.wav,yes,7f9eb952,train
DataSet_clean/yes/7f9eb952_nohash_3.wav,yes,7f9eb952,train
DataSet_clean/yes/7f9eb952_nohash_4.wav,yes,7f9eb952,train
DataSet_clean/yes/7fb8d703_nohash_0.wav,yes,7fb8d703,test
DataSet_clean/yes/7fb8d703_nohash_1.wav,yes,7fb8d703,test
DataSet_clean/yes/7fb8d703_nohash_2.wav,yes,7fb8d703,test
DataSet_clean/yes/7fb8d703_nohash_3.wav,yes,7fb8d703,test
DataSet_clean/yes/7fb8d703_nohash_4.wav,yes,7fb8d703,test
DataSet_clean/yes/7fd25f7c_nohash_0.wav,yes,7fd25f7c,train
DataSet_clean/yes/7fd25f7c_nohash_1.wav,yes,7fd25f7c,train
DataSet_clean/yes/7fd25f7c_nohash_2.wav,yes,7fd25f7c,train
DataSet_clean/yes/7fd25f7c_nohash_3.wav,yes,7fd25f7c,train
DataSet_clean/yes/7fd25f7c_nohash_4.wav,yes,7fd25f7c,train
DataSet_clean/yes/7ff085e1_nohash_0.wav,yes,7ff085e1,train
DataSet_clean/yes/7ff085e1_nohash_1.wav,yes,7ff085e1,train
DataSet_clean/yes/8012c69d_nohash_0.wav,yes,8012c69d,test
DataSet_clean/yes/8012c69d_nohash_1.wav,yes,8012c69d,test
DataSet_clean/yes/8012c69d_nohash_2.wav,yes,8012c69d,test
DataSet_clean/yes/8012c69d_nohash_3.wav,yes,8012c69d,test
DataSet_clean/yes/8012c69d_nohash_4.wav,yes,8012c69d,test
DataSet_clean/yes/8056e897_nohash_0.wav,yes,8056e897,test
DataSet_clean/yes/80b8eab4_nohash_0.wav,yes,80b8eab4,test
DataSet_clean/yes/80c17118_nohash_0.wav,yes,80c17118,train
DataSet_clean/yes/80c17118_nohash_1.wav,yes,80c17118,train
DataSet_clean/yes/80f056c0_nohash_0.wav,yes,80f056c0,train
DataSet_clean/yes/80f056c0_nohash_1.wav,yes,80f056c0,train
DataSet_clean/yes/810c99be_nohash_0.wav,yes,810c99be,train
DataSet_clean/yes/81332c92_nohash_0.wav,yes,81332c92,train
DataSet_clean/yes/81332c92_nohash_1.wav,yes,81332c92,train
DataSet_clean/yes/81332c92_nohash_2.wav,yes,81332c92,train
DataSet_clean/yes/81332c92_nohash_3.wav,yes,81332c92,train
DataSet_clean/yes/81332c92_nohash_4.wav,yes,81332c92,train
DataSet_clean/yes/8134f43f_nohash_0.wav,yes,8134f43f,test
DataSet_clean/yes/8134f43f_nohash_1.wav,yes,8134f43f,test
DataSet_clean/yes/8134f43f_nohash_2.wav,yes,8134f43f,test
DataSet_clean/yes/8134f43f_nohash_3.wav,yes,8134f43f,test
DataSet_clean/yes/8134f43f_nohash_4.wav,yes,8134f43f,test
DataSet_clean/yes/81898f68_nohash_0.wav,yes,81898f68,train
DataSet_clean/yes/81dc4a94_nohash_0.wav,yes,81dc4a94,train
DataSet_clean/yes/821b64cc_nohash_0.wav,yes,821b64cc,train
DataSet_clean/yes/821b64cc_nohash_1.wav,yes,821b64cc,train
DataSet_clean/yes/82305c3a_nohash_0.wav,yes,82305c3a,val
DataSet_clean/yes/82305c3a_nohash_1.wav,yes,82305c3a,val
DataSet_clean/yes/824e8ce5_nohash_0.wav,yes,824e8ce5,train
DataSet_clean/yes/824e8ce5_nohash_1.wav,yes,824e8ce5,train
DataSet_clean/yes/826268f8_nohash_0.wav,yes,826268f8,train
DataSet_clean/yes/827421c4_nohash_0.wav,yes,827421c4,train
DataSet_clean/yes/8281a2a8_nohash_0.wav,yes,8281a2a8,train
DataSet_clean/yes/8281a2a8_nohash_1.wav,yes,8281a2a8,train
DataSet_clean/yes/8281a2a8_nohash_2.wav,yes,8281a2a8,train
DataSet_clean/yes/82b99576_nohash_0.wav,yes,82b99576,train
DataSet_clean/yes/82b99576_nohash_1.wav,yes,82b99576,train
DataSet_clean/yes/82d0d3ba_nohash_0.wav,yes,82d0d3ba,train
DataSet_clean/yes/82e7204d_nohash_0.wav,yes,82e7204d,test
DataSet_clean/yes/833a0279_nohash_0.wav,yes,833a0279,val
DataSet_clean/yes/833d9f56_nohash_0.wav,yes,833d9f56,train
DataSet_clean/yes/833d9f56_nohash_1.wav,yes,833d9f56,train
DataSet_clean/yes/833d9f56_nohash_2.wav,yes,833d9f56,train
DataSet_clean/yes/833d9f56_nohash_3.wav,yes,833d9f56,train
DataSet_clean/yes/833d9f56_nohash_4.wav,yes,833d9f56,train
DataSet_clean/yes/834f03fe_nohash_0.wav,yes,834f03fe,val
DataSet_clean/yes/834f03fe_nohash_1.wav,yes,834f03fe,val
DataSet_clean/yes/834f03fe_nohash_2.wav,yes,834f03fe,val
DataSet_clean/yes/834f03fe_nohash_3.wav,yes,834f03fe,val
DataSet_clean/yes/834f03fe_nohash_4.wav,yes,834f03fe,val
DataSet_clean/yes/8353fea1_nohash_0.wav,yes,8353fea1,train
DataSet_clean/yes/837a0f64_nohash_0.wav,yes,837a0f64,train
DataSet_clean/yes/837a0f64_nohash_1.wav,yes,837a0f64,train
DataSet_clean/yes/837a0f64_nohash_2.wav,yes,837a0f64,train
DataSet_clean/yes/837a0f64_nohash_3.wav,yes,837a0f64,train
DataSet_clean/yes/837a0f64_nohash_4.wav,yes,837a0f64,train
DataSet_clean/yes/837f7378_nohash_0.wav,yes,837f7378,train
DataSet_clean/yes/837f7378_nohash_1.wav,yes,837f7378,train
DataSet_clean/yes/837f7378_nohash_2.wav,yes,837f7378,train
DataSet_clean/yes/83c9e7e6_nohash_0.wav,yes,83c9e7e6,train
DataSet_clean/yes/83c9e7e6_nohash_1.wav,yes,83c9e7e6,train
DataSet_clean/yes/840eab5a_nohash_0.wav,yes,840eab5a,train
DataSet_clean/yes/845f8553_nohash_0.wav,yes,845f8553,train
DataSet_clean/yes/845f8553_nohash_1.wav,yes,845f8553,train
DataSet_clean/yes/845f8553_nohash_2.wav,yes,845f8553,train
DataSet_clean/yes/845f8553_nohash_3.wav,yes,845f8553,train
DataSet_clean/yes/845f8553_nohash_4.wav,yes,845f8553,train
DataSet_clean/yes/8494fba8_nohash_0.wav,yes,8494fba8,train
DataSet_clean/yes/84999496_nohash_0.wav,yes,84999496,train
DataSet_clean/yes/84999496_nohash_1.wav,yes,84999496,train
DataSet_clean/yes/84999496_nohash_2.wav,yes,84999496,train
DataSet_clean/yes/84d1e469_nohash_0.wav,yes,84d1e469,train
DataSet_clean/yes/84d1e469_nohash_1.wav,yes,84d1e469,train
DataSet_clean/yes/84d1e469_nohash_2.wav,yes,84d1e469,train
DataSet_clean/yes/8536c82d_nohash_0.wav,yes,8536c82d,train
DataSet_clean/yes/8549f25d_nohash_0.wav,yes,8549f25d,test
DataSet_clean/yes/856eb138_nohash_0.wav,yes,856eb138,test
DataSet_clean/yes/856eb138_nohash_1.wav,yes,856eb138,test
DataSet_clean/yes/856eb138_nohash_2.wav,yes,856eb138,test
DataSet_clean/yes/856eb138_nohash_3.wav,yes,856eb138,test
DataSet_clean/yes/856eb138_nohash_4.wav,yes,856eb138,test
DataSet_clean/yes/85851131_nohash_0.wav,yes,85851131,test
DataSet_clean/yes/85851131_nohash_1.wav,yes,85851131,test
DataSet_clean/yes/85851131_nohash_2.wav,yes,85851131,test
DataSet_clean/yes/85851131_nohash_3.wav,yes,85851131,test
DataSet_clean/yes/85851131_nohash_4.wav,yes,85851131,test
DataSet_clean/yes/85ac0c1b_nohash_0.wav,yes,85ac0c1b,test
DataSet_clean/yes/85b877b5_nohash_0.wav,yes,85b877b5,train
DataSet_clean/yes/85c5eaa0_nohash_0.wav,yes,85c5eaa0,train
DataSet_clean/yes/85c60942_nohash_0.wav,yes,85c60942,val
DataSet_clean/yes/8601f33b_nohash_0.wav,yes,8601f33b,test
DataSet_clean/yes/8601f33b_nohash_1.wav,yes,8601f33b,test
DataSet_clean/yes/863880b7_nohash_0.wav,yes,863880b7,test
DataSet_clean/yes/86402da1_nohash_0.wav,yes,86402da1,test
DataSet_clean/yes/86402da1_nohash_1.wav,yes,86402da1,test
DataSet_clean/yes/86402da1_nohash_2.wav,yes,86402da1,test
DataSet_clean/yes/86478fab_nohash_0.wav,yes,86478fab,train
DataSet_clean/yes/86648261_nohash_0.wav,yes,86648261,test
DataSet_clean/yes/86b1500e_nohash_0.wav,yes,86b1500e,val
DataSet_clean/yes/86cb59b2_nohash_0.wav,yes,86cb59b2,train
DataSet_clean/yes/86f12ac0_nohash_0.wav,yes,86f12ac0,train
DataSet_clean/yes/86f12ac0_nohash_1.wav,yes,86f12ac0,train
DataSet_clean/yes/87014d40_nohash_0.wav,yes,87014d40,test
DataSet_clean/yes/87070229_nohash_0.wav,yes,87070229,train
DataSet_clean/yes/87070229_nohash_1.wav,yes,87070229,train
DataSet_clean/yes/87070229_nohash_2.wav,yes,87070229,train
DataSet_clean/yes/87070229_nohash_3.wav,yes,87070229,train
DataSet_clean/yes/87070229_nohash_4.wav,yes,87070229,train
DataSet_clean/yes/8769c34c_nohash_0.wav,yes,8769c34c,train
DataSet_clean/yes/8769c34c_nohash_1.wav,yes,8769c34c,train
DataSet_clean/yes/8769c34c_nohash_2.wav,yes,8769c34c,train
DataSet_clean/yes/8769c34c_nohash_3.wav,yes,8769c34c,train
DataSet_clean/yes/8769c34c_nohash_4.wav,yes,8769c34c,train
DataSet_clean/yes/876c84d6_nohash_0.wav,yes,876c84d6,val
DataSet_clean/yes/878befa7_nohash_0.wav,yes,878befa7,train
DataSet_clean/yes/878befa7_nohash_1.wav,yes,878befa7,train
DataSet_clean/yes/878befa7_nohash_2.wav,yes,878befa7,train
DataSet_clean/yes/879a2b38_nohash_0.wav,yes,879a2b38,train
DataSet_clean/yes/879a2b38_nohash_1.wav,yes,879a2b38,train
DataSet_clean/yes/879a2b38_nohash_2.wav,yes,879a2b38,train
DataSet_clean/yes/879a2b38_nohash_3.wav,yes,879a2b38,train
DataSet_clean/yes/879a2b38_nohash_4.wav,yes,879a2b38,train
DataSet_clean/yes/87c62767_nohash_0.wav,yes,87c62767,train
DataSet_clean/yes/87d5e978_nohash_0.wav,yes,87d5e978,train
DataSet_clean/yes/87d5e978_nohash_1.wav,yes,87d5e978,train
DataSet_clean/yes/87d5e978_nohash_2.wav,yes,87d5e978,train
DataSet_clean/yes/87d5e978_nohash_3.wav,yes,87d5e978,train
DataSet_clean/yes/87d5e978_nohash_4.wav,yes,87d5e978,train
DataSet_clean/yes/881583a6_nohash_0.wav,yes,881583a6,val
DataSet_clean/yes/888a0c49_nohash_0.wav,yes,888a0c49,train
DataSet_clean/yes/888a0c49_nohash_1.wav,yes,888a0c49,train
DataSet_clean/yes/888a0c49_nohash_2.wav,yes,888a0c49,train
DataSet_clean/yes/888a0c49_nohash_3.wav,yes,888a0c49,train
DataSet_clean/yes/888a0c49_nohash_4.wav,yes,888a0c49,train
DataSet_clean/yes/88a487ce_nohash_0.wav,yes,88a487ce,train
DataSet_clean/yes/88e85150_nohash_0.wav,yes,88e85150,train
DataSet_clean/yes/88e85150_nohash_1.wav,yes,88e85150,train
DataSet_clean/yes/88f3719f_nohash_0.wav,yes,88f3719f,val
DataSet_clean/yes/88f8a99c_nohash_0.wav,yes,88f8a99c,test
DataSet_clean/yes/890cc926_nohash_0.wav,yes,890cc926,train
DataSet_clean/yes/890cc926_nohash_1.wav,yes,890cc926,train
DataSet_clean/yes/890cc926_nohash_2.wav,yes,890cc926,train
DataSet_clean/yes/890cc926_nohash_3.wav,yes,890cc926,train
DataSet_clean/yes/890cc926_nohash_4.wav,yes,890cc926,train
DataSet_clean/yes/890e4ee2_nohash_0.wav,yes,890e4ee2,train
DataSet_clean/yes/8931f494_nohash_0.wav,yes,8931f494,test
DataSet_clean/yes/8931f494_nohash_1.wav,yes,8931f494,test
DataSet_clean/yes/893705bb_nohash_0.wav,yes,893705bb,test
DataSet_clean/yes/893705bb_nohash_1.wav,yes,893705bb,test
DataSet_clean/yes/893705bb_nohash_2.wav,yes,893705bb,test
DataSet_clean/yes/893705bb_nohash_3.wav,yes,893705bb,test
DataSet_clean/yes/893705bb_nohash_4.wav,yes,893705bb,test
DataSet_clean/yes/893705bb_nohash_5.wav,yes,893705bb,test
DataSet_clean/yes/893705bb_nohash_6.wav,yes,893705bb,test
DataSet_clean/yes/893705bb_nohash_7.wav,yes,893705bb,test
DataSet_clean/yes/89947bd7_nohash_0.wav,yes,89947bd7,train
DataSet_clean/yes/89947bd7_nohash_1.wav,yes,89947bd7,train
DataSet_clean/yes/89947bd7_nohash_2.wav,yes,89947bd7,train
DataSet_clean/yes/89e59d18_nohash_0.wav,yes,89e59d18,train
DataSet_clean/yes/89f680f3_nohash_0.wav,yes,89f680f3,train
DataSet_clean/yes/8a0457c9_nohash_0.wav,yes,8a0457c9,train
DataSet_clean/yes/8a28231e_nohash_0.wav,yes,8a28231e,test
DataSet_clean/yes/8a28231e_nohash_1.wav,yes,8a28231e,test
DataSet_clean/yes/8a28231e_nohash_2.wav,yes,8a28231e,test
DataSet_clean/yes/8a28231e_nohash_3.wav,yes,8a28231e,test
DataSet_clean/yes/8a2d34d7_nohash_0.wav,yes,8a2d34d7,train
DataSet_clean/yes/8a56f36e_nohash_0.wav,yes,8a56f36e,train
DataSet_clean/yes/8a5acefd_nohash_0.wav,yes,8a5acefd,train
DataSet_clean/yes/8a5acefd_nohash_1.wav,yes,8a5acefd,train
DataSet_clean/yes/8a744054_nohash_0.wav,yes,8a744054,train
DataSet_clean/yes/8a90cf67_nohash_0.wav,yes,8a90cf67,train
DataSet_clean/yes/8a90cf67_nohash_1.wav,yes,8a90cf67,train
DataSet_clean/yes/8a90cf67_nohash_2.wav,yes,8a90cf67,train
DataSet_clean/yes/8a90cf67_nohash_3.wav,yes,8a90cf67,train
DataSet_clean/yes/8b25410a_nohash_0.wav,yes,8b25410a,train
DataSet_clean/yes/8b25410a_nohash_1.wav,yes,8b25410a,train
DataSet_clean/yes/8b25410a_nohash_2.wav,yes,8b25410a,train
DataSet_clean/yes/8b25410a_nohash_3.wav,yes,8b25410a,train
DataSet_clean/yes/8b25410a_nohash_4.wav,yes,8b25410a,train
DataSet_clean/yes/8b367d88_nohash_0.wav,yes,8b367d88,test
DataSet_clean/yes/8b367d88_nohash_1.wav,yes,8b367d88,test
DataSet_clean/yes/8c3c4715_nohash_0.wav,yes,8c3c4715,train
DataSet_clean/yes/8c7b691a_nohash_0.wav,yes,8c7b691a,train
DataSet_clean/yes/8c7f81df_nohash_0.wav,yes,8c7f81df,val
DataSet_clean/yes/8c7f81df_nohash_1.wav,yes,8c7f81df,val
DataSet_clean/yes/8c888bbb_nohash_0.wav,yes,8c888bbb,train
DataSet_clean/yes/8ca3b1db_nohash_0.wav,yes,8ca3b1db,train
DataSet_clean/yes/8d8d9855_nohash_0.wav,yes,8d8d9855,val
DataSet_clean/yes/8d9cc260_nohash_0.wav,yes,8d9cc260,test
DataSet_clean/yes/8d9cc260_nohash_1.wav,yes,8d9cc260,test
DataSet_clean/yes/8d9cc260_nohash_2.wav,yes,8d9cc260,test
DataSet_clean/yes/8d9cc260_nohash_3.wav,yes,8d9cc260,test
DataSet_clean/yes/8d9cc260_nohash_4.wav,yes,8d9cc260,test
DataSet_clean/yes/8dc18a75_nohash_0.wav,yes,8dc18a75,test
DataSet_clean/yes/8dc18a75_nohash_1.wav,yes,8dc18a75,test
DataSet_clean/yes/8dc18a75_nohash_2.wav,yes,8dc18a75,test
DataSet_clean/yes/8dc18a75_nohash_3.wav,yes,8dc18a75,test
DataSet_clean/yes/8dd24423_nohash_0.wav,yes,8dd24423,test
DataSet_clean/yes/8dd24423_nohash_1.wav,yes,8dd24423,test
DataSet_clean/yes/8dd788d8_nohash_0.wav,yes,8dd788d8,train
DataSet_clean/yes/8e05039f_nohash_0.wav,yes,8e05039f,val
DataSet_clean/yes/8e05039f_nohash_1.wav,yes,8e05039f,val
DataSet_clean/yes/8e05039f_nohash_2.wav,yes,8e05039f,val
DataSet_clean/yes/8e05039f_nohash_3.wav,yes,8e05039f,val
DataSet_clean/yes/8e05039f_nohash_4.wav,yes,8e05039f,val
DataSet_clean/yes/8e080ece_nohash_0.wav,yes,8e080ece,train
DataSet_clean/yes/8e523821_nohash_0.wav,yes,8e523821,train
DataSet_clean/yes/8e523821_nohash_1.wav,yes,8e523821,train
DataSet_clean/yes/8e523821_nohash_2.wav,yes,8e523821,train
DataSet_clean/yes/8e523821_nohash_3.wav,yes,8e523821,train
DataSet_clean/yes/8e523821_nohash_4.wav,yes,8e523821,train
DataSet_clean/yes/8e69dc2f_nohash_0.wav,yes,8e69dc2f,train
DataSet_clean/yes/8e884ec4_nohash_0.wav,yes,8e884ec4,train
DataSet_clean/yes/8ea22de7_nohash_0.wav,yes,8ea22de7,train
DataSet_clean/yes/8ea22de7_nohash_1.wav,yes,8ea22de7,train
DataSet_clean/yes/8eb4a1bf_nohash_0.wav,yes,8eb4a1bf,train
DataSet_clean/yes/8eb4a1bf_nohash_1.wav,yes,8eb4a1bf,train
DataSet_clean/yes/8eb4a1bf_nohash_2.wav,yes,8eb4a1bf,train
DataSet_clean/yes/8eb4a1bf_nohash_3.wav,yes,8eb4a1bf,train
DataSet_clean/yes/8eb4a1bf_nohash_4.wav,yes,8eb4a1bf,train
DataSet_clean/yes/8ec6dab6_nohash_0.wav,yes,8ec6dab6,train
DataSet_clean/yes/8ed25ef8_nohash_0.wav,yes,8ed25ef8,test
DataSet_clean/yes/8f3f252c_nohash_0.wav,yes,8f3f252c,train
DataSet_clean/yes/8f447c3e_nohash_0.wav,yes,8f447c3e,val
DataSet_clean/yes/8f4c551f_nohash_0.wav,yes,8f4c551f,train
DataSet_clean/yes/8f4c551f_nohash_1.wav,yes,8f4c551f,train
DataSet_clean/yes/8f4c551f_nohash_2.wav,yes,8f4c551f,train
DataSet_clean/yes/8f4c551f_nohash_3.wav,yes,8f4c551f,train
DataSet_clean/yes/8f811bbc_nohash_0.wav,yes,8f811bbc,train
DataSet_clean/yes/8f811bbc_nohash_1.wav,yes,8f811bbc,train
DataSet_clean/yes/8fce59ff_nohash_0.wav,yes,8fce59ff,train
DataSet_clean/yes/8fce59ff_nohash_1.wav,yes,8fce59ff,train
DataSet_clean/yes/8fe52b97_nohash_0.wav,yes,8fe52b97,test
DataSet_clean/yes/8fe67225_nohash_0.wav,yes,8fe67225,train
DataSet_clean/yes/8fe67225_nohash_1.wav,yes,8fe67225,train
DataSet_clean/yes/8fe67225_nohash_2.wav,yes,8fe67225,train
DataSet_clean/yes/8fe67225_nohash_3.wav,yes,8fe67225,train
DataSet_clean/yes/8fe67225_nohash_4.wav,yes,8fe67225,train
DataSet_clean/yes/8ff44869_nohash_0.wav,yes,8ff44869,train
DataSet_clean/yes/902258bb_nohash_0.wav,yes,902258bb,train
DataSet_clean/yes/90645155_nohash_0.wav,yes,90645155,train
DataSet_clean/yes/90804775_nohash_0.wav,yes,90804775,train
DataSet_clean/yes/90b0b91a_nohash_0.wav,yes,90b0b91a,test
DataSet_clean/yes/90e72357_nohash_0.wav,yes,90e72357,val
DataSet_clean/yes/90e72357_nohash_1.wav,yes,90e72357,val
DataSet_clean/yes/90e72357_nohash_2.wav,yes,90e72357,val
DataSet_clean/yes/90e72357_nohash_3.wav,yes,90e72357,val
DataSet_clean/yes/9151f184_nohash_0.wav,yes,9151f184,test
DataSet_clean/yes/9151f184_nohash_1.wav,yes,9151f184,test
DataSet_clean/yes/9151f184_nohash_2.wav,yes,9151f184,test
DataSet_clean/yes/9151f184_nohash_3.wav,yes,9151f184,test
DataSet_clean/yes/9151f184_nohash_4.wav,yes,9151f184,test
DataSet_clean/yes/91942e89_nohash_0.wav,yes,91942e89,val
DataSet_clean/yes/919d3c0e_nohash_0.wav,yes,919d3c0e,train
DataSet_clean/yes/91b03183_nohash_0.wav,yes,91b03183,train
DataSet_clean/yes/91b03183_nohash_1.wav,yes,91b03183,train
DataSet_clean/yes/91b03183_nohash_2.wav,yes,91b03183,train
DataSet_clean/yes/91b03183_nohash_3.wav,yes,91b03183,train
DataSet_clean/yes/91bed2e0_nohash_0.wav,yes,91bed2e0,train
DataSet_clean/yes/91ffb786_nohash_0.wav,yes,91ffb786,train
DataSet_clean/yes/91ffb786_nohash_1.wav,yes,91ffb786,train
DataSet_clean/yes/91ffb786_nohash_2.wav,yes,91ffb786,train
DataSet_clean/yes/91ffb786_nohash_3.wav,yes,91ffb786,train
DataSet_clean/yes/92037d73_nohash_0.wav,yes,92037d73,val
DataSet_clean/yes/9229bff9_nohash_0.wav,yes,9229bff9,train
DataSet_clean/yes/924c1a04_nohash_0.wav,yes,924c1a04,val
DataSet_clean/yes/92521ccc_nohash_0.wav,yes,92521ccc,val
DataSet_clean/yes/92521ccc_nohash_1.wav,yes,92521ccc,val
DataSet_clean/yes/92521ccc_nohash_2.wav,yes,92521ccc,val
DataSet_clean/yes/92521ccc_nohash_3.wav,yes,92521ccc,val
DataSet_clean/yes/928cc2ef_nohash_0.wav,yes,928cc2ef,train
DataSet_clean/yes/92a9c5e6_nohash_0.wav,yes,92a9c5e6,train
DataSet_clean/yes/92a9c5e6_nohash_1.wav,yes,92a9c5e6,train
DataSet_clean/yes/92a9c5e6_nohash_2.wav,yes,92a9c5e6,train
DataSet_clean/yes/92a9c5e6_nohash_3.wav,yes,92a9c5e6,train
DataSet_clean/yes/92a9c5e6_nohash_4.wav,yes,92a9c5e6,train
DataSet_clean/yes/92b0a735_nohash_0.wav,yes,92b0a735,val
DataSet_clean/yes/92b2bf59_nohash_0.wav,yes,92b2bf59,train
DataSet_clean/yes/92e17cc4_nohash_0.wav,yes,92e17cc4,val
DataSet_clean/yes/92e17cc4_nohash_1.wav,yes,92e17cc4,val
DataSet_clean/yes/9307154f_nohash_0.wav,yes,9307154f,train
DataSet_clean/yes/9307154f_nohash_1.wav,yes,9307154f,train
DataSet_clean/yes/9331d34b_nohash_0.wav,yes,9331d34b,train
DataSet_clean/yes/936de313_nohash_0.wav,yes,936de313,train
DataSet_clean/yes/93cf902e_nohash_0.wav,yes,93cf902e,train
DataSet_clean/yes/93ec8b84_nohash_0.wav,yes,93ec8b84,train
DataSet_clean/yes/94403ad3_nohash_0.wav,yes,94403ad3,test
DataSet_clean/yes/9448c397_nohash_0.wav,yes,9448c397,val
DataSet_clean/yes/9448c397_nohash_1.wav,yes,9448c397,val
DataSet_clean/yes/9448c397_nohash_2.wav,yes,9448c397,val
DataSet_clean/yes/9448c397_nohash_3.wav,yes,9448c397,val
DataSet_clean/yes/9448c397_nohash_4.wav,yes,9448c397,val
DataSet_clean/yes/94c366a3_nohash_0.wav,yes,94c366a3,train
DataSet_clean/yes/94d370bf_nohash_0.wav,yes,94d370bf,train
DataSet_clean/yes/94d370bf_nohash_1.wav,yes,94d370bf,train
DataSet_clean/yes/94d370bf_nohash_2.wav,yes,94d370bf,train
DataSet_clean/yes/94d370bf_nohash_3.wav,yes,94d370bf,train
DataSet_clean/yes/94d370bf_nohash_4.wav,yes,94d370bf,train
DataSet_clean/yes/94de6a6a_nohash_0.wav,yes,94de6a6a,val
DataSet_clean/yes/94de6a6a_nohash_1.wav,yes,94de6a6a,val
DataSet_clean/yes/94de6a6a_nohash_2.wav,yes,94de6a6a,val
DataSet_clean/yes/94de6a6a_nohash_3.wav,yes,94de6a6a,val
DataSet_clean/yes/94de6a6a_nohash_4.wav,yes,94de6a6a,val
DataSet_clean/yes/94e6864f_nohash_0.wav,yes,94e6864f,train
DataSet_clean/yes/951cac20_nohash_0.wav,yes,951cac20,train
DataSet_clean/yes/95218ce8_nohash_0.wav,yes,95218ce8,train
DataSet_clean/yes/95299b6c_nohash_0.wav,yes,95299b6c,train
DataSet_clean/yes/953fe1ad_nohash_0.wav,yes,953fe1ad,train
DataSet_clean/yes/953fe1ad_nohash_1.wav,yes,953fe1ad,train
DataSet_clean/yes/953fe1ad_nohash_2.wav,yes,953fe1ad,train
DataSet_clean/yes/953fe1ad_nohash_3.wav,yes,953fe1ad,train
DataSet_clean/yes/953fe1ad_nohash_4.wav,yes,953fe1ad,train
DataSet_clean/yes/954f190f_nohash_0.wav,yes,954f190f,train
DataSet_clean/yes/954f190f_nohash_1.wav,yes,954f190f,train
DataSet_clean/yes/954f190f_nohash_2.wav,yes,954f190f,train
DataSet_clean/yes/9587481f_nohash_0.wav,yes,9587481f,val
DataSet_clean/yes/964e8cfd_nohash_0.wav,yes,964e8cfd,train
DataSet_clean/yes/964e8cfd_nohash_1.wav,yes,964e8cfd,train
DataSet_clean/yes/964e8cfd_nohash_2.wav,yes,964e8cfd,train
DataSet_clean/yes/964e8cfd_nohash_3.wav,yes,964e8cfd,train
DataSet_clean/yes/96a48d28_nohash_0.wav,yes,96a48d28,train
DataSet_clean/yes/96a48d28_nohash_1.wav,yes,96a48d28,train
DataSet_clean/yes/96a48d28_nohash_2.wav,yes,96a48d28,train
DataSet_clean/yes/96a48d28_nohash_3.wav,yes,96a48d28,train
DataSet_clean/yes/96c67073_nohash_0.wav,yes,96c67073,train
DataSet_clean/yes/96c67073_nohash_1.wav,yes,96c67073,train
DataSet_clean/yes/96cd0255_nohash_0.wav,yes,96cd0255,train
DataSet_clean/yes/96d5276f_nohash_0.wav,yes,96d5276f,train
DataSet_clean/yes/96d8bb6f_nohash_0.wav,yes,96d8bb6f,train
DataSet_clean/yes/96d8bb6f_nohash_1.wav,yes,96d8bb6f,train
DataSet_clean/yes/96d8bb6f_nohash_2.wav,yes,96d8bb6f,train
DataSet_clean/yes/96d8bb6f_nohash_3.wav,yes,96d8bb6f,train
DataSet_clean/yes/96de5e7f_nohash_0.wav,yes,96de5e7f,train
DataSet_clean/yes/97101ef3_nohash_0.wav,yes,97101ef3,test
DataSet_clean/yes/977a3be4_nohash_0.wav,yes,977a3be4,test
DataSet_clean/yes/977a3be4_nohash_1.wav,yes,977a3be4,test
DataSet_clean/yes/978240e1_nohash_0.wav,yes,978240e1,test
DataSet_clean/yes/978240e1_nohash_1.wav,yes,978240e1,test
DataSet_clean/yes/978240e1_nohash_2.wav,yes,978240e1,test
DataSet_clean/yes/978240e1_nohash_3.wav,yes,978240e1,test
DataSet_clean/yes/9785931e_nohash_0.wav,yes,9785931e,val
DataSet_clean/yes/97addd88_nohash_0.wav,yes,97addd88,test
DataSet_clean/yes/97addd88_nohash_1.wav,yes,97addd88,test
DataSet_clean/yes/97ae8b25_nohash_0.wav,yes,97ae8b25,train
DataSet_clean/yes/97ae8b25_nohash_1.wav,yes,97ae8b25,train
DataSet_clean/yes/97cbf436_nohash_0.wav,yes,97cbf436,train
DataSet_clean/yes/97cbf436_nohash_1.wav,yes,97cbf436,train
DataSet_clean/yes/97e21567_nohash_0.wav,yes,97e21567,val
DataSet_clean/yes/97f4c236_nohash_0.wav,yes,97f4c236,train
DataSet_clean/yes/97f4c236_nohash_1.wav,yes,97f4c236,train
DataSet_clean/yes/97f4c236_nohash_2.wav,yes,97f4c236,train
DataSet_clean/yes/97f4c236_nohash_3.wav,yes,97f4c236,train
DataSet_clean/yes/97f4c236_nohash_4.wav,yes,97f4c236,train
DataSet_clean/yes/983577be_nohash_0.wav,yes,983577be,test
DataSet_clean/yes/98447c43_nohash_0.wav,yes,98447c43,train
DataSet_clean/yes/98447c43_nohash_1.wav,yes,98447c43,train
DataSet_clean/yes/9886d8bf_nohash_0.wav,yes,9886d8bf,train
DataSet_clean/yes/9886d8bf_nohash_1.wav,yes,9886d8bf,train
DataSet_clean/yes/9886d8bf_nohash_2.wav,yes,9886d8bf,train
DataSet_clean/yes/9886d8bf_nohash_3.wav,yes,9886d8bf,train
DataSet_clean/yes/9886d8bf_nohash_4.wav,yes,9886d8bf,train
DataSet_clean/yes/988e2f9a_nohash_0.wav,yes,988e2f9a,train
DataSet_clean/yes/989a2213_nohash_0.wav,yes,989a2213,train
DataSet_clean/yes/98ea0818_nohash_0.wav,yes,98ea0818,test
DataSet_clean/yes/98ea0818_nohash_1.wav,yes,98ea0818,test
DataSet_clean/yes/98ea0818_nohash_2.wav,yes,98ea0818,test
DataSet_clean/yes/98ea0818_nohash_3.wav,yes,98ea0818,test
DataSet_clean/yes/98ea0818_nohash_4.wav,yes,98ea0818,test
DataSet_clean/yes/98ea0818_nohash_5.wav,yes,98ea0818,test
DataSet_clean/yes/98ea0818_nohash_6.wav,yes,98ea0818,test
DataSet_clean/yes/98ea0818_nohash_7.wav,yes,98ea0818,test
DataSet_clean/yes/990ebd1f_nohash_0.wav,yes,990ebd1f,val
DataSet_clean/yes/997867e7_nohash_0.wav,yes,997867e7,train
DataSet_clean/yes/999823db_nohash_0.wav,yes,999823db,train
DataSet_clean/yes/99e6cab8_nohash_0.wav,yes,99e6cab8,val
DataSet_clean/yes/99fad6a0_nohash_0.wav,yes,99fad6a0,test
DataSet_clean/yes/9a2e5b3c_nohash_0.wav,yes,9a2e5b3c,train
DataSet_clean/yes/9a356ab9_nohash_0.wav,yes,9a356ab9,train
DataSet_clean/yes/9a4d12fd_nohash_0.wav,yes,9a4d12fd,test
DataSet_clean/yes/9a4d12fd_nohash_1.wav,yes,9a4d12fd,test
DataSet_clean/yes/9a69672b_nohash_0.wav,yes,9a69672b,test
DataSet_clean/yes/9a69672b_nohash_1.wav,yes,9a69672b,test
DataSet_clean/yes/9a69672b_nohash_2.wav,yes,9a69672b,test
DataSet_clean/yes/9a69672b_nohash_3.wav,yes,9a69672b,test
DataSet_clean/yes/9a69672b_nohash_4.wav,yes,9a69672b,test
DataSet_clean/yes/9a76f8c3_nohash_0.wav,yes,9a76f8c3,test
DataSet_clean/yes/9a76f8c3_nohash_1.wav,yes,9a76f8c3,test
DataSet_clean/yes/9a76f8c3_nohash_2.wav,yes,9a76f8c3,test
DataSet_clean/yes/9a76f8c3_nohash_3.wav,yes,9a76f8c3,test
DataSet_clean/yes/9a76f8c3_nohash_4.wav,yes,9a76f8c3,test
DataSet_clean/yes/9a7c1f83_nohash_0.wav,yes,9a7c1f83,train
DataSet_clean/yes/9a7c1f83_nohash_1.wav,yes,9a7c1f83,train
DataSet_clean/yes/9a7c1f83_nohash_2.wav,yes,9a7c1f83,train
DataSet_clean/yes/9a7c1f83_nohash_3.wav,yes,9a7c1f83,train
DataSet_clean/yes/9a7c1f83_nohash_4.wav,yes,9a7c1f83,train
DataSet_clean/yes/9a7c1f83_nohash_5.wav,yes,9a7c1f83,train
DataSet_clean/yes/9aa21fa9_nohash_0.wav,yes,9aa21fa9,train
DataSet_clean/yes/9aa21fa9_nohash_1.wav,yes,9aa21fa9,train
DataSet_clean/yes/9aa21fa9_nohash_2.wav,yes,9aa21fa9,train
DataSet_clean/yes/9aa21fa9_nohash_3.wav,yes,9aa21fa9,train
DataSet_clean/yes/9aa21fa9_nohash_4.wav,yes,9aa21fa9,train
DataSet_clean/yes/9b027ecf_nohash_0.wav,yes,9b027ecf,train
DataSet_clean/yes/9b027ecf_nohash_1.wav,yes,9b027ecf,train
DataSet_clean/yes/9b027ecf_nohash_2.wav,yes,9b027ecf,train
DataSet_clean/yes/9b02d503_nohash_0.wav,yes,9b02d503,train
DataSet_clean/yes/9b02d503_nohash_1.wav,yes,9b02d503,train
DataSet_clean/yes/9b02d503_nohash_2.wav,yes,9b02d503,train
DataSet_clean/yes/9b02d503_nohash_3.wav,yes,9b02d503,train
DataSet_clean/yes/9b3ea809_nohash_0.wav,yes,9b3ea809,train
DataSet_clean/yes/9b402bc2_nohash_0.wav,yes,9b402bc2,train
DataSet_clean/yes/9b402bc2_nohash_1.wav,yes,9b402bc2,train
DataSet_clean/yes/9b5815cd_nohash_0.wav,yes,9b5815cd,train
DataSet_clean/yes/9b5815cd_nohash_1.wav,yes,9b5815cd,train
DataSet_clean/yes/9b6c08ba_nohash_0.wav,yes,9b6c08ba,train
DataSet_clean/yes/9b6c08ba_nohash_1.wav,yes,9b6c08ba,train
DataSet_clean/yes/9b6c08ba_nohash_2.wav,yes,9b6c08ba,train
DataSet_clean/yes/9b8a7439_nohash_0.wav,yes,9b8a7439,train
DataSet_clean/yes/9b8a7439_nohash_1.wav,yes,9b8a7439,train
DataSet_clean/yes/9b8a7439_nohash_2.wav,yes,9b8a7439,train
DataSet_clean/yes/9b8a7439_nohash_3.wav,yes,9b8a7439,train
DataSet_clean/yes/9b8a7439_nohash_4.wav,yes,9b8a7439,train
DataSet_clean/yes/9be15e93_nohash_0.wav,yes,9be15e93,val
DataSet_clean/yes/9be15e93_nohash_1.wav,yes,9be15e93,val
DataSet_clean/yes/9be15e93_nohash_2.wav,yes,9be15e93,val
DataSet_clean/yes/9be15e93_nohash_3.wav,yes,9be15e93,val
DataSet_clean/yes/9be15e93_nohash_4.wav,yes,9be15e93,val
DataSet_clean/yes/9bea2ac7_nohash_0.wav,yes,9bea2ac7,test
DataSet_clean/yes/9beccfc8_nohash_0.wav,yes,9beccfc8,train
DataSet_clean/yes/9c06a3f3_nohash_0.wav,yes,9c06a3f3,train
DataSet_clean/yes/9c06a3f3_nohash_1.wav,yes,9c06a3f3,train
DataSet_clean/yes/9c06a3f3_nohash_2.wav,yes,9c06a3f3,train
DataSet_clean/yes/9c24bc76_nohash_0.wav,yes,9c24bc76,train
DataSet_clean/yes/9c24bc76_nohash_1.wav,yes,9c24bc76,train
DataSet_clean/yes/9c59dd28_nohash_0.wav,yes,9c59dd28,train
DataSet_clean/yes/9c59dd28_nohash_1.wav,yes,9c59dd28,train
DataSet_clean/yes/9c59dd28_nohash_2.wav,yes,9c59dd28,train
DataSet_clean/yes/9ce7a419_nohash_0.wav,yes,9ce7a419,test
DataSet_clean/yes/9d050657_nohash_0.wav,yes,9d050657,train
DataSet_clean/yes/9d050657_nohash_1.wav,yes,9d050657,train
DataSet_clean/yes/9d171fee_nohash_0.wav,yes,9d171fee,val
DataSet_clean/yes/9d7036f9_nohash_0.wav,yes,9d7036f9,train
DataSet_clean/yes/9d7036f9_nohash_1.wav,yes,9d7036f9,train
DataSet_clean/yes/9d7036f9_nohash_2.wav,yes,9d7036f9,train
DataSet_clean/yes/9db2bfe9_nohash_0.wav,yes,9db2bfe9,val
DataSet_clean/yes/9db2bfe9_nohash_1.wav,yes,9db2bfe9,val
DataSet_clean/yes/9db2bfe9_nohash_2.wav,yes,9db2bfe9,val
DataSet_clean/yes/9db2bfe9_nohash_3.wav,yes,9db2bfe9,val
DataSet_clean/yes/9e2ce5e3_nohash_0.wav,yes,9e2ce5e3,train
DataSet_clean/yes/9e92ef0c_nohash_0.wav,yes,9e92ef0c,train
DataSet_clean/yes/9e92ef0c_nohash_1.wav,yes,9e92ef0c,train
DataSet_clean/yes/9e92ef0c_nohash_2.wav,yes,9e92ef0c,train
DataSet_clean/yes/9e92ef0c_nohash_3.wav,yes,9e92ef0c,train
DataSet_clean/yes/9e92ef0c_nohash_4.wav,yes,9e92ef0c,train
DataSet_clean/yes/9ef5db3c_nohash_0.wav,yes,9ef5db3c,train
DataSet_clean/yes/9efe5140_nohash_0.wav,yes,9efe5140,train
DataSet_clean/yes/9efe5140_nohash_1.wav,yes,9efe5140,train
DataSet_clean/yes/9f4098cb_nohash_0.wav,yes,9f4098cb,val
DataSet_clean/yes/9f869f70_nohash_0.wav,yes,9f869f70,train
DataSet_clean/yes/9f869f70_nohash_1.wav,yes,9f869f70,train
DataSet_clean/yes/9f869f70_nohash_2.wav,yes,9f869f70,train
DataSet_clean/yes/9f92fb7c_nohash_0.wav,yes,9f92fb7c,train
DataSet_clean/yes/9f93e408_nohash_0.wav,yes,9f93e408,val
DataSet_clean/yes/9f93e408_nohash_1.wav,yes,9f93e408,val
DataSet_clean/yes/9f93e408_nohash_2.wav,yes,9f93e408,val
DataSet_clean/yes/9f93e408_nohash_3.wav,yes,9f93e408,val
DataSet_clean/yes/9fa86a74_nohash_0.wav,yes,9fa86a74,train
DataSet_clean/yes/9fac5701_nohash_0.wav,yes,9fac5701,val
DataSet_clean/yes/9fac5701_nohash_1.wav,yes,9fac5701,val
DataSet_clean/yes/9fac5701_nohash_2.wav,yes,9fac5701,val
DataSet_clean/yes/9fac5701_nohash_3.wav,yes,9fac5701,val
DataSet_clean/yes/9fac5701_nohash_4.wav,yes,9fac5701,val
DataSet_clean/yes/9ff1b8b6_nohash_0.wav,yes,9ff1b8b6,test
DataSet_clean/yes/9ff1b8b6_nohash_1.wav,yes,9ff1b8b6,test
DataSet_clean/yes/9ff2d2f4_nohash_0.wav,yes,9ff2d2f4,train
DataSet_clean/yes/9ff2d2f4_nohash_1.wav,yes,9ff2d2f4,train
DataSet_clean/yes/9ff2d2f4_nohash_2.wav,yes,9ff2d2f4,train
DataSet_clean/yes/9ff2d2f4_nohash_3.wav,yes,9ff2d2f4,train
DataSet_clean/yes/9ff2d2f4_nohash_4.wav,yes,9ff2d2f4,train
DataSet_clean/yes/a045368c_nohash_0.wav,yes,a045368c,train
DataSet_clean/yes/a045368c_nohash_1.wav,yes,a045368c,train
DataSet_clean/yes/a045368c_nohash_2.wav,yes,a045368c,train
DataSet_clean/yes/a045368c_nohash_3.wav,yes,a045368c,train
DataSet_clean/yes/a045368c_nohash_4.wav,yes,a045368c,train
DataSet_clean/yes/a04817c2_nohash_0.wav,yes,a04817c2,train
DataSet_clean/yes/a04817c2_nohash_1.wav,yes,a04817c2,train
DataSet_clean/yes/a04817c2_nohash_2.wav,yes,a04817c2,train
DataSet_clean/yes/a04817c2_nohash_3.wav,yes,a04817c2,train
DataSet_clean/yes/a04817c2_nohash_4.wav,yes,a04817c2,train
DataSet_clean/yes/a05a90c1_nohash_0.wav,yes,a05a90c1,test
DataSet_clean/yes/a05a90c1_nohash_1.wav,yes,a05a90c1,test
DataSet_clean/yes/a05a90c1_nohash_2.wav,yes,a05a90c1,test
DataSet_clean/yes/a05a90c1_nohash_3.wav,yes,a05a90c1,test
DataSet_clean/yes/a05a90c1_nohash_4.wav,yes,a05a90c1,test
DataSet_clean/yes/a0f93943_nohash_0.wav,yes,a0f93943,test
DataSet_clean/yes/a0f93943_nohash_1.wav,yes,a0f93943,test
DataSet_clean/yes/a13e0a74_nohash_0.wav,yes,a13e0a74,train
DataSet_clean/yes/a16013b7_nohash_0.wav,yes,a16013b7,train
DataSet_clean/yes/a16013b7_nohash_1.wav,yes,a16013b7,train
DataSet_clean/yes/a16013b7_nohash_2.wav,yes,a16013b7,train
DataSet_clean/yes/a16013b7_nohash_3.wav,yes,a16013b7,train
DataSet_clean/yes/a16013b7_nohash_4.wav,yes,a16013b7,train
DataSet_clean/yes/a16b3102_nohash_0.wav,yes,a16b3102,train
DataSet_clean/yes/a19452d5_nohash_0.wav,yes,a19452d5,train
DataSet_clean/yes/a1cf7fd8_nohash_0.wav,yes,a1cf7fd8,train
DataSet_clean/yes/a1cf7fd8_nohash_1.wav,yes,a1cf7fd8,train
DataSet_clean/yes/a1cf7fd8_nohash_2.wav,yes,a1cf7fd8,train
DataSet_clean/yes/a1cf7fd8_nohash_3.wav,yes,a1cf7fd8,train
DataSet_clean/yes/a1cff772_nohash_0.wav,yes,a1cff772,test
DataSet_clean/yes/a1cff772_nohash_1.wav,yes,a1cff772,test
DataSet_clean/yes/a1cff772_nohash_2.wav,yes,a1cff772,test
DataSet_clean/yes/a1dd919f_nohash_0.wav,yes,a1dd919f,val
DataSet_clean/yes/a1e71565_nohash_0.wav,yes,a1e71565,train
DataSet_clean/yes/a1e71565_nohash_1.wav,yes,a1e71565,train
DataSet_clean/yes/a1e71565_nohash_2.wav,yes,a1e71565,train
DataSet_clean/yes/a1e71565_nohash_3.wav,yes,a1e71565,train
DataSet_clean/yes/a1e71565_nohash_4.wav,yes,a1e71565,train
DataSet_clean/yes/a24582a0_nohash_0.wav,yes,a24582a0,test
DataSet_clean/yes/a24cf51c_nohash_0.wav,yes,a24cf51c,train
DataSet_clean/yes/a2b16113_nohash_0.wav,yes,a2b16113,train
DataSet_clean/yes/a2cc5444_nohash_0.wav,yes,a2cc5444,val
DataSet_clean/yes/a2cc5444_nohash_1.wav,yes,a2cc5444,val
DataSet_clean/yes/a2cc5444_nohash_2.wav,yes,a2cc5444,val
DataSet_clean/yes/a2cc5444_nohash_3.wav,yes,a2cc5444,val
DataSet_clean/yes/a2cc5444_nohash_4.wav,yes,a2cc5444,val
DataSet_clean/yes/a2fefcb4_nohash_0.wav,yes,a2fefcb4,train
DataSet_clean/yes/a331d9cb_nohash_0.wav,yes,a331d9cb,train
DataSet_clean/yes/a3518e99_nohash_0.wav,yes,a3518e99,train
DataSet_clean/yes/a3fc7884_nohash_0.wav,yes,a3fc7884,train
DataSet_clean/yes/a3fc7884_nohash_1.wav,yes,a3fc7884,train
DataSet_clean/yes/a434d52e_nohash_0.wav,yes,a434d52e,train
DataSet_clean/yes/a434d52e_nohash_1.wav,yes,a434d52e,train
DataSet_clean/yes/a489191a_nohash_0.wav,yes,a489191a,train
DataSet_clean/yes/a489191a_nohash_1.wav,yes,a489191a,train
DataSet_clean/yes/a489191a_nohash_2.wav,yes,a489191a,train
DataSet_clean/yes/a489191a_nohash_3.wav,yes,a489191a,train
DataSet_clean/yes/a489191a_nohash_4.wav,yes,a489191a,train
DataSet_clean/yes/a4b21cbc_nohash_0.wav,yes,a4b21cbc,test
DataSet_clean/yes/a4e8a997_nohash_0.wav,yes,a4e8a997,train
DataSet_clean/yes/a50a98d2_nohash_0.wav,yes,a50a98d2,train
DataSet_clean/yes/a55105d0_nohash_0.wav,yes,a55105d0,train
DataSet_clean/yes/a55105d0_nohash_1.wav,yes,a55105d0,train
DataSet_clean/yes/a55105d0_nohash_2.wav,yes,a55105d0,train
DataSet_clean/yes/a55105d0_nohash_3.wav,yes,a55105d0,train
DataSet_clean/yes/a5609cce_nohash_0.wav,yes,a5609cce,train
DataSet_clean/yes/a56859ea_nohash_0.wav,yes,a56859ea,val
DataSet_clean/yes/a591c2ea_nohash_0.wav,yes,a591c2ea,val
DataSet_clean/yes/a591c2ea_nohash_1.wav,yes,a591c2ea,val
DataSet_clean/yes/a5b24175_nohash_0.wav,yes,a5b24175,test
DataSet_clean/yes/a5b24175_nohash_1.wav,yes,a5b24175,test
DataSet_clean/yes/a5b24175_nohash_2.wav,yes,a5b24175,test
DataSet_clean/yes/a5d1becc_nohash_0.wav,yes,a5d1becc,test
DataSet_clean/yes/a5d1becc_nohash_1.wav,yes,a5d1becc,test
DataSet_clean/yes/a5d1becc_nohash_2.wav,yes,a5d1becc,test
DataSet_clean/yes/a5d1becc_nohash_3.wav,yes,a5d1becc,test
DataSet_clean/yes/a5d1becc_nohash_4.wav,yes,a5d1becc,test
DataSet_clean/yes/a5d485dc_nohash_0.wav,yes,a5d485dc,val
DataSet_clean/yes/a5d485dc_nohash_1.wav,yes,a5d485dc,val
DataSet_clean/yes/a5d485dc_nohash_2.wav,yes,a5d485dc,val
DataSet_clean/yes/a60a09cf_nohash_0.wav,yes,a60a09cf,val
DataSet_clean/yes/a60a09cf_nohash_1.wav,yes,a60a09cf,val
DataSet_clean/yes/a6285644_nohash_0.wav,yes,a6285644,train
DataSet_clean/yes/a62f807b_nohash_0.wav,yes,a62f807b,train
DataSet_clean/yes/a6d586b7_nohash_0.wav,yes,a6d586b7,train
DataSet_clean/yes/a6d586b7_nohash_1.wav,yes,a6d586b7,train
DataSet_clean/yes/a6d586b7_nohash_2.wav,yes,a6d586b7,train
DataSet_clean/yes/a6f2fd71_nohash_0.wav,yes,a6f2fd71,train
DataSet_clean/yes/a6f2fd71_nohash_1.wav,yes,a6f2fd71,train
DataSet_clean/yes/a6f2fd71_nohash_2.wav,yes,a6f2fd71,train
DataSet_clean/yes/a6f2fd71_nohash_3.wav,yes,a6f2fd71,train
DataSet_clean/yes/a6f2fd71_nohash_4.wav,yes,a6f2fd71,train
DataSet_clean/yes/a709ddd3_nohash_0.wav,yes,a709ddd3,train
DataSet_clean/yes/a7200079_nohash_0.wav,yes,a7200079,test
DataSet_clean/yes/a7200079_nohash_1.wav,yes,a7200079,test
DataSet_clean/yes/a7200079_nohash_2.wav,yes,a7200079,test
DataSet_clean/yes/a7200079_nohash_3.wav,yes,a7200079,test
DataSet_clean/yes/a7200079_nohash_4.wav,yes,a7200079,test
DataSet_clean/yes/a7216980_nohash_0.wav,yes,a7216980,train
DataSet_clean/yes/a7216980_nohash_1.wav,yes,a7216980,train
DataSet_clean/yes/a7216980_nohash_2.wav,yes,a7216980,train
DataSet_clean/yes/a7216980_nohash_3.wav,yes,a7216980,train
DataSet_clean/yes/a7216980_nohash_4.wav,yes,a7216980,train
DataSet_clean/yes/a74f3917_nohash_0.wav,yes,a74f3917,train
DataSet_clean/yes/a7545b9f_nohash_0.wav,yes,a7545b9f,train
DataSet_clean/yes/a7545b9f_nohash_1.wav,yes,a7545b9f,train
DataSet_clean/yes/a77fbcfd_nohash_0.wav,yes,a77fbcfd,train
DataSet_clean/yes/a77fbcfd_nohash_1.wav,yes,a77fbcfd,train
DataSet_clean/yes/a77fbcfd_nohash_2.wav,yes,a77fbcfd,train
DataSet_clean/yes/a77fbcfd_nohash_3.wav,yes,a77fbcfd,train
DataSet_clean/yes/a77fbcfd_nohash_4.wav,yes,a77fbcfd,train
DataSet_clean/yes/a7acbbeb_nohash_0.wav,yes,a7acbbeb,train
DataSet_clean/yes/a7acbbeb_nohash_1.wav,yes,a7acbbeb,train
DataSet_clean/yes/a7acbbeb_nohash_2.wav,yes,a7acbbeb,train
DataSet_clean/yes/a7acbbeb_nohash_3.wav,yes,a7acbbeb,train
DataSet_clean/yes/a7dd45cf_nohash_0.wav,yes,a7dd45cf,val
DataSet_clean/yes/a80f9f53_nohash_0.wav,yes,a80f9f53,train
DataSet_clean/yes/a827e3a1_nohash_0.wav,yes,a827e3a1,test
DataSet_clean/yes/a84dee7b_nohash_0.wav,yes,a84dee7b,train
DataSet_clean/yes/a84dee7b_nohash_1.wav,yes,a84dee7b,train
DataSet_clean/yes/a8688b67_nohash_0.wav,yes,a8688b67,train
DataSet_clean/yes/a8688b67_nohash_1.wav,yes,a8688b67,train
DataSet_clean/yes/a879a2c3_nohash_0.wav,yes,a879a2c3,train
DataSet_clean/yes/a8cb6dda_nohash_0.wav,yes,a8cb6dda,test
DataSet_clean/yes/a8e25ebb_nohash_0.wav,yes,a8e25ebb,train
DataSet_clean/yes/a902ce9b_nohash_0.wav,yes,a902ce9b,train
DataSet_clean/yes/a928cc5b_nohash_0.wav,yes,a928cc5b,train
DataSet_clean/yes/a929f9b9_nohash_0.wav,yes,a929f9b9,val
DataSet_clean/yes/a929f9b9_nohash_1.wav,yes,a929f9b9,val
DataSet_clean/yes/a929f9b9_nohash_2.wav,yes,a929f9b9,val
DataSet_clean/yes/a929f9b9_nohash_3.wav,yes,a929f9b9,val
DataSet_clean/yes/a929f9b9_nohash_4.wav,yes,a929f9b9,val
DataSet_clean/yes/a95dbfd4_nohash_0.wav,yes,a95dbfd4,val
DataSet_clean/yes/a97017df_nohash_0.wav,yes,a97017df,train
DataSet_clean/yes/a996cf66_nohash_0.wav,yes,a996cf66,train
DataSet_clean/yes/a9b4c2ef_nohash_0.wav,yes,a9b4c2ef,test
DataSet_clean/yes/a9ca1818_nohash_0.wav,yes,a9ca1818,train
DataSet_clean/yes/a9ca1818_nohash_1.wav,yes,a9ca1818,train
DataSet_clean/yes/a9ca1818_nohash_2.wav,yes,a9ca1818,train
DataSet_clean/yes/a9ca1818_nohash_3.wav,yes,a9ca1818,train
DataSet_clean/yes/a9ca1818_nohash_4.wav,yes,a9ca1818,train
DataSet_clean/yes/a9f38bae_nohash_0.wav,yes,a9f38bae,train
DataSet_clean/yes/a9f38bae_nohash_1.wav,yes,a9f38bae,train
DataSet_clean/yes/a9f54d8d_nohash_0.wav,yes,a9f54d8d,test
DataSet_clean/yes/aa109cfb_nohash_0.wav,yes,aa109cfb,train
DataSet_clean/yes/aa233654_nohash_0.wav,yes,aa233654,val
DataSet_clean/yes/aa48c94a_nohash_0.wav,yes,aa48c94a,val
DataSet_clean/yes/aa753bb9_nohash_0.wav,yes,aa753bb9,train
DataSet_clean/yes/aa753bb9_nohash_1.wav,yes,aa753bb9,train
DataSet_clean/yes/aa753bb9_nohash_2.wav,yes,aa753bb9,train
DataSet_clean/yes/aa80f517_nohash_0.wav,yes,aa80f517,train
DataSet_clean/yes/aa80f517_nohash_1.wav,yes,aa80f517,train
DataSet_clean/yes/aa80f517_nohash_2.wav,yes,aa80f517,train
DataSet_clean/yes/aa80f517_nohash_3.wav,yes,aa80f517,train
DataSet_clean/yes/aa80f517_nohash_4.wav,yes,aa80f517,train
DataSet_clean/yes/aac5b7c1_nohash_0.wav,yes,aac5b7c1,val
DataSet_clean/yes/ab1299bb_nohash_0.wav,yes,ab1299bb,train
DataSet_clean/yes/ab46af55_nohash_0.wav,yes,ab46af55,test
DataSet_clean/yes/ab46af55_nohash_1.wav,yes,ab46af55,test
DataSet_clean/yes/ab46af55_nohash_2.wav,yes,ab46af55,test
DataSet_clean/yes/ab46af55_nohash_3.wav,yes,ab46af55,test
DataSet_clean/yes/ab46af55_nohash_4.wav,yes,ab46af55,test
DataSet_clean/yes/ab46af55_nohash_5.wav,yes,ab46af55,test
DataSet_clean/yes/ab46af55_nohash_6.wav,yes,ab46af55,test
DataSet_clean/yes/ab46af55_nohash_7.wav,yes,ab46af55,test
DataSet_clean/yes/ab46af55_nohash_8.wav,yes,ab46af55,test
DataSet_clean/yes/ab5ae445_nohash_0.wav,yes,ab5ae445,val
DataSet_clean/yes/ab5ae445_nohash_1.wav,yes,ab5ae445,val
DataSet_clean/yes/ab5d7179_nohash_0.wav,yes,ab5d7179,train
DataSet_clean/yes/ab7b5acd_nohash_0.wav,yes,ab7b5acd,train
DataSet_clean/yes/ab81c9c8_nohash_0.wav,yes,ab81c9c8,train
DataSet_clean/yes/ab9b93e4_nohash_0.wav,yes,ab9b93e4,train
DataSet_clean/yes/ab9b93e4_nohash_1.wav,yes,ab9b93e4,train
DataSet_clean/yes/ab9b93e4_nohash_2.wav,yes,ab9b93e4,train
DataSet_clean/yes/abbfc3b4_nohash_0.wav,yes,abbfc3b4,test
DataSet_clean/yes/abbfc3b4_nohash_1.wav,yes,abbfc3b4,test
DataSet_clean/yes/ac4b3fc3_nohash_0.wav,yes,ac4b3fc3,test
DataSet_clean/yes/ac4b3fc3_nohash_1.wav,yes,ac4b3fc3,test
DataSet_clean/yes/ac7840d8_nohash_0.wav,yes,ac7840d8,train
DataSet_clean/yes/ac7840d8_nohash_1.wav,yes,ac7840d8,train
DataSet_clean/yes/ac7840d8_nohash_2.wav,yes,ac7840d8,train
DataSet_clean/yes/ac899eb7_nohash_0.wav,yes,ac899eb7,train
DataSet_clean/yes/ac9dee0e_nohash_0.wav,yes,ac9dee0e,train
DataSet_clean/yes/ac9dee0e_nohash_1.wav,yes,ac9dee0e,train
DataSet_clean/yes/ac9dee0e_nohash_2.wav,yes,ac9dee0e,train
DataSet_clean/yes/ac9dee0e_nohash_3.wav,yes,ac9dee0e,train
DataSet_clean/yes/ac9dee0e_nohash_4.wav,yes,ac9dee0e,train
DataSet_clean/yes/acde7e73_nohash_0.wav,yes,acde7e73,train
DataSet_clean/yes/ace072ba_nohash_0.wav,yes,ace072ba,val
DataSet_clean/yes/ace072ba_nohash_1.wav,yes,ace072ba,val
DataSet_clean/yes/ace072ba_nohash_2.wav,yes,ace072ba,val
DataSet_clean/yes/ace072ba_nohash_3.wav,yes,ace072ba,val
DataSet_clean/yes/ace072ba_nohash_4.wav,yes,ace072ba,val
DataSet_clean/yes/acfd3bc3_nohash_0.wav,yes,acfd3bc3,train
DataSet_clean/yes/acfd5b5e_nohash_0.wav,yes,acfd5b5e,train
DataSet_clean/yes/acfd5b5e_nohash_1.wav,yes,acfd5b5e,train
DataSet_clean/yes/acfd5b5e_nohash_2.wav,yes,acfd5b5e,train
DataSet_clean/yes/acfd5b5e_nohash_3.wav,yes,acfd5b5e,train
DataSet_clean/yes/acfd5b5e_nohash_4.wav,yes,acfd5b5e,train
DataSet_clean/yes/ad526ada_nohash_0.wav,yes,ad526ada,val
DataSet_clean/yes/ad63d93c_nohash_0.wav,yes,ad63d93c,train
DataSet_clean/yes/ad63d93c_nohash_1.wav,yes,ad63d93c,train
DataSet_clean/yes/ad63d93c_nohash_2.wav,yes,ad63d93c,train
DataSet_clean/yes/ad63d93c_nohash_3.wav,yes,ad63d93c,train
DataSet_clean/yes/ad63d93c_nohash_4.wav,yes,ad63d93c,train
DataSet_clean/yes/ad6a46f1_nohash_0.wav,yes,ad6a46f1,train
DataSet_clean/yes/ad89eb1e_nohash_0.wav,yes,ad89eb1e,val
DataSet_clean/yes/ad89eb1e_nohash_1.wav,yes,ad89eb1e,val
DataSet_clean/yes/ad89eb1e_nohash_2.wav,yes,ad89eb1e,val
DataSet_clean/yes/adc216c5_nohash_0.wav,yes,adc216c5,train
DataSet_clean/yes/adebe223_nohash_0.wav,yes,adebe223,train
DataSet_clean/yes/adec6a94_nohash_0.wav,yes,adec6a94,train
DataSet_clean/yes/adec6a94_nohash_1.wav,yes,adec6a94,train
DataSet_clean/yes/ae04cdbe_nohash_0.wav,yes,ae04cdbe,train
DataSet_clean/yes/ae71797c_nohash_0.wav,yes,ae71797c,train
DataSet_clean/yes/ae82c78c_nohash_0.wav,yes,ae82c78c,train
DataSet_clean/yes/ae927455_nohash_0.wav,yes,ae927455,val
DataSet_clean/yes/aeb99b1c_nohash_0.wav,yes,aeb99b1c,train
DataSet_clean/yes/aeb99b1c_nohash_1.wav,yes,aeb99b1c,train
DataSet_clean/yes/aef8dcf5_nohash_0.wav,yes,aef8dcf5,train
DataSet_clean/yes/af405b69_nohash_0.wav,yes,af405b69,train
DataSet_clean/yes/af6fbbf5_nohash_0.wav,yes,af6fbbf5,val
DataSet_clean/yes/af6fbbf5_nohash_1.wav,yes,af6fbbf5,val
DataSet_clean/yes/af6fbbf5_nohash_2.wav,yes,af6fbbf5,val
DataSet_clean/yes/af790082_nohash_0.wav,yes,af790082,train
DataSet_clean/yes/af790082_nohash_1.wav,yes,af790082,train
DataSet_clean/yes/af790082_nohash_2.wav,yes,af790082,train
DataSet_clean/yes/af790082_nohash_3.wav,yes,af790082,train
DataSet_clean/yes/af790082_nohash_4.wav,yes,af790082,train
DataSet_clean/yes/af7a8296_nohash_0.wav,yes,af7a8296,train
DataSet_clean/yes/af7a8296_nohash_1.wav,yes,af7a8296,train
DataSet_clean/yes/af7a8296_nohash_2.wav,yes,af7a8296,train
DataSet_clean/yes/af7a8296_nohash_3.wav,yes,af7a8296,train
DataSet_clean/yes/afabfa0e_nohash_0.wav,yes,afabfa0e,train
DataSet_clean/yes/afd53389_nohash_0.wav,yes,afd53389,train
DataSet_clean/yes/afe0b87d_nohash_0.wav,yes,afe0b87d,train
DataSet_clean/yes/aff582a1_nohash_0.wav,yes,aff582a1,test
DataSet_clean/yes/aff582a1_nohash_1.wav,yes,aff582a1,test
DataSet_clean/yes/aff582a1_nohash_2.wav,yes,aff582a1,test
DataSet_clean/yes/aff582a1_nohash_3.wav,yes,aff582a1,test
DataSet_clean/yes/aff582a1_nohash_4.wav,yes,aff582a1,test
DataSet_clean/yes/b00c4c53_nohash_0.wav,yes,b00c4c53,val
DataSet_clean/yes/b00c4c53_nohash_1.wav,yes,b00c4c53,val
DataSet_clean/yes/b00dff7e_nohash_0.wav,yes,b00dff7e,test
DataSet_clean/yes/b087aa0e_nohash_0.wav,yes,b087aa0e,test
DataSet_clean/yes/b089169d_nohash_0.wav,yes,b089169d,train
DataSet_clean/yes/b0ae6326_nohash_0.wav,yes,b0ae6326,train
DataSet_clean/yes/b0ae6326_nohash_1.wav,yes,b0ae6326,train
DataSet_clean/yes/b0ae6326_nohash_2.wav,yes,b0ae6326,train
DataSet_clean/yes/b0ae6326_nohash_3.wav,yes,b0ae6326,train
DataSet_clean/yes/b0bad4a9_nohash_0.wav,yes,b0bad4a9,val
DataSet_clean/yes/b0bad4a9_nohash_1.wav,yes,b0bad4a9,val
DataSet_clean/yes/b0bad4a9_nohash_2.wav,yes,b0bad4a9,val
DataSet_clean/yes/b0f5b16d_nohash_0.wav,yes,b0f5b16d,train
DataSet_clean/yes/b0f5b16d_nohash_1.wav,yes,b0f5b16d,train
DataSet_clean/yes/b0f5b16d_nohash_2.wav,yes,b0f5b16d,train
DataSet_clean/yes/b0f5b16d_nohash_3.wav,yes,b0f5b16d,train
DataSet_clean/yes/b0f5b16d_nohash_4.wav,yes,b0f5b16d,train
DataSet_clean/yes/b15fc37d_nohash_0.wav,yes,b15fc37d,train
DataSet_clean/yes/b19f7f5f_nohash_0.wav,yes,b19f7f5f,train
DataSet_clean/yes/b21f0fa4_nohash_0.wav,yes,b21f0fa4,train
DataSet_clean/yes/b25b6065_nohash_0.wav,yes,b25b6065,val
DataSet_clean/yes/b25b6065_nohash_1.wav,yes,b25b6065,val
DataSet_clean/yes/b29f8b23_nohash_0.wav,yes,b29f8b23,train
DataSet_clean/yes/b29f8b23_nohash_1.wav,yes,b29f8b23,train
DataSet_clean/yes/b29f8b23_nohash_2.wav,yes,b29f8b23,train
DataSet_clean/yes/b29f8b23_nohash_3.wav,yes,b29f8b23,train
DataSet_clean/yes/b29f8b23_nohash_4.wav,yes,b29f8b23,train
DataSet_clean/yes/b2ae3928_nohash_0.wav,yes,b2ae3928,train
DataSet_clean/yes/b2ae3928_nohash_1.wav,yes,b2ae3928,train
DataSet_clean/yes/b2ae3928_nohash_2.wav,yes,b2ae3928,train
DataSet_clean/yes/b2ae3928_nohash_3.wav,yes,b2ae3928,train
DataSet_clean/yes/b2ae3928_nohash_4.wav,yes,b2ae3928,train
DataSet_clean/yes/b2e2773a_nohash_0.wav,yes,b2e2773a,train
DataSet_clean/yes/b308773d_nohash_0.wav,yes,b308773d,test
DataSet_clean/yes/b308773d_nohash_1.wav,yes,b308773d,test
DataSet_clean/yes/b308773d_nohash_2.wav,yes,b308773d,test
DataSet_clean/yes/b308773d_nohash_3.wav,yes,b308773d,test
DataSet_clean/yes/b31ad508_nohash_0.wav,yes,b31ad508,val
DataSet_clean/yes/b36c27c2_nohash_0.wav,yes,b36c27c2,val
DataSet_clean/yes/b3bb4dd6_nohash_0.wav,yes,b3bb4dd6,train
DataSet_clean/yes/b414c653_nohash_0.wav,yes,b414c653,train
DataSet_clean/yes/b414c653_nohash_1.wav,yes,b414c653,train
DataSet_clean/yes/b414c653_nohash_2.wav,yes,b414c653,train
DataSet_clean/yes/b414c653_nohash_3.wav,yes,b414c653,train
DataSet_clean/yes/b414c653_nohash_4.wav,yes,b414c653,train
DataSet_clean/yes/b41a92a3_nohash_0.wav,yes,b41a92a3,train
DataSet_clean/yes/b433332a_nohash_0.wav,yes,b433332a,train
DataSet_clean/yes/b43c8f2f_nohash_0.wav,yes,b43c8f2f,train
DataSet_clean/yes/b43c8f2f_nohash_1.wav,yes,b43c8f2f,train
DataSet_clean/yes/b43de700_nohash_0.wav,yes,b43de700,test
DataSet_clean/yes/b43de700_nohash_1.wav,yes,b43de700,test
DataSet_clean/yes/b46e8153_nohash_0.wav,yes,b46e8153,train
DataSet_clean/yes/b487da60_nohash_0.wav,yes,b487da60,train
DataSet_clean/yes/b49caed3_nohash_0.wav,yes,b49caed3,train
DataSet_clean/yes/b49caed3_nohash_1.wav,yes,b49caed3,train
DataSet_clean/yes/b49caed3_nohash_2.wav,yes,b49caed3,train
DataSet_clean/yes/b49caed3_nohash_3.wav,yes,b49caed3,train
DataSet_clean/yes/b49caed3_nohash_4.wav,yes,b49caed3,train
DataSet_clean/yes/b4aa9fef_nohash_0.wav,yes,b4aa9fef,train
DataSet_clean/yes/b4aa9fef_nohash_1.wav,yes,b4aa9fef,train
DataSet_clean/yes/b4aa9fef_nohash_2.wav,yes,b4aa9fef,train
DataSet_clean/yes/b4aa9fef_nohash_3.wav,yes,b4aa9fef,train
DataSet_clean/yes/b4aa9fef_nohash_4.wav,yes,b4aa9fef,train
DataSet_clean/yes/b4bef564_nohash_0.wav,yes,b4bef564,train
DataSet_clean/yes/b4ea0d9a_nohash_0.wav,yes,b4ea0d9a,test
DataSet_clean/yes/b4ea0d9a_nohash_1.wav,yes,b4ea0d9a,test
DataSet_clean/yes/b4ea0d9a_nohash_2.wav,yes,b4ea0d9a,test
DataSet_clean/yes/b4ea0d9a_nohash_3.wav,yes,b4ea0d9a,test
DataSet_clean/yes/b4ea0d9a_nohash_4.wav,yes,b4ea0d9a,test
DataSet_clean/yes/b4ea0d9a_nohash_5.wav,yes,b4ea0d9a,test
DataSet_clean/yes/b4ea0d9a_nohash_6.wav,yes,b4ea0d9a,test
DataSet_clean/yes/b4ea0d9a_nohash_7.wav,yes,b4ea0d9a,test
DataSet_clean/yes/b528edb3_nohash_0.wav,yes,b528edb3,train
DataSet_clean/yes/b528edb3_nohash_1.wav,yes,b528edb3,train
DataSet_clean/yes/b528edb3_nohash_2.wav,yes,b528edb3,train
DataSet_clean/yes/b528edb3_nohash_3.wav,yes,b528edb3,train
DataSet_clean/yes/b52bd596_nohash_0.wav,yes,b52bd596,train
DataSet_clean/yes/b5552931_nohash_0.wav,yes,b5552931,train
DataSet_clean/yes/b5552931_nohash_1.wav,yes,b5552931,train
DataSet_clean/yes/b5552931_nohash_2.wav,yes,b5552931,train
DataSet_clean/yes/b5552931_nohash_3.wav,yes,b5552931,train
DataSet_clean/yes/b5552931_nohash_4.wav,yes,b5552931,train
DataSet_clean/yes/b575b5fb_nohash_0.wav,yes,b575b5fb,train
DataSet_clean/yes/b5935410_nohash_0.wav,yes,b5935410,train
DataSet_clean/yes/b5aacf2c_nohash_0.wav,yes,b5aacf2c,train
DataSet_clean/yes/b5cf6ea8_nohash_0.wav,yes,b5cf6ea8,train
DataSet_clean/yes/b5cf6ea8_nohash_1.wav,yes,b5cf6ea8,train
DataSet_clean/yes/b5cf6ea8_nohash_2.wav,yes,b5cf6ea8,train
DataSet_clean/yes/b5cf6ea8_nohash_3.wav,yes,b5cf6ea8,train
DataSet_clean/yes/b5cf6ea8_nohash_4.wav,yes,b5cf6ea8,train
DataSet_clean/yes/b5cf6ea8_nohash_5.wav,yes,b5cf6ea8,train
DataSet_clean/yes/b5cf6ea8_nohash_6.wav,yes,b5cf6ea8,train
DataSet_clean/yes/b5cf6ea8_nohash_7.wav,yes,b5cf6ea8,train
DataSet_clean/yes/b5eb4f9b_nohash_0.wav,yes,b5eb4f9b,test
DataSet_clean/yes/b6026214_nohash_0.wav,yes,b6026214,val
DataSet_clean/yes/b63fea9e_nohash_0.wav,yes,b63fea9e,train
DataSet_clean/yes/b6573c88_nohash_0.wav,yes,b6573c88,train
DataSet_clean/yes/b66f4f93_nohash_0.wav,yes,b66f4f93,val
DataSet_clean/yes/b66f4f93_nohash_1.wav,yes,b66f4f93,val
DataSet_clean/yes/b66f4f93_nohash_2.wav,yes,b66f4f93,val
DataSet_clean/yes/b66f4f93_nohash_3.wav,yes,b66f4f93,val
DataSet_clean/yes/b66f4f93_nohash_4.wav,yes,b66f4f93,val
DataSet_clean/yes/b66f4f93_nohash_5.wav,yes,b66f4f93,val
DataSet_clean/yes/b66f4f93_nohash_6.wav,yes,b66f4f93,val
DataSet_clean/yes/b66f4f93_nohash_7.wav,yes,b66f4f93,val
DataSet_clean/yes/b66f4f93_nohash_8.wav,yes,b66f4f93,val
DataSet_clean/yes/b66f4f93_nohash_9.wav,yes,b66f4f93,val
DataSet_clean/yes/b69002d4_nohash_0.wav,yes,b69002d4,val
DataSet_clean/yes/b69002d4_nohash_1.wav,yes,b69002d4,val
DataSet_clean/yes/b69002d4_nohash_2.wav,yes,b69002d4,val
DataSet_clean/yes/b69002d4_nohash_3.wav,yes,b69002d4,val
DataSet_clean/yes/b69002d4_nohash_4.wav,yes,b69002d4,val
DataSet_clean/yes/b69fe0e2_nohash_0.wav,yes,b69fe0e2,train
DataSet_clean/yes/b69fe0e2_nohash_1.wav,yes,b69fe0e2,train
DataSet_clean/yes/b69fe0e2_nohash_2.wav,yes,b69fe0e2,train
DataSet_clean/yes/b69fe0e2_nohash_3.wav,yes,b69fe0e2,train
DataSet_clean/yes/b6d11c9b_nohash_0.wav,yes,b6d11c9b,test
DataSet_clean/yes/b6e6aa2e_nohash_0.wav,yes,b6e6aa2e,val
DataSet_clean/yes/b6ebe225_nohash_0.wav,yes,b6ebe225,val
DataSet_clean/yes/b6ebe225_nohash_1.wav,yes,b6ebe225,val
DataSet_clean/yes/b71ebf79_nohash_0.wav,yes,b71ebf79,train
DataSet_clean/yes/b72e58c9_nohash_0.wav,yes,b72e58c9,train
DataSet_clean/yes/b737ee80_nohash_0.wav,yes,b737ee80,train
DataSet_clean/yes/b737ee80_nohash_1.wav,yes,b737ee80,train
DataSet_clean/yes/b76f6088_nohash_0.wav,yes,b76f6088,train
DataSet_clean/yes/b76f6088_nohash_1.wav,yes,b76f6088,train
DataSet_clean/yes/b76f6088_nohash_2.wav,yes,b76f6088,train
DataSet_clean/yes/b76f6088_nohash_3.wav,yes,b76f6088,train
DataSet_clean/yes/b7a0754f_nohash_0.wav,yes,b7a0754f,train
DataSet_clean/yes/b7a0754f_nohash_1.wav,yes,b7a0754f,train
DataSet_clean/yes/b7a0754f_nohash_2.wav,yes,b7a0754f,train
DataSet_clean/yes/b7a0754f_nohash_3.wav,yes,b7a0754f,train
DataSet_clean/yes/b7a0754f_nohash_4.wav,yes,b7a0754f,train
DataSet_clean/yes/b7a6f709_nohash_0.wav,yes,b7a6f709,train
DataSet_clean/yes/b7e9f841_nohash_0.wav,yes,b7e9f841,val
DataSet_clean/yes/b80d6c5e_nohash_0.wav,yes,b80d6c5e,train
DataSet_clean/yes/b80d6c5e_nohash_1.wav,yes,b80d6c5e,train
DataSet_clean/yes/b83c1acf_nohash_0.wav,yes,b83c1acf,test
DataSet_clean/yes/b83c1acf_nohash_1.wav,yes,b83c1acf,test
DataSet_clean/yes/b83c1acf_nohash_2.wav,yes,b83c1acf,test
DataSet_clean/yes/b83c1acf_nohash_3.wav,yes,b83c1acf,test
DataSet_clean/yes/b83c1acf_nohash_4.wav,yes,b83c1acf,test
DataSet_clean/yes/b84f83d2_nohash_0.wav,yes,b84f83d2,train
DataSet_clean/yes/b84f83d2_nohash_1.wav,yes,b84f83d2,train
DataSet_clean/yes/b87bdb22_nohash_0.wav,yes,b87bdb22,val
DataSet_clean/yes/b87bdb22_nohash_1.wav,yes,b87bdb22,val
DataSet_clean/yes/b87bdb22_nohash_2.wav,yes,b87bdb22,val
DataSet_clean/yes/b87bdb22_nohash_3.wav,yes,b87bdb22,val
DataSet_clean/yes/b8874962_nohash_0.wav,yes,b8874962,train
DataSet_clean/yes/b8874962_nohash_1.wav,yes,b8874962,train
DataSet_clean/yes/b8874962_nohash_2.wav,yes,b8874962,train
DataSet_clean/yes/b8874962_nohash_3.wav,yes,b8874962,train
DataSet_clean/yes/b8874962_nohash_4.wav,yes,b8874962,train
DataSet_clean/yes/b8897f1c_nohash_0.wav,yes,b8897f1c,train
DataSet_clean/yes/b91b718c_nohash_0.wav,yes,b91b718c,train
DataSet_clean/yes/b91b718c_nohash_1.wav,yes,b91b718c,train
DataSet_clean/yes/b91b718c_nohash_2.wav,yes,b91b718c,train
DataSet_clean/yes/b91b718c_nohash_3.wav,yes,b91b718c,train
DataSet_clean/yes/b93528e3_nohash_0.wav,yes,b93528e3,val
DataSet_clean/yes/b93528e3_nohash_1.wav,yes,b93528e3,val
DataSet_clean/yes/b9515bf3_nohash_0.wav,yes,b9515bf3,train
DataSet_clean/yes/b9515bf3_nohash_1.wav,yes,b9515bf3,train
DataSet_clean/yes/b9515bf3_nohash_2.wav,yes,b9515bf3,train
DataSet_clean/yes/b9515bf3_nohash_3.wav,yes,b9515bf3,train
DataSet_clean/yes/b9515bf3_nohash_4.wav,yes,b9515bf3,train
DataSet_clean/yes/b959cd0c_nohash_0.wav,yes,b959cd0c,train
DataSet_clean/yes/b97c9f77_nohash_0.wav,yes,b97c9f77,train
DataSet_clean/yes/b97c9f77_nohash_1.wav,yes,b97c9f77,train
DataSet_clean/yes/b97c9f77_nohash_2.wav,yes,b97c9f77,train
DataSet_clean/yes/b97c9f77_nohash_3.wav,yes,b97c9f77,train
DataSet_clean/yes/b97c9f77_nohash_4.wav,yes,b97c9f77,train
DataSet_clean/yes/b9cccd01_nohash_0.wav,yes,b9cccd01,train
DataSet_clean/yes/b9db6e42_nohash_0.wav,yes,b9db6e42,train
DataSet_clean/yes/b9db6e42_nohash_1.wav,yes,b9db6e42,train
DataSet_clean/yes/b9f46737_nohash_0.wav,yes,b9f46737,test
DataSet_clean/yes/b9f46737_nohash_1.wav,yes,b9f46737,test
DataSet_clean/yes/b9f46737_nohash_2.wav,yes,b9f46737,test
DataSet_clean/yes/b9f46737_nohash_3.wav,yes,b9f46737,test
DataSet_clean/yes/b9f46737_nohash_4.wav,yes,b9f46737,test
DataSet_clean/yes/ba676390_nohash_0.wav,yes,ba676390,train
DataSet_clean/yes/bab36420_nohash_0.wav,yes,bab36420,test
DataSet_clean/yes/bab36420_nohash_1.wav,yes,bab36420,test
DataSet_clean/yes/bab36420_nohash_2.wav,yes,bab36420,test
DataSet_clean/yes/bab36420_nohash_3.wav,yes,bab36420,test
DataSet_clean/yes/baeac2ba_nohash_0.wav,yes,baeac2ba,train
DataSet_clean/yes/baeac2ba_nohash_1.wav,yes,baeac2ba,train
DataSet_clean/yes/baeac2ba_nohash_2.wav,yes,baeac2ba,train
DataSet_clean/yes/baeac2ba_nohash_3.wav,yes,baeac2ba,train
DataSet_clean/yes/baf01c1f_nohash_0.wav,yes,baf01c1f,train
DataSet_clean/yes/baf01c1f_nohash_1.wav,yes,baf01c1f,train
DataSet_clean/yes/bb05582b_nohash_0.wav,yes,bb05582b,train
DataSet_clean/yes/bb05582b_nohash_1.wav,yes,bb05582b,train
DataSet_clean/yes/bb05582b_nohash_2.wav,yes,bb05582b,train
DataSet_clean/yes/bb05582b_nohash_3.wav,yes,bb05582b,train
DataSet_clean/yes/bb05582b_nohash_4.wav,yes,bb05582b,train
DataSet_clean/yes/bb6d4301_nohash_0.wav,yes,bb6d4301,train
DataSet_clean/yes/bb6d4301_nohash_1.wav,yes,bb6d4301,train
DataSet_clean/yes/bb6d4301_nohash_2.wav,yes,bb6d4301,train
DataSet_clean/yes/bb6d4301_nohash_3.wav,yes,bb6d4301,train
DataSet_clean/yes/bb6d4301_nohash_4.wav,yes,bb6d4301,train
DataSet_clean/yes/bbaa7946_nohash_0.wav,yes,bbaa7946,train
DataSet_clean/yes/bbbf4fbd_nohash_0.wav,yes,bbbf4fbd,train
DataSet_clean/yes/bbc30633_nohash_0.wav,yes,bbc30633,train
DataSet_clean/yes/bbc30633_nohash_1.wav,yes,bbc30633,train
DataSet_clean/yes/bbc30633_nohash_2.wav,yes,bbc30633,train
DataSet_clean/yes/bbc30633_nohash_3.wav,yes,bbc30633,train
DataSet_clean/yes/bbc30633_nohash_4.wav,yes,bbc30633,train
DataSet_clean/yes/bbd0bbd0_nohash_0.wav,yes,bbd0bbd0,val
DataSet_clean/yes/bbd0bbd0_nohash_1.wav,yes,bbd0bbd0,val
DataSet_clean/yes/bbd0bbd0_nohash_2.wav,yes,bbd0bbd0,val
DataSet_clean/yes/bbd0bbd0_nohash_3.wav,yes,bbd0bbd0,val
DataSet_clean/yes/bbd0bbd0_nohash_4.wav,yes,bbd0bbd0,val
DataSet_clean/yes/bbf38549_nohash_0.wav,yes,bbf38549,val
DataSet_clean/yes/bbf38549_nohash_1.wav,yes,bbf38549,val
DataSet_clean/yes/bbf38549_nohash_2.wav,yes,bbf38549,val
DataSet_clean/yes/bbf38549_nohash_3.wav,yes,bbf38549,val
DataSet_clean/yes/bbf38549_nohash_4.wav,yes,bbf38549,val
DataSet_clean/yes/bc065a17_nohash_0.wav,yes,bc065a17,train
DataSet_clean/yes/bc196f81_nohash_0.wav,yes,bc196f81,train
DataSet_clean/yes/bc196f81_nohash_1.wav,yes,bc196f81,train
DataSet_clean/yes/bc999754_nohash_0.wav,yes,bc999754,train
DataSet_clean/yes/bca56796_nohash_0.wav,yes,bca56796,train
DataSet_clean/yes/bcf614a2_nohash_0.wav,yes,bcf614a2,train
DataSet_clean/yes/bcf614a2_nohash_1.wav,yes,bcf614a2,train
DataSet_clean/yes/bcf614a2_nohash_2.wav,yes,bcf614a2,train
DataSet_clean/yes/bcf614a2_nohash_3.wav,yes,bcf614a2,train
DataSet_clean/yes/bd11a2e7_nohash_0.wav,yes,bd11a2e7,train
DataSet_clean/yes/bd11a2e7_nohash_1.wav,yes,bd11a2e7,train
DataSet_clean/yes/bd2db1a5_nohash_0.wav,yes,bd2db1a5,test
DataSet_clean/yes/bd76a7fd_nohash_0.wav,yes,bd76a7fd,train
DataSet_clean/yes/bd76a7fd_nohash_1.wav,yes,bd76a7fd,train
DataSet_clean/yes/bd76a7fd_nohash_2.wav,yes,bd76a7fd,train
DataSet_clean/yes/bd76a7fd_nohash_3.wav,yes,bd76a7fd,train
DataSet_clean/yes/bd76a7fd_nohash_4.wav,yes,bd76a7fd,train
DataSet_clean/yes/bd76a7fd_nohash_5.wav,yes,bd76a7fd,train
DataSet_clean/yes/bd76a7fd_nohash_6.wav,yes,bd76a7fd,train
DataSet_clean/yes/bd76a7fd_nohash_7.wav,yes,bd76a7fd,train
DataSet_clean/yes/bd8412df_nohash_0.wav,yes,bd8412df,train
DataSet_clean/yes/bdd22e4d_nohash_0.wav,yes,bdd22e4d,val
DataSet_clean/yes/bdd22e4d_nohash_1.wav,yes,bdd22e4d,val
DataSet_clean/yes/bdd22e4d_nohash_2.wav,yes,bdd22e4d,val
DataSet_clean/yes/bdd22e4d_nohash_3.wav,yes,bdd22e4d,val
DataSet_clean/yes/bdd22e4d_nohash_4.wav,yes,bdd22e4d,val
DataSet_clean/yes/bde0f20a_nohash_0.wav,yes,bde0f20a,test
DataSet_clean/yes/bde0f20a_nohash_1.wav,yes,bde0f20a,test
DataSet_clean/yes/bde0f20a_nohash_2.wav,yes,bde0f20a,test
DataSet_clean/yes/bde0f20a_nohash_3.wav,yes,bde0f20a,test
DataSet_clean/yes/bde0f20a_nohash_4.wav,yes,bde0f20a,test
DataSet_clean/yes/bde0f20a_nohash_5.wav,yes,bde0f20a,test
DataSet_clean/yes/bdee441c_nohash_0.wav,yes,bdee441c,val
DataSet_clean/yes/bdee441c_nohash_1.wav,yes,bdee441c,val
DataSet_clean/yes/bdee441c_nohash_2.wav,yes,bdee441c,val
DataSet_clean/yes/bdee441c_nohash_3.wav,yes,bdee441c,val
DataSet_clean/yes/be7a5b2d_nohash_0.wav,yes,be7a5b2d,train
DataSet_clean/yes/be7a5b2d_nohash_1.wav,yes,be7a5b2d,train
DataSet_clean/yes/be7a5b2d_nohash_2.wav,yes,be7a5b2d,train
DataSet_clean/yes/be7a5b2d_nohash_3.wav,yes,be7a5b2d,train
DataSet_clean/yes/be7a5b2d_nohash_4.wav,yes,be7a5b2d,train
DataSet_clean/yes/be91a00a_nohash_0.wav,yes,be91a00a,train
DataSet_clean/yes/beb458a4_nohash_0.wav,yes,beb458a4,train
DataSet_clean/yes/beb458a4_nohash_1.wav,yes,beb458a4,train
DataSet_clean/yes/beb458a4_nohash_2.wav,yes,beb458a4,train
DataSet_clean/yes/beb458a4_nohash_3.wav,yes,beb458a4,train
DataSet_clean/yes/beb458a4_nohash_4.wav,yes,beb458a4,train
DataSet_clean/yes/becd5a53_nohash_0.wav,yes,becd5a53,train
DataSet_clean/yes/bed06fac_nohash_0.wav,yes,bed06fac,train
DataSet_clean/yes/bf5d409d_nohash_0.wav,yes,bf5d409d,train
DataSet_clean/yes/bf70feda_nohash_0.wav,yes,bf70feda,train
DataSet_clean/yes/bf90a57a_nohash_0.wav,yes,bf90a57a,train
DataSet_clean/yes/bfa63751_nohash_0.wav,yes,bfa63751,train
DataSet_clean/yes/bfaf2000_nohash_0.wav,yes,bfaf2000,train
DataSet_clean/yes/bfaf2000_nohash_1.wav,yes,bfaf2000,train
DataSet_clean/yes/bfb10243_nohash_0.wav,yes,bfb10243,train
DataSet_clean/yes/bfd26d6b_nohash_0.wav,yes,bfd26d6b,train
DataSet_clean/yes/bfd26d6b_nohash_1.wav,yes,bfd26d6b,train
DataSet_clean/yes/bfd26d6b_nohash_2.wav,yes,bfd26d6b,train
DataSet_clean/yes/bfd26d6b_nohash_3.wav,yes,bfd26d6b,train
DataSet_clean/yes/bfd26d6b_nohash_4.wav,yes,bfd26d6b,train
DataSet_clean/yes/bfdb9801_nohash_0.wav,yes,bfdb9801,train
DataSet_clean/yes/c013fe4d_nohash_0.wav,yes,c013fe4d,train
DataSet_clean/yes/c0445658_nohash_0.wav,yes,c0445658,train
DataSet_clean/yes/c0445658_nohash_1.wav,yes,c0445658,train
DataSet_clean/yes/c0445658_nohash_2.wav,yes,c0445658,train
DataSet_clean/yes/c0445658_nohash_3.wav,yes,c0445658,train
DataSet_clean/yes/c08585c1_nohash_0.wav,yes,c08585c1,test
DataSet_clean/yes/c08e5058_nohash_0.wav,yes,c08e5058,test
DataSet_clean/yes/c08e5058_nohash_1.wav,yes,c08e5058,test
DataSet_clean/yes/c099668c_nohash_0.wav,yes,c099668c,test
DataSet_clean/yes/c099668c_nohash_1.wav,yes,c099668c,test
DataSet_clean/yes/c099668c_nohash_2.wav,yes,c099668c,test
DataSet_clean/yes/c0c0d87d_nohash_0.wav,yes,c0c0d87d,train
DataSet_clean/yes/c0cb43d6_nohash_0.wav,yes,c0cb43d6,train
DataSet_clean/yes/c0e0f834_nohash_0.wav,yes,c0e0f834,val
DataSet_clean/yes/c0e3ff37_nohash_0.wav,yes,c0e3ff37,train
DataSet_clean/yes/c0f8f4df_nohash_0.wav,yes,c0f8f4df,train
DataSet_clean/yes/c103a2d5_nohash_0.wav,yes,c103a2d5,train
DataSet_clean/yes/c103a2d5_nohash_1.wav,yes,c103a2d5,train
DataSet_clean/yes/c103a2d5_nohash_2.wav,yes,c103a2d5,train
DataSet_clean/yes/c120e80e_nohash_0.wav,yes,c120e80e,val
DataSet_clean/yes/c120e80e_nohash_1.wav,yes,c120e80e,val
DataSet_clean/yes/c120e80e_nohash_10.wav,yes,c120e80e,val
DataSet_clean/yes/c120e80e_nohash_2.wav,yes,c120e80e,val
DataSet_clean/yes/c120e80e_nohash_3.wav,yes,c120e80e,val
DataSet_clean/yes/c120e80e_nohash_4.wav,yes,c120e80e,val
DataSet_clean/yes/c120e80e_nohash_5.wav,yes,c120e80e,val
DataSet_clean/yes/c120e80e_nohash_6.wav,yes,c120e80e,val
DataSet_clean/yes/c120e80e_nohash_7.wav,yes,c120e80e,val
DataSet_clean/yes/c120e80e_nohash_8.wav,yes,c120e80e,val
DataSet_clean/yes/c120e80e_nohash_9.wav,yes,c120e80e,val
DataSet_clean/yes/c137814b_nohash_0.wav,yes,c137814b,val
DataSet_clean/yes/c1d39ce8_nohash_0.wav,yes,c1d39ce8,test
DataSet_clean/yes/c1d39ce8_nohash_1.wav,yes,c1d39ce8,test
DataSet_clean/yes/c1d39ce8_nohash_2.wav,yes,c1d39ce8,test
DataSet_clean/yes/c1d39ce8_nohash_3.wav,yes,c1d39ce8,test
DataSet_clean/yes/c1d39ce8_nohash_4.wav,yes,c1d39ce8,test
DataSet_clean/yes/c1d39ce8_nohash_5.wav,yes,c1d39ce8,test
DataSet_clean/yes/c1d39ce8_nohash_6.wav,yes,c1d39ce8,test
DataSet_clean/yes/c1d39ce8_nohash_7.wav,yes,c1d39ce8,test
DataSet_clean/yes/c1d39ce8_nohash_8.wav,yes,c1d39ce8,test
DataSet_clean/yes/c1d39ce8_nohash_9.wav,yes,c1d39ce8,test
DataSet_clean/yes/c1e0e8e3_nohash_0.wav,yes,c1e0e8e3,train
DataSet_clean/yes/c1e0e8e3_nohash_1.wav,yes,c1e0e8e3,train
DataSet_clean/yes/c1e0e8e3_nohash_2.wav,yes,c1e0e8e3,train
DataSet_clean/yes/c1e0e8e3_nohash_3.wav,yes,c1e0e8e3,train
DataSet_clean/yes/c1e0e8e3_nohash_4.wav,yes,c1e0e8e3,train
DataSet_clean/yes/c1eebc0b_nohash_0.wav,yes,c1eebc0b,train
DataSet_clean/yes/c22d3f18_nohash_0.wav,yes,c22d3f18,train
DataSet_clean/yes/c22d3f18_nohash_1.wav,yes,c22d3f18,train
DataSet_clean/yes/c22d3f18_nohash_2.wav,yes,c22d3f18,train
DataSet_clean/yes/c22d3f18_nohash_3.wav,yes,c22d3f18,train
DataSet_clean/yes/c22d3f18_nohash_4.wav,yes,c22d3f18,train
DataSet_clean/yes/c22ebf46_nohash_0.wav,yes,c22ebf46,train
DataSet_clean/yes/c22ebf46_nohash_1.wav,yes,c22ebf46,train
DataSet_clean/yes/c22ebf46_nohash_2.wav,yes,c22ebf46,train
DataSet_clean/yes/c22ebf46_nohash_3.wav,yes,c22ebf46,train
DataSet_clean/yes/c24d96eb_nohash_0.wav,yes,c24d96eb,train
DataSet_clean/yes/c24d96eb_nohash_1.wav,yes,c24d96eb,train
DataSet_clean/yes/c256377f_nohash_0.wav,yes,c256377f,val
DataSet_clean/yes/c25a032b_nohash_0.wav,yes,c25a032b,val
DataSet_clean/yes/c25a032b_nohash_1.wav,yes,c25a032b,val
DataSet_clean/yes/c25a032b_nohash_2.wav,yes,c25a032b,val
DataSet_clean/yes/c2aeb59d_nohash_0.wav,yes,c2aeb59d,train
DataSet_clean/yes/c2d15ea5_nohash_0.wav,yes,c2d15ea5,train
DataSet_clean/yes/c2d15ea5_nohash_1.wav,yes,c2d15ea5,train
DataSet_clean/yes/c2d15ea5_nohash_2.wav,yes,c2d15ea5,train
DataSet_clean/yes/c2d15ea5_nohash_3.wav,yes,c2d15ea5,train
DataSet_clean/yes/c2dccf38_nohash_0.wav,yes,c2dccf38,test
DataSet_clean/yes/c2dccf38_nohash_1.wav,yes,c2dccf38,test
DataSet_clean/yes/c2dccf38_nohash_2.wav,yes,c2dccf38,test
DataSet_clean/yes/c2dccf38_nohash_3.wav,yes,c2dccf38,test
DataSet_clean/yes/c2dccf38_nohash_4.wav,yes,c2dccf38,test
DataSet_clean/yes/c2df23b2_nohash_0.wav,yes,c2df23b2,train
DataSet_clean/yes/c351e611_nohash_0.wav,yes,c351e611,train
DataSet_clean/yes/c351e611_nohash_1.wav,yes,c351e611,train
DataSet_clean/yes/c351e611_nohash_2.wav,yes,c351e611,train
DataSet_clean/yes/c351e611_nohash_3.wav,yes,c351e611,train
DataSet_clean/yes/c351e611_nohash_4.wav,yes,c351e611,train
DataSet_clean/yes/c38720cb_nohash_0.wav,yes,c38720cb,train
DataSet_clean/yes/c392e01d_nohash_0.wav,yes,c392e01d,train
DataSet_clean/yes/c392e01d_nohash_1.wav,yes,c392e01d,train
DataSet_clean/yes/c392e01d_nohash_2.wav,yes,c392e01d,train
DataSet_clean/yes/c39703ec_nohash_0.wav,yes,c39703ec,train
DataSet_clean/yes/c39703ec_nohash_1.wav,yes,c39703ec,train
DataSet_clean/yes/c39703ec_nohash_2.wav,yes,c39703ec,train
DataSet_clean/yes/c39703ec_nohash_3.wav,yes,c39703ec,train
DataSet_clean/yes/c39703ec_nohash_4.wav,yes,c39703ec,train
DataSet_clean/yes/c41d9052_nohash_0.wav,yes,c41d9052,train
DataSet_clean/yes/c4cfbe43_nohash_0.wav,yes,c4cfbe43,train
DataSet_clean/yes/c4cfbe43_nohash_1.wav,yes,c4cfbe43,train
DataSet_clean/yes/c4e00ee9_nohash_0.wav,yes,c4e00ee9,train
DataSet_clean/yes/c4e00ee9_nohash_1.wav,yes,c4e00ee9,train
DataSet_clean/yes/c4e00ee9_nohash_2.wav,yes,c4e00ee9,train
DataSet_clean/yes/c4e00ee9_nohash_3.wav,yes,c4e00ee9,train
DataSet_clean/yes/c4e00ee9_nohash_4.wav,yes,c4e00ee9,train
DataSet_clean/yes/c4e1f6e0_nohash_0.wav,yes,c4e1f6e0,train
DataSet_clean/yes/c50225fa_nohash_0.wav,yes,c50225fa,val
DataSet_clean/yes/c50f55b8_nohash_0.wav,yes,c50f55b8,train
DataSet_clean/yes/c50f55b8_nohash_1.wav,yes,c50f55b8,train
DataSet_clean/yes/c50f55b8_nohash_10.wav,yes,c50f55b8,train
DataSet_clean/yes/c50f55b8_nohash_11.wav,yes,c50f55b8,train
DataSet_clean/yes/c50f55b8_nohash_12.wav,yes,c50f55b8,train
DataSet_clean/yes/c50f55b8_nohash_13.wav,yes,c50f55b8,train
DataSet_clean/yes/c50f55b8_nohash_14.wav,yes,c50f55b8,train
DataSet_clean/yes/c50f55b8_nohash_15.wav,yes,c50f55b8,train
DataSet_clean/yes/c50f55b8_nohash_16.wav,yes,c50f55b8,train
DataSet_clean/yes/c50f55b8_nohash_17.wav,yes,c50f55b8,train
DataSet_clean/yes/c50f55b8_nohash_18.wav,yes,c50f55b8,train
DataSet_clean/yes/c50f55b8_nohash_19.wav,yes,c50f55b8,train
DataSet_clean/yes/c50f55b8_nohash_2.wav,yes,c50f55b8,train
DataSet_clean/yes/c50f55b8_nohash_3.wav,yes,c50f55b8,train
DataSet_clean/yes/c50f55b8_nohash_4.wav,yes,c50f55b8,train
DataSet_clean/yes/c50f55b8_nohash_5.wav,yes,c50f55b8,train
DataSet_clean/yes/c50f55b8_nohash_6.wav,yes,c50f55b8,train
DataSet_clean/yes/c50f55b8_nohash_7.wav,yes,c50f55b8,train
DataSet_clean/yes/c50f55b8_nohash_8.wav,yes,c50f55b8,train
DataSet_clean/yes/c50f55b8_nohash_9.wav,yes,c50f55b8,train
DataSet_clean/yes/c53b335a_nohash_0.wav,yes,c53b335a,test
DataSet_clean/yes/c5a1e46c_nohash_0.wav,yes,c5a1e46c,train
DataSet_clean/yes/c5a1e46c_nohash_1.wav,yes,c5a1e46c,train
DataSet_clean/yes/c5a1e46c_nohash_2.wav,yes,c5a1e46c,train
DataSet_clean/yes/c5a1e46c_nohash_3.wav,yes,c5a1e46c,train
DataSet_clean/yes/c5a1e46c_nohash_4.wav,yes,c5a1e46c,train
DataSet_clean/yes/c5c60d8d_nohash_0.wav,yes,c5c60d8d,train
DataSet_clean/yes/c633a455_nohash_0.wav,yes,c633a455,train
DataSet_clean/yes/c633a455_nohash_1.wav,yes,c633a455,train
DataSet_clean/yes/c634a189_nohash_0.wav,yes,c634a189,train
DataSet_clean/yes/c634a189_nohash_1.wav,yes,c634a189,train
DataSet_clean/yes/c634a189_nohash_2.wav,yes,c634a189,train
DataSet_clean/yes/c634a189_nohash_3.wav,yes,c634a189,train
DataSet_clean/yes/c68cf200_nohash_0.wav,yes,c68cf200,train
DataSet_clean/yes/c68cf200_nohash_1.wav,yes,c68cf200,train
DataSet_clean/yes/c6a23ff5_nohash_0.wav,yes,c6a23ff5,val
DataSet_clean/yes/c6ee87a7_nohash_0.wav,yes,c6ee87a7,train
DataSet_clean/yes/c6ee87a7_nohash_1.wav,yes,c6ee87a7,train
DataSet_clean/yes/c6ee87a7_nohash_2.wav,yes,c6ee87a7,train
DataSet_clean/yes/c6ee87a7_nohash_3.wav,yes,c6ee87a7,train
DataSet_clean/yes/c6ee87a7_nohash_4.wav,yes,c6ee87a7,train
DataSet_clean/yes/c7124b73_nohash_0.wav,yes,c7124b73,train
DataSet_clean/yes/c727b558_nohash_0.wav,yes,c727b558,train
DataSet_clean/yes/c79159aa_nohash_0.wav,yes,c79159aa,train
DataSet_clean/yes/c79159aa_nohash_1.wav,yes,c79159aa,train
DataSet_clean/yes/c79159aa_nohash_2.wav,yes,c79159aa,train
DataSet_clean/yes/c79159aa_nohash_3.wav,yes,c79159aa,train
DataSet_clean/yes/c79159aa_nohash_4.wav,yes,c79159aa,train
DataSet_clean/yes/c7dc7278_nohash_0.wav,yes,c7dc7278,test
DataSet_clean/yes/c7dc7278_nohash_1.wav,yes,c7dc7278,test
DataSet_clean/yes/c7dc7278_nohash_2.wav,yes,c7dc7278,test
DataSet_clean/yes/c7dc7278_nohash_3.wav,yes,c7dc7278,test
DataSet_clean/yes/c7dc7278_nohash_4.wav,yes,c7dc7278,test
DataSet_clean/yes/c7e02d9c_nohash_0.wav,yes,c7e02d9c,train
DataSet_clean/yes/c842b5e4_nohash_0.wav,yes,c842b5e4,train
DataSet_clean/yes/c86d4fd4_nohash_0.wav,yes,c86d4fd4,train
DataSet_clean/yes/c8771f88_nohash_0.wav,yes,c8771f88,train
DataSet_clean/yes/c87a578d_nohash_0.wav,yes,c87a578d,train
DataSet_clean/yes/c8db14a8_nohash_0.wav,yes,c8db14a8,train
DataSet_clean/yes/c8db14a8_nohash_1.wav,yes,c8db14a8,train
DataSet_clean/yes/c8db14a8_nohash_2.wav,yes,c8db14a8,train
DataSet_clean/yes/c90c0105_nohash_0.wav,yes,c90c0105,test
DataSet_clean/yes/c93d5e22_nohash_0.wav,yes,c93d5e22,test
DataSet_clean/yes/c93d5e22_nohash_1.wav,yes,c93d5e22,test
DataSet_clean/yes/c93d5e22_nohash_2.wav,yes,c93d5e22,test
DataSet_clean/yes/c93d5e22_nohash_3.wav,yes,c93d5e22,test
DataSet_clean/yes/c93d5e22_nohash_4.wav,yes,c93d5e22,test
DataSet_clean/yes/c948d727_nohash_0.wav,yes,c948d727,train
DataSet_clean/yes/c948d727_nohash_1.wav,yes,c948d727,train
DataSet_clean/yes/c948d727_nohash_2.wav,yes,c948d727,train
DataSet_clean/yes/c948d727_nohash_3.wav,yes,c948d727,train
DataSet_clean/yes/c948d727_nohash_4.wav,yes,c948d727,train
DataSet_clean/yes/c98bbbd3_nohash_0.wav,yes,c98bbbd3,train
DataSet_clean/yes/c98bbbd3_nohash_1.wav,yes,c98bbbd3,train
DataSet_clean/yes/c98bbbd3_nohash_2.wav,yes,c98bbbd3,train
DataSet_clean/yes/c98bbbd3_nohash_3.wav,yes,c98bbbd3,train
DataSet_clean/yes/c98bbbd3_nohash_4.wav,yes,c98bbbd3,train
DataSet_clean/yes/c9a5100f_nohash_0.wav,yes,c9a5100f,train
DataSet_clean/yes/c9b5ff26_nohash_0.wav,yes,c9b5ff26,train
DataSet_clean/yes/c9b5ff26_nohash_1.wav,yes,c9b5ff26,train
DataSet_clean/yes/c9b5ff26_nohash_2.wav,yes,c9b5ff26,train
DataSet_clean/yes/c9b5ff26_nohash_3.wav,yes,c9b5ff26,train
DataSet_clean/yes/c9b5ff26_nohash_4.wav,yes,c9b5ff26,train
DataSet_clean/yes/c9b653a0_nohash_0.wav,yes,c9b653a0,train
DataSet_clean/yes/c9b653a0_nohash_1.wav,yes,c9b653a0,train
DataSet_clean/yes/c9b653a0_nohash_2.wav,yes,c9b653a0,train
DataSet_clean/yes/c9b653a0_nohash_3.wav,yes,c9b653a0,train
DataSet_clean/yes/c9b653a0_nohash_4.wav,yes,c9b653a0,train
DataSet_clean/yes/c9e251d2_nohash_0.wav,yes,c9e251d2,test
DataSet_clean/yes/c9e251d2_nohash_1.wav,yes,c9e251d2,test
DataSet_clean/yes/ca4912b6_nohash_0.wav,yes,ca4912b6,train
DataSet_clean/yes/ca4912b6_nohash_1.wav,yes,ca4912b6,train
DataSet_clean/yes/ca4912b6_nohash_2.wav,yes,ca4912b6,train
DataSet_clean/yes/ca4912b6_nohash_3.wav,yes,ca4912b6,train
DataSet_clean/yes/ca4912b6_nohash_4.wav,yes,ca4912b6,train
DataSet_clean/yes/ca4d5368_nohash_0.wav,yes,ca4d5368,val
DataSet_clean/yes/ca4d5368_nohash_1.wav,yes,ca4d5368,val
DataSet_clean/yes/ca4d5368_nohash_2.wav,yes,ca4d5368,val
DataSet_clean/yes/ca4d5368_nohash_3.wav,yes,ca4d5368,val
DataSet_clean/yes/ca4d5368_nohash_4.wav,yes,ca4d5368,val
DataSet_clean/yes/ca4d5368_nohash_5.wav,yes,ca4d5368,val
DataSet_clean/yes/ca58a8c6_nohash_0.wav,yes,ca58a8c6,val
DataSet_clean/yes/ca58a8c6_nohash_1.wav,yes,ca58a8c6,val
DataSet_clean/yes/ca58a8c6_nohash_2.wav,yes,ca58a8c6,val
DataSet_clean/yes/ca6d5cd1_nohash_0.wav,yes,ca6d5cd1,train
DataSet_clean/yes/caa7feaf_nohash_0.wav,yes,caa7feaf,train
DataSet_clean/yes/cae62f38_nohash_0.wav,yes,cae62f38,train
DataSet_clean/yes/cae62f38_nohash_1.wav,yes,cae62f38,train
DataSet_clean/yes/caedb73a_nohash_0.wav,yes,caedb73a,train
DataSet_clean/yes/cb164eea_nohash_0.wav,yes,cb164eea,val
DataSet_clean/yes/cb164eea_nohash_1.wav,yes,cb164eea,val
DataSet_clean/yes/cb164eea_nohash_2.wav,yes,cb164eea,val
DataSet_clean/yes/cb2929ce_nohash_0.wav,yes,cb2929ce,train
DataSet_clean/yes/cb2929ce_nohash_1.wav,yes,cb2929ce,train
DataSet_clean/yes/cb2929ce_nohash_2.wav,yes,cb2929ce,train
DataSet_clean/yes/cb2929ce_nohash_3.wav,yes,cb2929ce,train
DataSet_clean/yes/cb2929ce_nohash_4.wav,yes,cb2929ce,train
DataSet_clean/yes/cb62dbf1_nohash_0.wav,yes,cb62dbf1,test
DataSet_clean/yes/cb62dbf1_nohash_1.wav,yes,cb62dbf1,test
DataSet_clean/yes/cb62dbf1_nohash_2.wav,yes,cb62dbf1,test
DataSet_clean/yes/cb62dbf1_nohash_3.wav,yes,cb62dbf1,test
DataSet_clean/yes/cb62dbf1_nohash_4.wav,yes,cb62dbf1,test
DataSet_clean/yes/cb72dfb6_nohash_0.wav,yes,cb72dfb6,train
DataSet_clean/yes/cb72dfb6_nohash_1.wav,yes,cb72dfb6,train
DataSet_clean/yes/cb72dfb6_nohash_2.wav,yes,cb72dfb6,train
DataSet_clean/yes/cb72dfb6_nohash_3.wav,yes,cb72dfb6,train
DataSet_clean/yes/cb72dfb6_nohash_4.wav,yes,cb72dfb6,train
DataSet_clean/yes/cb802c63_nohash_0.wav,yes,cb802c63,val
DataSet_clean/yes/cc3b5b62_nohash_0.wav,yes,cc3b5b62,train
DataSet_clean/yes/cc3b5b62_nohash_1.wav,yes,cc3b5b62,train
DataSet_clean/yes/cc3b5b62_nohash_2.wav,yes,cc3b5b62,train
DataSet_clean/yes/cc3b5b62_nohash_3.wav,yes,cc3b5b62,train
DataSet_clean/yes/cc3d1613_nohash_0.wav,yes,cc3d1613,train
DataSet_clean/yes/cc4f9250_nohash_0.wav,yes,cc4f9250,train
DataSet_clean/yes/cc4f9250_nohash_1.wav,yes,cc4f9250,train
DataSet_clean/yes/cc4f9250_nohash_2.wav,yes,cc4f9250,train
DataSet_clean/yes/cc4f9250_nohash_3.wav,yes,cc4f9250,train
DataSet_clean/yes/cc4f9250_nohash_4.wav,yes,cc4f9250,train
DataSet_clean/yes/cc592808_nohash_0.wav,yes,cc592808,train
DataSet_clean/yes/cc6ee39b_nohash_0.wav,yes,cc6ee39b,train
DataSet_clean/yes/cc6ee39b_nohash_1.wav,yes,cc6ee39b,train
DataSet_clean/yes/cc6ee39b_nohash_2.wav,yes,cc6ee39b,train
DataSet_clean/yes/cc6ee39b_nohash_3.wav,yes,cc6ee39b,train
DataSet_clean/yes/cc6ee39b_nohash_4.wav,yes,cc6ee39b,train
DataSet_clean/yes/cc71bada_nohash_0.wav,yes,cc71bada,train
DataSet_clean/yes/cc8b3228_nohash_0.wav,yes,cc8b3228,train
DataSet_clean/yes/cc8b3228_nohash_1.wav,yes,cc8b3228,train
DataSet_clean/yes/cc8b3228_nohash_2.wav,yes,cc8b3228,train
DataSet_clean/yes/ccb1266b_nohash_0.wav,yes,ccb1266b,val
DataSet_clean/yes/ccb1266b_nohash_1.wav,yes,ccb1266b,val
DataSet_clean/yes/ccb1266b_nohash_2.wav,yes,ccb1266b,val
DataSet_clean/yes/ccca5655_nohash_0.wav,yes,ccca5655,train
DataSet_clean/yes/ccca5655_nohash_1.wav,yes,ccca5655,train
DataSet_clean/yes/ccca5655_nohash_2.wav,yes,ccca5655,train
DataSet_clean/yes/ccca5655_nohash_3.wav,yes,ccca5655,train
DataSet_clean/yes/ccca5655_nohash_4.wav,yes,ccca5655,train
DataSet_clean/yes/cce17a61_nohash_0.wav,yes,cce17a61,train
DataSet_clean/yes/cce7416f_nohash_0.wav,yes,cce7416f,train
DataSet_clean/yes/cce7416f_nohash_1.wav,yes,cce7416f,train
DataSet_clean/yes/cce7416f_nohash_10.wav,yes,cce7416f,train
DataSet_clean/yes/cce7416f_nohash_11.wav,yes,cce7416f,train
DataSet_clean/yes/cce7416f_nohash_2.wav,yes,cce7416f,train
DataSet_clean/yes/cce7416f_nohash_3.wav,yes,cce7416f,train
DataSet_clean/yes/cce7416f_nohash_4.wav,yes,cce7416f,train
DataSet_clean/yes/cce7416f_nohash_5.wav,yes,cce7416f,train
DataSet_clean/yes/cce7416f_nohash_6.wav,yes,cce7416f,train
DataSet_clean/yes/cce7416f_nohash_7.wav,yes,cce7416f,train
DataSet_clean/yes/cce7416f_nohash_8.wav,yes,cce7416f,train
DataSet_clean/yes/cce7416f_nohash_9.wav,yes,cce7416f,train
DataSet_clean/yes/ccfd721c_nohash_0.wav,yes,ccfd721c,train
DataSet_clean/yes/cd671b5f_nohash_0.wav,yes,cd671b5f,train
DataSet_clean/yes/cd671b5f_nohash_1.wav,yes,cd671b5f,train
DataSet_clean/yes/cd671b5f_nohash_2.wav,yes,cd671b5f,train
DataSet_clean/yes/cd671b5f_nohash_3.wav,yes,cd671b5f,train
DataSet_clean/yes/cd671b5f_nohash_4.wav,yes,cd671b5f,train
DataSet_clean/yes/cd7f8c1b_nohash_0.wav,yes,cd7f8c1b,train
DataSet_clean/yes/cd7f8c1b_nohash_1.wav,yes,cd7f8c1b,train
DataSet_clean/yes/cd7f8c1b_nohash_2.wav,yes,cd7f8c1b,train
DataSet_clean/yes/cd7f8c1b_nohash_3.wav,yes,cd7f8c1b,train
DataSet_clean/yes/cd7f8c1b_nohash_4.wav,yes,cd7f8c1b,train
DataSet_clean/yes/cd85758f_nohash_0.wav,yes,cd85758f,train
DataSet_clean/yes/cd85758f_nohash_1.wav,yes,cd85758f,train
DataSet_clean/yes/cd85758f_nohash_2.wav,yes,cd85758f,train
DataSet_clean/yes/cd85758f_nohash_3.wav,yes,cd85758f,train
DataSet_clean/yes/cd85758f_nohash_4.wav,yes,cd85758f,train
DataSet_clean/yes/cd911ace_nohash_0.wav,yes,cd911ace,val
DataSet_clean/yes/cdee383b_nohash_0.wav,yes,cdee383b,train
DataSet_clean/yes/cdee383b_nohash_1.wav,yes,cdee383b,train
DataSet_clean/yes/cdee383b_nohash_2.wav,yes,cdee383b,train
DataSet_clean/yes/cdee383b_nohash_3.wav,yes,cdee383b,train
DataSet_clean/yes/cdee383b_nohash_4.wav,yes,cdee383b,train
DataSet_clean/yes/cdfbbe75_nohash_0.wav,yes,cdfbbe75,train
DataSet_clean/yes/ce0cb033_nohash_0.wav,yes,ce0cb033,train
DataSet_clean/yes/ce0cb033_nohash_1.wav,yes,ce0cb033,train
DataSet_clean/yes/ce0cb033_nohash_2.wav,yes,ce0cb033,train
DataSet_clean/yes/ce0cb033_nohash_3.wav,yes,ce0cb033,train
DataSet_clean/yes/ce0cb033_nohash_4.wav,yes,ce0cb033,train
DataSet_clean/yes/ce49cb60_nohash_0.wav,yes,ce49cb60,test
DataSet_clean/yes/ce49cb60_nohash_1.wav,yes,ce49cb60,test
DataSet_clean/yes/ce9410da_nohash_0.wav,yes,ce9410da,train
DataSet_clean/yes/ce9410da_nohash_1.wav,yes,ce9410da,train
DataSet_clean/yes/ceaadb24_nohash_0.wav,yes,ceaadb24,train
DataSet_clean/yes/ceaadb24_nohash_1.wav,yes,ceaadb24,train
DataSet_clean/yes/ceaadb24_nohash_2.wav,yes,ceaadb24,train
DataSet_clean/yes/ced4e2a1_nohash_0.wav,yes,ced4e2a1,train
DataSet_clean/yes/ceef6d96_nohash_0.wav,yes,ceef6d96,train
DataSet_clean/yes/ceef6d96_nohash_1.wav,yes,ceef6d96,train
DataSet_clean/yes/ceef6d96_nohash_2.wav,yes,ceef6d96,train
DataSet_clean/yes/cf68fad2_nohash_0.wav,yes,cf68fad2,train
DataSet_clean/yes/cf68fad2_nohash_1.wav,yes,cf68fad2,train
DataSet_clean/yes/cf8d91cf_nohash_0.wav,yes,cf8d91cf,test
DataSet_clean/yes/cfbedff9_nohash_0.wav,yes,cfbedff9,val
DataSet_clean/yes/cfbedff9_nohash_1.wav,yes,cfbedff9,val
DataSet_clean/yes/cfbedff9_nohash_2.wav,yes,cfbedff9,val
DataSet_clean/yes/cfbedff9_nohash_3.wav,yes,cfbedff9,val
DataSet_clean/yes/cfbedff9_nohash_4.wav,yes,cfbedff9,val
DataSet_clean/yes/d0426d63_nohash_0.wav,yes,d0426d63,train
DataSet_clean/yes/d069e6ff_nohash_0.wav,yes,d069e6ff,train
DataSet_clean/yes/d070ea86_nohash_0.wav,yes,d070ea86,train
DataSet_clean/yes/d070ea86_nohash_1.wav,yes,d070ea86,train
DataSet_clean/yes/d070ea86_nohash_2.wav,yes,d070ea86,train
DataSet_clean/yes/d070ea86_nohash_3.wav,yes,d070ea86,train
DataSet_clean/yes/d0745d72_nohash_0.wav,yes,d0745d72,test
DataSet_clean/yes/d0858dce_nohash_0.wav,yes,d0858dce,train
DataSet_clean/yes/d0faf7e4_nohash_0.wav,yes,d0faf7e4,test
DataSet_clean/yes/d0faf7e4_nohash_1.wav,yes,d0faf7e4,test
DataSet_clean/yes/d0faf7e4_nohash_2.wav,yes,d0faf7e4,test
DataSet_clean/yes/d0faf7e4_nohash_3.wav,yes,d0faf7e4,test
DataSet_clean/yes/d0faf7e4_nohash_4.wav,yes,d0faf7e4,test
DataSet_clean/yes/d0faf7e4_nohash_5.wav,yes,d0faf7e4,test
DataSet_clean/yes/d0faf7e4_nohash_6.wav,yes,d0faf7e4,test
DataSet_clean/yes/d0faf7e4_nohash_7.wav,yes,d0faf7e4,test
DataSet_clean/yes/d0fb9ff4_nohash_0.wav,yes,d0fb9ff4,val
DataSet_clean/yes/d103dd6e_nohash_0.wav,yes,d103dd6e,val
DataSet_clean/yes/d107dc42_nohash_0.wav,yes,d107dc42,val
DataSet_clean/yes/d1214f15_nohash_0.wav,yes,d1214f15,train
DataSet_clean/yes/d1a4fb3f_nohash_0.wav,yes,d1a4fb3f,train
DataSet_clean/yes/d1a4fb3f_nohash_1.wav,yes,d1a4fb3f,train
DataSet_clean/yes/d1bf406b_nohash_0.wav,yes,d1bf406b,val
DataSet_clean/yes/d1bf406b_nohash_1.wav,yes,d1bf406b,val
DataSet_clean/yes/d1dd03ed_nohash_0.wav,yes,d1dd03ed,train
DataSet_clean/yes/d1dd03ed_nohash_1.wav,yes,d1dd03ed,train
DataSet_clean/yes/d1dd03ed_nohash_2.wav,yes,d1dd03ed,train
DataSet_clean/yes/d1dd03ed_nohash_3.wav,yes,d1dd03ed,train
DataSet_clean/yes/d21fd169_nohash_0.wav,yes,d21fd169,train
DataSet_clean/yes/d21fd169_nohash_1.wav,yes,d21fd169,train
DataSet_clean/yes/d21fd169_nohash_2.wav,yes,d21fd169,train
DataSet_clean/yes/d21fd169_nohash_3.wav,yes,d21fd169,train
DataSet_clean/yes/d21fd169_nohash_4.wav,yes,d21fd169,train
DataSet_clean/yes/d264f7b6_nohash_0.wav,yes,d264f7b6,test
DataSet_clean/yes/d264f7b6_nohash_1.wav,yes,d264f7b6,test
DataSet_clean/yes/d264f7b6_nohash_2.wav,yes,d264f7b6,test
DataSet_clean/yes/d264f7b6_nohash_3.wav,yes,d264f7b6,test
DataSet_clean/yes/d264f7b6_nohash_4.wav,yes,d264f7b6,test
DataSet_clean/yes/d278d8ef_nohash_0.wav,yes,d278d8ef,train
DataSet_clean/yes/d278d8ef_nohash_1.wav,yes,d278d8ef,train
DataSet_clean/yes/d278d8ef_nohash_2.wav,yes,d278d8ef,train
DataSet_clean/yes/d278d8ef_nohash_3.wav,yes,d278d8ef,train
DataSet_clean/yes/d278d8ef_nohash_4.wav,yes,d278d8ef,train
DataSet_clean/yes/d2eae23d_nohash_0.wav,yes,d2eae23d,train
DataSet_clean/yes/d2f4f431_nohash_0.wav,yes,d2f4f431,val
DataSet_clean/yes/d2f4f431_nohash_1.wav,yes,d2f4f431,val
DataSet_clean/yes/d312f481_nohash_0.wav,yes,d312f481,train
DataSet_clean/yes/d312f481_nohash_1.wav,yes,d312f481,train
DataSet_clean/yes/d31d8dd7_nohash_0.wav,yes,d31d8dd7,test
DataSet_clean/yes/d31d8dd7_nohash_1.wav,yes,d31d8dd7,test
DataSet_clean/yes/d33df435_nohash_0.wav,yes,d33df435,train
DataSet_clean/yes/d37e4bf1_nohash_0.wav,yes,d37e4bf1,val
DataSet_clean/yes/d3831f6a_nohash_0.wav,yes,d3831f6a,val
DataSet_clean/yes/d3831f6a_nohash_1.wav,yes,d3831f6a,val
DataSet_clean/yes/d3831f6a_nohash_2.wav,yes,d3831f6a,val
DataSet_clean/yes/d3831f6a_nohash_3.wav,yes,d3831f6a,val
DataSet_clean/yes/d3831f6a_nohash_4.wav,yes,d3831f6a,val
DataSet_clean/yes/d394ef8e_nohash_0.wav,yes,d394ef8e,train
DataSet_clean/yes/d394ef8e_nohash_1.wav,yes,d394ef8e,train
DataSet_clean/yes/d394ef8e_nohash_2.wav,yes,d394ef8e,train
DataSet_clean/yes/d394ef8e_nohash_3.wav,yes,d394ef8e,train
DataSet_clean/yes/d394ef8e_nohash_4.wav,yes,d394ef8e,train
DataSet_clean/yes/d394ef8e_nohash_5.wav,yes,d394ef8e,train
DataSet_clean/yes/d394ef8e_nohash_6.wav,yes,d394ef8e,train
DataSet_clean/yes/d394ef8e_nohash_7.wav,yes,d394ef8e,train
DataSet_clean/yes/d3a18257_nohash_0.wav,yes,d3a18257,train
DataSet_clean/yes/d3f22f0e_nohash_0.wav,yes,d3f22f0e,test
DataSet_clean/yes/d430b3cc_nohash_0.wav,yes,d430b3cc,train
DataSet_clean/yes/d430b3cc_nohash_1.wav,yes,d430b3cc,train
DataSet_clean/yes/d486fb84_nohash_0.wav,yes,d486fb84,train
DataSet_clean/yes/d4d898d7_nohash_0.wav,yes,d4d898d7,val
DataSet_clean/yes/d4dddb92_nohash_0.wav,yes,d4dddb92,train
DataSet_clean/yes/d5356b9a_nohash_0.wav,yes,d5356b9a,train
DataSet_clean/yes/d53e25ba_nohash_0.wav,yes,d53e25ba,train
DataSet_clean/yes/d55aa56c_nohash_0.wav,yes,d55aa56c,train
DataSet_clean/yes/d57febf0_nohash_0.wav,yes,d57febf0,train
DataSet_clean/yes/d5b963aa_nohash_0.wav,yes,d5b963aa,train
DataSet_clean/yes/d5b963aa_nohash_1.wav,yes,d5b963aa,train
DataSet_clean/yes/d5b963aa_nohash_2.wav,yes,d5b963aa,train
DataSet_clean/yes/d5b963aa_nohash_3.wav,yes,d5b963aa,train
DataSet_clean/yes/d5b963aa_nohash_4.wav,yes,d5b963aa,train
DataSet_clean/yes/d5c41d6a_nohash_0.wav,yes,d5c41d6a,train
DataSet_clean/yes/d5ca80c6_nohash_0.wav,yes,d5ca80c6,val
DataSet_clean/yes/d5ca80c6_nohash_1.wav,yes,d5ca80c6,val
DataSet_clean/yes/d5dd88da_nohash_0.wav,yes,d5dd88da,train
DataSet_clean/yes/d7559b2d_nohash_0.wav,yes,d7559b2d,test
DataSet_clean/yes/d78858d9_nohash_0.wav,yes,d78858d9,train
DataSet_clean/yes/d78858d9_nohash_1.wav,yes,d78858d9,train
DataSet_clean/yes/d78858d9_nohash_2.wav,yes,d78858d9,train
DataSet_clean/yes/d7ca14ef_nohash_0.wav,yes,d7ca14ef,train
DataSet_clean/yes/d7ca14ef_nohash_1.wav,yes,d7ca14ef,train
DataSet_clean/yes/d84829e0_nohash_0.wav,yes,d84829e0,train
DataSet_clean/yes/d84829e0_nohash_1.wav,yes,d84829e0,train
DataSet_clean/yes/d84829e0_nohash_2.wav,yes,d84829e0,train
DataSet_clean/yes/d8521ea0_nohash_0.wav,yes,d8521ea0,train
DataSet_clean/yes/d85270c1_nohash_0.wav,yes,d85270c1,train
DataSet_clean/yes/d8a5ace5_nohash_0.wav,yes,d8a5ace5,train
DataSet_clean/yes/d8a5ace5_nohash_1.wav,yes,d8a5ace5,train
DataSet_clean/yes/d8c314c0_nohash_0.wav,yes,d8c314c0,val
DataSet_clean/yes/d8c314c0_nohash_1.wav,yes,d8c314c0,val
DataSet_clean/yes/d8ed3745_nohash_0.wav,yes,d8ed3745,train
DataSet_clean/yes/d8ed3745_nohash_1.wav,yes,d8ed3745,train
DataSet_clean/yes/d926bb17_nohash_0.wav,yes,d926bb17,train
DataSet_clean/yes/d94eb94f_nohash_0.wav,yes,d94eb94f,train
DataSet_clean/yes/d952a17e_nohash_0.wav,yes,d952a17e,train
DataSet_clean/yes/d952a17e_nohash_1.wav,yes,d952a17e,train
DataSet_clean/yes/d952a17e_nohash_2.wav,yes,d952a17e,train
DataSet_clean/yes/d962e5ac_nohash_0.wav,yes,d962e5ac,train
DataSet_clean/yes/d962e5ac_nohash_1.wav,yes,d962e5ac,train
DataSet_clean/yes/d962e5ac_nohash_2.wav,yes,d962e5ac,train
DataSet_clean/yes/d962e5ac_nohash_3.wav,yes,d962e5ac,train
DataSet_clean/yes/d962e5ac_nohash_4.wav,yes,d962e5ac,train
DataSet_clean/yes/d98dd124_nohash_0.wav,yes,d98dd124,train
DataSet_clean/yes/d98dd124_nohash_1.wav,yes,d98dd124,train
DataSet_clean/yes/d98dd124_nohash_2.wav,yes,d98dd124,train
DataSet_clean/yes/d98dd124_nohash_3.wav,yes,d98dd124,train
DataSet_clean/yes/d98dd124_nohash_4.wav,yes,d98dd124,train
DataSet_clean/yes/d9aa8c90_nohash_0.wav,yes,d9aa8c90,test
DataSet_clean/yes/d9aa8c90_nohash_1.wav,yes,d9aa8c90,test
DataSet_clean/yes/d9aa8c90_nohash_2.wav,yes,d9aa8c90,test
DataSet_clean/yes/d9aa8c90_nohash_3.wav,yes,d9aa8c90,test
DataSet_clean/yes/d9aa8c90_nohash_4.wav,yes,d9aa8c90,test
DataSet_clean/yes/d9ae8983_nohash_0.wav,yes,d9ae8983,val
DataSet_clean/yes/d9ae8983_nohash_1.wav,yes,d9ae8983,val
DataSet_clean/yes/d9b50b8b_nohash_0.wav,yes,d9b50b8b,train
DataSet_clean/yes/d9b8fab2_nohash_0.wav,yes,d9b8fab2,val
DataSet_clean/yes/d9d08edd_nohash_0.wav,yes,d9d08edd,train
DataSet_clean/yes/d9d6559e_nohash_0.wav,yes,d9d6559e,train
DataSet_clean/yes/d9d6559e_nohash_1.wav,yes,d9d6559e,train
DataSet_clean/yes/d9e9f554_nohash_0.wav,yes,d9e9f554,train
DataSet_clean/yes/d9e9f554_nohash_1.wav,yes,d9e9f554,train
DataSet_clean/yes/da040491_nohash_0.wav,yes,da040491,train
DataSet_clean/yes/da040491_nohash_1.wav,yes,da040491,train
DataSet_clean/yes/da040491_nohash_2.wav,yes,da040491,train
DataSet_clean/yes/da040491_nohash_3.wav,yes,da040491,train
DataSet_clean/yes/da040491_nohash_4.wav,yes,da040491,train
DataSet_clean/yes/da15e796_nohash_0.wav,yes,da15e796,val
DataSet_clean/yes/da1d320c_nohash_0.wav,yes,da1d320c,train
DataSet_clean/yes/da1d320c_nohash_1.wav,yes,da1d320c,train
DataSet_clean/yes/da27460c_nohash_0.wav,yes,da27460c,train
DataSet_clean/yes/da27460c_nohash_1.wav,yes,da27460c,train
DataSet_clean/yes/da27460c_nohash_2.wav,yes,da27460c,train
DataSet_clean/yes/da2c5f1b_nohash_0.wav,yes,da2c5f1b,train
DataSet_clean/yes/da2c5f1b_nohash_1.wav,yes,da2c5f1b,train
DataSet_clean/yes/da2c5f1b_nohash_2.wav,yes,da2c5f1b,train
DataSet_clean/yes/da4ef063_nohash_0.wav,yes,da4ef063,train
DataSet_clean/yes/da4ef063_nohash_1.wav,yes,da4ef063,train
DataSet_clean/yes/da584bc0_nohash_0.wav,yes,da584bc0,train
DataSet_clean/yes/da584bc0_nohash_1.wav,yes,da584bc0,train
DataSet_clean/yes/da584bc0_nohash_2.wav,yes,da584bc0,train
DataSet_clean/yes/da584bc0_nohash_3.wav,yes,da584bc0,train
DataSet_clean/yes/da584bc0_nohash_4.wav,yes,da584bc0,train
DataSet_clean/yes/da5dadb9_nohash_0.wav,yes,da5dadb9,val
DataSet_clean/yes/da5dadb9_nohash_1.wav,yes,da5dadb9,val
DataSet_clean/yes/da7689f1_nohash_0.wav,yes,da7689f1,train
DataSet_clean/yes/da76aa58_nohash_0.wav,yes,da76aa58,train
DataSet_clean/yes/da8fa823_nohash_0.wav,yes,da8fa823,train
DataSet_clean/yes/da93deb7_nohash_0.wav,yes,da93deb7,train
DataSet_clean/yes/da93deb7_nohash_1.wav,yes,da93deb7,train
DataSet_clean/yes/dabf67d9_nohash_0.wav,yes,dabf67d9,train
DataSet_clean/yes/dae01802_nohash_0.wav,yes,dae01802,test
DataSet_clean/yes/dae01802_nohash_1.wav,yes,dae01802,test
DataSet_clean/yes/dae01802_nohash_2.wav,yes,dae01802,test
DataSet_clean/yes/dae01802_nohash_3.wav,yes,dae01802,test
DataSet_clean/yes/dae01802_nohash_4.wav,yes,dae01802,test
DataSet_clean/yes/db24628d_nohash_0.wav,yes,db24628d,train
DataSet_clean/yes/db24628d_nohash_1.wav,yes,db24628d,train
DataSet_clean/yes/db24628d_nohash_2.wav,yes,db24628d,train
DataSet_clean/yes/db24628d_nohash_3.wav,yes,db24628d,train
DataSet_clean/yes/db43cd03_nohash_0.wav,yes,db43cd03,train
DataSet_clean/yes/db72a474_nohash_0.wav,yes,db72a474,train
DataSet_clean/yes/db79a764_nohash_0.wav,yes,db79a764,train
DataSet_clean/yes/db7c95b0_nohash_0.wav,yes,db7c95b0,train
DataSet_clean/yes/db8a3397_nohash_0.wav,yes,db8a3397,train
DataSet_clean/yes/db8a3397_nohash_1.wav,yes,db8a3397,train
DataSet_clean/yes/db8a3397_nohash_2.wav,yes,db8a3397,train
DataSet_clean/yes/db8a3397_nohash_3.wav,yes,db8a3397,train
DataSet_clean/yes/db9cd41d_nohash_0.wav,yes,db9cd41d,train
DataSet_clean/yes/db9cd41d_nohash_1.wav,yes,db9cd41d,train
DataSet_clean/yes/dbb7723a_nohash_0.wav,yes,dbb7723a,val
DataSet_clean/yes/dc2222d7_nohash_0.wav,yes,dc2222d7,train
DataSet_clean/yes/dc2222d7_nohash_1.wav,yes,dc2222d7,train
DataSet_clean/yes/dc2222d7_nohash_2.wav,yes,dc2222d7,train
DataSet_clean/yes/dc75148d_nohash_0.wav,yes,dc75148d,val
DataSet_clean/yes/dc7ec25b_nohash_0.wav,yes,dc7ec25b,train
DataSet_clean/yes/dca2797e_nohash_0.wav,yes,dca2797e,val
DataSet_clean/yes/dca2797e_nohash_1.wav,yes,dca2797e,val
DataSet_clean/yes/dca2797e_nohash_2.wav,yes,dca2797e,val
DataSet_clean/yes/dca2797e_nohash_3.wav,yes,dca2797e,val
DataSet_clean/yes/dca2797e_nohash_4.wav,yes,dca2797e,val
DataSet_clean/yes/dcb57584_nohash_0.wav,yes,dcb57584,train
DataSet_clean/yes/dcc012ec_nohash_0.wav,yes,dcc012ec,test
DataSet_clean/yes/dce05676_nohash_0.wav,yes,dce05676,train
DataSet_clean/yes/dd6c6806_nohash_0.wav,yes,dd6c6806,train
DataSet_clean/yes/dd6c6806_nohash_1.wav,yes,dd6c6806,train
DataSet_clean/yes/ddedba85_nohash_0.wav,yes,ddedba85,test
DataSet_clean/yes/ddedba85_nohash_1.wav,yes,ddedba85,test
DataSet_clean/yes/ddedba85_nohash_10.wav,yes,ddedba85,test
DataSet_clean/yes/ddedba85_nohash_11.wav,yes,ddedba85,test
DataSet_clean/yes/ddedba85_nohash_12.wav,yes,ddedba85,test
DataSet_clean/yes/ddedba85_nohash_13.wav,yes,ddedba85,test
DataSet_clean/yes/ddedba85_nohash_14.wav,yes,ddedba85,test
DataSet_clean/yes/ddedba85_nohash_15.wav,yes,ddedba85,test
DataSet_clean/yes/ddedba85_nohash_16.wav,yes,ddedba85,test
DataSet_clean/yes/ddedba85_nohash_17.wav,yes,ddedba85,test
DataSet_clean/yes/ddedba85_nohash_18.wav,yes,ddedba85,test
DataSet_clean/yes/ddedba85_nohash_2.wav,yes,ddedba85,test
DataSet_clean/yes/ddedba85_nohash_3.wav,yes,ddedba85,test
DataSet_clean/yes/ddedba85_nohash_4.wav,yes,ddedba85,test
DataSet_clean/yes/ddedba85_nohash_5.wav,yes,ddedba85,test
DataSet_clean/yes/ddedba85_nohash_6.wav,yes,ddedba85,test
DataSet_clean/yes/ddedba85_nohash_7.wav,yes,ddedba85,test
DataSet_clean/yes/ddedba85_nohash_8.wav,yes,ddedba85,test
DataSet_clean/yes/ddedba85_nohash_9.wav,yes,ddedba85,test
DataSet_clean/yes/de040337_nohash_0.wav,yes,de040337,train
DataSet_clean/yes/de040337_nohash_1.wav,yes,de040337,train
DataSet_clean/yes/de040337_nohash_2.wav,yes,de040337,train
DataSet_clean/yes/de08912f_nohash_0.wav,yes,de08912f,val
DataSet_clean/yes/de08912f_nohash_1.wav,yes,de08912f,val
DataSet_clean/yes/de3fe344_nohash_0.wav,yes,de3fe344,test
DataSet_clean/yes/de3fe344_nohash_1.wav,yes,de3fe344,test
DataSet_clean/yes/de3fe344_nohash_2.wav,yes,de3fe344,test
DataSet_clean/yes/de3fe344_nohash_3.wav,yes,de3fe344,test
DataSet_clean/yes/de3fe344_nohash_4.wav,yes,de3fe344,test
DataSet_clean/yes/de41f895_nohash_0.wav,yes,de41f895,train
DataSet_clean/yes/de89e2ca_nohash_0.wav,yes,de89e2ca,train
DataSet_clean/yes/de89e2ca_nohash_1.wav,yes,de89e2ca,train
DataSet_clean/yes/de89e2ca_nohash_2.wav,yes,de89e2ca,train
DataSet_clean/yes/de89e2ca_nohash_3.wav,yes,de89e2ca,train
DataSet_clean/yes/de89e2ca_nohash_4.wav,yes,de89e2ca,train
DataSet_clean/yes/de89e2ca_nohash_5.wav,yes,de89e2ca,train
DataSet_clean/yes/de89e2ca_nohash_6.wav,yes,de89e2ca,train
DataSet_clean/yes/de89e2ca_nohash_7.wav,yes,de89e2ca,train
DataSet_clean/yes/dea820ce_nohash_0.wav,yes,dea820ce,test
DataSet_clean/yes/dea820ce_nohash_1.wav,yes,dea820ce,test
DataSet_clean/yes/dea820ce_nohash_2.wav,yes,dea820ce,test
DataSet_clean/yes/dea820ce_nohash_3.wav,yes,dea820ce,test
DataSet_clean/yes/dea820ce_nohash_4.wav,yes,dea820ce,test
DataSet_clean/yes/dec73123_nohash_0.wav,yes,dec73123,train
DataSet_clean/yes/dedc7fab_nohash_0.wav,yes,dedc7fab,train
DataSet_clean/yes/df038de4_nohash_0.wav,yes,df038de4,train
DataSet_clean/yes/df1d5024_nohash_0.wav,yes,df1d5024,train
DataSet_clean/yes/df1d5024_nohash_1.wav,yes,df1d5024,train
DataSet_clean/yes/df1d5024_nohash_2.wav,yes,df1d5024,train
DataSet_clean/yes/df1d5024_nohash_3.wav,yes,df1d5024,train
DataSet_clean/yes/df280250_nohash_0.wav,yes,df280250,train
DataSet_clean/yes/df6bd83f_nohash_0.wav,yes,df6bd83f,train
DataSet_clean/yes/dfdabe19_nohash_0.wav,yes,dfdabe19,test
DataSet_clean/yes/e0315cf6_nohash_0.wav,yes,e0315cf6,train
DataSet_clean/yes/e0315cf6_nohash_1.wav,yes,e0315cf6,train
DataSet_clean/yes/e0315cf6_nohash_2.wav,yes,e0315cf6,train
DataSet_clean/yes/e0315cf6_nohash_3.wav,yes,e0315cf6,train
DataSet_clean/yes/e0315cf6_nohash_4.wav,yes,e0315cf6,train
DataSet_clean/yes/e0322f2c_nohash_0.wav,yes,e0322f2c,test
DataSet_clean/yes/e0344f60_nohash_0.wav,yes,e0344f60,train
DataSet_clean/yes/e0a7c5a0_nohash_0.wav,yes,e0a7c5a0,test
DataSet_clean/yes/e0a7c5a0_nohash_1.wav,yes,e0a7c5a0,test
DataSet_clean/yes/e0c782d5_nohash_0.wav,yes,e0c782d5,val
DataSet_clean/yes/e0c782d5_nohash_1.wav,yes,e0c782d5,val
DataSet_clean/yes/e0c782d5_nohash_2.wav,yes,e0c782d5,val
DataSet_clean/yes/e0c782d5_nohash_3.wav,yes,e0c782d5,val
DataSet_clean/yes/e0c782d5_nohash_4.wav,yes,e0c782d5,val
DataSet_clean/yes/e102119e_nohash_0.wav,yes,e102119e,train
DataSet_clean/yes/e102119e_nohash_1.wav,yes,e102119e,train
DataSet_clean/yes/e102119e_nohash_2.wav,yes,e102119e,train
DataSet_clean/yes/e10e2cbb_nohash_0.wav,yes,e10e2cbb,train
DataSet_clean/yes/e11fbc6e_nohash_0.wav,yes,e11fbc6e,train
DataSet_clean/yes/e11fbc6e_nohash_1.wav,yes,e11fbc6e,train
DataSet_clean/yes/e11fbc6e_nohash_2.wav,yes,e11fbc6e,train
DataSet_clean/yes/e11fbc6e_nohash_3.wav,yes,e11fbc6e,train
DataSet_clean/yes/e11fbc6e_nohash_4.wav,yes,e11fbc6e,train
DataSet_clean/yes/e1469561_nohash_0.wav,yes,e1469561,val
DataSet_clean/yes/e1469561_nohash_1.wav,yes,e1469561,val
DataSet_clean/yes/e1469561_nohash_2.wav,yes,e1469561,val
DataSet_clean/yes/e1469561_nohash_3.wav,yes,e1469561,val
DataSet_clean/yes/e1469561_nohash_4.wav,yes,e1469561,val
DataSet_clean/yes/e14a99a5_nohash_0.wav,yes,e14a99a5,test
DataSet_clean/yes/e14d3db8_nohash_0.wav,yes,e14d3db8,test
DataSet_clean/yes/e14d3db8_nohash_1.wav,yes,e14d3db8,test
DataSet_clean/yes/e1936ce8_nohash_0.wav,yes,e1936ce8,test
DataSet_clean/yes/e2362167_nohash_0.wav,yes,e2362167,val
DataSet_clean/yes/e269bac0_nohash_0.wav,yes,e269bac0,test
DataSet_clean/yes/e269bac0_nohash_1.wav,yes,e269bac0,test
DataSet_clean/yes/e2b7d6d6_nohash_0.wav,yes,e2b7d6d6,test
DataSet_clean/yes/e32ff49d_nohash_0.wav,yes,e32ff49d,test
DataSet_clean/yes/e3411931_nohash_0.wav,yes,e3411931,val
DataSet_clean/yes/e39a8ddc_nohash_0.wav,yes,e39a8ddc,test
DataSet_clean/yes/e3b64217_nohash_0.wav,yes,e3b64217,test
DataSet_clean/yes/e3e0f145_nohash_0.wav,yes,e3e0f145,train
DataSet_clean/yes/e3e0f145_nohash_1.wav,yes,e3e0f145,train
DataSet_clean/yes/e3e0f145_nohash_2.wav,yes,e3e0f145,train
DataSet_clean/yes/e3e0f145_nohash_3.wav,yes,e3e0f145,train
DataSet_clean/yes/e3e0f145_nohash_4.wav,yes,e3e0f145,train
DataSet_clean/yes/e3e49931_nohash_0.wav,yes,e3e49931,val
DataSet_clean/yes/e41a903b_nohash_0.wav,yes,e41a903b,val
DataSet_clean/yes/e41a903b_nohash_1.wav,yes,e41a903b,val
DataSet_clean/yes/e41a903b_nohash_2.wav,yes,e41a903b,val
DataSet_clean/yes/e41a903b_nohash_3.wav,yes,e41a903b,val
DataSet_clean/yes/e41a903b_nohash_4.wav,yes,e41a903b,val
DataSet_clean/yes/e4200516_nohash_0.wav,yes,e4200516,val
DataSet_clean/yes/e4200516_nohash_1.wav,yes,e4200516,val
DataSet_clean/yes/e4200516_nohash_2.wav,yes,e4200516,val
DataSet_clean/yes/e48a80ed_nohash_0.wav,yes,e48a80ed,train
DataSet_clean/yes/e48a80ed_nohash_1.wav,yes,e48a80ed,train
DataSet_clean/yes/e48a80ed_nohash_2.wav,yes,e48a80ed,train
DataSet_clean/yes/e49428d9_nohash_0.wav,yes,e49428d9,train
DataSet_clean/yes/e49428d9_nohash_1.wav,yes,e49428d9,train
DataSet_clean/yes/e49428d9_nohash_2.wav,yes,e49428d9,train
DataSet_clean/yes/e49428d9_nohash_3.wav,yes,e49428d9,train
DataSet_clean/yes/e49428d9_nohash_4.wav,yes,e49428d9,train
DataSet_clean/yes/e4b02540_nohash_0.wav,yes,e4b02540,train
DataSet_clean/yes/e4b02540_nohash_1.wav,yes,e4b02540,train
DataSet_clean/yes/e4be0cf6_nohash_0.wav,yes,e4be0cf6,train
DataSet_clean/yes/e4be0cf6_nohash_1.wav,yes,e4be0cf6,train
DataSet_clean/yes/e4be0cf6_nohash_2.wav,yes,e4be0cf6,train
DataSet_clean/yes/e4be0cf6_nohash_3.wav,yes,e4be0cf6,train
DataSet_clean/yes/e53139ad_nohash_0.wav,yes,e53139ad,train
DataSet_clean/yes/e53139ad_nohash_1.wav,yes,e53139ad,train
DataSet_clean/yes/e53139ad_nohash_2.wav,yes,e53139ad,train
DataSet_clean/yes/e53139ad_nohash_3.wav,yes,e53139ad,train
DataSet_clean/yes/e53139ad_nohash_4.wav,yes,e53139ad,train
DataSet_clean/yes/e54a0f16_nohash_0.wav,yes,e54a0f16,test
DataSet_clean/yes/e54a0f16_nohash_1.wav,yes,e54a0f16,test
DataSet_clean/yes/e54a0f16_nohash_2.wav,yes,e54a0f16,test
DataSet_clean/yes/e54a0f16_nohash_3.wav,yes,e54a0f16,test
DataSet_clean/yes/e57abea3_nohash_0.wav,yes,e57abea3,train
DataSet_clean/yes/e5afa9b0_nohash_0.wav,yes,e5afa9b0,train
DataSet_clean/yes/e5e54cee_nohash_0.wav,yes,e5e54cee,test
DataSet_clean/yes/e5e54cee_nohash_1.wav,yes,e5e54cee,test
DataSet_clean/yes/e6327279_nohash_0.wav,yes,e6327279,train
DataSet_clean/yes/e6327279_nohash_1.wav,yes,e6327279,train
DataSet_clean/yes/e6327279_nohash_2.wav,yes,e6327279,train
DataSet_clean/yes/e63b69c5_nohash_0.wav,yes,e63b69c5,val
DataSet_clean/yes/e63b69c5_nohash_1.wav,yes,e63b69c5,val
DataSet_clean/yes/e652590d_nohash_0.wav,yes,e652590d,test
DataSet_clean/yes/e6be0830_nohash_0.wav,yes,e6be0830,train
DataSet_clean/yes/e6db3894_nohash_0.wav,yes,e6db3894,train
DataSet_clean/yes/e6db3894_nohash_1.wav,yes,e6db3894,train
DataSet_clean/yes/e6e29c47_nohash_0.wav,yes,e6e29c47,train
DataSet_clean/yes/e71a9381_nohash_0.wav,yes,e71a9381,train
DataSet_clean/yes/e71a9381_nohash_1.wav,yes,e71a9381,train
DataSet_clean/yes/e71a9381_nohash_2.wav,yes,e71a9381,train
DataSet_clean/yes/e71a9381_nohash_3.wav,yes,e71a9381,train
DataSet_clean/yes/e71a9381_nohash_4.wav,yes,e71a9381,train
DataSet_clean/yes/e71b4ce6_nohash_0.wav,yes,e71b4ce6,train
DataSet_clean/yes/e72aa705_nohash_0.wav,yes,e72aa705,val
DataSet_clean/yes/e72aa705_nohash_1.wav,yes,e72aa705,val
DataSet_clean/yes/e7334395_nohash_0.wav,yes,e7334395,train
DataSet_clean/yes/e7334395_nohash_1.wav,yes,e7334395,train
DataSet_clean/yes/e7334395_nohash_2.wav,yes,e7334395,train
DataSet_clean/yes/e76dd1ce_nohash_0.wav,yes,e76dd1ce,test
DataSet_clean/yes/e77d88fc_nohash_0.wav,yes,e77d88fc,train
DataSet_clean/yes/e77d88fc_nohash_1.wav,yes,e77d88fc,train
DataSet_clean/yes/e77d88fc_nohash_2.wav,yes,e77d88fc,train
DataSet_clean/yes/e7bcee8a_nohash_0.wav,yes,e7bcee8a,train
DataSet_clean/yes/e7bcee8a_nohash_1.wav,yes,e7bcee8a,train
DataSet_clean/yes/e7bcee8a_nohash_2.wav,yes,e7bcee8a,train
DataSet_clean/yes/e7bcee8a_nohash_3.wav,yes,e7bcee8a,train
DataSet_clean/yes/e7bcee8a_nohash_4.wav,yes,e7bcee8a,train
DataSet_clean/yes/e7d0eb3f_nohash_0.wav,yes,e7d0eb3f,val
DataSet_clean/yes/e7d0eb3f_nohash_1.wav,yes,e7d0eb3f,val
DataSet_clean/yes/e7ea8b76_nohash_0.wav,yes,e7ea8b76,train
DataSet_clean/yes/e7ea8b76_nohash_1.wav,yes,e7ea8b76,train
DataSet_clean/yes/e7ea8b76_nohash_2.wav,yes,e7ea8b76,train
DataSet_clean/yes/e7ea8b76_nohash_3.wav,yes,e7ea8b76,train
DataSet_clean/yes/e7ea8b76_nohash_4.wav,yes,e7ea8b76,train
DataSet_clean/yes/e7ebf59c_nohash_0.wav,yes,e7ebf59c,test
DataSet_clean/yes/e805a617_nohash_0.wav,yes,e805a617,train
DataSet_clean/yes/e882abb2_nohash_0.wav,yes,e882abb2,train
DataSet_clean/yes/e882abb2_nohash_1.wav,yes,e882abb2,train
DataSet_clean/yes/e882abb2_nohash_2.wav,yes,e882abb2,train
DataSet_clean/yes/e8d562ca_nohash_0.wav,yes,e8d562ca,train
DataSet_clean/yes/e8e960fd_nohash_0.wav,yes,e8e960fd,train
DataSet_clean/yes/e8e960fd_nohash_1.wav,yes,e8e960fd,train
DataSet_clean/yes/e8e960fd_nohash_2.wav,yes,e8e960fd,train
DataSet_clean/yes/e900b652_nohash_0.wav,yes,e900b652,test
DataSet_clean/yes/e900b652_nohash_1.wav,yes,e900b652,test
DataSet_clean/yes/e900b652_nohash_2.wav,yes,e900b652,test
DataSet_clean/yes/e900b652_nohash_3.wav,yes,e900b652,test
DataSet_clean/yes/e91d173e_nohash_0.wav,yes,e91d173e,val
DataSet_clean/yes/e91d173e_nohash_1.wav,yes,e91d173e,val
DataSet_clean/yes/e9287461_nohash_0.wav,yes,e9287461,test
DataSet_clean/yes/e9287461_nohash_1.wav,yes,e9287461,test
DataSet_clean/yes/e95c70e2_nohash_0.wav,yes,e95c70e2,val
DataSet_clean/yes/e98cb283_nohash_0.wav,yes,e98cb283,train
DataSet_clean/yes/e98cb283_nohash_1.wav,yes,e98cb283,train
DataSet_clean/yes/e99d36c8_nohash_0.wav,yes,e99d36c8,train
DataSet_clean/yes/e9abfe31_nohash_0.wav,yes,e9abfe31,train
DataSet_clean/yes/e9abfe31_nohash_1.wav,yes,e9abfe31,train
DataSet_clean/yes/e9abfe31_nohash_2.wav,yes,e9abfe31,train
DataSet_clean/yes/e9abfe31_nohash_3.wav,yes,e9abfe31,train
DataSet_clean/yes/e9abfe31_nohash_4.wav,yes,e9abfe31,train
DataSet_clean/yes/e9bc5cc2_nohash_0.wav,yes,e9bc5cc2,val
DataSet_clean/yes/e9bc5cc2_nohash_1.wav,yes,e9bc5cc2,val
DataSet_clean/yes/e9bc5cc2_nohash_2.wav,yes,e9bc5cc2,val
DataSet_clean/yes/e9bc5cc2_nohash_3.wav,yes,e9bc5cc2,val
DataSet_clean/yes/e9bc5cc2_nohash_4.wav,yes,e9bc5cc2,val
DataSet_clean/yes/ea0cf37f_nohash_0.wav,yes,ea0cf37f,test
DataSet_clean/yes/ea0cf37f_nohash_1.wav,yes,ea0cf37f,test
DataSet_clean/yes/ea0cf37f_nohash_2.wav,yes,ea0cf37f,test
DataSet_clean/yes/ea1f888c_nohash_0.wav,yes,ea1f888c,train
DataSet_clean/yes/ea37ca08_nohash_0.wav,yes,ea37ca08,train
DataSet_clean/yes/ea9f8e11_nohash_0.wav,yes,ea9f8e11,train
DataSet_clean/yes/eaa83485_nohash_0.wav,yes,eaa83485,train
DataSet_clean/yes/eaa83485_nohash_1.wav,yes,eaa83485,train
DataSet_clean/yes/eaa83485_nohash_2.wav,yes,eaa83485,train
DataSet_clean/yes/eaa83485_nohash_3.wav,yes,eaa83485,train
DataSet_clean/yes/eaa83485_nohash_4.wav,yes,eaa83485,train
DataSet_clean/yes/eb0676ec_nohash_0.wav,yes,eb0676ec,train
DataSet_clean/yes/eb0676ec_nohash_1.wav,yes,eb0676ec,train
DataSet_clean/yes/eb0676ec_nohash_2.wav,yes,eb0676ec,train
DataSet_clean/yes/eb0676ec_nohash_3.wav,yes,eb0676ec,train
DataSet_clean/yes/eb0676ec_nohash_4.wav,yes,eb0676ec,train
DataSet_clean/yes/eb0857c0_nohash_0.wav,yes,eb0857c0,val
DataSet_clean/yes/eb3f7d82_nohash_0.wav,yes,eb3f7d82,train
DataSet_clean/yes/eb3f7d82_nohash_1.wav,yes,eb3f7d82,train
DataSet_clean/yes/eb3f7d82_nohash_2.wav,yes,eb3f7d82,train
DataSet_clean/yes/eb3f7d82_nohash_3.wav,yes,eb3f7d82,train
DataSet_clean/yes/eb3f7d82_nohash_4.wav,yes,eb3f7d82,train
DataSet_clean/yes/eb6dab4a_nohash_0.wav,yes,eb6dab4a,train
DataSet_clean/yes/eb76bc68_nohash_0.wav,yes,eb76bc68,val
DataSet_clean/yes/ebdd0f59_nohash_0.wav,yes,ebdd0f59,val
DataSet_clean/yes/ec201020_nohash_0.wav,yes,ec201020,train
DataSet_clean/yes/ec201020_nohash_1.wav,yes,ec201020,train
DataSet_clean/yes/ec201020_nohash_2.wav,yes,ec201020,train
DataSet_clean/yes/ec201020_nohash_3.wav,yes,ec201020,train
DataSet_clean/yes/ec201020_nohash_4.wav,yes,ec201020,train
DataSet_clean/yes/ec21c46b_nohash_0.wav,yes,ec21c46b,train
DataSet_clean/yes/ec21c46b_nohash_1.wav,yes,ec21c46b,train
DataSet_clean/yes/ec32860c_nohash_0.wav,yes,ec32860c,train
DataSet_clean/yes/ec545975_nohash_0.wav,yes,ec545975,test
DataSet_clean/yes/ec545975_nohash_1.wav,yes,ec545975,test
DataSet_clean/yes/ec545975_nohash_2.wav,yes,ec545975,test
DataSet_clean/yes/ec74a8a5_nohash_0.wav,yes,ec74a8a5,val
DataSet_clean/yes/ec74a8a5_nohash_1.wav,yes,ec74a8a5,val
DataSet_clean/yes/ec989d6d_nohash_0.wav,yes,ec989d6d,train
DataSet_clean/yes/ec989d6d_nohash_1.wav,yes,ec989d6d,train
DataSet_clean/yes/ec989d6d_nohash_2.wav,yes,ec989d6d,train
DataSet_clean/yes/ec989d6d_nohash_3.wav,yes,ec989d6d,train
DataSet_clean/yes/ec9b830b_nohash_0.wav,yes,ec9b830b,train
DataSet_clean/yes/ecbd8d66_nohash_0.wav,yes,ecbd8d66,train
DataSet_clean/yes/ece1a95a_nohash_0.wav,yes,ece1a95a,train
DataSet_clean/yes/ece1a95a_nohash_1.wav,yes,ece1a95a,train
DataSet_clean/yes/ed032775_nohash_0.wav,yes,ed032775,train
DataSet_clean/yes/ed032775_nohash_1.wav,yes,ed032775,train
DataSet_clean/yes/ed032775_nohash_2.wav,yes,ed032775,train
DataSet_clean/yes/ed032775_nohash_3.wav,yes,ed032775,train
DataSet_clean/yes/ed032775_nohash_4.wav,yes,ed032775,train
DataSet_clean/yes/edc53350_nohash_0.wav,yes,edc53350,test
DataSet_clean/yes/edc53350_nohash_1.wav,yes,edc53350,test
DataSet_clean/yes/ede2f4ee_nohash_0.wav,yes,ede2f4ee,train
DataSet_clean/yes/ee1d8d49_nohash_0.wav,yes,ee1d8d49,train
DataSet_clean/yes/ee1d8d49_nohash_1.wav,yes,ee1d8d49,train
DataSet_clean/yes/ee1d8d49_nohash_2.wav,yes,ee1d8d49,train
DataSet_clean/yes/ee1d8d49_nohash_3.wav,yes,ee1d8d49,train
DataSet_clean/yes/ee202358_nohash_0.wav,yes,ee202358,test
DataSet_clean/yes/ee202358_nohash_1.wav,yes,ee202358,test
DataSet_clean/yes/ee4a907f_nohash_0.wav,yes,ee4a907f,train
DataSet_clean/yes/ee6163d5_nohash_0.wav,yes,ee6163d5,train
DataSet_clean/yes/eeaf97c3_nohash_0.wav,yes,eeaf97c3,train
DataSet_clean/yes/eeaf97c3_nohash_1.wav,yes,eeaf97c3,train
DataSet_clean/yes/eeaf97c3_nohash_2.wav,yes,eeaf97c3,train
DataSet_clean/yes/eeaf97c3_nohash_3.wav,yes,eeaf97c3,train
DataSet_clean/yes/eeaf97c3_nohash_4.wav,yes,eeaf97c3,train
DataSet_clean/yes/eee5e541_nohash_0.wav,yes,eee5e541,test
DataSet_clean/yes/eee5e541_nohash_1.wav,yes,eee5e541,test
DataSet_clean/yes/eefd26f3_nohash_0.wav,yes,eefd26f3,train
DataSet_clean/yes/ef2578c0_nohash_0.wav,yes,ef2578c0,train
DataSet_clean/yes/ef3367d9_nohash_0.wav,yes,ef3367d9,train
DataSet_clean/yes/ef3367d9_nohash_1.wav,yes,ef3367d9,train
DataSet_clean/yes/ef3367d9_nohash_2.wav,yes,ef3367d9,train
DataSet_clean/yes/ef3367d9_nohash_3.wav,yes,ef3367d9,train
DataSet_clean/yes/ef3367d9_nohash_4.wav,yes,ef3367d9,train
DataSet_clean/yes/ef3367d9_nohash_5.wav,yes,ef3367d9,train
DataSet_clean/yes/ef77b778_nohash_0.wav,yes,ef77b778,val
DataSet_clean/yes/ef77b778_nohash_1.wav,yes,ef77b778,val
DataSet_clean/yes/ef77b778_nohash_2.wav,yes,ef77b778,val
DataSet_clean/yes/ef77b778_nohash_3.wav,yes,ef77b778,val
DataSet_clean/yes/ef77b778_nohash_4.wav,yes,ef77b778,val
DataSet_clean/yes/efab2cbd_nohash_0.wav,yes,efab2cbd,test
DataSet_clean/yes/f01a0d63_nohash_0.wav,yes,f01a0d63,test
DataSet_clean/yes/f01a0d63_nohash_1.wav,yes,f01a0d63,test
DataSet_clean/yes/f01a0d63_nohash_2.wav,yes,f01a0d63,test
DataSet_clean/yes/f01a0d63_nohash_3.wav,yes,f01a0d63,test
DataSet_clean/yes/f035e2ea_nohash_0.wav,yes,f035e2ea,train
DataSet_clean/yes/f035e2ea_nohash_1.wav,yes,f035e2ea,train
DataSet_clean/yes/f035e2ea_nohash_2.wav,yes,f035e2ea,train
DataSet_clean/yes/f035e2ea_nohash_3.wav,yes,f035e2ea,train
DataSet_clean/yes/f035e2ea_nohash_4.wav,yes,f035e2ea,train
DataSet_clean/yes/f0522ff4_nohash_0.wav,yes,f0522ff4,val
DataSet_clean/yes/f0522ff4_nohash_1.wav,yes,f0522ff4,val
DataSet_clean/yes/f0522ff4_nohash_2.wav,yes,f0522ff4,val
DataSet_clean/yes/f0522ff4_nohash_3.wav,yes,f0522ff4,val
DataSet_clean/yes/f0522ff4_nohash_4.wav,yes,f0522ff4,val
DataSet_clean/yes/f06190c1_nohash_0.wav,yes,f06190c1,train
DataSet_clean/yes/f06190c1_nohash_1.wav,yes,f06190c1,train
DataSet_clean/yes/f0659908_nohash_0.wav,yes,f0659908,train
DataSet_clean/yes/f0659908_nohash_1.wav,yes,f0659908,train
DataSet_clean/yes/f0659908_nohash_2.wav,yes,f0659908,train
DataSet_clean/yes/f0659908_nohash_3.wav,yes,f0659908,train
DataSet_clean/yes/f0659908_nohash_4.wav,yes,f0659908,train
DataSet_clean/yes/f0ac2522_nohash_0.wav,yes,f0ac2522,train
DataSet_clean/yes/f0ac2522_nohash_1.wav,yes,f0ac2522,train
DataSet_clean/yes/f0ae7203_nohash_0.wav,yes,f0ae7203,train
DataSet_clean/yes/f0ae7203_nohash_1.wav,yes,f0ae7203,train
DataSet_clean/yes/f15a354c_nohash_0.wav,yes,f15a354c,val
DataSet_clean/yes/f174517e_nohash_0.wav,yes,f174517e,train
DataSet_clean/yes/f19c1390_nohash_0.wav,yes,f19c1390,val
DataSet_clean/yes/f19c1390_nohash_1.wav,yes,f19c1390,val
DataSet_clean/yes/f19c1390_nohash_2.wav,yes,f19c1390,val
DataSet_clean/yes/f19c1390_nohash_3.wav,yes,f19c1390,val
DataSet_clean/yes/f19c1390_nohash_4.wav,yes,f19c1390,val
DataSet_clean/yes/f1d36c53_nohash_0.wav,yes,f1d36c53,train
DataSet_clean/yes/f1d8a638_nohash_0.wav,yes,f1d8a638,train
DataSet_clean/yes/f1d8a638_nohash_1.wav,yes,f1d8a638,train
DataSet_clean/yes/f1d8a638_nohash_2.wav,yes,f1d8a638,train
DataSet_clean/yes/f1d8a638_nohash_3.wav,yes,f1d8a638,train
DataSet_clean/yes/f1d8a638_nohash_4.wav,yes,f1d8a638,train
DataSet_clean/yes/f1eaff75_nohash_0.wav,yes,f1eaff75,train
DataSet_clean/yes/f216055e_nohash_0.wav,yes,f216055e,train
DataSet_clean/yes/f264e0df_nohash_0.wav,yes,f264e0df,train
DataSet_clean/yes/f264e0df_nohash_1.wav,yes,f264e0df,train
DataSet_clean/yes/f264e0df_nohash_2.wav,yes,f264e0df,train
DataSet_clean/yes/f2898d06_nohash_0.wav,yes,f2898d06,train
DataSet_clean/yes/f2898d06_nohash_1.wav,yes,f2898d06,train
DataSet_clean/yes/f2898d06_nohash_2.wav,yes,f2898d06,train
DataSet_clean/yes/f2898d06_nohash_3.wav,yes,f2898d06,train
DataSet_clean/yes/f2898d06_nohash_4.wav,yes,f2898d06,train
DataSet_clean/yes/f292725f_nohash_0.wav,yes,f292725f,test
DataSet_clean/yes/f297e878_nohash_0.wav,yes,f297e878,train
DataSet_clean/yes/f2b8fc18_nohash_0.wav,yes,f2b8fc18,test
DataSet_clean/yes/f2dd248e_nohash_0.wav,yes,f2dd248e,test
DataSet_clean/yes/f2e59fea_nohash_0.wav,yes,f2e59fea,train
DataSet_clean/yes/f2e59fea_nohash_1.wav,yes,f2e59fea,train
DataSet_clean/yes/f2e59fea_nohash_2.wav,yes,f2e59fea,train
DataSet_clean/yes/f2e59fea_nohash_3.wav,yes,f2e59fea,train
DataSet_clean/yes/f2e9b610_nohash_0.wav,yes,f2e9b610,train
DataSet_clean/yes/f2e9b610_nohash_1.wav,yes,f2e9b610,train
DataSet_clean/yes/f2e9b610_nohash_2.wav,yes,f2e9b610,train
DataSet_clean/yes/f2e9b610_nohash_3.wav,yes,f2e9b610,train
DataSet_clean/yes/f2e9b610_nohash_4.wav,yes,f2e9b610,train
DataSet_clean/yes/f2f0d244_nohash_0.wav,yes,f2f0d244,val
DataSet_clean/yes/f2f0d244_nohash_1.wav,yes,f2f0d244,val
DataSet_clean/yes/f2f0d244_nohash_2.wav,yes,f2f0d244,val
DataSet_clean/yes/f2f0d244_nohash_3.wav,yes,f2f0d244,val
DataSet_clean/yes/f30285c8_nohash_0.wav,yes,f30285c8,train
DataSet_clean/yes/f30285c8_nohash_1.wav,yes,f30285c8,train
DataSet_clean/yes/f30285c8_nohash_2.wav,yes,f30285c8,train
DataSet_clean/yes/f30285c8_nohash_3.wav,yes,f30285c8,train
DataSet_clean/yes/f33660af_nohash_0.wav,yes,f33660af,val
DataSet_clean/yes/f34e6f44_nohash_0.wav,yes,f34e6f44,val
DataSet_clean/yes/f34e6f44_nohash_1.wav,yes,f34e6f44,val
DataSet_clean/yes/f34e6f44_nohash_2.wav,yes,f34e6f44,val
DataSet_clean/yes/f34e6f44_nohash_3.wav,yes,f34e6f44,val
DataSet_clean/yes/f35eedd7_nohash_0.wav,yes,f35eedd7,train
DataSet_clean/yes/f3957e23_nohash_0.wav,yes,f3957e23,train
DataSet_clean/yes/f3cee168_nohash_0.wav,yes,f3cee168,train
DataSet_clean/yes/f427aa81_nohash_0.wav,yes,f427aa81,train
DataSet_clean/yes/f42e234b_nohash_0.wav,yes,f42e234b,train
DataSet_clean/yes/f4386675_nohash_0.wav,yes,f4386675,train
DataSet_clean/yes/f44f440f_nohash_0.wav,yes,f44f440f,val
DataSet_clean/yes/f4cae173_nohash_0.wav,yes,f4cae173,test
DataSet_clean/yes/f4cae173_nohash_1.wav,yes,f4cae173,test
DataSet_clean/yes/f4f59743_nohash_0.wav,yes,f4f59743,val
DataSet_clean/yes/f5341341_nohash_0.wav,yes,f5341341,val
DataSet_clean/yes/f5341341_nohash_1.wav,yes,f5341341,val
DataSet_clean/yes/f5341341_nohash_2.wav,yes,f5341341,val
DataSet_clean/yes/f5341341_nohash_3.wav,yes,f5341341,val
DataSet_clean/yes/f5341341_nohash_4.wav,yes,f5341341,val
DataSet_clean/yes/f5496439_nohash_0.wav,yes,f5496439,val
DataSet_clean/yes/f5496439_nohash_1.wav,yes,f5496439,val
DataSet_clean/yes/f550b7dc_nohash_0.wav,yes,f550b7dc,val
DataSet_clean/yes/f5626af6_nohash_0.wav,yes,f5626af6,train
DataSet_clean/yes/f5626af6_nohash_1.wav,yes,f5626af6,train
DataSet_clean/yes/f5626af6_nohash_2.wav,yes,f5626af6,train
DataSet_clean/yes/f5626af6_nohash_3.wav,yes,f5626af6,train
DataSet_clean/yes/f5626af6_nohash_4.wav,yes,f5626af6,train
DataSet_clean/yes/f568162b_nohash_0.wav,yes,f568162b,val
DataSet_clean/yes/f568162b_nohash_1.wav,yes,f568162b,val
DataSet_clean/yes/f568162b_nohash_2.wav,yes,f568162b,val
DataSet_clean/yes/f568162b_nohash_3.wav,yes,f568162b,val
DataSet_clean/yes/f5733968_nohash_0.wav,yes,f5733968,train
DataSet_clean/yes/f5733968_nohash_1.wav,yes,f5733968,train
DataSet_clean/yes/f5733968_nohash_2.wav,yes,f5733968,train
DataSet_clean/yes/f5733968_nohash_3.wav,yes,f5733968,train
DataSet_clean/yes/f5733968_nohash_4.wav,yes,f5733968,train
DataSet_clean/yes/f575faf3_nohash_0.wav,yes,f575faf3,test
DataSet_clean/yes/f575faf3_nohash_1.wav,yes,f575faf3,test
DataSet_clean/yes/f575faf3_nohash_2.wav,yes,f575faf3,test
DataSet_clean/yes/f575faf3_nohash_3.wav,yes,f575faf3,test
DataSet_clean/yes/f575faf3_nohash_4.wav,yes,f575faf3,test
DataSet_clean/yes/f5c3de1b_nohash_0.wav,yes,f5c3de1b,train
DataSet_clean/yes/f5c3de1b_nohash_1.wav,yes,f5c3de1b,train
DataSet_clean/yes/f5c3de1b_nohash_2.wav,yes,f5c3de1b,train
DataSet_clean/yes/f5e44d34_nohash_0.wav,yes,f5e44d34,train
DataSet_clean/yes/f5e44d34_nohash_1.wav,yes,f5e44d34,train
DataSet_clean/yes/f618568f_nohash_0.wav,yes,f618568f,val
DataSet_clean/yes/f618568f_nohash_1.wav,yes,f618568f,val
DataSet_clean/yes/f632210f_nohash_0.wav,yes,f632210f,train
DataSet_clean/yes/f632210f_nohash_1.wav,yes,f632210f,train
DataSet_clean/yes/f638a812_nohash_0.wav,yes,f638a812,train
DataSet_clean/yes/f638a812_nohash_1.wav,yes,f638a812,train
DataSet_clean/yes/f6617a86_nohash_0.wav,yes,f6617a86,train
DataSet_clean/yes/f6617a86_nohash_1.wav,yes,f6617a86,train
DataSet_clean/yes/f6617a86_nohash_2.wav,yes,f6617a86,train
DataSet_clean/yes/f68160c0_nohash_0.wav,yes,f68160c0,train
DataSet_clean/yes/f68160c0_nohash_1.wav,yes,f68160c0,train
DataSet_clean/yes/f68160c0_nohash_2.wav,yes,f68160c0,train
DataSet_clean/yes/f68160c0_nohash_3.wav,yes,f68160c0,train
DataSet_clean/yes/f6a380e7_nohash_0.wav,yes,f6a380e7,val
DataSet_clean/yes/f6af2457_nohash_0.wav,yes,f6af2457,val
DataSet_clean/yes/f736ab63_nohash_0.wav,yes,f736ab63,train
DataSet_clean/yes/f736ab63_nohash_1.wav,yes,f736ab63,train
DataSet_clean/yes/f736ab63_nohash_2.wav,yes,f736ab63,train
DataSet_clean/yes/f736ab63_nohash_3.wav,yes,f736ab63,train
DataSet_clean/yes/f736ab63_nohash_4.wav,yes,f736ab63,train
DataSet_clean/yes/f7879738_nohash_0.wav,yes,f7879738,train
DataSet_clean/yes/f7879738_nohash_1.wav,yes,f7879738,train
DataSet_clean/yes/f798ac78_nohash_0.wav,yes,f798ac78,train
DataSet_clean/yes/f798ac78_nohash_1.wav,yes,f798ac78,train
DataSet_clean/yes/f798ac78_nohash_2.wav,yes,f798ac78,train
DataSet_clean/yes/f798ac78_nohash_3.wav,yes,f798ac78,train
DataSet_clean/yes/f798ac78_nohash_4.wav,yes,f798ac78,train
DataSet_clean/yes/f804cbb3_nohash_0.wav,yes,f804cbb3,val
DataSet_clean/yes/f804cbb3_nohash_1.wav,yes,f804cbb3,val
DataSet_clean/yes/f816db77_nohash_0.wav,yes,f816db77,train
DataSet_clean/yes/f822b9bf_nohash_0.wav,yes,f822b9bf,train
DataSet_clean/yes/f822b9bf_nohash_1.wav,yes,f822b9bf,train
DataSet_clean/yes/f822b9bf_nohash_2.wav,yes,f822b9bf,train
DataSet_clean/yes/f822b9bf_nohash_3.wav,yes,f822b9bf,train
DataSet_clean/yes/f839238a_nohash_0.wav,yes,f839238a,train
DataSet_clean/yes/f839238a_nohash_1.wav,yes,f839238a,train
DataSet_clean/yes/f84762e5_nohash_0.wav,yes,f84762e5,test
DataSet_clean/yes/f864cd4a_nohash_0.wav,yes,f864cd4a,train
DataSet_clean/yes/f875f965_nohash_0.wav,yes,f875f965,train
DataSet_clean/yes/f88f97a7_nohash_0.wav,yes,f88f97a7,val
DataSet_clean/yes/f8ad3941_nohash_0.wav,yes,f8ad3941,val
DataSet_clean/yes/f8ad3941_nohash_1.wav,yes,f8ad3941,val
DataSet_clean/yes/f8ba7c0e_nohash_0.wav,yes,f8ba7c0e,train
DataSet_clean/yes/f8ba7c0e_nohash_1.wav,yes,f8ba7c0e,train
DataSet_clean/yes/f8ba7c0e_nohash_2.wav,yes,f8ba7c0e,train
DataSet_clean/yes/f8ba7c0e_nohash_3.wav,yes,f8ba7c0e,train
DataSet_clean/yes/f8ba7c0e_nohash_4.wav,yes,f8ba7c0e,train
DataSet_clean/yes/f8f60f59_nohash_0.wav,yes,f8f60f59,train
DataSet_clean/yes/f8f60f59_nohash_1.wav,yes,f8f60f59,train
DataSet_clean/yes/f8f60f59_nohash_2.wav,yes,f8f60f59,train
DataSet_clean/yes/f8f60f59_nohash_3.wav,yes,f8f60f59,train
DataSet_clean/yes/f9273a21_nohash_0.wav,yes,f9273a21,test
DataSet_clean/yes/f9273a21_nohash_1.wav,yes,f9273a21,test
DataSet_clean/yes/f9318c93_nohash_0.wav,yes,f9318c93,train
DataSet_clean/yes/f953e1af_nohash_0.wav,yes,f953e1af,train
DataSet_clean/yes/f953e1af_nohash_1.wav,yes,f953e1af,train
DataSet_clean/yes/f953e1af_nohash_2.wav,yes,f953e1af,train
DataSet_clean/yes/f953e1af_nohash_3.wav,yes,f953e1af,train
DataSet_clean/yes/f953e1af_nohash_4.wav,yes,f953e1af,train
DataSet_clean/yes/f9643d42_nohash_0.wav,yes,f9643d42,train
DataSet_clean/yes/f9643d42_nohash_1.wav,yes,f9643d42,train
DataSet_clean/yes/f9643d42_nohash_2.wav,yes,f9643d42,train
DataSet_clean/yes/f9643d42_nohash_3.wav,yes,f9643d42,train
DataSet_clean/yes/f9af0887_nohash_0.wav,yes,f9af0887,val
DataSet_clean/yes/f9af0887_nohash_1.wav,yes,f9af0887,val
DataSet_clean/yes/f9bdf10e_nohash_0.wav,yes,f9bdf10e,val
DataSet_clean/yes/f9f9751d_nohash_0.wav,yes,f9f9751d,train
DataSet_clean/yes/f9f9751d_nohash_1.wav,yes,f9f9751d,train
DataSet_clean/yes/fa446c16_nohash_0.wav,yes,fa446c16,train
DataSet_clean/yes/fa44fcf5_nohash_0.wav,yes,fa44fcf5,val
DataSet_clean/yes/fa44fcf5_nohash_1.wav,yes,fa44fcf5,val
DataSet_clean/yes/fa44fcf5_nohash_2.wav,yes,fa44fcf5,val
DataSet_clean/yes/fa44fcf5_nohash_3.wav,yes,fa44fcf5,val
DataSet_clean/yes/fa52ddf6_nohash_0.wav,yes,fa52ddf6,train
DataSet_clean/yes/fa52ddf6_nohash_1.wav,yes,fa52ddf6,train
DataSet_clean/yes/fa52ddf6_nohash_2.wav,yes,fa52ddf6,train
DataSet_clean/yes/fa52ddf6_nohash_3.wav,yes,fa52ddf6,train
DataSet_clean/yes/fa52ddf6_nohash_4.wav,yes,fa52ddf6,train
DataSet_clean/yes/fa57ab3b_nohash_0.wav,yes,fa57ab3b,val
DataSet_clean/yes/fa57ab3b_nohash_1.wav,yes,fa57ab3b,val
DataSet_clean/yes/fa57ab3b_nohash_2.wav,yes,fa57ab3b,val
DataSet_clean/yes/fa57ab3b_nohash_3.wav,yes,fa57ab3b,val
DataSet_clean/yes/fa57ab3b_nohash_4.wav,yes,fa57ab3b,val
DataSet_clean/yes/fac74f6a_nohash_0.wav,yes,fac74f6a,train
DataSet_clean/yes/fac74f6a_nohash_1.wav,yes,fac74f6a,train
DataSet_clean/yes/fac74f6a_nohash_2.wav,yes,fac74f6a,train
DataSet_clean/yes/fac7deca_nohash_0.wav,yes,fac7deca,test
DataSet_clean/yes/fac7deca_nohash_1.wav,yes,fac7deca,test
DataSet_clean/yes/fad7a69a_nohash_0.wav,yes,fad7a69a,train
DataSet_clean/yes/fafe8101_nohash_0.wav,yes,fafe8101,val
DataSet_clean/yes/fb01a182_nohash_0.wav,yes,fb01a182,train
DataSet_clean/yes/fb495c43_nohash_0.wav,yes,fb495c43,train
DataSet_clean/yes/fb7008b0_nohash_0.wav,yes,fb7008b0,train
DataSet_clean/yes/fb727898_nohash_0.wav,yes,fb727898,train
DataSet_clean/yes/fb727898_nohash_1.wav,yes,fb727898,train
DataSet_clean/yes/fb727898_nohash_2.wav,yes,fb727898,train
DataSet_clean/yes/fb727898_nohash_3.wav,yes,fb727898,train
DataSet_clean/yes/fb7c9b3b_nohash_0.wav,yes,fb7c9b3b,train
DataSet_clean/yes/fb7c9b3b_nohash_1.wav,yes,fb7c9b3b,train
DataSet_clean/yes/fb7cfe0e_nohash_0.wav,yes,fb7cfe0e,test
DataSet_clean/yes/fb7eb481_nohash_0.wav,yes,fb7eb481,train
DataSet_clean/yes/fb7eb481_nohash_1.wav,yes,fb7eb481,train
DataSet_clean/yes/fb7eb481_nohash_2.wav,yes,fb7eb481,train
DataSet_clean/yes/fb7eb481_nohash_3.wav,yes,fb7eb481,train
DataSet_clean/yes/fb8c31a9_nohash_0.wav,yes,fb8c31a9,test
DataSet_clean/yes/fb8c31a9_nohash_1.wav,yes,fb8c31a9,test
DataSet_clean/yes/fb8c31a9_nohash_2.wav,yes,fb8c31a9,test
DataSet_clean/yes/fb8c31a9_nohash_3.wav,yes,fb8c31a9,test
DataSet_clean/yes/fb8c31a9_nohash_4.wav,yes,fb8c31a9,test
DataSet_clean/yes/fbb2f6cc_nohash_0.wav,yes,fbb2f6cc,train
DataSet_clean/yes/fbb2f6cc_nohash_1.wav,yes,fbb2f6cc,train
DataSet_clean/yes/fbb2f6cc_nohash_2.wav,yes,fbb2f6cc,train
DataSet_clean/yes/fbb2f6cc_nohash_3.wav,yes,fbb2f6cc,train
DataSet_clean/yes/fbb56351_nohash_0.wav,yes,fbb56351,val
DataSet_clean/yes/fbb56351_nohash_1.wav,yes,fbb56351,val
DataSet_clean/yes/fbb56351_nohash_2.wav,yes,fbb56351,val
DataSet_clean/yes/fbb56351_nohash_3.wav,yes,fbb56351,val
DataSet_clean/yes/fbb56351_nohash_4.wav,yes,fbb56351,val
DataSet_clean/yes/fbdc07bb_nohash_0.wav,yes,fbdc07bb,test
DataSet_clean/yes/fbe51750_nohash_0.wav,yes,fbe51750,train
DataSet_clean/yes/fbe51750_nohash_1.wav,yes,fbe51750,train
DataSet_clean/yes/fc3ba625_nohash_0.wav,yes,fc3ba625,train
DataSet_clean/yes/fc3ba625_nohash_1.wav,yes,fc3ba625,train
DataSet_clean/yes/fc3ba625_nohash_2.wav,yes,fc3ba625,train
DataSet_clean/yes/fc3ba625_nohash_3.wav,yes,fc3ba625,train
DataSet_clean/yes/fc3ba625_nohash_4.wav,yes,fc3ba625,train
DataSet_clean/yes/fc94edb0_nohash_0.wav,yes,fc94edb0,train
DataSet_clean/yes/fc94edb0_nohash_1.wav,yes,fc94edb0,train
DataSet_clean/yes/fcb25a78_nohash_0.wav,yes,fcb25a78,train
DataSet_clean/yes/fce65496_nohash_0.wav,yes,fce65496,train
DataSet_clean/yes/fd5ccd39_nohash_0.wav,yes,fd5ccd39,train
DataSet_clean/yes/fd5ccd39_nohash_1.wav,yes,fd5ccd39,train
DataSet_clean/yes/fd5ccd39_nohash_2.wav,yes,fd5ccd39,train
DataSet_clean/yes/fd5ccd39_nohash_3.wav,yes,fd5ccd39,train
DataSet_clean/yes/fd5ccd39_nohash_4.wav,yes,fd5ccd39,train
DataSet_clean/yes/fda46b78_nohash_0.wav,yes,fda46b78,train
DataSet_clean/yes/fdb5155e_nohash_0.wav,yes,fdb5155e,test
DataSet_clean/yes/fdb5155e_nohash_1.wav,yes,fdb5155e,test
DataSet_clean/yes/fde2dee7_nohash_0.wav,yes,fde2dee7,train
DataSet_clean/yes/fde2dee7_nohash_1.wav,yes,fde2dee7,train
DataSet_clean/yes/fe11e258_nohash_0.wav,yes,fe11e258,train
DataSet_clean/yes/fe1916ba_nohash_0.wav,yes,fe1916ba,val
DataSet_clean/yes/fe1916ba_nohash_1.wav,yes,fe1916ba,val
DataSet_clean/yes/fe291fa9_nohash_0.wav,yes,fe291fa9,train
DataSet_clean/yes/fe31cb13_nohash_0.wav,yes,fe31cb13,train
DataSet_clean/yes/fe5c4a7a_nohash_0.wav,yes,fe5c4a7a,train
DataSet_clean/yes/ff0e27c3_nohash_0.wav,yes,ff0e27c3,train
DataSet_clean/yes/ff21fb59_nohash_0.wav,yes,ff21fb59,train
DataSet_clean/yes/ff2b842e_nohash_0.wav,yes,ff2b842e,val
DataSet_clean/yes/ff2b842e_nohash_1.wav,yes,ff2b842e,val
DataSet_clean/yes/ff2b842e_nohash_2.wav,yes,ff2b842e,val
DataSet_clean/yes/ff2b842e_nohash_3.wav,yes,ff2b842e,val
DataSet_clean/yes/ff4ed4f3_nohash_0.wav,yes,ff4ed4f3,test
DataSet_clean/yes/ff4ed4f3_nohash_1.wav,yes,ff4ed4f3,test
DataSet_clean/yes/ff4ed4f3_nohash_2.wav,yes,ff4ed4f3,test
DataSet_clean/yes/ff4ed4f3_nohash_3.wav,yes,ff4ed4f3,test
DataSet_clean/yes/ff63ab0b_nohash_0.wav,yes,ff63ab0b,test
DataSet_clean/yes/ffb86d3c_nohash_0.wav,yes,ffb86d3c,train
DataSet_clean/yes/ffbb695d_nohash_0.wav,yes,ffbb695d,val
DataSet_clean/yes/ffbb695d_nohash_1.wav,yes,ffbb695d,val
DataSet_clean/yes/ffd2ba2f_nohash_0.wav,yes,ffd2ba2f,train
DataSet_clean/yes/ffd2ba2f_nohash_1.wav,yes,ffd2ba2f,train
DataSet_clean/yes/ffd2ba2f_nohash_2.wav,yes,ffd2ba2f,train
DataSet_clean/yes/ffd2ba2f_nohash_3.wav,yes,ffd2ba2f,train
DataSet_clean/yes/ffd2ba2f_nohash_4.wav,yes,ffd2ba2f,train
DataSet_clean/no/012c8314_nohash_0.wav,no,012c8314,train
DataSet_clean/no/0132a06d_nohash_0.wav,no,0132a06d,test
DataSet_clean/no/0132a06d_nohash_1.wav,no,0132a06d,test
DataSet_clean/no/0132a06d_nohash_2.wav,no,0132a06d,test
DataSet_clean/no/0132a06d_nohash_3.wav,no,0132a06d,test
DataSet_clean/no/0132a06d_nohash_4.wav,no,0132a06d,test
DataSet_clean/no/0137b3f4_nohash_0.wav,no,0137b3f4,train
DataSet_clean/no/0137b3f4_nohash_1.wav,no,0137b3f4,train
DataSet_clean/no/0137b3f4_nohash_2.wav,no,0137b3f4,train
DataSet_clean/no/0137b3f4_nohash_3.wav,no,0137b3f4,train
DataSet_clean/no/0137b3f4_nohash_4.wav,no,0137b3f4,train
DataSet_clean/no/01648c51_nohash_0.wav,no,01648c51,train
DataSet_clean/no/01648c51_nohash_1.wav,no,01648c51,train
DataSet_clean/no/017c4098_nohash_0.wav,no,017c4098,val
DataSet_clean/no/017c4098_nohash_1.wav,no,017c4098,val
DataSet_clean/no/017c4098_nohash_2.wav,no,017c4098,val
DataSet_clean/no/017c4098_nohash_3.wav,no,017c4098,val
DataSet_clean/no/017c4098_nohash_4.wav,no,017c4098,val
DataSet_clean/no/019fa366_nohash_0.wav,no,019fa366,test
DataSet_clean/no/01bb6a2a_nohash_0.wav,no,01bb6a2a,train
DataSet_clean/no/01bb6a2a_nohash_1.wav,no,01bb6a2a,train
DataSet_clean/no/01bcfc0c_nohash_0.wav,no,01bcfc0c,train
DataSet_clean/no/01bcfc0c_nohash_1.wav,no,01bcfc0c,train
DataSet_clean/no/01d22d03_nohash_0.wav,no,01d22d03,train
DataSet_clean/no/01d22d03_nohash_1.wav,no,01d22d03,train
DataSet_clean/no/0227998e_nohash_0.wav,no,0227998e,train
DataSet_clean/no/026290a7_nohash_0.wav,no,026290a7,train
DataSet_clean/no/02746d24_nohash_0.wav,no,02746d24,train
DataSet_clean/no/02ade946_nohash_0.wav,no,02ade946,val
DataSet_clean/no/02ade946_nohash_1.wav,no,02ade946,val
DataSet_clean/no/02ade946_nohash_2.wav,no,02ade946,val
DataSet_clean/no/02ade946_nohash_3.wav,no,02ade946,val
DataSet_clean/no/02ade946_nohash_4.wav,no,02ade946,val
DataSet_clean/no/03401e93_nohash_0.wav,no,03401e93,train
DataSet_clean/no/03401e93_nohash_1.wav,no,03401e93,train
DataSet_clean/no/03401e93_nohash_2.wav,no,03401e93,train
DataSet_clean/no/03401e93_nohash_3.wav,no,03401e93,train
DataSet_clean/no/0362539c_nohash_0.wav,no,0362539c,test
DataSet_clean/no/0362539c_nohash_1.wav,no,0362539c,test
DataSet_clean/no/0362539c_nohash_2.wav,no,0362539c,test
DataSet_clean/no/0362539c_nohash_3.wav,no,0362539c,test
DataSet_clean/no/0362539c_nohash_4.wav,no,0362539c,test
DataSet_clean/no/037c445a_nohash_0.wav,no,037c445a,train
DataSet_clean/no/0397ecda_nohash_0.wav,no,0397ecda,val
DataSet_clean/no/03c96658_nohash_0.wav,no,03c96658,train
DataSet_clean/no/03cf93b1_nohash_0.wav,no,03cf93b1,train
DataSet_clean/no/03cf93b1_nohash_1.wav,no,03cf93b1,train
DataSet_clean/no/03cf93b1_nohash_2.wav,no,03cf93b1,train
DataSet_clean/no/042a8dde_nohash_0.wav,no,042a8dde,val
DataSet_clean/no/042a8dde_nohash_1.wav,no,042a8dde,val
DataSet_clean/no/042a8dde_nohash_2.wav,no,042a8dde,val
DataSet_clean/no/042a8dde_nohash_3.wav,no,042a8dde,val
DataSet_clean/no/042ea76c_nohash_0.wav,no,042ea76c,val
DataSet_clean/no/050170cb_nohash_0.wav,no,050170cb,train
DataSet_clean/no/050170cb_nohash_1.wav,no,050170cb,train
DataSet_clean/no/050170cb_nohash_2.wav,no,050170cb,train
DataSet_clean/no/050170cb_nohash_3.wav,no,050170cb,train
DataSet_clean/no/050170cb_nohash_4.wav,no,050170cb,train
DataSet_clean/no/0585b66d_nohash_0.wav,no,0585b66d,train
DataSet_clean/no/0585b66d_nohash_1.wav,no,0585b66d,train
DataSet_clean/no/0585b66d_nohash_2.wav,no,0585b66d,train
DataSet_clean/no/0585b66d_nohash_3.wav,no,0585b66d,train
DataSet_clean/no/0585b66d_nohash_4.wav,no,0585b66d,train
DataSet_clean/no/060cd039_nohash_0.wav,no,060cd039,val
DataSet_clean/no/061a5915_nohash_0.wav,no,061a5915,train
DataSet_clean/no/063d48cf_nohash_0.wav,no,063d48cf,train
DataSet_clean/no/067f61e2_nohash_0.wav,no,067f61e2,train
DataSet_clean/no/067f61e2_nohash_1.wav,no,067f61e2,train
DataSet_clean/no/067f61e2_nohash_2.wav,no,067f61e2,train
DataSet_clean/no/067f61e2_nohash_3.wav,no,067f61e2,train
DataSet_clean/no/067f61e2_nohash_4.wav,no,067f61e2,train
DataSet_clean/no/06a79a03_nohash_0.wav,no,06a79a03,train
DataSet_clean/no/06a79a03_nohash_1.wav,no,06a79a03,train
DataSet_clean/no/06a79a03_nohash_2.wav,no,06a79a03,train
DataSet_clean/no/06a79a03_nohash_3.wav,no,06a79a03,train
DataSet_clean/no/06f6c194_nohash_0.wav,no,06f6c194,train
DataSet_clean/no/06f6c194_nohash_1.wav,no,06f6c194,train
DataSet_clean/no/06f6c194_nohash_2.wav,no,06f6c194,train
DataSet_clean/no/06f6c194_nohash_3.wav,no,06f6c194,train
DataSet_clean/no/06f6c194_nohash_4.wav,no,06f6c194,train
DataSet_clean/no/07089da9_nohash_0.wav,no,07089da9,test
DataSet_clean/no/07089da9_nohash_1.wav,no,07089da9,test
DataSet_clean/no/07089da9_nohash_2.wav,no,07089da9,test
DataSet_clean/no/07089da9_nohash_3.wav,no,07089da9,test
DataSet_clean/no/070b49af_nohash_0.wav,no,070b49af,train
DataSet_clean/no/070b49af_nohash_1.wav,no,070b49af,train
DataSet_clean/no/0717b9f6_nohash_0.wav,no,0717b9f6,train
DataSet_clean/no/0717b9f6_nohash_1.wav,no,0717b9f6,train
DataSet_clean/no/0717b9f6_nohash_2.wav,no,0717b9f6,train
DataSet_clean/no/0717b9f6_nohash_3.wav,no,0717b9f6,train
DataSet_clean/no/075e38c3_nohash_0.wav,no,075e38c3,train
DataSet_clean/no/075e38c3_nohash_1.wav,no,075e38c3,train
DataSet_clean/no/079d1020_nohash_0.wav,no,079d1020,train
DataSet_clean/no/079dfce3_nohash_0.wav,no,079dfce3,test
DataSet_clean/no/07ad9b59_nohash_0.wav,no,07ad9b59,train
DataSet_clean/no/07c5129e_nohash_0.wav,no,07c5129e,train
DataSet_clean/no/07c5129e_nohash_1.wav,no,07c5129e,train
DataSet_clean/no/0819edb0_nohash_0.wav,no,0819edb0,train
DataSet_clean/no/08ab231c_nohash_0.wav,no,08ab231c,train
DataSet_clean/no/08ab231c_nohash_1.wav,no,08ab231c,train
DataSet_clean/no/08ab231c_nohash_2.wav,no,08ab231c,train
DataSet_clean/no/08ab8082_nohash_0.wav,no,08ab8082,train
DataSet_clean/no/08ab8082_nohash_1.wav,no,08ab8082,train
DataSet_clean/no/093f65a1_nohash_0.wav,no,093f65a1,train
DataSet_clean/no/095847e4_nohash_0.wav,no,095847e4,train
DataSet_clean/no/099d52ad_nohash_0.wav,no,099d52ad,test
DataSet_clean/no/099d52ad_nohash_1.wav,no,099d52ad,test
DataSet_clean/no/099d52ad_nohash_2.wav,no,099d52ad,test
DataSet_clean/no/099d52ad_nohash_3.wav,no,099d52ad,test
DataSet_clean/no/099d52ad_nohash_4.wav,no,099d52ad,test
DataSet_clean/no/09bcdc9d_nohash_0.wav,no,09bcdc9d,train
DataSet_clean/no/09ddc105_nohash_0.wav,no,09ddc105,test
DataSet_clean/no/0a196374_nohash_0.wav,no,0a196374,train
DataSet_clean/no/0a196374_nohash_1.wav,no,0a196374,train
DataSet_clean/no/0a196374_nohash_2.wav,no,0a196374,train
DataSet_clean/no/0a196374_nohash_3.wav,no,0a196374,train
DataSet_clean/no/0a196374_nohash_4.wav,no,0a196374,train
DataSet_clean/no/0a2b400e_nohash_0.wav,no,0a2b400e,train
DataSet_clean/no/0a2b400e_nohash_1.wav,no,0a2b400e,train
DataSet_clean/no/0a2b400e_nohash_2.wav,no,0a2b400e,train
DataSet_clean/no/0a2b400e_nohash_3.wav,no,0a2b400e,train
DataSet_clean/no/0a2b400e_nohash_4.wav,no,0a2b400e,train
DataSet_clean/no/0a396ff2_nohash_0.wav,no,0a396ff2,train
DataSet_clean/no/0a5636ca_nohash_0.wav,no,0a5636ca,train
DataSet_clean/no/0a5636ca_nohash_1.wav,no,0a5636ca,train
DataSet_clean/no/0a9f9af7_nohash_0.wav,no,0a9f9af7,train
DataSet_clean/no/0a9f9af7_nohash_1.wav,no,0a9f9af7,train
DataSet_clean/no/0ab3b47d_nohash_0.wav,no,0ab3b47d,val
DataSet_clean/no/0b40aa8e_nohash_0.wav,no,0b40aa8e,train
DataSet_clean/no/0b56bcfe_nohash_0.wav,no,0b56bcfe,train
DataSet_clean/no/0b77ee66_nohash_0.wav,no,0b77ee66,train
DataSet_clean/no/0b7ee1a0_nohash_0.wav,no,0b7ee1a0,val
DataSet_clean/no/0b7ee1a0_nohash_1.wav,no,0b7ee1a0,val
DataSet_clean/no/0b7ee1a0_nohash_2.wav,no,0b7ee1a0,val
DataSet_clean/no/0b7ee1a0_nohash_3.wav,no,0b7ee1a0,val
DataSet_clean/no/0ba018fc_nohash_0.wav,no,0ba018fc,train
DataSet_clean/no/0ba018fc_nohash_1.wav,no,0ba018fc,train
DataSet_clean/no/0ba018fc_nohash_2.wav,no,0ba018fc,train
DataSet_clean/no/0ba018fc_nohash_3.wav,no,0ba018fc,train
DataSet_clean/no/0ba018fc_nohash_4.wav,no,0ba018fc,train
DataSet_clean/no/0bd689d7_nohash_0.wav,no,0bd689d7,train
DataSet_clean/no/0bd689d7_nohash_1.wav,no,0bd689d7,train
DataSet_clean/no/0bde966a_nohash_0.wav,no,0bde966a,train
DataSet_clean/no/0bde966a_nohash_1.wav,no,0bde966a,train
DataSet_clean/no/0bde966a_nohash_2.wav,no,0bde966a,train
DataSet_clean/no/0c2ca723_nohash_0.wav,no,0c2ca723,val
DataSet_clean/no/0c2d2ffa_nohash_0.wav,no,0c2d2ffa,train
DataSet_clean/no/0c40e715_nohash_0.wav,no,0c40e715,train
DataSet_clean/no/0c5027de_nohash_0.wav,no,0c5027de,train
DataSet_clean/no/0c5027de_nohash_1.wav,no,0c5027de,train
DataSet_clean/no/0c540988_nohash_0.wav,no,0c540988,train
DataSet_clean/no/0cb74144_nohash_0.wav,no,0cb74144,train
DataSet_clean/no/0cb74144_nohash_1.wav,no,0cb74144,train
DataSet_clean/no/0cb74144_nohash_2.wav,no,0cb74144,train
DataSet_clean/no/0cb74144_nohash_3.wav,no,0cb74144,train
DataSet_clean/no/0cb74144_nohash_4.wav,no,0cb74144,train
DataSet_clean/no/0cd323ec_nohash_0.wav,no,0cd323ec,test
DataSet_clean/no/0cd323ec_nohash_1.wav,no,0cd323ec,test
DataSet_clean/no/0d2bcf9d_nohash_0.wav,no,0d2bcf9d,train
DataSet_clean/no/0d6d7360_nohash_0.wav,no,0d6d7360,test
DataSet_clean/no/0d6d7360_nohash_1.wav,no,0d6d7360,test
DataSet_clean/no/0d6d7360_nohash_2.wav,no,0d6d7360,test
DataSet_clean/no/0d82fd99_nohash_0.wav,no,0d82fd99,train
DataSet_clean/no/0d82fd99_nohash_1.wav,no,0d82fd99,train
DataSet_clean/no/0d82fd99_nohash_2.wav,no,0d82fd99,train
DataSet_clean/no/0d82fd99_nohash_3.wav,no,0d82fd99,train
DataSet_clean/no/0d82fd99_nohash_4.wav,no,0d82fd99,train
DataSet_clean/no/0d85a428_nohash_0.wav,no,0d85a428,train
DataSet_clean/no/0d85a428_nohash_1.wav,no,0d85a428,train
DataSet_clean/no/0d85a428_nohash_2.wav,no,0d85a428,train
DataSet_clean/no/0d90d8e1_nohash_0.wav,no,0d90d8e1,train
DataSet_clean/no/0d90d8e1_nohash_1.wav,no,0d90d8e1,train
DataSet_clean/no/0d90d8e1_nohash_2.wav,no,0d90d8e1,train
DataSet_clean/no/0d90d8e1_nohash_3.wav,no,0d90d8e1,train
DataSet_clean/no/0d90d8e1_nohash_4.wav,no,0d90d8e1,train
DataSet_clean/no/0e17f595_nohash_0.wav,no,0e17f595,train
DataSet_clean/no/0e5193e6_nohash_0.wav,no,0e5193e6,train
DataSet_clean/no/0e6e36c9_nohash_0.wav,no,0e6e36c9,train
DataSet_clean/no/0e6e36c9_nohash_1.wav,no,0e6e36c9,train
DataSet_clean/no/0e6e36c9_nohash_2.wav,no,0e6e36c9,train
DataSet_clean/no/0e6e36c9_nohash_3.wav,no,0e6e36c9,train
DataSet_clean/no/0e6e36c9_nohash_4.wav,no,0e6e36c9,train
DataSet_clean/no/0e8ec1cb_nohash_0.wav,no,0e8ec1cb,train
DataSet_clean/no/0ea0e2f4_nohash_0.wav,no,0ea0e2f4,train
DataSet_clean/no/0ea9c8ce_nohash_0.wav,no,0ea9c8ce,train
DataSet_clean/no/0ea9c8ce_nohash_1.wav,no,0ea9c8ce,train
DataSet_clean/no/0ea9c8ce_nohash_2.wav,no,0ea9c8ce,train
DataSet_clean/no/0ea9c8ce_nohash_3.wav,no,0ea9c8ce,train
DataSet_clean/no/0f3f64d5_nohash_0.wav,no,0f3f64d5,test
DataSet_clean/no/0f3f64d5_nohash_1.wav,no,0f3f64d5,test
DataSet_clean/no/0f46028a_nohash_0.wav,no,0f46028a,train
DataSet_clean/no/0f46028a_nohash_1.wav,no,0f46028a,train
DataSet_clean/no/0f46028a_nohash_2.wav,no,0f46028a,train
DataSet_clean/no/0f46028a_nohash_3.wav,no,0f46028a,train
DataSet_clean/no/0f46028a_nohash_4.wav,no,0f46028a,train
DataSet_clean/no/0f7205ef_nohash_0.wav,no,0f7205ef,train
DataSet_clean/no/0f7205ef_nohash_1.wav,no,0f7205ef,train
DataSet_clean/no/0f7266cf_nohash_0.wav,no,0f7266cf,train
DataSet_clean/no/0f7266cf_nohash_1.wav,no,0f7266cf,train
DataSet_clean/no/0f7266cf_nohash_2.wav,no,0f7266cf,train
DataSet_clean/no/0f7266cf_nohash_3.wav,no,0f7266cf,train
DataSet_clean/no/0f7266cf_nohash_4.wav,no,0f7266cf,train
DataSet_clean/no/0f7dc557_nohash_0.wav,no,0f7dc557,train
DataSet_clean/no/0f7dc557_nohash_1.wav,no,0f7dc557,train
DataSet_clean/no/0f7dc557_nohash_2.wav,no,0f7dc557,train
DataSet_clean/no/0ff728b5_nohash_0.wav,no,0ff728b5,train
DataSet_clean/no/0ff728b5_nohash_1.wav,no,0ff728b5,train
DataSet_clean/no/0ff728b5_nohash_2.wav,no,0ff728b5,train
DataSet_clean/no/0ff728b5_nohash_3.wav,no,0ff728b5,train
DataSet_clean/no/0ff728b5_nohash_4.wav,no,0ff728b5,train
DataSet_clean/no/10467b06_nohash_0.wav,no,10467b06,train
DataSet_clean/no/105e72bb_nohash_0.wav,no,105e72bb,train
DataSet_clean/no/105e72bb_nohash_1.wav,no,105e72bb,train
DataSet_clean/no/10627519_nohash_0.wav,no,10627519,train
DataSet_clean/no/106a6183_nohash_0.wav,no,106a6183,train
DataSet_clean/no/106a6183_nohash_1.wav,no,106a6183,train
DataSet_clean/no/106a6183_nohash_2.wav,no,106a6183,train
DataSet_clean/no/106a6183_nohash_3.wav,no,106a6183,train
DataSet_clean/no/106a6183_nohash_4.wav,no,106a6183,train
DataSet_clean/no/1093c8e7_nohash_0.wav,no,1093c8e7,train
DataSet_clean/no/10ace7eb_nohash_0.wav,no,10ace7eb,train
DataSet_clean/no/10ace7eb_nohash_1.wav,no,10ace7eb,train
DataSet_clean/no/10ace7eb_nohash_2.wav,no,10ace7eb,train
DataSet_clean/no/10ace7eb_nohash_3.wav,no,10ace7eb,train
DataSet_clean/no/10ace7eb_nohash_4.wav,no,10ace7eb,train
DataSet_clean/no/10f2bb12_nohash_0.wav,no,10f2bb12,train
DataSet_clean/no/11379f4d_nohash_0.wav,no,11379f4d,train
DataSet_clean/no/11379f4d_nohash_1.wav,no,11379f4d,train
DataSet_clean/no/113b3fbc_nohash_0.wav,no,113b3fbc,train
DataSet_clean/no/113b3fbc_nohash_1.wav,no,113b3fbc,train
DataSet_clean/no/113b3fbc_nohash_2.wav,no,113b3fbc,train
DataSet_clean/no/113b3fbc_nohash_3.wav,no,113b3fbc,train
DataSet_clean/no/113b3fbc_nohash_4.wav,no,113b3fbc,train
DataSet_clean/no/11860c84_nohash_0.wav,no,11860c84,train
DataSet_clean/no/11a022ba_nohash_0.wav,no,11a022ba,train
DataSet_clean/no/11b1df78_nohash_0.wav,no,11b1df78,train
DataSet_clean/no/122c5aa7_nohash_0.wav,no,122c5aa7,test
DataSet_clean/no/122c5aa7_nohash_1.wav,no,122c5aa7,test
DataSet_clean/no/122c5aa7_nohash_2.wav,no,122c5aa7,test
DataSet_clean/no/122c5aa7_nohash_3.wav,no,122c5aa7,test
DataSet_clean/no/122c5aa7_nohash_4.wav,no,122c5aa7,test
DataSet_clean/no/131e738d_nohash_0.wav,no,131e738d,train
DataSet_clean/no/131e738d_nohash_1.wav,no,131e738d,train
DataSet_clean/no/131e738d_nohash_2.wav,no,131e738d,train
DataSet_clean/no/131e738d_nohash_3.wav,no,131e738d,train
DataSet_clean/no/1338a799_nohash_0.wav,no,1338a799,train
DataSet_clean/no/135c6841_nohash_0.wav,no,135c6841,train
DataSet_clean/no/135c6841_nohash_1.wav,no,135c6841,train
DataSet_clean/no/135c6841_nohash_2.wav,no,135c6841,train
DataSet_clean/no/135c6841_nohash_3.wav,no,135c6841,train
DataSet_clean/no/1365dd89_nohash_0.wav,no,1365dd89,train
DataSet_clean/no/13dce503_nohash_0.wav,no,13dce503,val
DataSet_clean/no/14587ff0_nohash_0.wav,no,14587ff0,train
DataSet_clean/no/14587ff0_nohash_1.wav,no,14587ff0,train
DataSet_clean/no/146d97db_nohash_0.wav,no,146d97db,train
DataSet_clean/no/14775481_nohash_0.wav,no,14775481,train
DataSet_clean/no/14775481_nohash_1.wav,no,14775481,train
DataSet_clean/no/14872d06_nohash_0.wav,no,14872d06,train
DataSet_clean/no/14872d06_nohash_1.wav,no,14872d06,train
DataSet_clean/no/1496195a_nohash_0.wav,no,1496195a,train
DataSet_clean/no/1496195a_nohash_1.wav,no,1496195a,train
DataSet_clean/no/1496195a_nohash_2.wav,no,1496195a,train
DataSet_clean/no/1496195a_nohash_3.wav,no,1496195a,train
DataSet_clean/no/14c2b13d_nohash_0.wav,no,14c2b13d,train
DataSet_clean/no/14c7b073_nohash_0.wav,no,14c7b073,train
DataSet_clean/no/14c7b073_nohash_1.wav,no,14c7b073,train
DataSet_clean/no/14c7b073_nohash_2.wav,no,14c7b073,train
DataSet_clean/no/14c7b073_nohash_3.wav,no,14c7b073,train
DataSet_clean/no/14c7b073_nohash_4.wav,no,14c7b073,train
DataSet_clean/no/14df1e28_nohash_0.wav,no,14df1e28,train
DataSet_clean/no/151bfb79_nohash_0.wav,no,151bfb79,train
DataSet_clean/no/152491bc_nohash_0.wav,no,152491bc,train
DataSet_clean/no/152491bc_nohash_1.wav,no,152491bc,train
DataSet_clean/no/15574821_nohash_0.wav,no,15574821,train
DataSet_clean/no/15b0c947_nohash_0.wav,no,15b0c947,train
DataSet_clean/no/15c563d7_nohash_0.wav,no,15c563d7,train
DataSet_clean/no/15c563d7_nohash_1.wav,no,15c563d7,train
DataSet_clean/no/15c563d7_nohash_2.wav,no,15c563d7,train
DataSet_clean/no/15c563d7_nohash_3.wav,no,15c563d7,train
DataSet_clean/no/15dd287d_nohash_0.wav,no,15dd287d,train
DataSet_clean/no/15dd287d_nohash_1.wav,no,15dd287d,train
DataSet_clean/no/15dd287d_nohash_2.wav,no,15dd287d,train
DataSet_clean/no/161fcca8_nohash_0.wav,no,161fcca8,train
DataSet_clean/no/161fcca8_nohash_1.wav,no,161fcca8,train
DataSet_clean/no/1625acd8_nohash_0.wav,no,1625acd8,train
DataSet_clean/no/1626bc5a_nohash_0.wav,no,1626bc5a,test
DataSet_clean/no/1626bc5a_nohash_1.wav,no,1626bc5a,test
DataSet_clean/no/1657c9fa_nohash_0.wav,no,1657c9fa,train
DataSet_clean/no/1657c9fa_nohash_1.wav,no,1657c9fa,train
DataSet_clean/no/1657c9fa_nohash_2.wav,no,1657c9fa,train
DataSet_clean/no/1678e6f1_nohash_0.wav,no,1678e6f1,train
DataSet_clean/no/16d41d07_nohash_0.wav,no,16d41d07,train
DataSet_clean/no/16db1582_nohash_0.wav,no,16db1582,train
DataSet_clean/no/1706c35f_nohash_0.wav,no,1706c35f,train
DataSet_clean/no/1706c35f_nohash_1.wav,no,1706c35f,train
DataSet_clean/no/171b56dc_nohash_0.wav,no,171b56dc,train
DataSet_clean/no/171b56dc_nohash_1.wav,no,171b56dc,train
DataSet_clean/no/171b56dc_nohash_2.wav,no,171b56dc,train
DataSet_clean/no/171edea9_nohash_0.wav,no,171edea9,val
DataSet_clean/no/171edea9_nohash_1.wav,no,171edea9,val
DataSet_clean/no/171edea9_nohash_2.wav,no,171edea9,val
DataSet_clean/no/171edea9_nohash_3.wav,no,171edea9,val
DataSet_clean/no/171edea9_nohash_4.wav,no,171edea9,val
DataSet_clean/no/172dc2b0_nohash_0.wav,no,172dc2b0,train
DataSet_clean/no/173ae793_nohash_0.wav,no,173ae793,train
DataSet_clean/no/173ce2be_nohash_0.wav,no,173ce2be,test
DataSet_clean/no/173e6bbf_nohash_0.wav,no,173e6bbf,val
DataSet_clean/no/1746d7b6_nohash_0.wav,no,1746d7b6,train
DataSet_clean/no/179a61b7_nohash_0.wav,no,179a61b7,val
DataSet_clean/no/179a61b7_nohash_1.wav,no,179a61b7,val
DataSet_clean/no/179a61b7_nohash_2.wav,no,179a61b7,val
DataSet_clean/no/179a61b7_nohash_3.wav,no,179a61b7,val
DataSet_clean/no/179a61b7_nohash_4.wav,no,179a61b7,val
DataSet_clean/no/17c94b23_nohash_0.wav,no,17c94b23,train
DataSet_clean/no/17c94b23_nohash_1.wav,no,17c94b23,train
DataSet_clean/no/17cc40ee_nohash_0.wav,no,17cc40ee,train
DataSet_clean/no/17cc40ee_nohash_1.wav,no,17cc40ee,train
DataSet_clean/no/17f0e206_nohash_0.wav,no,17f0e206,train
DataSet_clean/no/1816b768_nohash_0.wav,no,1816b768,test
DataSet_clean/no/1851e33b_nohash_0.wav,no,1851e33b,train
DataSet_clean/no/1851e33b_nohash_1.wav,no,1851e33b,train
DataSet_clean/no/1851e33b_nohash_2.wav,no,1851e33b,train
DataSet_clean/no/187af8be_nohash_0.wav,no,187af8be,train
DataSet_clean/no/187af8be_nohash_1.wav,no,187af8be,train
DataSet_clean/no/1890e5c3_nohash_0.wav,no,1890e5c3,train
DataSet_clean/no/1890e5c3_nohash_1.wav,no,1890e5c3,train
DataSet_clean/no/189cbabe_nohash_0.wav,no,189cbabe,train
DataSet_clean/no/189cbabe_nohash_1.wav,no,189cbabe,train
DataSet_clean/no/189cbabe_nohash_2.wav,no,189cbabe,train
DataSet_clean/no/189cbabe_nohash_3.wav,no,189cbabe,train
DataSet_clean/no/189cbabe_nohash_4.wav,no,189cbabe,train
DataSet_clean/no/18a1aab9_nohash_0.wav,no,18a1aab9,train
DataSet_clean/no/18a1aab9_nohash_1.wav,no,18a1aab9,train
DataSet_clean/no/18a8f03f_nohash_0.wav,no,18a8f03f,train
DataSet_clean/no/18a8f03f_nohash_1.wav,no,18a8f03f,train
DataSet_clean/no/18a8f03f_nohash_2.wav,no,18a8f03f,train
DataSet_clean/no/18c54a68_nohash_0.wav,no,18c54a68,train
DataSet_clean/no/18c54a68_nohash_1.wav,no,18c54a68,train
DataSet_clean/no/18d120ae_nohash_0.wav,no,18d120ae,val
DataSet_clean/no/18e910f4_nohash_0.wav,no,18e910f4,test
DataSet_clean/no/18e910f4_nohash_1.wav,no,18e910f4,test
DataSet_clean/no/18e910f4_nohash_2.wav,no,18e910f4,test
DataSet_clean/no/18e910f4_nohash_3.wav,no,18e910f4,test
DataSet_clean/no/18e910f4_nohash_4.wav,no,18e910f4,test
DataSet_clean/no/18f8afd5_nohash_0.wav,no,18f8afd5,val
DataSet_clean/no/18f8afd5_nohash_1.wav,no,18f8afd5,val
DataSet_clean/no/18f8afd5_nohash_2.wav,no,18f8afd5,val
DataSet_clean/no/18f8afd5_nohash_3.wav,no,18f8afd5,val
DataSet_clean/no/18f8afd5_nohash_4.wav,no,18f8afd5,val
DataSet_clean/no/18ffa72d_nohash_0.wav,no,18ffa72d,val
DataSet_clean/no/190821dc_nohash_0.wav,no,190821dc,val
DataSet_clean/no/190821dc_nohash_1.wav,no,190821dc,val
DataSet_clean/no/190821dc_nohash_2.wav,no,190821dc,val
DataSet_clean/no/190821dc_nohash_3.wav,no,190821dc,val
DataSet_clean/no/19414a96_nohash_0.wav,no,19414a96,train
DataSet_clean/no/1942abd7_nohash_0.wav,no,1942abd7,train
DataSet_clean/no/195c120a_nohash_0.wav,no,195c120a,train
DataSet_clean/no/195c120a_nohash_1.wav,no,195c120a,train
DataSet_clean/no/195c120a_nohash_2.wav,no,195c120a,train
DataSet_clean/no/195c120a_nohash_3.wav,no,195c120a,train
DataSet_clean/no/195c120a_nohash_4.wav,no,195c120a,train
DataSet_clean/no/197f4153_nohash_0.wav,no,197f4153,train
DataSet_clean/no/197f4153_nohash_1.wav,no,197f4153,train
DataSet_clean/no/197f4153_nohash_2.wav,no,197f4153,train
DataSet_clean/no/197f4153_nohash_3.wav,no,197f4153,train
DataSet_clean/no/1993db46_nohash_0.wav,no,1993db46,train
DataSet_clean/no/1995cf9e_nohash_0.wav,no,1995cf9e,train
DataSet_clean/no/1995cf9e_nohash_1.wav,no,1995cf9e,train
DataSet_clean/no/1995cf9e_nohash_2.wav,no,1995cf9e,train
DataSet_clean/no/1995cf9e_nohash_3.wav,no,1995cf9e,train
DataSet_clean/no/199da2bf_nohash_0.wav,no,199da2bf,train
DataSet_clean/no/19a1e5c7_nohash_0.wav,no,19a1e5c7,train
DataSet_clean/no/19b05529_nohash_0.wav,no,19b05529,train
DataSet_clean/no/19e246ad_nohash_0.wav,no,19e246ad,train
DataSet_clean/no/19e246ad_nohash_1.wav,no,19e246ad,train
DataSet_clean/no/19e98e89_nohash_0.wav,no,19e98e89,train
DataSet_clean/no/19f9c115_nohash_0.wav,no,19f9c115,train
DataSet_clean/no/19f9c115_nohash_1.wav,no,19f9c115,train
DataSet_clean/no/1a073312_nohash_0.wav,no,1a073312,train
DataSet_clean/no/1a4259c3_nohash_0.wav,no,1a4259c3,test
DataSet_clean/no/1a5b9ca4_nohash_0.wav,no,1a5b9ca4,train
DataSet_clean/no/1a673010_nohash_0.wav,no,1a673010,train
DataSet_clean/no/1a73dcd1_nohash_0.wav,no,1a73dcd1,train
DataSet_clean/no/1a73dcd1_nohash_1.wav,no,1a73dcd1,train
DataSet_clean/no/1a73dcd1_nohash_2.wav,no,1a73dcd1,train
DataSet_clean/no/1a892463_nohash_0.wav,no,1a892463,test
DataSet_clean/no/1a994c9f_nohash_0.wav,no,1a994c9f,train
DataSet_clean/no/1a994c9f_nohash_1.wav,no,1a994c9f,train
DataSet_clean/no/1a994c9f_nohash_2.wav,no,1a994c9f,train
DataSet_clean/no/1a994c9f_nohash_3.wav,no,1a994c9f,train
DataSet_clean/no/1a994c9f_nohash_4.wav,no,1a994c9f,train
DataSet_clean/no/1a9afd33_nohash_0.wav,no,1a9afd33,train
DataSet_clean/no/1acc97de_nohash_0.wav,no,1acc97de,train
DataSet_clean/no/1acc97de_nohash_1.wav,no,1acc97de,train
DataSet_clean/no/1acc97de_nohash_2.wav,no,1acc97de,train
DataSet_clean/no/1acc97de_nohash_3.wav,no,1acc97de,train
DataSet_clean/no/1acc97de_nohash_4.wav,no,1acc97de,train
DataSet_clean/no/1aed7c6d_nohash_0.wav,no,1aed7c6d,train
DataSet_clean/no/1b18600d_nohash_0.wav,no,1b18600d,train
DataSet_clean/no/1b42b551_nohash_0.wav,no,1b42b551,train
DataSet_clean/no/1b42b551_nohash_1.wav,no,1b42b551,train
DataSet_clean/no/1b42b551_nohash_2.wav,no,1b42b551,train
DataSet_clean/no/1b42b551_nohash_3.wav,no,1b42b551,train
DataSet_clean/no/1b42b551_nohash_4.wav,no,1b42b551,train
DataSet_clean/no/1b459024_nohash_0.wav,no,1b459024,train
DataSet_clean/no/1b4c9b89_nohash_0.wav,no,1b4c9b89,val
DataSet_clean/no/1b4c9b89_nohash_1.wav,no,1b4c9b89,val
DataSet_clean/no/1b4c9b89_nohash_2.wav,no,1b4c9b89,val
DataSet_clean/no/1b4c9b89_nohash_3.wav,no,1b4c9b89,val
DataSet_clean/no/1b4c9b89_nohash_4.wav,no,1b4c9b89,val
DataSet_clean/no/1b627376_nohash_0.wav,no,1b627376,train
DataSet_clean/no/1ba20be2_nohash_0.wav,no,1ba20be2,train
DataSet_clean/no/1ba20be2_nohash_1.wav,no,1ba20be2,train
DataSet_clean/no/1bb574f9_nohash_0.wav,no,1bb574f9,train
DataSet_clean/no/1bb574f9_nohash_1.wav,no,1bb574f9,train
DataSet_clean/no/1bb6ed89_nohash_0.wav,no,1bb6ed89,train
DataSet_clean/no/1bb6ed89_nohash_1.wav,no,1bb6ed89,train
DataSet_clean/no/1bb6ed89_nohash_2.wav,no,1bb6ed89,train
DataSet_clean/no/1c1060b1_nohash_0.wav,no,1c1060b1,val
DataSet_clean/no/1c3f50ad_nohash_0.wav,no,1c3f50ad,test
DataSet_clean/no/1c3f50ad_nohash_1.wav,no,1c3f50ad,test
DataSet_clean/no/1c50d874_nohash_0.wav,no,1c50d874,train
DataSet_clean/no/1c6e5447_nohash_0.wav,no,1c6e5447,test
DataSet_clean/no/1c6e5447_nohash_1.wav,no,1c6e5447,test
DataSet_clean/no/1c84a139_nohash_0.wav,no,1c84a139,train
DataSet_clean/no/1c84a139_nohash_1.wav,no,1c84a139,train
DataSet_clean/no/1cb788bc_nohash_0.wav,no,1cb788bc,train
DataSet_clean/no/1cb788bc_nohash_1.wav,no,1cb788bc,train
DataSet_clean/no/1cc80e39_nohash_0.wav,no,1cc80e39,train
DataSet_clean/no/1cec8d71_nohash_0.wav,no,1cec8d71,train
DataSet_clean/no/1daa5ada_nohash_0.wav,no,1daa5ada,train
DataSet_clean/no/1dc86f91_nohash_0.wav,no,1dc86f91,val
DataSet_clean/no/1dc86f91_nohash_1.wav,no,1dc86f91,val
DataSet_clean/no/1dc86f91_nohash_2.wav,no,1dc86f91,val
DataSet_clean/no/1dc86f91_nohash_3.wav,no,1dc86f91,val
DataSet_clean/no/1dc86f91_nohash_4.wav,no,1dc86f91,val
DataSet_clean/no/1dce06e8_nohash_0.wav,no,1dce06e8,val
DataSet_clean/no/1df483c0_nohash_0.wav,no,1df483c0,train
DataSet_clean/no/1df483c0_nohash_1.wav,no,1df483c0,train
DataSet_clean/no/1df483c0_nohash_2.wav,no,1df483c0,train
DataSet_clean/no/1df99a8a_nohash_0.wav,no,1df99a8a,val
DataSet_clean/no/1e02ffc5_nohash_0.wav,no,1e02ffc5,train
DataSet_clean/no/1e02ffc5_nohash_1.wav,no,1e02ffc5,train
DataSet_clean/no/1e02ffc5_nohash_2.wav,no,1e02ffc5,train
DataSet_clean/no/1e02ffc5_nohash_3.wav,no,1e02ffc5,train
DataSet_clean/no/1e02ffc5_nohash_4.wav,no,1e02ffc5,train
DataSet_clean/no/1e31353f_nohash_0.wav,no,1e31353f,train
DataSet_clean/no/1e4064b8_nohash_0.wav,no,1e4064b8,train
DataSet_clean/no/1e4064b8_nohash_1.wav,no,1e4064b8,train
DataSet_clean/no/1e8044b4_nohash_0.wav,no,1e8044b4,train
DataSet_clean/no/1e9b215e_nohash_0.wav,no,1e9b215e,train
DataSet_clean/no/1e9e6bdd_nohash_0.wav,no,1e9e6bdd,train
DataSet_clean/no/1e9e6bdd_nohash_1.wav,no,1e9e6bdd,train
DataSet_clean/no/1e9e6bdd_nohash_2.wav,no,1e9e6bdd,train
DataSet_clean/no/1e9e6bdd_nohash_3.wav,no,1e9e6bdd,train
DataSet_clean/no/1e9e6bdd_nohash_4.wav,no,1e9e6bdd,train
DataSet_clean/no/1ecfb537_nohash_0.wav,no,1ecfb537,val
DataSet_clean/no/1ecfb537_nohash_1.wav,no,1ecfb537,val
DataSet_clean/no/1ecfb537_nohash_2.wav,no,1ecfb537,val
DataSet_clean/no/1ecfb537_nohash_3.wav,no,1ecfb537,val
DataSet_clean/no/1ecfb537_nohash_4.wav,no,1ecfb537,val
DataSet_clean/no/1ed0b13d_nohash_0.wav,no,1ed0b13d,train
DataSet_clean/no/1ed0b13d_nohash_1.wav,no,1ed0b13d,train
DataSet_clean/no/1ed0b13d_nohash_2.wav,no,1ed0b13d,train
DataSet_clean/no/1ed0b13d_nohash_3.wav,no,1ed0b13d,train
DataSet_clean/no/1ed0b13d_nohash_4.wav,no,1ed0b13d,train
DataSet_clean/no/1eddce1d_nohash_0.wav,no,1eddce1d,test
DataSet_clean/no/1eddce1d_nohash_1.wav,no,1eddce1d,test
DataSet_clean/no/1efdf53f_nohash_0.wav,no,1efdf53f,train
DataSet_clean/no/1f3bece8_nohash_0.wav,no,1f3bece8,train
DataSet_clean/no/1f3e4139_nohash_0.wav,no,1f3e4139,train
DataSet_clean/no/1f3e4139_nohash_1.wav,no,1f3e4139,train
DataSet_clean/no/1f3e4139_nohash_2.wav,no,1f3e4139,train
DataSet_clean/no/1fd85ee4_nohash_0.wav,no,1fd85ee4,train
DataSet_clean/no/1fd85ee4_nohash_1.wav,no,1fd85ee4,train
DataSet_clean/no/1fe4c891_nohash_0.wav,no,1fe4c891,train
DataSet_clean/no/1ffd513b_nohash_0.wav,no,1ffd513b,train
DataSet_clean/no/2039b9c1_nohash_0.wav,no,2039b9c1,val
DataSet_clean/no/2039b9c1_nohash_1.wav,no,2039b9c1,val
DataSet_clean/no/20d779bf_nohash_0.wav,no,20d779bf,train
DataSet_clean/no/20d779bf_nohash_1.wav,no,20d779bf,train
DataSet_clean/no/20fd451f_nohash_0.wav,no,20fd451f,train
DataSet_clean/no/20fd451f_nohash_1.wav,no,20fd451f,train
DataSet_clean/no/20fd451f_nohash_2.wav,no,20fd451f,train
DataSet_clean/no/20fd451f_nohash_3.wav,no,20fd451f,train
DataSet_clean/no/20fd451f_nohash_4.wav,no,20fd451f,train
DataSet_clean/no/211b928a_nohash_0.wav,no,211b928a,train
DataSet_clean/no/211b928a_nohash_1.wav,no,211b928a,train
DataSet_clean/no/211b928a_nohash_2.wav,no,211b928a,train
DataSet_clean/no/211b928a_nohash_3.wav,no,211b928a,train
DataSet_clean/no/21307344_nohash_0.wav,no,21307344,train
DataSet_clean/no/2151b09a_nohash_0.wav,no,2151b09a,train
DataSet_clean/no/215699ff_nohash_0.wav,no,215699ff,train
DataSet_clean/no/215699ff_nohash_1.wav,no,215699ff,train
DataSet_clean/no/21832144_nohash_0.wav,no,21832144,train
DataSet_clean/no/21832144_nohash_1.wav,no,21832144,train
DataSet_clean/no/21832144_nohash_2.wav,no,21832144,train
DataSet_clean/no/21832144_nohash_3.wav,no,21832144,train
DataSet_clean/no/21832144_nohash_4.wav,no,21832144,train
DataSet_clean/no/2197f41c_nohash_0.wav,no,2197f41c,train
DataSet_clean/no/22296dbe_nohash_0.wav,no,22296dbe,val
DataSet_clean/no/22296dbe_nohash_1.wav,no,22296dbe,val
DataSet_clean/no/22296dbe_nohash_2.wav,no,22296dbe,val
DataSet_clean/no/2250f5f2_nohash_0.wav,no,2250f5f2,train
DataSet_clean/no/226537ab_nohash_0.wav,no,226537ab,train
DataSet_clean/no/226537ab_nohash_1.wav,no,226537ab,train
DataSet_clean/no/226537ab_nohash_2.wav,no,226537ab,train
DataSet_clean/no/226537ab_nohash_3.wav,no,226537ab,train
DataSet_clean/no/226537ab_nohash_4.wav,no,226537ab,train
DataSet_clean/no/229978fd_nohash_0.wav,no,229978fd,test
DataSet_clean/no/229978fd_nohash_1.wav,no,229978fd,test
DataSet_clean/no/229978fd_nohash_2.wav,no,229978fd,test
DataSet_clean/no/229978fd_nohash_3.wav,no,229978fd,test
DataSet_clean/no/229978fd_nohash_4.wav,no,229978fd,test
DataSet_clean/no/23059a35_nohash_0.wav,no,23059a35,train
DataSet_clean/no/2335770e_nohash_0.wav,no,2335770e,train
DataSet_clean/no/234ab0fb_nohash_0.wav,no,234ab0fb,train
DataSet_clean/no/234d6a48_nohash_0.wav,no,234d6a48,train
DataSet_clean/no/234d6a48_nohash_1.wav,no,234d6a48,train
DataSet_clean/no/234d6a48_nohash_2.wav,no,234d6a48,train
DataSet_clean/no/234d6a48_nohash_3.wav,no,234d6a48,train
DataSet_clean/no/234d6a48_nohash_4.wav,no,234d6a48,train
DataSet_clean/no/2356b88d_nohash_0.wav,no,2356b88d,test
DataSet_clean/no/2356b88d_nohash_1.wav,no,2356b88d,test
DataSet_clean/no/2356b88d_nohash_2.wav,no,2356b88d,test
DataSet_clean/no/2356b88d_nohash_3.wav,no,2356b88d,test
DataSet_clean/no/2356b88d_nohash_4.wav,no,2356b88d,test
DataSet_clean/no/235b444f_nohash_0.wav,no,235b444f,train
DataSet_clean/no/235b444f_nohash_1.wav,no,235b444f,train
DataSet_clean/no/235b444f_nohash_2.wav,no,235b444f,train
DataSet_clean/no/235b444f_nohash_3.wav,no,235b444f,train
DataSet_clean/no/2365eedb_nohash_0.wav,no,2365eedb,train
DataSet_clean/no/236b6113_nohash_0.wav,no,236b6113,train
DataSet_clean/no/238c112c_nohash_0.wav,no,238c112c,train
DataSet_clean/no/238c112c_nohash_1.wav,no,238c112c,train
DataSet_clean/no/238c112c_nohash_2.wav,no,238c112c,train
DataSet_clean/no/23da904f_nohash_0.wav,no,23da904f,train
DataSet_clean/no/23da904f_nohash_1.wav,no,23da904f,train
DataSet_clean/no/23da904f_nohash_2.wav,no,23da904f,train
DataSet_clean/no/23da904f_nohash_3.wav,no,23da904f,train
DataSet_clean/no/23da904f_nohash_4.wav,no,23da904f,train
DataSet_clean/no/24632875_nohash_0.wav,no,24632875,train
DataSet_clean/no/24632875_nohash_1.wav,no,24632875,train
DataSet_clean/no/24a3e589_nohash_0.wav,no,24a3e589,val
DataSet_clean/no/24a3e589_nohash_1.wav,no,24a3e589,val
DataSet_clean/no/24a3e589_nohash_2.wav,no,24a3e589,val
DataSet_clean/no/24a3e589_nohash_3.wav,no,24a3e589,val
DataSet_clean/no/24ad3ebe_nohash_0.wav,no,24ad3ebe,train
DataSet_clean/no/24befdb3_nohash_0.wav,no,24befdb3,train
DataSet_clean/no/24befdb3_nohash_1.wav,no,24befdb3,train
DataSet_clean/no/24befdb3_nohash_2.wav,no,24befdb3,train
DataSet_clean/no/24befdb3_nohash_3.wav,no,24befdb3,train
DataSet_clean/no/24befdb3_nohash_4.wav,no,24befdb3,train
DataSet_clean/no/24c9f572_nohash_0.wav,no,24c9f572,train
DataSet_clean/no/24cab2cb_nohash_0.wav,no,24cab2cb,train
DataSet_clean/no/24cab2cb_nohash_1.wav,no,24cab2cb,train
DataSet_clean/no/24cab2cb_nohash_2.wav,no,24cab2cb,train
DataSet_clean/no/25040e85_nohash_0.wav,no,25040e85,test
DataSet_clean/no/25040e85_nohash_1.wav,no,25040e85,test
DataSet_clean/no/2510c044_nohash_0.wav,no,2510c044,test
DataSet_clean/no/2510c044_nohash_1.wav,no,2510c044,test
DataSet_clean/no/25132942_nohash_0.wav,no,25132942,test
DataSet_clean/no/25132942_nohash_1.wav,no,25132942,test
DataSet_clean/no/25132942_nohash_2.wav,no,25132942,test
DataSet_clean/no/25132942_nohash_3.wav,no,25132942,test
DataSet_clean/no/25132942_nohash_4.wav,no,25132942,test
DataSet_clean/no/256c0a05_nohash_0.wav,no,256c0a05,train
DataSet_clean/no/256c0a05_nohash_1.wav,no,256c0a05,train
DataSet_clean/no/256c0a05_nohash_2.wav,no,256c0a05,train
DataSet_clean/no/256c0a05_nohash_3.wav,no,256c0a05,train
DataSet_clean/no/256c0a05_nohash_4.wav,no,256c0a05,train
DataSet_clean/no/257251e0_nohash_0.wav,no,257251e0,test
DataSet_clean/no/257e17e0_nohash_0.wav,no,257e17e0,train
DataSet_clean/no/257e17e0_nohash_1.wav,no,257e17e0,train
DataSet_clean/no/2589f361_nohash_0.wav,no,2589f361,train
DataSet_clean/no/2589f361_nohash_1.wav,no,2589f361,train
DataSet_clean/no/2589f361_nohash_2.wav,no,2589f361,train
DataSet_clean/no/2589f361_nohash_3.wav,no,2589f361,train
DataSet_clean/no/258f4559_nohash_0.wav,no,258f4559,train
DataSet_clean/no/258f4559_nohash_1.wav,no,258f4559,train
DataSet_clean/no/25e95412_nohash_0.wav,no,25e95412,train
DataSet_clean/no/25e95412_nohash_1.wav,no,25e95412,train
DataSet_clean/no/25e95412_nohash_2.wav,no,25e95412,train
DataSet_clean/no/25e95412_nohash_3.wav,no,25e95412,train
DataSet_clean/no/25e95412_nohash_4.wav,no,25e95412,train
DataSet_clean/no/25e95412_nohash_5.wav,no,25e95412,train
DataSet_clean/no/25e95412_nohash_6.wav,no,25e95412,train
DataSet_clean/no/25e95412_nohash_7.wav,no,25e95412,train
DataSet_clean/no/264f471d_nohash_0.wav,no,264f471d,train
DataSet_clean/no/264f471d_nohash_1.wav,no,264f471d,train
DataSet_clean/no/264f471d_nohash_2.wav,no,264f471d,train
DataSet_clean/no/264f471d_nohash_3.wav,no,264f471d,train
DataSet_clean/no/264f471d_nohash_4.wav,no,264f471d,train
DataSet_clean/no/265bd13a_nohash_0.wav,no,265bd13a,test
DataSet_clean/no/26b28ea7_nohash_0.wav,no,26b28ea7,train
DataSet_clean/no/26c54f73_nohash_0.wav,no,26c54f73,val
DataSet_clean/no/270bfa52_nohash_0.wav,no,270bfa52,train
DataSet_clean/no/270bfa52_nohash_1.wav,no,270bfa52,train
DataSet_clean/no/2748cce7_nohash_0.wav,no,2748cce7,train
DataSet_clean/no/2748cce7_nohash_1.wav,no,2748cce7,train
DataSet_clean/no/2748cce7_nohash_2.wav,no,2748cce7,train
DataSet_clean/no/2748cce7_nohash_3.wav,no,2748cce7,train
DataSet_clean/no/2796ac50_nohash_0.wav,no,2796ac50,train
DataSet_clean/no/2796ac50_nohash_1.wav,no,2796ac50,train
DataSet_clean/no/27c24504_nohash_0.wav,no,27c24504,train
DataSet_clean/no/27c24504_nohash_1.wav,no,27c24504,train
DataSet_clean/no/27c24504_nohash_2.wav,no,27c24504,train
DataSet_clean/no/27c24504_nohash_3.wav,no,27c24504,train
DataSet_clean/no/27c24504_nohash_4.wav,no,27c24504,train
DataSet_clean/no/27c30960_nohash_0.wav,no,27c30960,val
DataSet_clean/no/27c30960_nohash_1.wav,no,27c30960,val
DataSet_clean/no/283d7a53_nohash_0.wav,no,283d7a53,train
DataSet_clean/no/283d7a53_nohash_1.wav,no,283d7a53,train
DataSet_clean/no/283d7a53_nohash_2.wav,no,283d7a53,train
DataSet_clean/no/28460a60_nohash_0.wav,no,28460a60,test
DataSet_clean/no/28497c5b_nohash_0.wav,no,28497c5b,train
DataSet_clean/no/28497c5b_nohash_1.wav,no,28497c5b,train
DataSet_clean/no/28612180_nohash_0.wav,no,28612180,val
DataSet_clean/no/28ce0c58_nohash_0.wav,no,28ce0c58,train
DataSet_clean/no/28ce0c58_nohash_1.wav,no,28ce0c58,train
DataSet_clean/no/28ce0c58_nohash_2.wav,no,28ce0c58,train
DataSet_clean/no/28ce0c58_nohash_3.wav,no,28ce0c58,train
DataSet_clean/no/28ce0c58_nohash_4.wav,no,28ce0c58,train
DataSet_clean/no/28ce0c58_nohash_5.wav,no,28ce0c58,train
DataSet_clean/no/28ce0c58_nohash_6.wav,no,28ce0c58,train
DataSet_clean/no/28ce0c58_nohash_7.wav,no,28ce0c58,train
DataSet_clean/no/28e47b1a_nohash_0.wav,no,28e47b1a,val
DataSet_clean/no/28e47b1a_nohash_1.wav,no,28e47b1a,val
DataSet_clean/no/28e47b1a_nohash_2.wav,no,28e47b1a,val
DataSet_clean/no/28e47b1a_nohash_3.wav,no,28e47b1a,val
DataSet_clean/no/28e47b1a_nohash_4.wav,no,28e47b1a,val
DataSet_clean/no/28ed6bc9_nohash_0.wav,no,28ed6bc9,train
DataSet_clean/no/28ed6bc9_nohash_1.wav,no,28ed6bc9,train
DataSet_clean/no/28ed6bc9_nohash_2.wav,no,28ed6bc9,train
DataSet_clean/no/28ed6bc9_nohash_3.wav,no,28ed6bc9,train
DataSet_clean/no/28ed6bc9_nohash_4.wav,no,28ed6bc9,train
DataSet_clean/no/28ef2a01_nohash_0.wav,no,28ef2a01,train
DataSet_clean/no/28ef2a01_nohash_1.wav,no,28ef2a01,train
DataSet_clean/no/2903efb3_nohash_0.wav,no,2903efb3,train
DataSet_clean/no/29229c21_nohash_0.wav,no,29229c21,val
DataSet_clean/no/29229c21_nohash_1.wav,no,29229c21,val
DataSet_clean/no/29229c21_nohash_2.wav,no,29229c21,val
DataSet_clean/no/29229c21_nohash_3.wav,no,29229c21,val
DataSet_clean/no/29229c21_nohash_4.wav,no,29229c21,val
DataSet_clean/no/2927c601_nohash_0.wav,no,2927c601,val
DataSet_clean/no/2927c601_nohash_1.wav,no,2927c601,val
DataSet_clean/no/2927c601_nohash_2.wav,no,2927c601,val
DataSet_clean/no/2927c601_nohash_3.wav,no,2927c601,val
DataSet_clean/no/29b81b73_nohash_0.wav,no,29b81b73,train
DataSet_clean/no/29b81b73_nohash_1.wav,no,29b81b73,train
DataSet_clean/no/29dce108_nohash_0.wav,no,29dce108,val
DataSet_clean/no/29dce108_nohash_1.wav,no,29dce108,val
DataSet_clean/no/29dce108_nohash_2.wav,no,29dce108,val
DataSet_clean/no/29dce108_nohash_3.wav,no,29dce108,val
DataSet_clean/no/29dce108_nohash_4.wav,no,29dce108,val
DataSet_clean/no/29fb33da_nohash_0.wav,no,29fb33da,test
DataSet_clean/no/29fb33da_nohash_1.wav,no,29fb33da,test
DataSet_clean/no/29fb33da_nohash_2.wav,no,29fb33da,test
DataSet_clean/no/29fb33da_nohash_3.wav,no,29fb33da,test
DataSet_clean/no/29fb33da_nohash_4.wav,no,29fb33da,test
DataSet_clean/no/2a0b413e_nohash_0.wav,no,2a0b413e,train
DataSet_clean/no/2a1f4853_nohash_0.wav,no,2a1f4853,train
DataSet_clean/no/2a1f4853_nohash_1.wav,no,2a1f4853,train
DataSet_clean/no/2a1f4853_nohash_2.wav,no,2a1f4853,train
DataSet_clean/no/2a1f4853_nohash_3.wav,no,2a1f4853,train
DataSet_clean/no/2a89ad5c_nohash_0.wav,no,2a89ad5c,train
DataSet_clean/no/2aca1e72_nohash_0.wav,no,2aca1e72,train
DataSet_clean/no/2aca1e72_nohash_1.wav,no,2aca1e72,train
DataSet_clean/no/2aca1e72_nohash_10.wav,no,2aca1e72,train
DataSet_clean/no/2aca1e72_nohash_11.wav,no,2aca1e72,train
DataSet_clean/no/2aca1e72_nohash_2.wav,no,2aca1e72,train
DataSet_clean/no/2aca1e72_nohash_3.wav,no,2aca1e72,train
DataSet_clean/no/2aca1e72_nohash_4.wav,no,2aca1e72,train
DataSet_clean/no/2aca1e72_nohash_5.wav,no,2aca1e72,train
DataSet_clean/no/2aca1e72_nohash_6.wav,no,2aca1e72,train
DataSet_clean/no/2aca1e72_nohash_7.wav,no,2aca1e72,train
DataSet_clean/no/2aca1e72_nohash_8.wav,no,2aca1e72,train
DataSet_clean/no/2aca1e72_nohash_9.wav,no,2aca1e72,train
DataSet_clean/no/2ad772d6_nohash_0.wav,no,2ad772d6,train
DataSet_clean/no/2b42e7a2_nohash_0.wav,no,2b42e7a2,train
DataSet_clean/no/2b5e346d_nohash_0.wav,no,2b5e346d,train
DataSet_clean/no/2b5e346d_nohash_1.wav,no,2b5e346d,train
DataSet_clean/no/2b5e346d_nohash_2.wav,no,2b5e346d,train
DataSet_clean/no/2b5e346d_nohash_3.wav,no,2b5e346d,train
DataSet_clean/no/2b5e346d_nohash_4.wav,no,2b5e346d,train
DataSet_clean/no/2b715941_nohash_0.wav,no,2b715941,train
DataSet_clean/no/2bdbe5f7_nohash_0.wav,no,2bdbe5f7,train
DataSet_clean/no/2bdbe5f7_nohash_1.wav,no,2bdbe5f7,train
DataSet_clean/no/2bdbe5f7_nohash_2.wav,no,2bdbe5f7,train
DataSet_clean/no/2bdbe5f7_nohash_3.wav,no,2bdbe5f7,train
DataSet_clean/no/2bdbe5f7_nohash_4.wav,no,2bdbe5f7,train
DataSet_clean/no/2bfe70ef_nohash_0.wav,no,2bfe70ef,train
DataSet_clean/no/2bfe70ef_nohash_1.wav,no,2bfe70ef,train
DataSet_clean/no/2c393fd2_nohash_0.wav,no,2c393fd2,train
DataSet_clean/no/2c5e0347_nohash_0.wav,no,2c5e0347,val
DataSet_clean/no/2c6d3924_nohash_0.wav,no,2c6d3924,test
DataSet_clean/no/2d82a556_nohash_0.wav,no,2d82a556,val
DataSet_clean/no/2da58b32_nohash_0.wav,no,2da58b32,train
DataSet_clean/no/2da58b32_nohash_1.wav,no,2da58b32,train
DataSet_clean/no/2da58b32_nohash_2.wav,no,2da58b32,train
DataSet_clean/no/2da58b32_nohash_3.wav,no,2da58b32,train
DataSet_clean/no/2dc4f05d_nohash_0.wav,no,2dc4f05d,train
DataSet_clean/no/2dc4f05d_nohash_1.wav,no,2dc4f05d,train
DataSet_clean/no/2dc4f05d_nohash_2.wav,no,2dc4f05d,train
DataSet_clean/no/2dc4f05d_nohash_3.wav,no,2dc4f05d,train
DataSet_clean/no/2dce72b3_nohash_0.wav,no,2dce72b3,train
DataSet_clean/no/2e0d80f7_nohash_0.wav,no,2e0d80f7,test
DataSet_clean/no/2e0d80f7_nohash_1.wav,no,2e0d80f7,test
DataSet_clean/no/2e0d80f7_nohash_2.wav,no,2e0d80f7,test
DataSet_clean/no/2e30f9a5_nohash_0.wav,no,2e30f9a5,train
DataSet_clean/no/2e75d37a_nohash_0.wav,no,2e75d37a,val
DataSet_clean/no/2e75d37a_nohash_1.wav,no,2e75d37a,val
DataSet_clean/no/2e75d37a_nohash_2.wav,no,2e75d37a,val
DataSet_clean/no/2e75d37a_nohash_3.wav,no,2e75d37a,val
DataSet_clean/no/2f0ce4d9_nohash_0.wav,no,2f0ce4d9,train
DataSet_clean/no/2f0ce4d9_nohash_1.wav,no,2f0ce4d9,train
DataSet_clean/no/2f0ce4d9_nohash_2.wav,no,2f0ce4d9,train
DataSet_clean/no/2f0ce4d9_nohash_3.wav,no,2f0ce4d9,train
DataSet_clean/no/2f421e88_nohash_0.wav,no,2f421e88,val
DataSet_clean/no/2f666bb2_nohash_0.wav,no,2f666bb2,test
DataSet_clean/no/2f813234_nohash_0.wav,no,2f813234,train
DataSet_clean/no/2f813234_nohash_1.wav,no,2f813234,train
DataSet_clean/no/2fa39636_nohash_0.wav,no,2fa39636,train
DataSet_clean/no/2fa39636_nohash_1.wav,no,2fa39636,train
DataSet_clean/no/2fcb6397_nohash_0.wav,no,2fcb6397,test
DataSet_clean/no/2fcb6397_nohash_1.wav,no,2fcb6397,test
DataSet_clean/no/2fcb6397_nohash_2.wav,no,2fcb6397,test
DataSet_clean/no/2fcb6397_nohash_3.wav,no,2fcb6397,test
DataSet_clean/no/2fcb6397_nohash_4.wav,no,2fcb6397,test
DataSet_clean/no/2fee065a_nohash_0.wav,no,2fee065a,train
DataSet_clean/no/2fee065a_nohash_1.wav,no,2fee065a,train
DataSet_clean/no/2fee065a_nohash_2.wav,no,2fee065a,train
DataSet_clean/no/2fee065a_nohash_3.wav,no,2fee065a,train
DataSet_clean/no/2fee065a_nohash_4.wav,no,2fee065a,train
DataSet_clean/no/300384f0_nohash_0.wav,no,300384f0,test
DataSet_clean/no/30060aba_nohash_0.wav,no,30060aba,train
DataSet_clean/no/30060aba_nohash_1.wav,no,30060aba,train
DataSet_clean/no/30060aba_nohash_2.wav,no,30060aba,train
DataSet_clean/no/30065f33_nohash_0.wav,no,30065f33,test
DataSet_clean/no/30065f33_nohash_1.wav,no,30065f33,test
DataSet_clean/no/30065f33_nohash_2.wav,no,30065f33,test
DataSet_clean/no/3006c271_nohash_0.wav,no,3006c271,train
DataSet_clean/no/30276d03_nohash_0.wav,no,30276d03,train
DataSet_clean/no/30276d03_nohash_1.wav,no,30276d03,train
DataSet_clean/no/30276d03_nohash_2.wav,no,30276d03,train
DataSet_clean/no/30276d03_nohash_3.wav,no,30276d03,train
DataSet_clean/no/30276d03_nohash_4.wav,no,30276d03,train
DataSet_clean/no/30aabd44_nohash_0.wav,no,30aabd44,test
DataSet_clean/no/30f31e42_nohash_0.wav,no,30f31e42,val
DataSet_clean/no/30f6e665_nohash_0.wav,no,30f6e665,train
DataSet_clean/no/30f6e665_nohash_1.wav,no,30f6e665,train
DataSet_clean/no/3102f006_nohash_0.wav,no,3102f006,train
DataSet_clean/no/3102f006_nohash_1.wav,no,3102f006,train
DataSet_clean/no/3102f006_nohash_2.wav,no,3102f006,train
DataSet_clean/no/3102f006_nohash_3.wav,no,3102f006,train
DataSet_clean/no/3102f006_nohash_4.wav,no,3102f006,train
DataSet_clean/no/3108acca_nohash_0.wav,no,3108acca,train
DataSet_clean/no/3108acca_nohash_1.wav,no,3108acca,train
DataSet_clean/no/31267b59_nohash_0.wav,no,31267b59,train
DataSet_clean/no/31270cb2_nohash_0.wav,no,31270cb2,train
DataSet_clean/no/31270cb2_nohash_1.wav,no,31270cb2,train
DataSet_clean/no/31583d30_nohash_0.wav,no,31583d30,train
DataSet_clean/no/31d31fa0_nohash_0.wav,no,31d31fa0,train
DataSet_clean/no/31d68957_nohash_0.wav,no,31d68957,train
DataSet_clean/no/31db232b_nohash_0.wav,no,31db232b,train
DataSet_clean/no/31db232b_nohash_1.wav,no,31db232b,train
DataSet_clean/no/31f01a8d_nohash_0.wav,no,31f01a8d,train
DataSet_clean/no/31f01a8d_nohash_1.wav,no,31f01a8d,train
DataSet_clean/no/31f01a8d_nohash_2.wav,no,31f01a8d,train
DataSet_clean/no/31f01a8d_nohash_3.wav,no,31f01a8d,train
DataSet_clean/no/31f01a8d_nohash_4.wav,no,31f01a8d,train
DataSet_clean/no/3209ec42_nohash_0.wav,no,3209ec42,train
DataSet_clean/no/321aba74_nohash_0.wav,no,321aba74,val
DataSet_clean/no/321aba74_nohash_1.wav,no,321aba74,val
DataSet_clean/no/321aba74_nohash_2.wav,no,321aba74,val
DataSet_clean/no/321aba74_nohash_3.wav,no,321aba74,val
DataSet_clean/no/322d17d3_nohash_0.wav,no,322d17d3,train
DataSet_clean/no/322d17d3_nohash_1.wav,no,322d17d3,train
DataSet_clean/no/322d17d3_nohash_2.wav,no,322d17d3,train
DataSet_clean/no/322d17d3_nohash_3.wav,no,322d17d3,train
DataSet_clean/no/322d17d3_nohash_4.wav,no,322d17d3,train
DataSet_clean/no/324210dd_nohash_0.wav,no,324210dd,test
DataSet_clean/no/324210dd_nohash_1.wav,no,324210dd,test
DataSet_clean/no/324210dd_nohash_2.wav,no,324210dd,test
DataSet_clean/no/324210dd_nohash_3.wav,no,324210dd,test
DataSet_clean/no/324210dd_nohash_4.wav,no,324210dd,test
DataSet_clean/no/32561e9e_nohash_0.wav,no,32561e9e,train
DataSet_clean/no/3291330e_nohash_0.wav,no,3291330e,train
DataSet_clean/no/3291330e_nohash_1.wav,no,3291330e,train
DataSet_clean/no/3291330e_nohash_2.wav,no,3291330e,train
DataSet_clean/no/3291330e_nohash_3.wav,no,3291330e,train
DataSet_clean/no/32ad5b65_nohash_0.wav,no,32ad5b65,test
DataSet_clean/no/32ad5b65_nohash_1.wav,no,32ad5b65,test
DataSet_clean/no/32ad5b65_nohash_2.wav,no,32ad5b65,test
DataSet_clean/no/32ad5b65_nohash_3.wav,no,32ad5b65,test
DataSet_clean/no/32ad5b65_nohash_4.wav,no,32ad5b65,test
DataSet_clean/no/33246bc2_nohash_0.wav,no,33246bc2,train
DataSet_clean/no/332d33b1_nohash_0.wav,no,332d33b1,train
DataSet_clean/no/332d33b1_nohash_1.wav,no,332d33b1,train
DataSet_clean/no/332d33b1_nohash_2.wav,no,332d33b1,train
DataSet_clean/no/332d33b1_nohash_3.wav,no,332d33b1,train
DataSet_clean/no/333784b7_nohash_0.wav,no,333784b7,train
DataSet_clean/no/333784b7_nohash_1.wav,no,333784b7,train
DataSet_clean/no/333784b7_nohash_2.wav,no,333784b7,train
DataSet_clean/no/333784b7_nohash_3.wav,no,333784b7,train
DataSet_clean/no/333784b7_nohash_4.wav,no,333784b7,train
DataSet_clean/no/333d7ddb_nohash_0.wav,no,333d7ddb,train
DataSet_clean/no/333d7ddb_nohash_1.wav,no,333d7ddb,train
DataSet_clean/no/333d7ddb_nohash_2.wav,no,333d7ddb,train
DataSet_clean/no/333d7ddb_nohash_3.wav,no,333d7ddb,train
DataSet_clean/no/3389305e_nohash_0.wav,no,3389305e,train
DataSet_clean/no/338a40d6_nohash_0.wav,no,338a40d6,train
DataSet_clean/no/338dacf5_nohash_0.wav,no,338dacf5,val
DataSet_clean/no/33903159_nohash_0.wav,no,33903159,train
DataSet_clean/no/3402e488_nohash_0.wav,no,3402e488,val
DataSet_clean/no/34263ab3_nohash_0.wav,no,34263ab3,train
DataSet_clean/no/3477fab6_nohash_0.wav,no,3477fab6,test
DataSet_clean/no/34805883_nohash_0.wav,no,34805883,train
DataSet_clean/no/34ba417a_nohash_0.wav,no,34ba417a,train
DataSet_clean/no/34d5aa5a_nohash_0.wav,no,34d5aa5a,test
DataSet_clean/no/34d5aa5a_nohash_1.wav,no,34d5aa5a,test
DataSet_clean/no/3589bc72_nohash_0.wav,no,3589bc72,train
DataSet_clean/no/3589bc72_nohash_1.wav,no,3589bc72,train
DataSet_clean/no/3589bc72_nohash_2.wav,no,3589bc72,train
DataSet_clean/no/3589bc72_nohash_3.wav,no,3589bc72,train
DataSet_clean/no/35be2cc3_nohash_0.wav,no,35be2cc3,val
DataSet_clean/no/35c8fa78_nohash_0.wav,no,35c8fa78,train
DataSet_clean/no/35d1b6ee_nohash_0.wav,no,35d1b6ee,train
DataSet_clean/no/35d1b6ee_nohash_1.wav,no,35d1b6ee,train
DataSet_clean/no/35d1b6ee_nohash_2.wav,no,35d1b6ee,train
DataSet_clean/no/35d1b6ee_nohash_3.wav,no,35d1b6ee,train
DataSet_clean/no/36050ef3_nohash_0.wav,no,36050ef3,train
DataSet_clean/no/36050ef3_nohash_1.wav,no,36050ef3,train
DataSet_clean/no/36050ef3_nohash_2.wav,no,36050ef3,train
DataSet_clean/no/36050ef3_nohash_3.wav,no,36050ef3,train
DataSet_clean/no/363c6bad_nohash_0.wav,no,363c6bad,train
DataSet_clean/no/364f979f_nohash_0.wav,no,364f979f,train
DataSet_clean/no/364f979f_nohash_1.wav,no,364f979f,train
DataSet_clean/no/365531e2_nohash_0.wav,no,365531e2,train
DataSet_clean/no/365908bd_nohash_0.wav,no,365908bd,test
DataSet_clean/no/365908bd_nohash_1.wav,no,365908bd,test
DataSet_clean/no/365908bd_nohash_2.wav,no,365908bd,test
DataSet_clean/no/365908bd_nohash_3.wav,no,365908bd,test
DataSet_clean/no/365908bd_nohash_4.wav,no,365908bd,test
DataSet_clean/no/36de13e1_nohash_0.wav,no,36de13e1,train
DataSet_clean/no/3777c08e_nohash_0.wav,no,3777c08e,test
DataSet_clean/no/3777c08e_nohash_1.wav,no,3777c08e,test
DataSet_clean/no/37a3cd33_nohash_0.wav,no,37a3cd33,train
DataSet_clean/no/37d38e44_nohash_0.wav,no,37d38e44,test
DataSet_clean/no/37d38e44_nohash_1.wav,no,37d38e44,test
DataSet_clean/no/37dca74f_nohash_0.wav,no,37dca74f,train
DataSet_clean/no/37dca74f_nohash_1.wav,no,37dca74f,train
DataSet_clean/no/37dca74f_nohash_2.wav,no,37dca74f,train
DataSet_clean/no/37dca74f_nohash_3.wav,no,37dca74f,train
DataSet_clean/no/37e8db82_nohash_0.wav,no,37e8db82,test
DataSet_clean/no/37e8db82_nohash_1.wav,no,37e8db82,test
DataSet_clean/no/37e8db82_nohash_2.wav,no,37e8db82,test
DataSet_clean/no/37e8db82_nohash_3.wav,no,37e8db82,test
DataSet_clean/no/380abbad_nohash_0.wav,no,380abbad,train
DataSet_clean/no/3824c00e_nohash_0.wav,no,3824c00e,train
DataSet_clean/no/3824c00e_nohash_1.wav,no,3824c00e,train
DataSet_clean/no/3852fca2_nohash_0.wav,no,3852fca2,train
DataSet_clean/no/38c30a4a_nohash_0.wav,no,38c30a4a,val
DataSet_clean/no/38c30a4a_nohash_1.wav,no,38c30a4a,val
DataSet_clean/no/38d78313_nohash_0.wav,no,38d78313,train
DataSet_clean/no/38d78313_nohash_1.wav,no,38d78313,train
DataSet_clean/no/38d78313_nohash_2.wav,no,38d78313,train
DataSet_clean/no/38d78313_nohash_3.wav,no,38d78313,train
DataSet_clean/no/38d78313_nohash_4.wav,no,38d78313,train
DataSet_clean/no/39025b21_nohash_0.wav,no,39025b21,train
DataSet_clean/no/39543cfd_nohash_0.wav,no,39543cfd,train
DataSet_clean/no/39833acb_nohash_0.wav,no,39833acb,train
DataSet_clean/no/39833acb_nohash_1.wav,no,39833acb,train
DataSet_clean/no/39833acb_nohash_2.wav,no,39833acb,train
DataSet_clean/no/39833acb_nohash_3.wav,no,39833acb,train
DataSet_clean/no/39833acb_nohash_4.wav,no,39833acb,train
DataSet_clean/no/3983ba0d_nohash_0.wav,no,3983ba0d,val
DataSet_clean/no/3983ba0d_nohash_1.wav,no,3983ba0d,val
DataSet_clean/no/39a12648_nohash_0.wav,no,39a12648,train
DataSet_clean/no/39a12648_nohash_1.wav,no,39a12648,train
DataSet_clean/no/39a12648_nohash_2.wav,no,39a12648,train
DataSet_clean/no/39a12648_nohash_3.wav,no,39a12648,train
DataSet_clean/no/39a12648_nohash_4.wav,no,39a12648,train
DataSet_clean/no/39afb88e_nohash_0.wav,no,39afb88e,val
DataSet_clean/no/39dce8cc_nohash_0.wav,no,39dce8cc,val
DataSet_clean/no/39dce8cc_nohash_1.wav,no,39dce8cc,val
DataSet_clean/no/39ec87ac_nohash_0.wav,no,39ec87ac,train
DataSet_clean/no/3a182c98_nohash_0.wav,no,3a182c98,test
DataSet_clean/no/3a33d3a4_nohash_0.wav,no,3a33d3a4,val
DataSet_clean/no/3a3ee7ed_nohash_0.wav,no,3a3ee7ed,train
DataSet_clean/no/3a3ee7ed_nohash_1.wav,no,3a3ee7ed,train
DataSet_clean/no/3a3ee7ed_nohash_2.wav,no,3a3ee7ed,train
DataSet_clean/no/3a3ee7ed_nohash_3.wav,no,3a3ee7ed,train
DataSet_clean/no/3a53b856_nohash_0.wav,no,3a53b856,val
DataSet_clean/no/3a69f765_nohash_0.wav,no,3a69f765,val
DataSet_clean/no/3a69f765_nohash_1.wav,no,3a69f765,val
DataSet_clean/no/3a69f765_nohash_2.wav,no,3a69f765,val
DataSet_clean/no/3a69f765_nohash_3.wav,no,3a69f765,val
DataSet_clean/no/3a69f765_nohash_4.wav,no,3a69f765,val
DataSet_clean/no/3a70ab7f_nohash_0.wav,no,3a70ab7f,val
DataSet_clean/no/3a70ab7f_nohash_1.wav,no,3a70ab7f,val
DataSet_clean/no/3a70ab7f_nohash_2.wav,no,3a70ab7f,val
DataSet_clean/no/3a929277_nohash_0.wav,no,3a929277,val
DataSet_clean/no/3a929277_nohash_1.wav,no,3a929277,val
DataSet_clean/no/3a929277_nohash_2.wav,no,3a929277,val
DataSet_clean/no/3a929277_nohash_3.wav,no,3a929277,val
DataSet_clean/no/3a929277_nohash_4.wav,no,3a929277,val
DataSet_clean/no/3aa6f4e2_nohash_0.wav,no,3aa6f4e2,train
DataSet_clean/no/3ab9ba07_nohash_0.wav,no,3ab9ba07,train
DataSet_clean/no/3b195250_nohash_0.wav,no,3b195250,test
DataSet_clean/no/3b195250_nohash_1.wav,no,3b195250,test
DataSet_clean/no/3b195250_nohash_2.wav,no,3b195250,test
DataSet_clean/no/3b195250_nohash_3.wav,no,3b195250,test
DataSet_clean/no/3b195250_nohash_4.wav,no,3b195250,test
DataSet_clean/no/3b3d2f59_nohash_0.wav,no,3b3d2f59,test
DataSet_clean/no/3b3d2f59_nohash_1.wav,no,3b3d2f59,test
DataSet_clean/no/3b3d2f59_nohash_2.wav,no,3b3d2f59,test
DataSet_clean/no/3b3d2f59_nohash_3.wav,no,3b3d2f59,test
DataSet_clean/no/3b3d2f59_nohash_4.wav,no,3b3d2f59,test
DataSet_clean/no/3b3d2f59_nohash_5.wav,no,3b3d2f59,test
DataSet_clean/no/3b4f8f24_nohash_0.wav,no,3b4f8f24,val
DataSet_clean/no/3b4f8f24_nohash_1.wav,no,3b4f8f24,val
DataSet_clean/no/3b4f8f24_nohash_2.wav,no,3b4f8f24,val
DataSet_clean/no/3b4f8f24_nohash_3.wav,no,3b4f8f24,val
DataSet_clean/no/3b4f8f24_nohash_4.wav,no,3b4f8f24,val
DataSet_clean/no/3b7f817e_nohash_0.wav,no,3b7f817e,train
DataSet_clean/no/3b8406c0_nohash_0.wav,no,3b8406c0,train
DataSet_clean/no/3b8406c0_nohash_1.wav,no,3b8406c0,train
DataSet_clean/no/3b8406c0_nohash_2.wav,no,3b8406c0,train
DataSet_clean/no/3bb68054_nohash_0.wav,no,3bb68054,train
DataSet_clean/no/3bb68054_nohash_1.wav,no,3bb68054,train
DataSet_clean/no/3bb68054_nohash_2.wav,no,3bb68054,train
DataSet_clean/no/3bb68054_nohash_3.wav,no,3bb68054,train
DataSet_clean/no/3bb68054_nohash_4.wav,no,3bb68054,train
DataSet_clean/no/3bc21161_nohash_0.wav,no,3bc21161,train
DataSet_clean/no/3bc21161_nohash_1.wav,no,3bc21161,train
DataSet_clean/no/3bc21161_nohash_2.wav,no,3bc21161,train
DataSet_clean/no/3bc21161_nohash_3.wav,no,3bc21161,train
DataSet_clean/no/3bfd30e6_nohash_0.wav,no,3bfd30e6,train
DataSet_clean/no/3bfd30e6_nohash_1.wav,no,3bfd30e6,train
DataSet_clean/no/3bfd30e6_nohash_2.wav,no,3bfd30e6,train
DataSet_clean/no/3bfd30e6_nohash_3.wav,no,3bfd30e6,train
DataSet_clean/no/3bfd30e6_nohash_4.wav,no,3bfd30e6,train
DataSet_clean/no/3c257192_nohash_0.wav,no,3c257192,val
DataSet_clean/no/3c257192_nohash_1.wav,no,3c257192,val
DataSet_clean/no/3c257192_nohash_2.wav,no,3c257192,val
DataSet_clean/no/3c257192_nohash_3.wav,no,3c257192,val
DataSet_clean/no/3c257192_nohash_4.wav,no,3c257192,val
DataSet_clean/no/3c4aa5ef_nohash_0.wav,no,3c4aa5ef,train
DataSet_clean/no/3c4aa5ef_nohash_1.wav,no,3c4aa5ef,train
DataSet_clean/no/3c4aa5ef_nohash_2.wav,no,3c4aa5ef,train
DataSet_clean/no/3c4aa5ef_nohash_3.wav,no,3c4aa5ef,train
DataSet_clean/no/3c8dc702_nohash_0.wav,no,3c8dc702,val
DataSet_clean/no/3ca784ec_nohash_0.wav,no,3ca784ec,train
DataSet_clean/no/3ca784ec_nohash_1.wav,no,3ca784ec,train
DataSet_clean/no/3cbd76a3_nohash_0.wav,no,3cbd76a3,val
DataSet_clean/no/3cc595de_nohash_0.wav,no,3cc595de,test
DataSet_clean/no/3cc595de_nohash_1.wav,no,3cc595de,test
DataSet_clean/no/3cc595de_nohash_2.wav,no,3cc595de,test
DataSet_clean/no/3cc595de_nohash_3.wav,no,3cc595de,test
DataSet_clean/no/3cc595de_nohash_4.wav,no,3cc595de,test
DataSet_clean/no/3ce4910e_nohash_0.wav,no,3ce4910e,train
DataSet_clean/no/3ce4910e_nohash_1.wav,no,3ce4910e,train
DataSet_clean/no/3ce4910e_nohash_2.wav,no,3ce4910e,train
DataSet_clean/no/3ce4910e_nohash_3.wav,no,3ce4910e,train
DataSet_clean/no/3cfc6b3a_nohash_0.wav,no,3cfc6b3a,train
DataSet_clean/no/3d53244b_nohash_0.wav,no,3d53244b,train
DataSet_clean/no/3d53244b_nohash_1.wav,no,3d53244b,train
DataSet_clean/no/3d53244b_nohash_2.wav,no,3d53244b,train
DataSet_clean/no/3d53244b_nohash_3.wav,no,3d53244b,train
DataSet_clean/no/3d53244b_nohash_4.wav,no,3d53244b,train
DataSet_clean/no/3d6bee47_nohash_0.wav,no,3d6bee47,train
DataSet_clean/no/3d794813_nohash_0.wav,no,3d794813,train
DataSet_clean/no/3d794813_nohash_1.wav,no,3d794813,train
DataSet_clean/no/3d794813_nohash_2.wav,no,3d794813,train
DataSet_clean/no/3d794813_nohash_3.wav,no,3d794813,train
DataSet_clean/no/3d794813_nohash_4.wav,no,3d794813,train
DataSet_clean/no/3d86b69a_nohash_0.wav,no,3d86b69a,train
DataSet_clean/no/3d86b69a_nohash_1.wav,no,3d86b69a,train
DataSet_clean/no/3d86b69a_nohash_2.wav,no,3d86b69a,train
DataSet_clean/no/3d86b69a_nohash_3.wav,no,3d86b69a,train
DataSet_clean/no/3d86b69a_nohash_4.wav,no,3d86b69a,train
DataSet_clean/no/3d9bbe2d_nohash_0.wav,no,3d9bbe2d,val
DataSet_clean/no/3d9bbe2d_nohash_1.wav,no,3d9bbe2d,val
DataSet_clean/no/3d9bbe2d_nohash_2.wav,no,3d9bbe2d,val
DataSet_clean/no/3df9a3d4_nohash_0.wav,no,3df9a3d4,train
DataSet_clean/no/3dfd6c23_nohash_0.wav,no,3dfd6c23,test
DataSet_clean/no/3e2ba5f7_nohash_0.wav,no,3e2ba5f7,train
DataSet_clean/no/3e31dffe_nohash_0.wav,no,3e31dffe,test
DataSet_clean/no/3e31dffe_nohash_1.wav,no,3e31dffe,test
DataSet_clean/no/3e31dffe_nohash_2.wav,no,3e31dffe,test
DataSet_clean/no/3e31dffe_nohash_3.wav,no,3e31dffe,test
DataSet_clean/no/3e3b65eb_nohash_0.wav,no,3e3b65eb,train
DataSet_clean/no/3e3fa7fd_nohash_0.wav,no,3e3fa7fd,train
DataSet_clean/no/3e3fa7fd_nohash_1.wav,no,3e3fa7fd,train
DataSet_clean/no/3ea77ede_nohash_0.wav,no,3ea77ede,val
DataSet_clean/no/3ec05c3d_nohash_0.wav,no,3ec05c3d,val
DataSet_clean/no/3ee0fc39_nohash_0.wav,no,3ee0fc39,train
DataSet_clean/no/3ee0fc39_nohash_1.wav,no,3ee0fc39,train
DataSet_clean/no/3efa7ec4_nohash_0.wav,no,3efa7ec4,train
DataSet_clean/no/3efa7ec4_nohash_1.wav,no,3efa7ec4,train
DataSet_clean/no/3efef882_nohash_0.wav,no,3efef882,train
DataSet_clean/no/3efef882_nohash_1.wav,no,3efef882,train
DataSet_clean/no/3f170018_nohash_0.wav,no,3f170018,train
DataSet_clean/no/3f45a0cf_nohash_0.wav,no,3f45a0cf,train
DataSet_clean/no/3f45a0cf_nohash_1.wav,no,3f45a0cf,train
DataSet_clean/no/3f45a0cf_nohash_2.wav,no,3f45a0cf,train
DataSet_clean/no/3f45a0cf_nohash_3.wav,no,3f45a0cf,train
DataSet_clean/no/3f45a0cf_nohash_4.wav,no,3f45a0cf,train
DataSet_clean/no/3fb8c268_nohash_0.wav,no,3fb8c268,train
DataSet_clean/no/402e2977_nohash_0.wav,no,402e2977,val
DataSet_clean/no/40738a2d_nohash_0.wav,no,40738a2d,train
DataSet_clean/no/40738a2d_nohash_1.wav,no,40738a2d,train
DataSet_clean/no/408de0a4_nohash_0.wav,no,408de0a4,val
DataSet_clean/no/409c962a_nohash_0.wav,no,409c962a,train
DataSet_clean/no/40b60ae9_nohash_0.wav,no,40b60ae9,train
DataSet_clean/no/40b60ae9_nohash_1.wav,no,40b60ae9,train
DataSet_clean/no/41285056_nohash_0.wav,no,41285056,test
DataSet_clean/no/41285056_nohash_1.wav,no,41285056,test
DataSet_clean/no/412c675c_nohash_0.wav,no,412c675c,train
DataSet_clean/no/413997c1_nohash_0.wav,no,413997c1,test
DataSet_clean/no/413bcfe1_nohash_0.wav,no,413bcfe1,test
DataSet_clean/no/41474817_nohash_0.wav,no,41474817,train
DataSet_clean/no/41777abb_nohash_0.wav,no,41777abb,train
DataSet_clean/no/421ed23f_nohash_0.wav,no,421ed23f,train
DataSet_clean/no/422d3197_nohash_0.wav,no,422d3197,test
DataSet_clean/no/422d3197_nohash_1.wav,no,422d3197,test
DataSet_clean/no/422f8cf1_nohash_0.wav,no,422f8cf1,train
DataSet_clean/no/4249c833_nohash_0.wav,no,4249c833,train
DataSet_clean/no/4254621e_nohash_0.wav,no,4254621e,train
DataSet_clean/no/42a99aec_nohash_0.wav,no,42a99aec,train
DataSet_clean/no/42a99aec_nohash_1.wav,no,42a99aec,train
DataSet_clean/no/42a99aec_nohash_2.wav,no,42a99aec,train
DataSet_clean/no/42a99aec_nohash_3.wav,no,42a99aec,train
DataSet_clean/no/42a99aec_nohash_4.wav,no,42a99aec,train
DataSet_clean/no/42beb5eb_nohash_0.wav,no,42beb5eb,train
DataSet_clean/no/42f81601_nohash_0.wav,no,42f81601,test
DataSet_clean/no/42f81601_nohash_1.wav,no,42f81601,test
DataSet_clean/no/42f81601_nohash_2.wav,no,42f81601,test
DataSet_clean/no/42f81601_nohash_3.wav,no,42f81601,test
DataSet_clean/no/42f81601_nohash_4.wav,no,42f81601,test
DataSet_clean/no/4340d369_nohash_0.wav,no,4340d369,train
DataSet_clean/no/435695e3_nohash_0.wav,no,435695e3,train
DataSet_clean/no/435695e3_nohash_1.wav,no,435695e3,train
DataSet_clean/no/435695e3_nohash_2.wav,no,435695e3,train
DataSet_clean/no/435695e3_nohash_3.wav,no,435695e3,train
DataSet_clean/no/435695e3_nohash_4.wav,no,435695e3,train
DataSet_clean/no/435f9f9e_nohash_0.wav,no,435f9f9e,train
DataSet_clean/no/43691f67_nohash_0.wav,no,43691f67,test
DataSet_clean/no/43691f67_nohash_1.wav,no,43691f67,test
DataSet_clean/no/4394fc7c_nohash_0.wav,no,4394fc7c,train
DataSet_clean/no/439c84f4_nohash_0.wav,no,439c84f4,test
DataSet_clean/no/439c84f4_nohash_1.wav,no,439c84f4,test
DataSet_clean/no/439c84f4_nohash_2.wav,no,439c84f4,test
DataSet_clean/no/439c84f4_nohash_3.wav,no,439c84f4,test
DataSet_clean/no/439c84f4_nohash_4.wav,no,439c84f4,test
DataSet_clean/no/43f57297_nohash_0.wav,no,43f57297,train
DataSet_clean/no/4407ba92_nohash_0.wav,no,4407ba92,val
DataSet_clean/no/4407ba92_nohash_1.wav,no,4407ba92,val
DataSet_clean/no/4422e51d_nohash_0.wav,no,4422e51d,train
DataSet_clean/no/44715c1c_nohash_0.wav,no,44715c1c,train
DataSet_clean/no/44bc77f7_nohash_0.wav,no,44bc77f7,train
DataSet_clean/no/44bc77f7_nohash_1.wav,no,44bc77f7,train
DataSet_clean/no/44c201dd_nohash_0.wav,no,44c201dd,train
DataSet_clean/no/45692b02_nohash_0.wav,no,45692b02,train
DataSet_clean/no/45692b02_nohash_1.wav,no,45692b02,train
DataSet_clean/no/45692b02_nohash_2.wav,no,45692b02,train
DataSet_clean/no/45692b02_nohash_3.wav,no,45692b02,train
DataSet_clean/no/45864319_nohash_0.wav,no,45864319,train
DataSet_clean/no/45864319_nohash_1.wav,no,45864319,train
DataSet_clean/no/45864319_nohash_2.wav,no,45864319,train
DataSet_clean/no/459345ea_nohash_0.wav,no,459345ea,train
DataSet_clean/no/45adf84a_nohash_0.wav,no,45adf84a,train
DataSet_clean/no/460209ac_nohash_0.wav,no,460209ac,val
DataSet_clean/no/460209ac_nohash_1.wav,no,460209ac,val
DataSet_clean/no/460209ac_nohash_2.wav,no,460209ac,val
DataSet_clean/no/460209ac_nohash_3.wav,no,460209ac,val
DataSet_clean/no/460209ac_nohash_4.wav,no,460209ac,val
DataSet_clean/no/4634529e_nohash_0.wav,no,4634529e,train
DataSet_clean/no/46a153d8_nohash_0.wav,no,46a153d8,val
DataSet_clean/no/46a153d8_nohash_1.wav,no,46a153d8,val
DataSet_clean/no/46a153d8_nohash_2.wav,no,46a153d8,val
DataSet_clean/no/46a153d8_nohash_3.wav,no,46a153d8,val
DataSet_clean/no/471a0925_nohash_0.wav,no,471a0925,test
DataSet_clean/no/471a0925_nohash_1.wav,no,471a0925,test
DataSet_clean/no/471a0925_nohash_2.wav,no,471a0925,test
DataSet_clean/no/471a0925_nohash_3.wav,no,471a0925,test
DataSet_clean/no/472b8045_nohash_0.wav,no,472b8045,train
DataSet_clean/no/472b8045_nohash_1.wav,no,472b8045,train
DataSet_clean/no/472b8045_nohash_2.wav,no,472b8045,train
DataSet_clean/no/472b8045_nohash_3.wav,no,472b8045,train
DataSet_clean/no/472b8045_nohash_4.wav,no,472b8045,train
DataSet_clean/no/479e64cc_nohash_0.wav,no,479e64cc,train
DataSet_clean/no/47d01978_nohash_0.wav,no,47d01978,val
DataSet_clean/no/47d01978_nohash_1.wav,no,47d01978,val
DataSet_clean/no/483e2a6f_nohash_0.wav,no,483e2a6f,test
DataSet_clean/no/483e2a6f_nohash_1.wav,no,483e2a6f,test
DataSet_clean/no/48463cbc_nohash_0.wav,no,48463cbc,train
DataSet_clean/no/4874a7e9_nohash_0.wav,no,4874a7e9,train
DataSet_clean/no/48bdc11c_nohash_0.wav,no,48bdc11c,train
DataSet_clean/no/48bdc11c_nohash_1.wav,no,48bdc11c,train
DataSet_clean/no/48bfde8e_nohash_0.wav,no,48bfde8e,train
DataSet_clean/no/48e8b82a_nohash_0.wav,no,48e8b82a,val
DataSet_clean/no/48e8b82a_nohash_1.wav,no,48e8b82a,val
DataSet_clean/no/4995d875_nohash_0.wav,no,4995d875,train
DataSet_clean/no/4995d875_nohash_1.wav,no,4995d875,train
DataSet_clean/no/4995d875_nohash_2.wav,no,4995d875,train
DataSet_clean/no/4995d875_nohash_3.wav,no,4995d875,train
DataSet_clean/no/4995d875_nohash_4.wav,no,4995d875,train
DataSet_clean/no/499be02e_nohash_0.wav,no,499be02e,train
DataSet_clean/no/499be02e_nohash_1.wav,no,499be02e,train
DataSet_clean/no/499be02e_nohash_2.wav,no,499be02e,train
DataSet_clean/no/499be02e_nohash_3.wav,no,499be02e,train
DataSet_clean/no/499be02e_nohash_4.wav,no,499be02e,train
DataSet_clean/no/49f30eed_nohash_0.wav,no,49f30eed,train
DataSet_clean/no/4a1e736b_nohash_0.wav,no,4a1e736b,val
DataSet_clean/no/4a1e736b_nohash_1.wav,no,4a1e736b,val
DataSet_clean/no/4a1e736b_nohash_2.wav,no,4a1e736b,val
DataSet_clean/no/4a1e736b_nohash_3.wav,no,4a1e736b,val
DataSet_clean/no/4a1e736b_nohash_4.wav,no,4a1e736b,val
DataSet_clean/no/4a294341_nohash_0.wav,no,4a294341,train
DataSet_clean/no/4a294341_nohash_1.wav,no,4a294341,train
DataSet_clean/no/4a671512_nohash_0.wav,no,4a671512,train
DataSet_clean/no/4abb2400_nohash_0.wav,no,4abb2400,val
DataSet_clean/no/4b39347d_nohash_0.wav,no,4b39347d,val
DataSet_clean/no/4bb1244f_nohash_0.wav,no,4bb1244f,train
DataSet_clean/no/4bb1244f_nohash_1.wav,no,4bb1244f,train
DataSet_clean/no/4bb1244f_nohash_2.wav,no,4bb1244f,train
DataSet_clean/no/4bba14ce_nohash_0.wav,no,4bba14ce,train
DataSet_clean/no/4bc2c2c5_nohash_0.wav,no,4bc2c2c5,train
DataSet_clean/no/4bc2c2c5_nohash_1.wav,no,4bc2c2c5,train
DataSet_clean/no/4bc2c2c5_nohash_2.wav,no,4bc2c2c5,train
DataSet_clean/no/4beff0c5_nohash_0.wav,no,4beff0c5,train
DataSet_clean/no/4beff0c5_nohash_1.wav,no,4beff0c5,train
DataSet_clean/no/4c1aa16d_nohash_0.wav,no,4c1aa16d,train
DataSet_clean/no/4c1aa16d_nohash_1.wav,no,4c1aa16d,train
DataSet_clean/no/4c3cddb8_nohash_0.wav,no,4c3cddb8,train
DataSet_clean/no/4c3cddb8_nohash_1.wav,no,4c3cddb8,train
DataSet_clean/no/4c3cddb8_nohash_2.wav,no,4c3cddb8,train
DataSet_clean/no/4c3cddb8_nohash_3.wav,no,4c3cddb8,train
DataSet_clean/no/4c3cddb8_nohash_4.wav,no,4c3cddb8,train
DataSet_clean/no/4c432947_nohash_0.wav,no,4c432947,train
DataSet_clean/no/4c432947_nohash_1.wav,no,4c432947,train
DataSet_clean/no/4c594e0f_nohash_0.wav,no,4c594e0f,train
DataSet_clean/no/4c6167ca_nohash_0.wav,no,4c6167ca,train
DataSet_clean/no/4c6167ca_nohash_1.wav,no,4c6167ca,train
DataSet_clean/no/4c6167ca_nohash_2.wav,no,4c6167ca,train
DataSet_clean/no/4c6167ca_nohash_3.wav,no,4c6167ca,train
DataSet_clean/no/4c6167ca_nohash_4.wav,no,4c6167ca,train
DataSet_clean/no/4c6167ca_nohash_5.wav,no,4c6167ca,train
DataSet_clean/no/4c6167ca_nohash_6.wav,no,4c6167ca,train
DataSet_clean/no/4c6944d6_nohash_0.wav,no,4c6944d6,train
DataSet_clean/no/4c6944d6_nohash_1.wav,no,4c6944d6,train
DataSet_clean/no/4c6944d6_nohash_2.wav,no,4c6944d6,train
DataSet_clean/no/4c6944d6_nohash_3.wav,no,4c6944d6,train
DataSet_clean/no/4c6944d6_nohash_4.wav,no,4c6944d6,train
DataSet_clean/no/4c6944d6_nohash_5.wav,no,4c6944d6,train
DataSet_clean/no/4c841771_nohash_0.wav,no,4c841771,test
DataSet_clean/no/4ca37738_nohash_0.wav,no,4ca37738,test
DataSet_clean/no/4cb874bb_nohash_0.wav,no,4cb874bb,train
DataSet_clean/no/4cee0c60_nohash_0.wav,no,4cee0c60,test
DataSet_clean/no/4cee0c60_nohash_1.wav,no,4cee0c60,test
DataSet_clean/no/4cee0c60_nohash_2.wav,no,4cee0c60,test
DataSet_clean/no/4cee0c60_nohash_3.wav,no,4cee0c60,test
DataSet_clean/no/4d4e17f5_nohash_0.wav,no,4d4e17f5,train
DataSet_clean/no/4d4e17f5_nohash_1.wav,no,4d4e17f5,train
DataSet_clean/no/4d763ca4_nohash_0.wav,no,4d763ca4,train
DataSet_clean/no/4def68db_nohash_0.wav,no,4def68db,train
DataSet_clean/no/4e02d62d_nohash_0.wav,no,4e02d62d,train
DataSet_clean/no/4e02d62d_nohash_1.wav,no,4e02d62d,train
DataSet_clean/no/4e6902d0_nohash_0.wav,no,4e6902d0,train
DataSet_clean/no/4e6902d0_nohash_1.wav,no,4e6902d0,train
DataSet_clean/no/4e6902d0_nohash_2.wav,no,4e6902d0,train
DataSet_clean/no/4e6902d0_nohash_3.wav,no,4e6902d0,train
DataSet_clean/no/4e99c1b7_nohash_0.wav,no,4e99c1b7,test
DataSet_clean/no/4e99c1b7_nohash_1.wav,no,4e99c1b7,test
DataSet_clean/no/4e99c1b7_nohash_2.wav,no,4e99c1b7,test
DataSet_clean/no/4e99c1b7_nohash_3.wav,no,4e99c1b7,test
DataSet_clean/no/4f256313_nohash_0.wav,no,4f256313,train
DataSet_clean/no/4f256313_nohash_1.wav,no,4f256313,train
DataSet_clean/no/4f5c0b28_nohash_0.wav,no,4f5c0b28,test
DataSet_clean/no/4f5c0b28_nohash_1.wav,no,4f5c0b28,test
DataSet_clean/no/4fd1443e_nohash_0.wav,no,4fd1443e,val
DataSet_clean/no/4fd1443e_nohash_1.wav,no,4fd1443e,val
DataSet_clean/no/4fd1443e_nohash_2.wav,no,4fd1443e,val
DataSet_clean/no/4fd1443e_nohash_3.wav,no,4fd1443e,val
DataSet_clean/no/4fd4d073_nohash_0.wav,no,4fd4d073,train
DataSet_clean/no/508e30ee_nohash_0.wav,no,508e30ee,test
DataSet_clean/no/508e30ee_nohash_1.wav,no,508e30ee,test
DataSet_clean/no/508e30ee_nohash_2.wav,no,508e30ee,test
DataSet_clean/no/508e30ee_nohash_3.wav,no,508e30ee,test
DataSet_clean/no/50928b05_nohash_0.wav,no,50928b05,train
DataSet_clean/no/50a8ef27_nohash_0.wav,no,50a8ef27,train
DataSet_clean/no/50a8ef27_nohash_1.wav,no,50a8ef27,train
DataSet_clean/no/50b86bf8_nohash_0.wav,no,50b86bf8,train
DataSet_clean/no/50d1c8e3_nohash_0.wav,no,50d1c8e3,train
DataSet_clean/no/50d1c8e3_nohash_1.wav,no,50d1c8e3,train
DataSet_clean/no/50d1c8e3_nohash_2.wav,no,50d1c8e3,train
DataSet_clean/no/50d1c8e3_nohash_3.wav,no,50d1c8e3,train
DataSet_clean/no/50f55535_nohash_0.wav,no,50f55535,train
DataSet_clean/no/50f55535_nohash_1.wav,no,50f55535,train
DataSet_clean/no/51055bda_nohash_0.wav,no,51055bda,val
DataSet_clean/no/51055bda_nohash_1.wav,no,51055bda,val
DataSet_clean/no/51055bda_nohash_2.wav,no,51055bda,val
DataSet_clean/no/51055bda_nohash_3.wav,no,51055bda,val
DataSet_clean/no/51055bda_nohash_4.wav,no,51055bda,val
DataSet_clean/no/513aeddf_nohash_0.wav,no,513aeddf,val
DataSet_clean/no/513aeddf_nohash_1.wav,no,513aeddf,val
DataSet_clean/no/513aeddf_nohash_2.wav,no,513aeddf,val
DataSet_clean/no/513aeddf_nohash_3.wav,no,513aeddf,val
DataSet_clean/no/5170b77f_nohash_0.wav,no,5170b77f,train
DataSet_clean/no/5170b77f_nohash_1.wav,no,5170b77f,train
DataSet_clean/no/5170b77f_nohash_2.wav,no,5170b77f,train
DataSet_clean/no/5170b77f_nohash_3.wav,no,5170b77f,train
DataSet_clean/no/5188de0d_nohash_0.wav,no,5188de0d,test
DataSet_clean/no/5188de0d_nohash_1.wav,no,5188de0d,test
DataSet_clean/no/5195f0ec_nohash_0.wav,no,5195f0ec,train
DataSet_clean/no/51c5601d_nohash_0.wav,no,51c5601d,train
DataSet_clean/no/51c5601d_nohash_1.wav,no,51c5601d,train
DataSet_clean/no/51c5601d_nohash_2.wav,no,51c5601d,train
DataSet_clean/no/51c5601d_nohash_3.wav,no,51c5601d,train
DataSet_clean/no/51f7a034_nohash_0.wav,no,51f7a034,train
DataSet_clean/no/51f7a034_nohash_1.wav,no,51f7a034,train
DataSet_clean/no/51f7a034_nohash_2.wav,no,51f7a034,train
DataSet_clean/no/51f7a034_nohash_3.wav,no,51f7a034,train
DataSet_clean/no/520b2c17_nohash_0.wav,no,520b2c17,train
DataSet_clean/no/520e8c0e_nohash_0.wav,no,520e8c0e,train
DataSet_clean/no/520e8c0e_nohash_1.wav,no,520e8c0e,train
DataSet_clean/no/520e8c0e_nohash_2.wav,no,520e8c0e,train
DataSet_clean/no/520e8c0e_nohash_3.wav,no,520e8c0e,train
DataSet_clean/no/52162b51_nohash_0.wav,no,52162b51,train
DataSet_clean/no/52162b51_nohash_1.wav,no,52162b51,train
DataSet_clean/no/52162b51_nohash_2.wav,no,52162b51,train
DataSet_clean/no/52162b51_nohash_3.wav,no,52162b51,train
DataSet_clean/no/52162b51_nohash_4.wav,no,52162b51,train
DataSet_clean/no/5236848b_nohash_0.wav,no,5236848b,test
DataSet_clean/no/525eaa62_nohash_0.wav,no,525eaa62,test
DataSet_clean/no/525eaa62_nohash_1.wav,no,525eaa62,test
DataSet_clean/no/525eaa62_nohash_2.wav,no,525eaa62,test
DataSet_clean/no/525eaa62_nohash_3.wav,no,525eaa62,test
DataSet_clean/no/525eaa62_nohash_4.wav,no,525eaa62,test
DataSet_clean/no/52bfbce8_nohash_0.wav,no,52bfbce8,train
DataSet_clean/no/530306f5_nohash_0.wav,no,530306f5,train
DataSet_clean/no/531a5b8a_nohash_0.wav,no,531a5b8a,train
DataSet_clean/no/531a5b8a_nohash_1.wav,no,531a5b8a,train
DataSet_clean/no/533c6564_nohash_0.wav,no,533c6564,train
DataSet_clean/no/533c6564_nohash_1.wav,no,533c6564,train
DataSet_clean/no/53458368_nohash_0.wav,no,53458368,test
DataSet_clean/no/53578f4e_nohash_0.wav,no,53578f4e,test
DataSet_clean/no/538e1856_nohash_0.wav,no,538e1856,train
DataSet_clean/no/538e1856_nohash_1.wav,no,538e1856,train
DataSet_clean/no/53d5b86f_nohash_0.wav,no,53d5b86f,test
DataSet_clean/no/53d5b86f_nohash_1.wav,no,53d5b86f,test
DataSet_clean/no/53eb0a88_nohash_0.wav,no,53eb0a88,train
DataSet_clean/no/53fd1780_nohash_0.wav,no,53fd1780,train
DataSet_clean/no/53fd1780_nohash_1.wav,no,53fd1780,train
DataSet_clean/no/540d8427_nohash_0.wav,no,540d8427,train
DataSet_clean/no/541120c7_nohash_0.wav,no,541120c7,val
DataSet_clean/no/541120c7_nohash_1.wav,no,541120c7,val
DataSet_clean/no/541e4079_nohash_0.wav,no,541e4079,train
DataSet_clean/no/541e4079_nohash_1.wav,no,541e4079,train
DataSet_clean/no/541e4079_nohash_2.wav,no,541e4079,train
DataSet_clean/no/541e4079_nohash_3.wav,no,541e4079,train
DataSet_clean/no/542f38a2_nohash_0.wav,no,542f38a2,train
DataSet_clean/no/542f38a2_nohash_1.wav,no,542f38a2,train
DataSet_clean/no/542f38a2_nohash_2.wav,no,542f38a2,train
DataSet_clean/no/54ad8f22_nohash_0.wav,no,54ad8f22,train
DataSet_clean/no/54ad8f22_nohash_1.wav,no,54ad8f22,train
DataSet_clean/no/54ad8f22_nohash_2.wav,no,54ad8f22,train
DataSet_clean/no/54ad8f22_nohash_3.wav,no,54ad8f22,train
DataSet_clean/no/54aecbd5_nohash_0.wav,no,54aecbd5,test
DataSet_clean/no/54aecbd5_nohash_1.wav,no,54aecbd5,test
DataSet_clean/no/54aecbd5_nohash_2.wav,no,54aecbd5,test
DataSet_clean/no/54aecbd5_nohash_3.wav,no,54aecbd5,test
DataSet_clean/no/54aecbd5_nohash_4.wav,no,54aecbd5,test
DataSet_clean/no/54b6d355_nohash_0.wav,no,54b6d355,train
DataSet_clean/no/54b6d355_nohash_1.wav,no,54b6d355,train
DataSet_clean/no/54b6d355_nohash_2.wav,no,54b6d355,train
DataSet_clean/no/54b6d355_nohash_3.wav,no,54b6d355,train
DataSet_clean/no/54b6d355_nohash_4.wav,no,54b6d355,train
DataSet_clean/no/5588c7e6_nohash_0.wav,no,5588c7e6,train
DataSet_clean/no/559bc36a_nohash_0.wav,no,559bc36a,train
DataSet_clean/no/559bc36a_nohash_1.wav,no,559bc36a,train
DataSet_clean/no/559bc36a_nohash_2.wav,no,559bc36a,train
DataSet_clean/no/559bc36a_nohash_3.wav,no,559bc36a,train
DataSet_clean/no/55d3725a_nohash_0.wav,no,55d3725a,train
DataSet_clean/no/55d3725a_nohash_1.wav,no,55d3725a,train
DataSet_clean/no/55feffd5_nohash_0.wav,no,55feffd5,train
DataSet_clean/no/55feffd5_nohash_1.wav,no,55feffd5,train
DataSet_clean/no/55feffd5_nohash_2.wav,no,55feffd5,train
DataSet_clean/no/5628d7b7_nohash_0.wav,no,5628d7b7,train
DataSet_clean/no/5628d7b7_nohash_1.wav,no,5628d7b7,train
DataSet_clean/no/563aa4e6_nohash_0.wav,no,563aa4e6,train
DataSet_clean/no/563aa4e6_nohash_1.wav,no,563aa4e6,train
DataSet_clean/no/563aa4e6_nohash_2.wav,no,563aa4e6,train
DataSet_clean/no/563aa4e6_nohash_3.wav,no,563aa4e6,train
DataSet_clean/no/563aa4e6_nohash_4.wav,no,563aa4e6,train
DataSet_clean/no/5677ec77_nohash_0.wav,no,5677ec77,train
DataSet_clean/no/5677ec77_nohash_1.wav,no,5677ec77,train
DataSet_clean/no/569455ff_nohash_0.wav,no,569455ff,train
DataSet_clean/no/56cd307a_nohash_0.wav,no,56cd307a,val
DataSet_clean/no/56cd307a_nohash_1.wav,no,56cd307a,val
DataSet_clean/no/56eab10e_nohash_0.wav,no,56eab10e,train
DataSet_clean/no/56eb74ae_nohash_0.wav,no,56eb74ae,train
DataSet_clean/no/56eb74ae_nohash_1.wav,no,56eb74ae,train
DataSet_clean/no/56eb74ae_nohash_2.wav,no,56eb74ae,train
DataSet_clean/no/56eb74ae_nohash_3.wav,no,56eb74ae,train
DataSet_clean/no/56eb74ae_nohash_4.wav,no,56eb74ae,train
DataSet_clean/no/56f8a100_nohash_0.wav,no,56f8a100,train
DataSet_clean/no/56f8a100_nohash_1.wav,no,56f8a100,train
DataSet_clean/no/57152045_nohash_0.wav,no,57152045,train
DataSet_clean/no/57152045_nohash_1.wav,no,57152045,train
DataSet_clean/no/57152045_nohash_2.wav,no,57152045,train
DataSet_clean/no/57152045_nohash_3.wav,no,57152045,train
DataSet_clean/no/57152045_nohash_4.wav,no,57152045,train
DataSet_clean/no/57152045_nohash_5.wav,no,57152045,train
DataSet_clean/no/571c044e_nohash_0.wav,no,571c044e,train
DataSet_clean/no/571c044e_nohash_1.wav,no,571c044e,train
DataSet_clean/no/573cdb8a_nohash_0.wav,no,573cdb8a,val
DataSet_clean/no/573cdb8a_nohash_1.wav,no,573cdb8a,val
DataSet_clean/no/5744b6a7_nohash_0.wav,no,5744b6a7,train
DataSet_clean/no/574ec766_nohash_0.wav,no,574ec766,val
DataSet_clean/no/574ec766_nohash_1.wav,no,574ec766,val
DataSet_clean/no/574ec766_nohash_2.wav,no,574ec766,val
DataSet_clean/no/5769c5ab_nohash_0.wav,no,5769c5ab,train
DataSet_clean/no/5769c5ab_nohash_1.wav,no,5769c5ab,train
DataSet_clean/no/5769c5ab_nohash_2.wav,no,5769c5ab,train
DataSet_clean/no/5769c5ab_nohash_3.wav,no,5769c5ab,train
DataSet_clean/no/578d3efb_nohash_0.wav,no,578d3efb,train
DataSet_clean/no/578d3efb_nohash_1.wav,no,578d3efb,train
DataSet_clean/no/578d3efb_nohash_2.wav,no,578d3efb,train
DataSet_clean/no/578d3efb_nohash_3.wav,no,578d3efb,train
DataSet_clean/no/578d3efb_nohash_4.wav,no,578d3efb,train
DataSet_clean/no/57b38f48_nohash_0.wav,no,57b38f48,train
DataSet_clean/no/57b38f48_nohash_1.wav,no,57b38f48,train
DataSet_clean/no/57cb3575_nohash_0.wav,no,57cb3575,val
DataSet_clean/no/5828dfa2_nohash_0.wav,no,5828dfa2,val
DataSet_clean/no/589bce2c_nohash_0.wav,no,589bce2c,val
DataSet_clean/no/589bce2c_nohash_1.wav,no,589bce2c,val
DataSet_clean/no/589bce2c_nohash_2.wav,no,589bce2c,val
DataSet_clean/no/58df33b5_nohash_0.wav,no,58df33b5,train
DataSet_clean/no/59fe87e6_nohash_0.wav,no,59fe87e6,train
DataSet_clean/no/5a0bc987_nohash_0.wav,no,5a0bc987,val
DataSet_clean/no/5a0bc987_nohash_1.wav,no,5a0bc987,val
DataSet_clean/no/5a5721f8_nohash_0.wav,no,5a5721f8,test
DataSet_clean/no/5a5721f8_nohash_1.wav,no,5a5721f8,test
DataSet_clean/no/5a5721f8_nohash_2.wav,no,5a5721f8,test
DataSet_clean/no/5a5721f8_nohash_3.wav,no,5a5721f8,test
DataSet_clean/no/5a5721f8_nohash_4.wav,no,5a5721f8,test
DataSet_clean/no/5a98d407_nohash_0.wav,no,5a98d407,train
DataSet_clean/no/5a98d407_nohash_1.wav,no,5a98d407,train
DataSet_clean/no/5a98d407_nohash_2.wav,no,5a98d407,train
DataSet_clean/no/5a98d407_nohash_3.wav,no,5a98d407,train
DataSet_clean/no/5a98d407_nohash_4.wav,no,5a98d407,train
DataSet_clean/no/5aac2efa_nohash_0.wav,no,5aac2efa,train
DataSet_clean/no/5ab63b0a_nohash_0.wav,no,5ab63b0a,val
DataSet_clean/no/5ab63b0a_nohash_1.wav,no,5ab63b0a,val
DataSet_clean/no/5af0ca83_nohash_0.wav,no,5af0ca83,train
DataSet_clean/no/5b09db89_nohash_0.wav,no,5b09db89,train
DataSet_clean/no/5b09db89_nohash_1.wav,no,5b09db89,train
DataSet_clean/no/5b09db89_nohash_2.wav,no,5b09db89,train
DataSet_clean/no/5b09db89_nohash_3.wav,no,5b09db89,train
DataSet_clean/no/5b09db89_nohash_4.wav,no,5b09db89,train
DataSet_clean/no/5b1db3ee_nohash_0.wav,no,5b1db3ee,val
DataSet_clean/no/5b34ad80_nohash_0.wav,no,5b34ad80,train
DataSet_clean/no/5ba724a7_nohash_0.wav,no,5ba724a7,train
DataSet_clean/no/5ba724a7_nohash_1.wav,no,5ba724a7,train
DataSet_clean/no/5be23def_nohash_0.wav,no,5be23def,train
DataSet_clean/no/5c237956_nohash_0.wav,no,5c237956,train
DataSet_clean/no/5c237956_nohash_1.wav,no,5c237956,train
DataSet_clean/no/5c237956_nohash_2.wav,no,5c237956,train
DataSet_clean/no/5c39594f_nohash_0.wav,no,5c39594f,train
DataSet_clean/no/5c39594f_nohash_1.wav,no,5c39594f,train
DataSet_clean/no/5c39594f_nohash_2.wav,no,5c39594f,train
DataSet_clean/no/5c39594f_nohash_3.wav,no,5c39594f,train
DataSet_clean/no/5c43ac9f_nohash_0.wav,no,5c43ac9f,train
DataSet_clean/no/5c8af87a_nohash_0.wav,no,5c8af87a,train
DataSet_clean/no/5c8af87a_nohash_1.wav,no,5c8af87a,train
DataSet_clean/no/5c8af87a_nohash_2.wav,no,5c8af87a,train
DataSet_clean/no/5c8af87a_nohash_3.wav,no,5c8af87a,train
DataSet_clean/no/5c8af87a_nohash_4.wav,no,5c8af87a,train
DataSet_clean/no/5cf1ecce_nohash_0.wav,no,5cf1ecce,train
DataSet_clean/no/5cf1ecce_nohash_1.wav,no,5cf1ecce,train
DataSet_clean/no/5cf1ecce_nohash_2.wav,no,5cf1ecce,train
DataSet_clean/no/5cf1ecce_nohash_3.wav,no,5cf1ecce,train
DataSet_clean/no/5cf1ecce_nohash_4.wav,no,5cf1ecce,train
DataSet_clean/no/5d4e3bb8_nohash_0.wav,no,5d4e3bb8,train
DataSet_clean/no/5d4e3bb8_nohash_1.wav,no,5d4e3bb8,train
DataSet_clean/no/5d4e3bb8_nohash_2.wav,no,5d4e3bb8,train
DataSet_clean/no/5db0e146_nohash_0.wav,no,5db0e146,train
DataSet_clean/no/5de8f2f0_nohash_0.wav,no,5de8f2f0,train
DataSet_clean/no/5e3dde6b_nohash_0.wav,no,5e3dde6b,train
DataSet_clean/no/5e3dde6b_nohash_1.wav,no,5e3dde6b,train
DataSet_clean/no/5e3dde6b_nohash_2.wav,no,5e3dde6b,train
DataSet_clean/no/5e3dde6b_nohash_3.wav,no,5e3dde6b,train
DataSet_clean/no/5ebc1cda_nohash_0.wav,no,5ebc1cda,test
DataSet_clean/no/5ebc1cda_nohash_1.wav,no,5ebc1cda,test
DataSet_clean/no/5ebc1cda_nohash_2.wav,no,5ebc1cda,test
DataSet_clean/no/5ebc1cda_nohash_3.wav,no,5ebc1cda,test
DataSet_clean/no/5ebc1cda_nohash_4.wav,no,5ebc1cda,test
DataSet_clean/no/5ebc1cda_nohash_5.wav,no,5ebc1cda,test
DataSet_clean/no/5efb758c_nohash_0.wav,no,5efb758c,train
DataSet_clean/no/5efb758c_nohash_1.wav,no,5efb758c,train
DataSet_clean/no/5f01c798_nohash_0.wav,no,5f01c798,test
DataSet_clean/no/5f1253e9_nohash_0.wav,no,5f1253e9,train
DataSet_clean/no/5f1b1051_nohash_0.wav,no,5f1b1051,test
DataSet_clean/no/5f449e17_nohash_0.wav,no,5f449e17,train
DataSet_clean/no/5f5eef60_nohash_0.wav,no,5f5eef60,train
DataSet_clean/no/5f5eef60_nohash_1.wav,no,5f5eef60,train
DataSet_clean/no/5f5eef60_nohash_2.wav,no,5f5eef60,train
DataSet_clean/no/5f5eef60_nohash_3.wav,no,5f5eef60,train
DataSet_clean/no/5f8097e1_nohash_0.wav,no,5f8097e1,test
DataSet_clean/no/5f8097e1_nohash_1.wav,no,5f8097e1,test
DataSet_clean/no/5f8097e1_nohash_2.wav,no,5f8097e1,test
DataSet_clean/no/5f8097e1_nohash_3.wav,no,5f8097e1,test
DataSet_clean/no/5f8097e1_nohash_4.wav,no,5f8097e1,test
DataSet_clean/no/5f814c23_nohash_0.wav,no,5f814c23,train
DataSet_clean/no/5f9cd2eb_nohash_0.wav,no,5f9cd2eb,train
DataSet_clean/no/5f9cd2eb_nohash_1.wav,no,5f9cd2eb,train
DataSet_clean/no/5f9cd2eb_nohash_2.wav,no,5f9cd2eb,train
DataSet_clean/no/5f9cd2eb_nohash_3.wav,no,5f9cd2eb,train
DataSet_clean/no/5f9cd2eb_nohash_4.wav,no,5f9cd2eb,train
DataSet_clean/no/5f9cd2eb_nohash_5.wav,no,5f9cd2eb,train
DataSet_clean/no/5f9cd2eb_nohash_6.wav,no,5f9cd2eb,train
DataSet_clean/no/5f9cd2eb_nohash_7.wav,no,5f9cd2eb,train
DataSet_clean/no/5fadb538_nohash_0.wav,no,5fadb538,train
DataSet_clean/no/5fadb538_nohash_1.wav,no,5fadb538,train
DataSet_clean/no/5fadb538_nohash_2.wav,no,5fadb538,train
DataSet_clean/no/5fadb538_nohash_3.wav,no,5fadb538,train
DataSet_clean/no/5fadb538_nohash_4.wav,no,5fadb538,train
DataSet_clean/no/5fb88f4c_nohash_0.wav,no,5fb88f4c,train
DataSet_clean/no/5fb88f4c_nohash_1.wav,no,5fb88f4c,train
DataSet_clean/no/5fc3ed24_nohash_0.wav,no,5fc3ed24,val
DataSet_clean/no/5fe4a278_nohash_0.wav,no,5fe4a278,train
DataSet_clean/no/5fe4a278_nohash_1.wav,no,5fe4a278,train
DataSet_clean/no/5ff3f9a1_nohash_0.wav,no,5ff3f9a1,train
DataSet_clean/no/6021f08b_nohash_0.wav,no,6021f08b,train
DataSet_clean/no/60472d26_nohash_0.wav,no,60472d26,test
DataSet_clean/no/60472d26_nohash_1.wav,no,60472d26,test
DataSet_clean/no/6071a214_nohash_0.wav,no,6071a214,test
DataSet_clean/no/6078eb0d_nohash_0.wav,no,6078eb0d,train
DataSet_clean/no/6078eb0d_nohash_1.wav,no,6078eb0d,train
DataSet_clean/no/6094340e_nohash_0.wav,no,6094340e,val
DataSet_clean/no/611d2b50_nohash_0.wav,no,611d2b50,train
DataSet_clean/no/611d2b50_nohash_1.wav,no,611d2b50,train
DataSet_clean/no/611d2b50_nohash_2.wav,no,611d2b50,train
DataSet_clean/no/611d2b50_nohash_3.wav,no,611d2b50,train
DataSet_clean/no/611d2b50_nohash_4.wav,no,611d2b50,train
DataSet_clean/no/6124b431_nohash_0.wav,no,6124b431,test
DataSet_clean/no/6124b431_nohash_1.wav,no,6124b431,test
DataSet_clean/no/6124b431_nohash_2.wav,no,6124b431,test
DataSet_clean/no/61482e52_nohash_0.wav,no,61482e52,test
DataSet_clean/no/61482e52_nohash_1.wav,no,61482e52,test
DataSet_clean/no/61482e52_nohash_2.wav,no,61482e52,test
DataSet_clean/no/61482e52_nohash_3.wav,no,61482e52,test
DataSet_clean/no/616420be_nohash_0.wav,no,616420be,train
DataSet_clean/no/616420be_nohash_1.wav,no,616420be,train
DataSet_clean/no/616420be_nohash_2.wav,no,616420be,train
DataSet_clean/no/616420be_nohash_3.wav,no,616420be,train
DataSet_clean/no/616420be_nohash_4.wav,no,616420be,train
DataSet_clean/no/617aeb6c_nohash_0.wav,no,617aeb6c,test
DataSet_clean/no/617aeb6c_nohash_1.wav,no,617aeb6c,test
DataSet_clean/no/617aeb6c_nohash_2.wav,no,617aeb6c,test
DataSet_clean/no/617aeb6c_nohash_3.wav,no,617aeb6c,test
DataSet_clean/no/617aeb6c_nohash_4.wav,no,617aeb6c,test
DataSet_clean/no/617de221_nohash_0.wav,no,617de221,train
DataSet_clean/no/617de221_nohash_1.wav,no,617de221,train
DataSet_clean/no/617de221_nohash_2.wav,no,617de221,train
DataSet_clean/no/617de221_nohash_3.wav,no,617de221,train
DataSet_clean/no/617de221_nohash_4.wav,no,617de221,train
DataSet_clean/no/61a9f72a_nohash_0.wav,no,61a9f72a,train
DataSet_clean/no/61ab8fbc_nohash_0.wav,no,61ab8fbc,test
DataSet_clean/no/61ab8fbc_nohash_1.wav,no,61ab8fbc,test
DataSet_clean/no/61ab8fbc_nohash_2.wav,no,61ab8fbc,test
DataSet_clean/no/61ab8fbc_nohash_3.wav,no,61ab8fbc,test
DataSet_clean/no/61abbf52_nohash_0.wav,no,61abbf52,train
DataSet_clean/no/61abbf52_nohash_1.wav,no,61abbf52,train
DataSet_clean/no/61abbf52_nohash_2.wav,no,61abbf52,train
DataSet_clean/no/61abbf52_nohash_3.wav,no,61abbf52,train
DataSet_clean/no/61abbf52_nohash_4.wav,no,61abbf52,train
DataSet_clean/no/61bcb275_nohash_0.wav,no,61bcb275,val
DataSet_clean/no/61e2f74f_nohash_0.wav,no,61e2f74f,val
DataSet_clean/no/61e2f74f_nohash_1.wav,no,61e2f74f,val
DataSet_clean/no/61e2f74f_nohash_2.wav,no,61e2f74f,val
DataSet_clean/no/61e2f74f_nohash_3.wav,no,61e2f74f,val
DataSet_clean/no/61e2f74f_nohash_4.wav,no,61e2f74f,val
DataSet_clean/no/61e50f62_nohash_0.wav,no,61e50f62,val
DataSet_clean/no/625fd898_nohash_0.wav,no,625fd898,val
DataSet_clean/no/62605293_nohash_0.wav,no,62605293,val
DataSet_clean/no/62641b88_nohash_0.wav,no,62641b88,train
DataSet_clean/no/62641b88_nohash_1.wav,no,62641b88,train
DataSet_clean/no/6272b231_nohash_0.wav,no,6272b231,train
DataSet_clean/no/627c0bec_nohash_0.wav,no,627c0bec,train
DataSet_clean/no/627c0bec_nohash_1.wav,no,627c0bec,train
DataSet_clean/no/627c0bec_nohash_2.wav,no,627c0bec,train
DataSet_clean/no/627c0bec_nohash_3.wav,no,627c0bec,train
DataSet_clean/no/62f05757_nohash_0.wav,no,62f05757,test
DataSet_clean/no/62f05757_nohash_1.wav,no,62f05757,test
DataSet_clean/no/62f05757_nohash_2.wav,no,62f05757,test
DataSet_clean/no/62f05757_nohash_3.wav,no,62f05757,test
DataSet_clean/no/62ff07ef_nohash_0.wav,no,62ff07ef,test
DataSet_clean/no/62ff07ef_nohash_1.wav,no,62ff07ef,test
DataSet_clean/no/6366f61a_nohash_0.wav,no,6366f61a,train
DataSet_clean/no/6366f61a_nohash_1.wav,no,6366f61a,train
DataSet_clean/no/6366f61a_nohash_2.wav,no,6366f61a,train
DataSet_clean/no/6366f61a_nohash_3.wav,no,6366f61a,train
DataSet_clean/no/63f7a489_nohash_0.wav,no,63f7a489,val
DataSet_clean/no/63f7a489_nohash_1.wav,no,63f7a489,val
DataSet_clean/no/63f7a489_nohash_2.wav,no,63f7a489,val
DataSet_clean/no/63f7a489_nohash_3.wav,no,63f7a489,val
DataSet_clean/no/63f7a489_nohash_4.wav,no,63f7a489,val
DataSet_clean/no/6414258b_nohash_0.wav,no,6414258b,train
DataSet_clean/no/6414258b_nohash_1.wav,no,6414258b,train
DataSet_clean/no/645ed69d_nohash_0.wav,no,645ed69d,val
DataSet_clean/no/645ed69d_nohash_1.wav,no,645ed69d,val
DataSet_clean/no/645ed69d_nohash_2.wav,no,645ed69d,val
DataSet_clean/no/645ed69d_nohash_3.wav,no,645ed69d,val
DataSet_clean/no/645ed69d_nohash_4.wav,no,645ed69d,val
DataSet_clean/no/64da5281_nohash_0.wav,no,64da5281,test
DataSet_clean/no/64da5281_nohash_1.wav,no,64da5281,test
DataSet_clean/no/64da5281_nohash_2.wav,no,64da5281,test
DataSet_clean/no/64df20d8_nohash_0.wav,no,64df20d8,test
DataSet_clean/no/64df20d8_nohash_1.wav,no,64df20d8,test
DataSet_clean/no/64df20d8_nohash_2.wav,no,64df20d8,test
DataSet_clean/no/64df20d8_nohash_3.wav,no,64df20d8,test
DataSet_clean/no/64df20d8_nohash_4.wav,no,64df20d8,test
DataSet_clean/no/64e48f55_nohash_0.wav,no,64e48f55,train
DataSet_clean/no/64e48f55_nohash_1.wav,no,64e48f55,train
DataSet_clean/no/64e48f55_nohash_2.wav,no,64e48f55,train
DataSet_clean/no/64e48f55_nohash_3.wav,no,64e48f55,train
DataSet_clean/no/64f83f0e_nohash_0.wav,no,64f83f0e,train
DataSet_clean/no/64f83f0e_nohash_1.wav,no,64f83f0e,train
DataSet_clean/no/65040d9b_nohash_0.wav,no,65040d9b,val
DataSet_clean/no/650daf8e_nohash_0.wav,no,650daf8e,train
DataSet_clean/no/651d108f_nohash_0.wav,no,651d108f,train
DataSet_clean/no/651d108f_nohash_1.wav,no,651d108f,train
DataSet_clean/no/653a48f5_nohash_0.wav,no,653a48f5,test
DataSet_clean/no/6565a81d_nohash_0.wav,no,6565a81d,val
DataSet_clean/no/6565a81d_nohash_1.wav,no,6565a81d,val
DataSet_clean/no/6565a81d_nohash_2.wav,no,6565a81d,val
DataSet_clean/no/6565a81d_nohash_3.wav,no,6565a81d,val
DataSet_clean/no/6565a81d_nohash_4.wav,no,6565a81d,val
DataSet_clean/no/65c73b55_nohash_0.wav,no,65c73b55,train
DataSet_clean/no/65d14087_nohash_0.wav,no,65d14087,train
DataSet_clean/no/65d81c54_nohash_0.wav,no,65d81c54,train
DataSet_clean/no/65d844fc_nohash_0.wav,no,65d844fc,train
DataSet_clean/no/65ec06e5_nohash_0.wav,no,65ec06e5,train
DataSet_clean/no/66041c69_nohash_0.wav,no,66041c69,train
DataSet_clean/no/6640fdc0_nohash_0.wav,no,6640fdc0,val
DataSet_clean/no/6640fdc0_nohash_1.wav,no,6640fdc0,val
DataSet_clean/no/66a412a7_nohash_0.wav,no,66a412a7,train
DataSet_clean/no/66a412a7_nohash_1.wav,no,66a412a7,train
DataSet_clean/no/66aa0f29_nohash_0.wav,no,66aa0f29,train
DataSet_clean/no/66cbe2b3_nohash_0.wav,no,66cbe2b3,test
DataSet_clean/no/66cbe2b3_nohash_1.wav,no,66cbe2b3,test
DataSet_clean/no/66cbe2b3_nohash_2.wav,no,66cbe2b3,test
DataSet_clean/no/66cff190_nohash_0.wav,no,66cff190,train
DataSet_clean/no/6727b579_nohash_0.wav,no,6727b579,test
DataSet_clean/no/6727b579_nohash_1.wav,no,6727b579,test
DataSet_clean/no/6727b579_nohash_2.wav,no,6727b579,test
DataSet_clean/no/6727b579_nohash_3.wav,no,6727b579,test
DataSet_clean/no/6727b579_nohash_4.wav,no,6727b579,test
DataSet_clean/no/6736bc64_nohash_0.wav,no,6736bc64,train
DataSet_clean/no/6736bc64_nohash_1.wav,no,6736bc64,train
DataSet_clean/no/674ca5ea_nohash_0.wav,no,674ca5ea,val
DataSet_clean/no/674ca5ea_nohash_1.wav,no,674ca5ea,val
DataSet_clean/no/676f8138_nohash_0.wav,no,676f8138,train
DataSet_clean/no/676f8138_nohash_1.wav,no,676f8138,train
DataSet_clean/no/676f8138_nohash_2.wav,no,676f8138,train
DataSet_clean/no/676f8138_nohash_3.wav,no,676f8138,train
DataSet_clean/no/676f8138_nohash_4.wav,no,676f8138,train
DataSet_clean/no/679463fc_nohash_0.wav,no,679463fc,train
DataSet_clean/no/679463fc_nohash_1.wav,no,679463fc,train
DataSet_clean/no/679463fc_nohash_2.wav,no,679463fc,train
DataSet_clean/no/679463fc_nohash_3.wav,no,679463fc,train
DataSet_clean/no/679463fc_nohash_4.wav,no,679463fc,train
DataSet_clean/no/6794a793_nohash_0.wav,no,6794a793,train
DataSet_clean/no/67961766_nohash_0.wav,no,67961766,train
DataSet_clean/no/67961766_nohash_1.wav,no,67961766,train
DataSet_clean/no/67bdbf56_nohash_0.wav,no,67bdbf56,train
DataSet_clean/no/67bdbf56_nohash_1.wav,no,67bdbf56,train
DataSet_clean/no/67bdbf56_nohash_2.wav,no,67bdbf56,train
DataSet_clean/no/67bdbf56_nohash_3.wav,no,67bdbf56,train
DataSet_clean/no/67fcdb05_nohash_0.wav,no,67fcdb05,train
DataSet_clean/no/682e1687_nohash_0.wav,no,682e1687,train
DataSet_clean/no/6846af18_nohash_0.wav,no,6846af18,train
DataSet_clean/no/6846af18_nohash_1.wav,no,6846af18,train
DataSet_clean/no/686d030b_nohash_0.wav,no,686d030b,train
DataSet_clean/no/686d030b_nohash_1.wav,no,686d030b,train
DataSet_clean/no/686d030b_nohash_2.wav,no,686d030b,train
DataSet_clean/no/686d030b_nohash_3.wav,no,686d030b,train
DataSet_clean/no/686d030b_nohash_4.wav,no,686d030b,train
DataSet_clean/no/68dd409e_nohash_0.wav,no,68dd409e,test
DataSet_clean/no/68effe85_nohash_0.wav,no,68effe85,train
DataSet_clean/no/6904f0cb_nohash_0.wav,no,6904f0cb,train
DataSet_clean/no/6904f0cb_nohash_1.wav,no,6904f0cb,train
DataSet_clean/no/6904f0cb_nohash_2.wav,no,6904f0cb,train
DataSet_clean/no/69086eb0_nohash_0.wav,no,69086eb0,train
DataSet_clean/no/692a88e6_nohash_0.wav,no,692a88e6,train
DataSet_clean/no/692a88e6_nohash_1.wav,no,692a88e6,train
DataSet_clean/no/692a88e6_nohash_2.wav,no,692a88e6,train
DataSet_clean/no/692a88e6_nohash_3.wav,no,692a88e6,train
DataSet_clean/no/692a88e6_nohash_4.wav,no,692a88e6,train
DataSet_clean/no/6940f7f3_nohash_0.wav,no,6940f7f3,train
DataSet_clean/no/6940f7f3_nohash_1.wav,no,6940f7f3,train
DataSet_clean/no/6940f7f3_nohash_2.wav,no,6940f7f3,train
DataSet_clean/no/695c2127_nohash_0.wav,no,695c2127,train
DataSet_clean/no/695c2127_nohash_1.wav,no,695c2127,train
DataSet_clean/no/6969e51a_nohash_0.wav,no,6969e51a,train
DataSet_clean/no/6969e51a_nohash_1.wav,no,6969e51a,train
DataSet_clean/no/6969e51a_nohash_2.wav,no,6969e51a,train
DataSet_clean/no/6969e51a_nohash_3.wav,no,6969e51a,train
DataSet_clean/no/6969e51a_nohash_4.wav,no,6969e51a,train
DataSet_clean/no/6982fc2a_nohash_0.wav,no,6982fc2a,train
DataSet_clean/no/6982fc2a_nohash_1.wav,no,6982fc2a,train
DataSet_clean/no/69a1a79f_nohash_0.wav,no,69a1a79f,train
DataSet_clean/no/69a1a79f_nohash_1.wav,no,69a1a79f,train
DataSet_clean/no/69a1a79f_nohash_2.wav,no,69a1a79f,train
DataSet_clean/no/69a1a79f_nohash_3.wav,no,69a1a79f,train
DataSet_clean/no/69a1a79f_nohash_4.wav,no,69a1a79f,train
DataSet_clean/no/69f609ec_nohash_0.wav,no,69f609ec,val
DataSet_clean/no/6a014b29_nohash_0.wav,no,6a014b29,train
DataSet_clean/no/6a27a9bf_nohash_0.wav,no,6a27a9bf,train
DataSet_clean/no/6a2fb9a5_nohash_0.wav,no,6a2fb9a5,val
DataSet_clean/no/6a497f80_nohash_0.wav,no,6a497f80,train
DataSet_clean/no/6a497f80_nohash_1.wav,no,6a497f80,train
DataSet_clean/no/6a861f21_nohash_0.wav,no,6a861f21,test
DataSet_clean/no/6aa8def4_nohash_0.wav,no,6aa8def4,train
DataSet_clean/no/6aa8def4_nohash_1.wav,no,6aa8def4,train
DataSet_clean/no/6aa8def4_nohash_2.wav,no,6aa8def4,train
DataSet_clean/no/6aa8def4_nohash_3.wav,no,6aa8def4,train
DataSet_clean/no/6aafb34f_nohash_0.wav,no,6aafb34f,train
DataSet_clean/no/6ac35824_nohash_0.wav,no,6ac35824,train
DataSet_clean/no/6ac35824_nohash_1.wav,no,6ac35824,train
DataSet_clean/no/6ace4fe1_nohash_0.wav,no,6ace4fe1,train
DataSet_clean/no/6ace4fe1_nohash_1.wav,no,6ace4fe1,train
DataSet_clean/no/6ace4fe1_nohash_2.wav,no,6ace4fe1,train
DataSet_clean/no/6add0595_nohash_0.wav,no,6add0595,train
DataSet_clean/no/6af4aa07_nohash_0.wav,no,6af4aa07,train
DataSet_clean/no/6b7d5101_nohash_0.wav,no,6b7d5101,train
DataSet_clean/no/6b81fead_nohash_0.wav,no,6b81fead,train
DataSet_clean/no/6bf5baf3_nohash_0.wav,no,6bf5baf3,test
DataSet_clean/no/6bf5baf3_nohash_1.wav,no,6bf5baf3,test
DataSet_clean/no/6bf5baf3_nohash_2.wav,no,6bf5baf3,test
DataSet_clean/no/6bf5baf3_nohash_3.wav,no,6bf5baf3,test
DataSet_clean/no/6bf5baf3_nohash_4.wav,no,6bf5baf3,test
DataSet_clean/no/6c0f6493_nohash_0.wav,no,6c0f6493,val
DataSet_clean/no/6c0f6493_nohash_1.wav,no,6c0f6493,val
DataSet_clean/no/6c0f6493_nohash_2.wav,no,6c0f6493,val
DataSet_clean/no/6c0f6493_nohash_3.wav,no,6c0f6493,val
DataSet_clean/no/6c429c7b_nohash_0.wav,no,6c429c7b,val
DataSet_clean/no/6c429c7b_nohash_1.wav,no,6c429c7b,val
DataSet_clean/no/6c429c7b_nohash_2.wav,no,6c429c7b,val
DataSet_clean/no/6c429c7b_nohash_3.wav,no,6c429c7b,val
DataSet_clean/no/6c429c7b_nohash_4.wav,no,6c429c7b,val
DataSet_clean/no/6c9223bd_nohash_0.wav,no,6c9223bd,train
DataSet_clean/no/6c968bd9_nohash_0.wav,no,6c968bd9,train
DataSet_clean/no/6c968bd9_nohash_1.wav,no,6c968bd9,train
DataSet_clean/no/6c968bd9_nohash_2.wav,no,6c968bd9,train
DataSet_clean/no/6c968bd9_nohash_3.wav,no,6c968bd9,train
DataSet_clean/no/6c968bd9_nohash_4.wav,no,6c968bd9,train
DataSet_clean/no/6cb6eee7_nohash_0.wav,no,6cb6eee7,test
DataSet_clean/no/6cc28ce5_nohash_0.wav,no,6cc28ce5,val
DataSet_clean/no/6d1dcca6_nohash_0.wav,no,6d1dcca6,train
DataSet_clean/no/6d1dcca6_nohash_1.wav,no,6d1dcca6,train
DataSet_clean/no/6d2d3b0d_nohash_0.wav,no,6d2d3b0d,test
DataSet_clean/no/6d2d3b0d_nohash_1.wav,no,6d2d3b0d,test
DataSet_clean/no/6d2d3b0d_nohash_2.wav,no,6d2d3b0d,test
DataSet_clean/no/6d7af359_nohash_0.wav,no,6d7af359,train
DataSet_clean/no/6d818f6c_nohash_0.wav,no,6d818f6c,test
DataSet_clean/no/6d818f6c_nohash_1.wav,no,6d818f6c,test
DataSet_clean/no/6d818f6c_nohash_2.wav,no,6d818f6c,test
DataSet_clean/no/6d818f6c_nohash_3.wav,no,6d818f6c,test
DataSet_clean/no/6e41a77e_nohash_0.wav,no,6e41a77e,val
DataSet_clean/no/6e41a77e_nohash_1.wav,no,6e41a77e,val
DataSet_clean/no/6e41a77e_nohash_2.wav,no,6e41a77e,val
DataSet_clean/no/6e74c582_nohash_0.wav,no,6e74c582,train
DataSet_clean/no/6e916de8_nohash_0.wav,no,6e916de8,train
DataSet_clean/no/6e916de8_nohash_1.wav,no,6e916de8,train
DataSet_clean/no/6e916de8_nohash_2.wav,no,6e916de8,train
DataSet_clean/no/6ef407da_nohash_0.wav,no,6ef407da,train
DataSet_clean/no/6ef407da_nohash_1.wav,no,6ef407da,train
DataSet_clean/no/6ef407da_nohash_2.wav,no,6ef407da,train
DataSet_clean/no/6ef407da_nohash_3.wav,no,6ef407da,train
DataSet_clean/no/6ef407da_nohash_4.wav,no,6ef407da,train
DataSet_clean/no/6f1ffef6_nohash_0.wav,no,6f1ffef6,val
DataSet_clean/no/6f1ffef6_nohash_1.wav,no,6f1ffef6,val
DataSet_clean/no/6f1ffef6_nohash_2.wav,no,6f1ffef6,val
DataSet_clean/no/6f2f57c1_nohash_0.wav,no,6f2f57c1,train
DataSet_clean/no/6f5b4d3d_nohash_0.wav,no,6f5b4d3d,val
DataSet_clean/no/6f5eea74_nohash_0.wav,no,6f5eea74,train
DataSet_clean/no/6f689791_nohash_0.wav,no,6f689791,train
DataSet_clean/no/6f7724f5_nohash_0.wav,no,6f7724f5,train
DataSet_clean/no/6fb3d5a7_nohash_0.wav,no,6fb3d5a7,train
DataSet_clean/no/6fb3d5a7_nohash_1.wav,no,6fb3d5a7,train
DataSet_clean/no/6fb3d5a7_nohash_2.wav,no,6fb3d5a7,train
DataSet_clean/no/6fb3d5a7_nohash_3.wav,no,6fb3d5a7,train
DataSet_clean/no/7014b07e_nohash_0.wav,no,7014b07e,train
DataSet_clean/no/7081436f_nohash_0.wav,no,7081436f,train
DataSet_clean/no/708a9569_nohash_0.wav,no,708a9569,train
DataSet_clean/no/708a9569_nohash_1.wav,no,708a9569,train
DataSet_clean/no/708b8d51_nohash_0.wav,no,708b8d51,test
DataSet_clean/no/7096522d_nohash_0.wav,no,7096522d,train
DataSet_clean/no/70a00e98_nohash_0.wav,no,70a00e98,train
DataSet_clean/no/70a00e98_nohash_1.wav,no,70a00e98,train
DataSet_clean/no/70a00e98_nohash_2.wav,no,70a00e98,train
DataSet_clean/no/70a00e98_nohash_3.wav,no,70a00e98,train
DataSet_clean/no/70b0ccf4_nohash_0.wav,no,70b0ccf4,train
DataSet_clean/no/70b0ccf4_nohash_1.wav,no,70b0ccf4,train
DataSet_clean/no/70b0ccf4_nohash_2.wav,no,70b0ccf4,train
DataSet_clean/no/7117fb6d_nohash_0.wav,no,7117fb6d,train
DataSet_clean/no/7117fb6d_nohash_1.wav,no,7117fb6d,train
DataSet_clean/no/7117fb6d_nohash_2.wav,no,7117fb6d,train
DataSet_clean/no/712e4d58_nohash_0.wav,no,712e4d58,train
DataSet_clean/no/716757ce_nohash_0.wav,no,716757ce,val
DataSet_clean/no/7195ffa6_nohash_0.wav,no,7195ffa6,train
DataSet_clean/no/7195ffa6_nohash_1.wav,no,7195ffa6,train
DataSet_clean/no/71aa5b54_nohash_0.wav,no,71aa5b54,train
DataSet_clean/no/71aa5b54_nohash_1.wav,no,71aa5b54,train
DataSet_clean/no/71aa5b54_nohash_2.wav,no,71aa5b54,train
DataSet_clean/no/71d0ded4_nohash_0.wav,no,71d0ded4,train
DataSet_clean/no/71d0ded4_nohash_1.wav,no,71d0ded4,train
DataSet_clean/no/71d0ded4_nohash_2.wav,no,71d0ded4,train
DataSet_clean/no/71d0ded4_nohash_3.wav,no,71d0ded4,train
DataSet_clean/no/71d0ded4_nohash_4.wav,no,71d0ded4,train
DataSet_clean/no/71e6ab20_nohash_0.wav,no,71e6ab20,test
DataSet_clean/no/7211390b_nohash_0.wav,no,7211390b,train
DataSet_clean/no/7211390b_nohash_1.wav,no,7211390b,train
DataSet_clean/no/7211390b_nohash_2.wav,no,7211390b,train
DataSet_clean/no/7211390b_nohash_3.wav,no,7211390b,train
DataSet_clean/no/7211390b_nohash_4.wav,no,7211390b,train
DataSet_clean/no/7213ed54_nohash_0.wav,no,7213ed54,train
DataSet_clean/no/7213ed54_nohash_1.wav,no,7213ed54,train
DataSet_clean/no/7213ed54_nohash_2.wav,no,7213ed54,train
DataSet_clean/no/7213ed54_nohash_3.wav,no,7213ed54,train
DataSet_clean/no/7213ed54_nohash_4.wav,no,7213ed54,train
DataSet_clean/no/721f767c_nohash_0.wav,no,721f767c,train
DataSet_clean/no/72242187_nohash_0.wav,no,72242187,train
DataSet_clean/no/72242187_nohash_1.wav,no,72242187,train
DataSet_clean/no/72242187_nohash_2.wav,no,72242187,train
DataSet_clean/no/72242187_nohash_3.wav,no,72242187,train
DataSet_clean/no/72242187_nohash_4.wav,no,72242187,train
DataSet_clean/no/72320401_nohash_0.wav,no,72320401,test
DataSet_clean/no/723efc4c_nohash_0.wav,no,723efc4c,test
DataSet_clean/no/723efc4c_nohash_1.wav,no,723efc4c,test
DataSet_clean/no/7257420c_nohash_0.wav,no,7257420c,val
DataSet_clean/no/72e382bd_nohash_0.wav,no,72e382bd,test
DataSet_clean/no/72e382bd_nohash_1.wav,no,72e382bd,test
DataSet_clean/no/72e382bd_nohash_2.wav,no,72e382bd,test
DataSet_clean/no/72e382bd_nohash_3.wav,no,72e382bd,test
DataSet_clean/no/72e382bd_nohash_4.wav,no,72e382bd,test
DataSet_clean/no/7303215d_nohash_0.wav,no,7303215d,train
DataSet_clean/no/7318280c_nohash_0.wav,no,7318280c,train
DataSet_clean/no/735845ab_nohash_0.wav,no,735845ab,train
DataSet_clean/no/735845ab_nohash_1.wav,no,735845ab,train
DataSet_clean/no/735845ab_nohash_2.wav,no,735845ab,train
DataSet_clean/no/735845ab_nohash_3.wav,no,735845ab,train
DataSet_clean/no/73af0c50_nohash_0.wav,no,73af0c50,train
DataSet_clean/no/73cccfaf_nohash_0.wav,no,73cccfaf,train
DataSet_clean/no/73cccfaf_nohash_1.wav,no,73cccfaf,train
DataSet_clean/no/73f20b00_nohash_0.wav,no,73f20b00,val
DataSet_clean/no/73f20b00_nohash_1.wav,no,73f20b00,val
DataSet_clean/no/73f20b00_nohash_2.wav,no,73f20b00,val
DataSet_clean/no/73f20b00_nohash_3.wav,no,73f20b00,val
DataSet_clean/no/73f20b00_nohash_4.wav,no,73f20b00,val
DataSet_clean/no/74241b28_nohash_0.wav,no,74241b28,train
DataSet_clean/no/74241b28_nohash_1.wav,no,74241b28,train
DataSet_clean/no/74241b28_nohash_2.wav,no,74241b28,train
DataSet_clean/no/74241b28_nohash_3.wav,no,74241b28,train
DataSet_clean/no/74241b28_nohash_4.wav,no,74241b28,train
DataSet_clean/no/742d6431_nohash_0.wav,no,742d6431,train
DataSet_clean/no/742d6431_nohash_1.wav,no,742d6431,train
DataSet_clean/no/742d6431_nohash_2.wav,no,742d6431,train
DataSet_clean/no/742d6431_nohash_3.wav,no,742d6431,train
DataSet_clean/no/742d6431_nohash_4.wav,no,742d6431,train
DataSet_clean/no/742d6431_nohash_5.wav,no,742d6431,train
DataSet_clean/no/743edf9d_nohash_0.wav,no,743edf9d,train
DataSet_clean/no/745a8e32_nohash_0.wav,no,745a8e32,train
DataSet_clean/no/747e69fd_nohash_0.wav,no,747e69fd,train
DataSet_clean/no/748cb308_nohash_0.wav,no,748cb308,train
DataSet_clean/no/750e3e75_nohash_0.wav,no,750e3e75,train
DataSet_clean/no/75b631ff_nohash_0.wav,no,75b631ff,train
DataSet_clean/no/75b631ff_nohash_1.wav,no,75b631ff,train
DataSet_clean/no/7622d95b_nohash_0.wav,no,7622d95b,train
DataSet_clean/no/7622d95b_nohash_1.wav,no,7622d95b,train
DataSet_clean/no/7622d95b_nohash_2.wav,no,7622d95b,train
DataSet_clean/no/7622d95b_nohash_3.wav,no,7622d95b,train
DataSet_clean/no/763188c4_nohash_0.wav,no,763188c4,val
DataSet_clean/no/763188c4_nohash_1.wav,no,763188c4,val
DataSet_clean/no/763188c4_nohash_2.wav,no,763188c4,val
DataSet_clean/no/763188c4_nohash_3.wav,no,763188c4,val
DataSet_clean/no/765ffccb_nohash_0.wav,no,765ffccb,train
DataSet_clean/no/765ffccb_nohash_1.wav,no,765ffccb,train
DataSet_clean/no/765ffccb_nohash_2.wav,no,765ffccb,train
DataSet_clean/no/765ffccb_nohash_3.wav,no,765ffccb,train
DataSet_clean/no/76e53db9_nohash_0.wav,no,76e53db9,test
DataSet_clean/no/772db621_nohash_0.wav,no,772db621,test
DataSet_clean/no/772db621_nohash_1.wav,no,772db621,test
DataSet_clean/no/773e26f7_nohash_0.wav,no,773e26f7,train
DataSet_clean/no/773e26f7_nohash_1.wav,no,773e26f7,train
DataSet_clean/no/773e26f7_nohash_2.wav,no,773e26f7,train
DataSet_clean/no/773e26f7_nohash_3.wav,no,773e26f7,train
DataSet_clean/no/773e26f7_nohash_4.wav,no,773e26f7,train
DataSet_clean/no/778a4a01_nohash_0.wav,no,778a4a01,train
DataSet_clean/no/779de043_nohash_0.wav,no,779de043,train
DataSet_clean/no/779de043_nohash_1.wav,no,779de043,train
DataSet_clean/no/779de043_nohash_2.wav,no,779de043,train
DataSet_clean/no/779de043_nohash_3.wav,no,779de043,train
DataSet_clean/no/779de043_nohash_4.wav,no,779de043,train
DataSet_clean/no/77f185d3_nohash_0.wav,no,77f185d3,train
DataSet_clean/no/78030270_nohash_0.wav,no,78030270,train
DataSet_clean/no/78102205_nohash_0.wav,no,78102205,train
DataSet_clean/no/7846fd85_nohash_0.wav,no,7846fd85,train
DataSet_clean/no/7846fd85_nohash_1.wav,no,7846fd85,train
DataSet_clean/no/7846fd85_nohash_2.wav,no,7846fd85,train
DataSet_clean/no/7846fd85_nohash_3.wav,no,7846fd85,train
DataSet_clean/no/7846fd85_nohash_4.wav,no,7846fd85,train
DataSet_clean/no/784e281a_nohash_0.wav,no,784e281a,test
DataSet_clean/no/78884794_nohash_0.wav,no,78884794,test
DataSet_clean/no/78884794_nohash_1.wav,no,78884794,test
DataSet_clean/no/78884794_nohash_2.wav,no,78884794,test
DataSet_clean/no/789e4ee7_nohash_0.wav,no,789e4ee7,test
DataSet_clean/no/798f702a_nohash_0.wav,no,798f702a,train
DataSet_clean/no/79b37d3a_nohash_0.wav,no,79b37d3a,val
DataSet_clean/no/79b37d3a_nohash_1.wav,no,79b37d3a,val
DataSet_clean/no/79b37d3a_nohash_2.wav,no,79b37d3a,val
DataSet_clean/no/7ab5b8f7_nohash_0.wav,no,7ab5b8f7,test
DataSet_clean/no/7b2e879e_nohash_0.wav,no,7b2e879e,train
DataSet_clean/no/7bae88ed_nohash_0.wav,no,7bae88ed,test
DataSet_clean/no/7be5a0f3_nohash_0.wav,no,7be5a0f3,train
DataSet_clean/no/7be9f58a_nohash_0.wav,no,7be9f58a,test
DataSet_clean/no/7bf801d1_nohash_0.wav,no,7bf801d1,train
DataSet_clean/no/7c1d8533_nohash_0.wav,no,7c1d8533,val
DataSet_clean/no/7c1d8533_nohash_1.wav,no,7c1d8533,val
DataSet_clean/no/7c1d8533_nohash_2.wav,no,7c1d8533,val
DataSet_clean/no/7c83c5f6_nohash_0.wav,no,7c83c5f6,train
DataSet_clean/no/7c83c5f6_nohash_1.wav,no,7c83c5f6,train
DataSet_clean/no/7c83c5f6_nohash_2.wav,no,7c83c5f6,train
DataSet_clean/no/7c83c5f6_nohash_3.wav,no,7c83c5f6,train
DataSet_clean/no/7c83c5f6_nohash_4.wav,no,7c83c5f6,train
DataSet_clean/no/7c86c03e_nohash_0.wav,no,7c86c03e,train
DataSet_clean/no/7c86c03e_nohash_1.wav,no,7c86c03e,train
DataSet_clean/no/7c9b43f0_nohash_0.wav,no,7c9b43f0,train
DataSet_clean/no/7c9b43f0_nohash_1.wav,no,7c9b43f0,train
DataSet_clean/no/7cb5c0b7_nohash_0.wav,no,7cb5c0b7,train
DataSet_clean/no/7cb5c0b7_nohash_1.wav,no,7cb5c0b7,train
DataSet_clean/no/7cf14c54_nohash_0.wav,no,7cf14c54,train
DataSet_clean/no/7cf14c54_nohash_1.wav,no,7cf14c54,train
DataSet_clean/no/7cf14c54_nohash_2.wav,no,7cf14c54,train
DataSet_clean/no/7d4beb11_nohash_0.wav,no,7d4beb11,val
DataSet_clean/no/7d4beb11_nohash_1.wav,no,7d4beb11,val
DataSet_clean/no/7d5f87c8_nohash_0.wav,no,7d5f87c8,test
DataSet_clean/no/7d5f87c8_nohash_1.wav,no,7d5f87c8,test
DataSet_clean/no/7d6b4b10_nohash_0.wav,no,7d6b4b10,val
DataSet_clean/no/7d6b4b10_nohash_1.wav,no,7d6b4b10,val
DataSet_clean/no/7d6b4b10_nohash_2.wav,no,7d6b4b10,val
DataSet_clean/no/7d6b4b10_nohash_3.wav,no,7d6b4b10,val
DataSet_clean/no/7d6b4b10_nohash_4.wav,no,7d6b4b10,val
DataSet_clean/no/7d86b703_nohash_0.wav,no,7d86b703,train
DataSet_clean/no/7d8babdb_nohash_0.wav,no,7d8babdb,val
DataSet_clean/no/7dc50b88_nohash_0.wav,no,7dc50b88,train
DataSet_clean/no/7dc95912_nohash_0.wav,no,7dc95912,train
DataSet_clean/no/7e2d5caf_nohash_0.wav,no,7e2d5caf,train
DataSet_clean/no/7e4fa1d8_nohash_0.wav,no,7e4fa1d8,train
DataSet_clean/no/7e556a2c_nohash_0.wav,no,7e556a2c,val
DataSet_clean/no/7e783e3f_nohash_0.wav,no,7e783e3f,train
DataSet_clean/no/7e783e3f_nohash_1.wav,no,7e783e3f,train
DataSet_clean/no/7e7ca854_nohash_0.wav,no,7e7ca854,test
DataSet_clean/no/7e7ca854_nohash_1.wav,no,7e7ca854,test
DataSet_clean/no/7e7ca854_nohash_2.wav,no,7e7ca854,test
DataSet_clean/no/7e7ca854_nohash_3.wav,no,7e7ca854,test
DataSet_clean/no/7ea032f3_nohash_0.wav,no,7ea032f3,train
DataSet_clean/no/7ea032f3_nohash_1.wav,no,7ea032f3,train
DataSet_clean/no/7ea032f3_nohash_2.wav,no,7ea032f3,train
DataSet_clean/no/7eee5973_nohash_0.wav,no,7eee5973,val
DataSet_clean/no/7f581e94_nohash_0.wav,no,7f581e94,train
DataSet_clean/no/7f74626f_nohash_0.wav,no,7f74626f,train
DataSet_clean/no/7f74626f_nohash_1.wav,no,7f74626f,train
DataSet_clean/no/7f74626f_nohash_2.wav,no,7f74626f,train
DataSet_clean/no/7f74626f_nohash_3.wav,no,7f74626f,train
DataSet_clean/no/7f74626f_nohash_4.wav,no,7f74626f,train
DataSet_clean/no/7f9eb952_nohash_0.wav,no,7f9eb952,train
DataSet_clean/no/7f9eb952_nohash_1.wav,no,7f9eb952,train
DataSet_clean/no/7f9eb952_nohash_2.wav,no,7f9eb952,train
DataSet_clean/no/7f9eb952_nohash_3.wav,no,7f9eb952,train
DataSet_clean/no/7fb8d703_nohash_0.wav,no,7fb8d703,test
DataSet_clean/no/7fb8d703_nohash_1.wav,no,7fb8d703,test
DataSet_clean/no/7fb8d703_nohash_2.wav,no,7fb8d703,test
DataSet_clean/no/7fb8d703_nohash_3.wav,no,7fb8d703,test
DataSet_clean/no/7fb8d703_nohash_4.wav,no,7fb8d703,test
DataSet_clean/no/7fd25f7c_nohash_0.wav,no,7fd25f7c,train
DataSet_clean/no/7fd25f7c_nohash_1.wav,no,7fd25f7c,train
DataSet_clean/no/7fd25f7c_nohash_2.wav,no,7fd25f7c,train
DataSet_clean/no/7fd25f7c_nohash_3.wav,no,7fd25f7c,train
DataSet_clean/no/7ff4fc72_nohash_0.wav,no,7ff4fc72,val
DataSet_clean/no/8012c69d_nohash_0.wav,no,8012c69d,test
DataSet_clean/no/8012c69d_nohash_1.wav,no,8012c69d,test
DataSet_clean/no/8012c69d_nohash_2.wav,no,8012c69d,test
DataSet_clean/no/8012c69d_nohash_3.wav,no,8012c69d,test
DataSet_clean/no/8012c69d_nohash_4.wav,no,8012c69d,test
DataSet_clean/no/8056e897_nohash_0.wav,no,8056e897,test
DataSet_clean/no/80f056c0_nohash_0.wav,no,80f056c0,train
DataSet_clean/no/80fe1dc7_nohash_0.wav,no,80fe1dc7,train
DataSet_clean/no/81332c92_nohash_0.wav,no,81332c92,train
DataSet_clean/no/81332c92_nohash_1.wav,no,81332c92,train
DataSet_clean/no/81332c92_nohash_2.wav,no,81332c92,train
DataSet_clean/no/81332c92_nohash_3.wav,no,81332c92,train
DataSet_clean/no/81332c92_nohash_4.wav,no,81332c92,train
DataSet_clean/no/8134f43f_nohash_0.wav,no,8134f43f,test
DataSet_clean/no/8134f43f_nohash_1.wav,no,8134f43f,test
DataSet_clean/no/8134f43f_nohash_2.wav,no,8134f43f,test
DataSet_clean/no/8134f43f_nohash_3.wav,no,8134f43f,test
DataSet_clean/no/8134f43f_nohash_4.wav,no,8134f43f,test
DataSet_clean/no/815f0f03_nohash_0.wav,no,815f0f03,test
DataSet_clean/no/81898f68_nohash_0.wav,no,81898f68,train
DataSet_clean/no/81a345a3_nohash_0.wav,no,81a345a3,test
DataSet_clean/no/821b64cc_nohash_0.wav,no,821b64cc,train
DataSet_clean/no/821b64cc_nohash_1.wav,no,821b64cc,train
DataSet_clean/no/82305c3a_nohash_0.wav,no,82305c3a,val
DataSet_clean/no/824e8ce5_nohash_0.wav,no,824e8ce5,train
DataSet_clean/no/825f450d_nohash_0.wav,no,825f450d,train
DataSet_clean/no/8281a2a8_nohash_0.wav,no,8281a2a8,train
DataSet_clean/no/8281a2a8_nohash_1.wav,no,8281a2a8,train
DataSet_clean/no/8281a2a8_nohash_2.wav,no,8281a2a8,train
DataSet_clean/no/8281a2a8_nohash_3.wav,no,8281a2a8,train
DataSet_clean/no/8281a2a8_nohash_4.wav,no,8281a2a8,train
DataSet_clean/no/82b99576_nohash_0.wav,no,82b99576,train
DataSet_clean/no/82b99576_nohash_1.wav,no,82b99576,train
DataSet_clean/no/82b99576_nohash_2.wav,no,82b99576,train
DataSet_clean/no/82c6d220_nohash_0.wav,no,82c6d220,test
DataSet_clean/no/82d0d3ba_nohash_0.wav,no,82d0d3ba,train
DataSet_clean/no/82e7204d_nohash_0.wav,no,82e7204d,test
DataSet_clean/no/833a0279_nohash_0.wav,no,833a0279,val
DataSet_clean/no/833d9f56_nohash_0.wav,no,833d9f56,train
DataSet_clean/no/833d9f56_nohash_1.wav,no,833d9f56,train
DataSet_clean/no/833d9f56_nohash_2.wav,no,833d9f56,train
DataSet_clean/no/833d9f56_nohash_3.wav,no,833d9f56,train
DataSet_clean/no/833d9f56_nohash_4.wav,no,833d9f56,train
DataSet_clean/no/834f03fe_nohash_0.wav,no,834f03fe,val
DataSet_clean/no/834f03fe_nohash_1.wav,no,834f03fe,val
DataSet_clean/no/834f03fe_nohash_2.wav,no,834f03fe,val
DataSet_clean/no/834f03fe_nohash_3.wav,no,834f03fe,val
DataSet_clean/no/834f03fe_nohash_4.wav,no,834f03fe,val
DataSet_clean/no/8353fea1_nohash_0.wav,no,8353fea1,train
DataSet_clean/no/837a0f64_nohash_0.wav,no,837a0f64,train
DataSet_clean/no/837a0f64_nohash_1.wav,no,837a0f64,train
DataSet_clean/no/837a0f64_nohash_2.wav,no,837a0f64,train
DataSet_clean/no/837a0f64_nohash_3.wav,no,837a0f64,train
DataSet_clean/no/837a0f64_nohash_4.wav,no,837a0f64,train
DataSet_clean/no/837f7378_nohash_0.wav,no,837f7378,train
DataSet_clean/no/837f7378_nohash_1.wav,no,837f7378,train
DataSet_clean/no/83957201_nohash_0.wav,no,83957201,train
DataSet_clean/no/83c9e7e6_nohash_0.wav,no,83c9e7e6,train
DataSet_clean/no/840eab5a_nohash_0.wav,no,840eab5a,train
DataSet_clean/no/8442ea62_nohash_0.wav,no,8442ea62,val
DataSet_clean/no/845f8553_nohash_0.wav,no,845f8553,train
DataSet_clean/no/845f8553_nohash_1.wav,no,845f8553,train
DataSet_clean/no/845f8553_nohash_2.wav,no,845f8553,train
DataSet_clean/no/845f8553_nohash_3.wav,no,845f8553,train
DataSet_clean/no/845f8553_nohash_4.wav,no,845f8553,train
DataSet_clean/no/8494fba8_nohash_0.wav,no,8494fba8,train
DataSet_clean/no/8494fba8_nohash_1.wav,no,8494fba8,train
DataSet_clean/no/84999496_nohash_0.wav,no,84999496,train
DataSet_clean/no/84bf12ff_nohash_0.wav,no,84bf12ff,test
DataSet_clean/no/84bf12ff_nohash_1.wav,no,84bf12ff,test
DataSet_clean/no/84d1e469_nohash_0.wav,no,84d1e469,train
DataSet_clean/no/84d1e469_nohash_1.wav,no,84d1e469,train
DataSet_clean/no/84d1e469_nohash_2.wav,no,84d1e469,train
DataSet_clean/no/850e2222_nohash_0.wav,no,850e2222,train
DataSet_clean/no/8523766b_nohash_0.wav,no,8523766b,train
DataSet_clean/no/8523766b_nohash_1.wav,no,8523766b,train
DataSet_clean/no/8549f25d_nohash_0.wav,no,8549f25d,test
DataSet_clean/no/8549f25d_nohash_1.wav,no,8549f25d,test
DataSet_clean/no/856eb138_nohash_0.wav,no,856eb138,test
DataSet_clean/no/856eb138_nohash_1.wav,no,856eb138,test
DataSet_clean/no/856eb138_nohash_2.wav,no,856eb138,test
DataSet_clean/no/856eb138_nohash_3.wav,no,856eb138,test
DataSet_clean/no/856eb138_nohash_4.wav,no,856eb138,test
DataSet_clean/no/85834399_nohash_0.wav,no,85834399,train
DataSet_clean/no/85834399_nohash_1.wav,no,85834399,train
DataSet_clean/no/85834399_nohash_2.wav,no,85834399,train
DataSet_clean/no/85851131_nohash_0.wav,no,85851131,test
DataSet_clean/no/85851131_nohash_1.wav,no,85851131,test
DataSet_clean/no/85851131_nohash_2.wav,no,85851131,test
DataSet_clean/no/85851131_nohash_3.wav,no,85851131,test
DataSet_clean/no/85851131_nohash_4.wav,no,85851131,test
DataSet_clean/no/85ac0c1b_nohash_0.wav,no,85ac0c1b,test
DataSet_clean/no/85ac0c1b_nohash_1.wav,no,85ac0c1b,test
DataSet_clean/no/85ac0c1b_nohash_2.wav,no,85ac0c1b,test
DataSet_clean/no/85c60942_nohash_0.wav,no,85c60942,val
DataSet_clean/no/85c60942_nohash_1.wav,no,85c60942,val
DataSet_clean/no/8625475c_nohash_0.wav,no,8625475c,train
DataSet_clean/no/863880b7_nohash_0.wav,no,863880b7,test
DataSet_clean/no/863880b7_nohash_1.wav,no,863880b7,test
DataSet_clean/no/86478fab_nohash_0.wav,no,86478fab,train
DataSet_clean/no/86cb59b2_nohash_0.wav,no,86cb59b2,train
DataSet_clean/no/86cb59b2_nohash_1.wav,no,86cb59b2,train
DataSet_clean/no/86cb59b2_nohash_2.wav,no,86cb59b2,train
DataSet_clean/no/86cb59b2_nohash_3.wav,no,86cb59b2,train
DataSet_clean/no/86f12ac0_nohash_0.wav,no,86f12ac0,train
DataSet_clean/no/86f12ac0_nohash_1.wav,no,86f12ac0,train
DataSet_clean/no/86f3558f_nohash_0.wav,no,86f3558f,train
DataSet_clean/no/86fa2dcd_nohash_0.wav,no,86fa2dcd,train
DataSet_clean/no/86fa2dcd_nohash_1.wav,no,86fa2dcd,train
DataSet_clean/no/87014d40_nohash_0.wav,no,87014d40,test
DataSet_clean/no/87014d40_nohash_1.wav,no,87014d40,test
DataSet_clean/no/87070229_nohash_0.wav,no,87070229,train
DataSet_clean/no/87070229_nohash_1.wav,no,87070229,train
DataSet_clean/no/87070229_nohash_2.wav,no,87070229,train
DataSet_clean/no/87070229_nohash_3.wav,no,87070229,train
DataSet_clean/no/8769c34c_nohash_0.wav,no,8769c34c,train
DataSet_clean/no/8769c34c_nohash_1.wav,no,8769c34c,train
DataSet_clean/no/8769c34c_nohash_2.wav,no,8769c34c,train
DataSet_clean/no/876c84d6_nohash_0.wav,no,876c84d6,val
DataSet_clean/no/876c84d6_nohash_1.wav,no,876c84d6,val
DataSet_clean/no/876c84d6_nohash_2.wav,no,876c84d6,val
DataSet_clean/no/87728a88_nohash_0.wav,no,87728a88,train
DataSet_clean/no/878befa7_nohash_0.wav,no,878befa7,train
DataSet_clean/no/878befa7_nohash_1.wav,no,878befa7,train
DataSet_clean/no/878befa7_nohash_2.wav,no,878befa7,train
DataSet_clean/no/879a2b38_nohash_0.wav,no,879a2b38,train
DataSet_clean/no/879a2b38_nohash_1.wav,no,879a2b38,train
DataSet_clean/no/879a2b38_nohash_2.wav,no,879a2b38,train
DataSet_clean/no/87d5e978_nohash_0.wav,no,87d5e978,train
DataSet_clean/no/87d5e978_nohash_1.wav,no,87d5e978,train
DataSet_clean/no/87d5e978_nohash_2.wav,no,87d5e978,train
DataSet_clean/no/87d5e978_nohash_3.wav,no,87d5e978,train
DataSet_clean/no/87d5e978_nohash_4.wav,no,87d5e978,train
DataSet_clean/no/88053e92_nohash_0.wav,no,88053e92,train
DataSet_clean/no/88053e92_nohash_1.wav,no,88053e92,train
DataSet_clean/no/88120683_nohash_0.wav,no,88120683,train
DataSet_clean/no/881583a6_nohash_0.wav,no,881583a6,val
DataSet_clean/no/881583a6_nohash_1.wav,no,881583a6,val
DataSet_clean/no/881583a6_nohash_2.wav,no,881583a6,val
DataSet_clean/no/884ae8e1_nohash_0.wav,no,884ae8e1,test
DataSet_clean/no/884ae8e1_nohash_1.wav,no,884ae8e1,test
DataSet_clean/no/888a0c49_nohash_0.wav,no,888a0c49,train
DataSet_clean/no/888a0c49_nohash_1.wav,no,888a0c49,train
DataSet_clean/no/888a0c49_nohash_2.wav,no,888a0c49,train
DataSet_clean/no/888a0c49_nohash_3.wav,no,888a0c49,train
DataSet_clean/no/888a0c49_nohash_4.wav,no,888a0c49,train
DataSet_clean/no/88a487ce_nohash_0.wav,no,88a487ce,train
DataSet_clean/no/88a487ce_nohash_1.wav,no,88a487ce,train
DataSet_clean/no/88f3719f_nohash_0.wav,no,88f3719f,val
DataSet_clean/no/88f8a99c_nohash_0.wav,no,88f8a99c,test
DataSet_clean/no/88f8a99c_nohash_1.wav,no,88f8a99c,test
DataSet_clean/no/890cc926_nohash_0.wav,no,890cc926,train
DataSet_clean/no/890cc926_nohash_1.wav,no,890cc926,train
DataSet_clean/no/890cc926_nohash_2.wav,no,890cc926,train
DataSet_clean/no/890cc926_nohash_3.wav,no,890cc926,train
DataSet_clean/no/890cc926_nohash_4.wav,no,890cc926,train
DataSet_clean/no/890e4ee2_nohash_0.wav,no,890e4ee2,train
DataSet_clean/no/8910e5ef_nohash_0.wav,no,8910e5ef,train
DataSet_clean/no/8910e5ef_nohash_1.wav,no,8910e5ef,train
DataSet_clean/no/8931f494_nohash_0.wav,no,8931f494,test
DataSet_clean/no/893705bb_nohash_0.wav,no,893705bb,test
DataSet_clean/no/893705bb_nohash_1.wav,no,893705bb,test
DataSet_clean/no/893705bb_nohash_10.wav,no,893705bb,test
DataSet_clean/no/893705bb_nohash_11.wav,no,893705bb,test
DataSet_clean/no/893705bb_nohash_12.wav,no,893705bb,test
DataSet_clean/no/893705bb_nohash_2.wav,no,893705bb,test
DataSet_clean/no/893705bb_nohash_3.wav,no,893705bb,test
DataSet_clean/no/893705bb_nohash_4.wav,no,893705bb,test
DataSet_clean/no/893705bb_nohash_5.wav,no,893705bb,test
DataSet_clean/no/893705bb_nohash_6.wav,no,893705bb,test
DataSet_clean/no/893705bb_nohash_7.wav,no,893705bb,test
DataSet_clean/no/893705bb_nohash_8.wav,no,893705bb,test
DataSet_clean/no/893705bb_nohash_9.wav,no,893705bb,test
DataSet_clean/no/893b3c11_nohash_0.wav,no,893b3c11,test
DataSet_clean/no/89947bd7_nohash_0.wav,no,89947bd7,train
DataSet_clean/no/89947bd7_nohash_1.wav,no,89947bd7,train
DataSet_clean/no/89947bd7_nohash_2.wav,no,89947bd7,train
DataSet_clean/no/89947bd7_nohash_3.wav,no,89947bd7,train
DataSet_clean/no/89947bd7_nohash_4.wav,no,89947bd7,train
DataSet_clean/no/89d6d11e_nohash_0.wav,no,89d6d11e,test
DataSet_clean/no/89d6d11e_nohash_1.wav,no,89d6d11e,test
DataSet_clean/no/89ed36ab_nohash_0.wav,no,89ed36ab,train
DataSet_clean/no/89f3ab7d_nohash_0.wav,no,89f3ab7d,test
DataSet_clean/no/89f3ab7d_nohash_1.wav,no,89f3ab7d,test
DataSet_clean/no/89f680f3_nohash_0.wav,no,89f680f3,train
DataSet_clean/no/89f680f3_nohash_1.wav,no,89f680f3,train
DataSet_clean/no/8a194ee6_nohash_0.wav,no,8a194ee6,train
DataSet_clean/no/8a194ee6_nohash_1.wav,no,8a194ee6,train
DataSet_clean/no/8a1c449e_nohash_0.wav,no,8a1c449e,val
DataSet_clean/no/8a1c449e_nohash_1.wav,no,8a1c449e,val
DataSet_clean/no/8a28231e_nohash_0.wav,no,8a28231e,test
DataSet_clean/no/8a325749_nohash_0.wav,no,8a325749,train
DataSet_clean/no/8a5acefd_nohash_0.wav,no,8a5acefd,train
DataSet_clean/no/8a744054_nohash_0.wav,no,8a744054,train
DataSet_clean/no/8a8756a4_nohash_0.wav,no,8a8756a4,train
DataSet_clean/no/8a90cf67_nohash_0.wav,no,8a90cf67,train
DataSet_clean/no/8a90cf67_nohash_1.wav,no,8a90cf67,train
DataSet_clean/no/8a90cf67_nohash_2.wav,no,8a90cf67,train
DataSet_clean/no/8b25410a_nohash_0.wav,no,8b25410a,train
DataSet_clean/no/8b25410a_nohash_1.wav,no,8b25410a,train
DataSet_clean/no/8b25410a_nohash_2.wav,no,8b25410a,train
DataSet_clean/no/8b25410a_nohash_3.wav,no,8b25410a,train
DataSet_clean/no/8b775397_nohash_0.wav,no,8b775397,train
DataSet_clean/no/8bbd98d0_nohash_0.wav,no,8bbd98d0,test
DataSet_clean/no/8bf6acb9_nohash_0.wav,no,8bf6acb9,train
DataSet_clean/no/8c3c4715_nohash_0.wav,no,8c3c4715,train
DataSet_clean/no/8c4854bc_nohash_0.wav,no,8c4854bc,test
DataSet_clean/no/8c7b691a_nohash_0.wav,no,8c7b691a,train
DataSet_clean/no/8c7c9168_nohash_0.wav,no,8c7c9168,train
DataSet_clean/no/8c7f81df_nohash_0.wav,no,8c7f81df,val
DataSet_clean/no/8c7f81df_nohash_1.wav,no,8c7f81df,val
DataSet_clean/no/8d4cdc60_nohash_0.wav,no,8d4cdc60,train
DataSet_clean/no/8d5e1dc0_nohash_0.wav,no,8d5e1dc0,train
DataSet_clean/no/8d9cc260_nohash_0.wav,no,8d9cc260,test
DataSet_clean/no/8d9cc260_nohash_1.wav,no,8d9cc260,test
DataSet_clean/no/8dc18a75_nohash_0.wav,no,8dc18a75,test
DataSet_clean/no/8dc18a75_nohash_1.wav,no,8dc18a75,test
DataSet_clean/no/8dc18a75_nohash_2.wav,no,8dc18a75,test
DataSet_clean/no/8dc18a75_nohash_3.wav,no,8dc18a75,test
DataSet_clean/no/8dc18a75_nohash_4.wav,no,8dc18a75,test
DataSet_clean/no/8dc26a15_nohash_0.wav,no,8dc26a15,train
DataSet_clean/no/8dc26a15_nohash_1.wav,no,8dc26a15,train
DataSet_clean/no/8dd24423_nohash_0.wav,no,8dd24423,test
DataSet_clean/no/8dd788d8_nohash_0.wav,no,8dd788d8,train
DataSet_clean/no/8dd788d8_nohash_1.wav,no,8dd788d8,train
DataSet_clean/no/8e05039f_nohash_0.wav,no,8e05039f,val
DataSet_clean/no/8e05039f_nohash_1.wav,no,8e05039f,val
DataSet_clean/no/8e05039f_nohash_2.wav,no,8e05039f,val
DataSet_clean/no/8e05039f_nohash_3.wav,no,8e05039f,val
DataSet_clean/no/8e05039f_nohash_4.wav,no,8e05039f,val
DataSet_clean/no/8e523821_nohash_0.wav,no,8e523821,train
DataSet_clean/no/8e523821_nohash_1.wav,no,8e523821,train
DataSet_clean/no/8e523821_nohash_2.wav,no,8e523821,train
DataSet_clean/no/8e523821_nohash_3.wav,no,8e523821,train
DataSet_clean/no/8e523821_nohash_4.wav,no,8e523821,train
DataSet_clean/no/8e884ec4_nohash_0.wav,no,8e884ec4,train
DataSet_clean/no/8eb4a1bf_nohash_0.wav,no,8eb4a1bf,train
DataSet_clean/no/8eb4a1bf_nohash_1.wav,no,8eb4a1bf,train
DataSet_clean/no/8eb4a1bf_nohash_2.wav,no,8eb4a1bf,train
DataSet_clean/no/8eb4a1bf_nohash_3.wav,no,8eb4a1bf,train
DataSet_clean/no/8ec6dab6_nohash_0.wav,no,8ec6dab6,train
DataSet_clean/no/8ec6dab6_nohash_1.wav,no,8ec6dab6,train
DataSet_clean/no/8ec6dab6_nohash_2.wav,no,8ec6dab6,train
DataSet_clean/no/8ed25ef8_nohash_0.wav,no,8ed25ef8,test
DataSet_clean/no/8ed25ef8_nohash_1.wav,no,8ed25ef8,test
DataSet_clean/no/8f3f252c_nohash_0.wav,no,8f3f252c,train
DataSet_clean/no/8f4c551f_nohash_0.wav,no,8f4c551f,train
DataSet_clean/no/8f4c551f_nohash_1.wav,no,8f4c551f,train
DataSet_clean/no/8fe52b97_nohash_0.wav,no,8fe52b97,test
DataSet_clean/no/8fe52b97_nohash_1.wav,no,8fe52b97,test
DataSet_clean/no/8fe67225_nohash_0.wav,no,8fe67225,train
DataSet_clean/no/8fe67225_nohash_1.wav,no,8fe67225,train
DataSet_clean/no/8fe67225_nohash_2.wav,no,8fe67225,train
DataSet_clean/no/8fe67225_nohash_3.wav,no,8fe67225,train
DataSet_clean/no/8fe67225_nohash_4.wav,no,8fe67225,train
DataSet_clean/no/8ff44869_nohash_0.wav,no,8ff44869,train
DataSet_clean/no/8ff44869_nohash_1.wav,no,8ff44869,train
DataSet_clean/no/902258bb_nohash_0.wav,no,902258bb,train
DataSet_clean/no/90645155_nohash_0.wav,no,90645155,train
DataSet_clean/no/90804775_nohash_0.wav,no,90804775,train
DataSet_clean/no/90b0b91a_nohash_0.wav,no,90b0b91a,test
DataSet_clean/no/90b0b91a_nohash_1.wav,no,90b0b91a,test
DataSet_clean/no/90b0b91a_nohash_2.wav,no,90b0b91a,test
DataSet_clean/no/90b0b91a_nohash_3.wav,no,90b0b91a,test
DataSet_clean/no/90b94017_nohash_0.wav,no,90b94017,train
DataSet_clean/no/90e72357_nohash_0.wav,no,90e72357,val
DataSet_clean/no/90e72357_nohash_1.wav,no,90e72357,val
DataSet_clean/no/90e72357_nohash_2.wav,no,90e72357,val
DataSet_clean/no/9151f184_nohash_0.wav,no,9151f184,test
DataSet_clean/no/9151f184_nohash_1.wav,no,9151f184,test
DataSet_clean/no/9151f184_nohash_2.wav,no,9151f184,test
DataSet_clean/no/9151f184_nohash_3.wav,no,9151f184,test
DataSet_clean/no/9151f184_nohash_4.wav,no,9151f184,test
DataSet_clean/no/9190045a_nohash_0.wav,no,9190045a,train
DataSet_clean/no/919d3c0e_nohash_0.wav,no,919d3c0e,train
DataSet_clean/no/919d3c0e_nohash_1.wav,no,919d3c0e,train
DataSet_clean/no/91b03183_nohash_0.wav,no,91b03183,train
DataSet_clean/no/91b03183_nohash_1.wav,no,91b03183,train
DataSet_clean/no/91b03183_nohash_2.wav,no,91b03183,train
DataSet_clean/no/91b03183_nohash_3.wav,no,91b03183,train
DataSet_clean/no/91ffb786_nohash_0.wav,no,91ffb786,train
DataSet_clean/no/91ffb786_nohash_1.wav,no,91ffb786,train
DataSet_clean/no/91ffb786_nohash_2.wav,no,91ffb786,train
DataSet_clean/no/92037d73_nohash_0.wav,no,92037d73,val
DataSet_clean/no/9229bff9_nohash_0.wav,no,9229bff9,train
DataSet_clean/no/924c1a04_nohash_0.wav,no,924c1a04,val
DataSet_clean/no/92a9c5e6_nohash_0.wav,no,92a9c5e6,train
DataSet_clean/no/92a9c5e6_nohash_1.wav,no,92a9c5e6,train
DataSet_clean/no/92a9c5e6_nohash_2.wav,no,92a9c5e6,train
DataSet_clean/no/92a9c5e6_nohash_3.wav,no,92a9c5e6,train
DataSet_clean/no/92b2bf59_nohash_0.wav,no,92b2bf59,train
DataSet_clean/no/93cf902e_nohash_0.wav,no,93cf902e,train
DataSet_clean/no/93ec8b84_nohash_0.wav,no,93ec8b84,train
DataSet_clean/no/93ec8b84_nohash_1.wav,no,93ec8b84,train
DataSet_clean/no/93f30cc4_nohash_0.wav,no,93f30cc4,train
DataSet_clean/no/9448c397_nohash_0.wav,no,9448c397,val
DataSet_clean/no/9448c397_nohash_1.wav,no,9448c397,val
DataSet_clean/no/9448c397_nohash_2.wav,no,9448c397,val
DataSet_clean/no/9448c397_nohash_3.wav,no,9448c397,val
DataSet_clean/no/9448c397_nohash_4.wav,no,9448c397,val
DataSet_clean/no/94d370bf_nohash_0.wav,no,94d370bf,train
DataSet_clean/no/94d370bf_nohash_1.wav,no,94d370bf,train
DataSet_clean/no/94d370bf_nohash_2.wav,no,94d370bf,train
DataSet_clean/no/94d370bf_nohash_3.wav,no,94d370bf,train
DataSet_clean/no/94d370bf_nohash_4.wav,no,94d370bf,train
DataSet_clean/no/94de6a6a_nohash_0.wav,no,94de6a6a,val
DataSet_clean/no/94de6a6a_nohash_1.wav,no,94de6a6a,val
DataSet_clean/no/94de6a6a_nohash_2.wav,no,94de6a6a,val
DataSet_clean/no/94de6a6a_nohash_3.wav,no,94de6a6a,val
DataSet_clean/no/94de6a6a_nohash_4.wav,no,94de6a6a,val
DataSet_clean/no/951cac20_nohash_0.wav,no,951cac20,train
DataSet_clean/no/951cac20_nohash_1.wav,no,951cac20,train
DataSet_clean/no/951cac20_nohash_2.wav,no,951cac20,train
DataSet_clean/no/951cac20_nohash_3.wav,no,951cac20,train
DataSet_clean/no/953fe1ad_nohash_0.wav,no,953fe1ad,train
DataSet_clean/no/953fe1ad_nohash_1.wav,no,953fe1ad,train
DataSet_clean/no/953fe1ad_nohash_2.wav,no,953fe1ad,train
DataSet_clean/no/953fe1ad_nohash_3.wav,no,953fe1ad,train
DataSet_clean/no/953fe1ad_nohash_4.wav,no,953fe1ad,train
DataSet_clean/no/954f190f_nohash_0.wav,no,954f190f,train
DataSet_clean/no/9587481f_nohash_0.wav,no,9587481f,val
DataSet_clean/no/9587481f_nohash_1.wav,no,9587481f,val
DataSet_clean/no/95fd5a0f_nohash_0.wav,no,95fd5a0f,val
DataSet_clean/no/95fd5a0f_nohash_1.wav,no,95fd5a0f,val
DataSet_clean/no/95fd5a0f_nohash_2.wav,no,95fd5a0f,val
DataSet_clean/no/95fd5a0f_nohash_3.wav,no,95fd5a0f,val
DataSet_clean/no/95fd5a0f_nohash_4.wav,no,95fd5a0f,val
DataSet_clean/no/95fd5a0f_nohash_5.wav,no,95fd5a0f,val
DataSet_clean/no/9637f43f_nohash_0.wav,no,9637f43f,train
DataSet_clean/no/9637f43f_nohash_1.wav,no,9637f43f,train
DataSet_clean/no/9637f43f_nohash_2.wav,no,9637f43f,train
DataSet_clean/no/964e8cfd_nohash_0.wav,no,964e8cfd,train
DataSet_clean/no/964e8cfd_nohash_1.wav,no,964e8cfd,train
DataSet_clean/no/964e8cfd_nohash_2.wav,no,964e8cfd,train
DataSet_clean/no/964e8cfd_nohash_3.wav,no,964e8cfd,train
DataSet_clean/no/964e8cfd_nohash_4.wav,no,964e8cfd,train
DataSet_clean/no/96a48d28_nohash_0.wav,no,96a48d28,train
DataSet_clean/no/96a48d28_nohash_1.wav,no,96a48d28,train
DataSet_clean/no/96a48d28_nohash_2.wav,no,96a48d28,train
DataSet_clean/no/96a48d28_nohash_3.wav,no,96a48d28,train
DataSet_clean/no/96a48d28_nohash_4.wav,no,96a48d28,train
DataSet_clean/no/96c67073_nohash_0.wav,no,96c67073,train
DataSet_clean/no/96c67073_nohash_1.wav,no,96c67073,train
DataSet_clean/no/96c67073_nohash_2.wav,no,96c67073,train
DataSet_clean/no/96cd0255_nohash_0.wav,no,96cd0255,train
DataSet_clean/no/96d5276f_nohash_0.wav,no,96d5276f,train
DataSet_clean/no/96d5276f_nohash_1.wav,no,96d5276f,train
DataSet_clean/no/96d8bb6f_nohash_0.wav,no,96d8bb6f,train
DataSet_clean/no/96d8bb6f_nohash_1.wav,no,96d8bb6f,train
DataSet_clean/no/96d8bb6f_nohash_2.wav,no,96d8bb6f,train
DataSet_clean/no/96de5e7f_nohash_0.wav,no,96de5e7f,train
DataSet_clean/no/96de5e7f_nohash_1.wav,no,96de5e7f,train
DataSet_clean/no/9712cce0_nohash_0.wav,no,9712cce0,train
DataSet_clean/no/977a3be4_nohash_0.wav,no,977a3be4,test
DataSet_clean/no/978240e1_nohash_0.wav,no,978240e1,test
DataSet_clean/no/978240e1_nohash_1.wav,no,978240e1,test
DataSet_clean/no/978240e1_nohash_2.wav,no,978240e1,test
DataSet_clean/no/9785931e_nohash_0.wav,no,9785931e,val
DataSet_clean/no/9785931e_nohash_1.wav,no,9785931e,val
DataSet_clean/no/9785931e_nohash_2.wav,no,9785931e,val
DataSet_clean/no/97ae8b25_nohash_0.wav,no,97ae8b25,train
DataSet_clean/no/97cbf436_nohash_0.wav,no,97cbf436,train
DataSet_clean/no/97f493b9_nohash_0.wav,no,97f493b9,train
DataSet_clean/no/97f493b9_nohash_1.wav,no,97f493b9,train
DataSet_clean/no/97f4c236_nohash_0.wav,no,97f4c236,train
DataSet_clean/no/97f4c236_nohash_1.wav,no,97f4c236,train
DataSet_clean/no/97f4c236_nohash_2.wav,no,97f4c236,train
DataSet_clean/no/97f4c236_nohash_3.wav,no,97f4c236,train
DataSet_clean/no/97f4c236_nohash_4.wav,no,97f4c236,train
DataSet_clean/no/98170b49_nohash_0.wav,no,98170b49,train
DataSet_clean/no/981e2a16_nohash_0.wav,no,981e2a16,train
DataSet_clean/no/983577be_nohash_0.wav,no,983577be,test
DataSet_clean/no/9886d8bf_nohash_0.wav,no,9886d8bf,train
DataSet_clean/no/9886d8bf_nohash_1.wav,no,9886d8bf,train
DataSet_clean/no/9886d8bf_nohash_2.wav,no,9886d8bf,train
DataSet_clean/no/9886d8bf_nohash_3.wav,no,9886d8bf,train
DataSet_clean/no/9886d8bf_nohash_4.wav,no,9886d8bf,train
DataSet_clean/no/988e2f9a_nohash_0.wav,no,988e2f9a,train
DataSet_clean/no/988e2f9a_nohash_1.wav,no,988e2f9a,train
DataSet_clean/no/988e2f9a_nohash_2.wav,no,988e2f9a,train
DataSet_clean/no/989a2213_nohash_0.wav,no,989a2213,train
DataSet_clean/no/98ea0818_nohash_0.wav,no,98ea0818,test
DataSet_clean/no/98ea0818_nohash_1.wav,no,98ea0818,test
DataSet_clean/no/98ea0818_nohash_2.wav,no,98ea0818,test
DataSet_clean/no/98ea0818_nohash_3.wav,no,98ea0818,test
DataSet_clean/no/98ea0818_nohash_4.wav,no,98ea0818,test
DataSet_clean/no/98f4f088_nohash_0.wav,no,98f4f088,train
DataSet_clean/no/997867e7_nohash_0.wav,no,997867e7,train
DataSet_clean/no/99a9b015_nohash_0.wav,no,99a9b015,train
DataSet_clean/no/99a9b015_nohash_1.wav,no,99a9b015,train
DataSet_clean/no/99fad6a0_nohash_0.wav,no,99fad6a0,test
DataSet_clean/no/9a356ab9_nohash_0.wav,no,9a356ab9,train
DataSet_clean/no/9a3f97f8_nohash_0.wav,no,9a3f97f8,train
DataSet_clean/no/9a3f97f8_nohash_1.wav,no,9a3f97f8,train
DataSet_clean/no/9a5db2cb_nohash_0.wav,no,9a5db2cb,train
DataSet_clean/no/9a69672b_nohash_0.wav,no,9a69672b,test
DataSet_clean/no/9a69672b_nohash_1.wav,no,9a69672b,test
DataSet_clean/no/9a69672b_nohash_2.wav,no,9a69672b,test
DataSet_clean/no/9a69672b_nohash_3.wav,no,9a69672b,test
DataSet_clean/no/9a69672b_nohash_4.wav,no,9a69672b,test
DataSet_clean/no/9a76f8c3_nohash_0.wav,no,9a76f8c3,test
DataSet_clean/no/9a76f8c3_nohash_1.wav,no,9a76f8c3,test
DataSet_clean/no/9a76f8c3_nohash_2.wav,no,9a76f8c3,test
DataSet_clean/no/9a76f8c3_nohash_3.wav,no,9a76f8c3,test
DataSet_clean/no/9a7c1f83_nohash_0.wav,no,9a7c1f83,train
DataSet_clean/no/9a7c1f83_nohash_1.wav,no,9a7c1f83,train
DataSet_clean/no/9a7c1f83_nohash_2.wav,no,9a7c1f83,train
DataSet_clean/no/9a7c1f83_nohash_3.wav,no,9a7c1f83,train
DataSet_clean/no/9a8d8d34_nohash_0.wav,no,9a8d8d34,train
DataSet_clean/no/9a8d8d34_nohash_1.wav,no,9a8d8d34,train
DataSet_clean/no/9aa21fa9_nohash_0.wav,no,9aa21fa9,train
DataSet_clean/no/9aa21fa9_nohash_1.wav,no,9aa21fa9,train
DataSet_clean/no/9aa21fa9_nohash_2.wav,no,9aa21fa9,train
DataSet_clean/no/9aa21fa9_nohash_3.wav,no,9aa21fa9,train
DataSet_clean/no/9aa21fa9_nohash_4.wav,no,9aa21fa9,train
DataSet_clean/no/9acd0254_nohash_0.wav,no,9acd0254,train
DataSet_clean/no/9acd0254_nohash_1.wav,no,9acd0254,train
DataSet_clean/no/9b02d503_nohash_0.wav,no,9b02d503,train
DataSet_clean/no/9b02d503_nohash_1.wav,no,9b02d503,train
DataSet_clean/no/9b02d503_nohash_2.wav,no,9b02d503,train
DataSet_clean/no/9b02d503_nohash_3.wav,no,9b02d503,train
DataSet_clean/no/9b02d503_nohash_4.wav,no,9b02d503,train
DataSet_clean/no/9b02d503_nohash_5.wav,no,9b02d503,train
DataSet_clean/no/9b3ea809_nohash_0.wav,no,9b3ea809,train
DataSet_clean/no/9b402bc2_nohash_0.wav,no,9b402bc2,train
DataSet_clean/no/9b5815cd_nohash_0.wav,no,9b5815cd,train
DataSet_clean/no/9b6c08ba_nohash_0.wav,no,9b6c08ba,train
DataSet_clean/no/9b8a7439_nohash_0.wav,no,9b8a7439,train
DataSet_clean/no/9b8a7439_nohash_1.wav,no,9b8a7439,train
DataSet_clean/no/9b8a7439_nohash_2.wav,no,9b8a7439,train
DataSet_clean/no/9b8a7439_nohash_3.wav,no,9b8a7439,train
DataSet_clean/no/9be15e93_nohash_0.wav,no,9be15e93,val
DataSet_clean/no/9be15e93_nohash_1.wav,no,9be15e93,val
DataSet_clean/no/9be15e93_nohash_2.wav,no,9be15e93,val
DataSet_clean/no/9be15e93_nohash_3.wav,no,9be15e93,val
DataSet_clean/no/9be15e93_nohash_4.wav,no,9be15e93,val
DataSet_clean/no/9bea2ac7_nohash_0.wav,no,9bea2ac7,test
DataSet_clean/no/9beccfc8_nohash_0.wav,no,9beccfc8,train
DataSet_clean/no/9c59dd28_nohash_0.wav,no,9c59dd28,train
DataSet_clean/no/9c59dd28_nohash_1.wav,no,9c59dd28,train
DataSet_clean/no/9cde5de8_nohash_0.wav,no,9cde5de8,train
DataSet_clean/no/9d171fee_nohash_0.wav,no,9d171fee,val
DataSet_clean/no/9d32f10a_nohash_0.wav,no,9d32f10a,train
DataSet_clean/no/9d32f10a_nohash_1.wav,no,9d32f10a,train
DataSet_clean/no/9d8ac38b_nohash_0.wav,no,9d8ac38b,train
DataSet_clean/no/9db2bfe9_nohash_0.wav,no,9db2bfe9,val
DataSet_clean/no/9db2bfe9_nohash_1.wav,no,9db2bfe9,val
DataSet_clean/no/9db2bfe9_nohash_2.wav,no,9db2bfe9,val
DataSet_clean/no/9dcfba4b_nohash_0.wav,no,9dcfba4b,train
DataSet_clean/no/9dcfba4b_nohash_1.wav,no,9dcfba4b,train
DataSet_clean/no/9dcfba4b_nohash_2.wav,no,9dcfba4b,train
DataSet_clean/no/9e075bf1_nohash_0.wav,no,9e075bf1,train
DataSet_clean/no/9e2ce5e3_nohash_0.wav,no,9e2ce5e3,train
DataSet_clean/no/9e2ce5e3_nohash_1.wav,no,9e2ce5e3,train
DataSet_clean/no/9e2ce5e3_nohash_2.wav,no,9e2ce5e3,train
DataSet_clean/no/9e92ef0c_nohash_0.wav,no,9e92ef0c,train
DataSet_clean/no/9e92ef0c_nohash_1.wav,no,9e92ef0c,train
DataSet_clean/no/9e92ef0c_nohash_2.wav,no,9e92ef0c,train
DataSet_clean/no/9e92ef0c_nohash_3.wav,no,9e92ef0c,train
DataSet_clean/no/9e92ef0c_nohash_4.wav,no,9e92ef0c,train
DataSet_clean/no/9efe5140_nohash_0.wav,no,9efe5140,train
DataSet_clean/no/9f6fbdb4_nohash_0.wav,no,9f6fbdb4,train
DataSet_clean/no/9f6fbdb4_nohash_1.wav,no,9f6fbdb4,train
DataSet_clean/no/9f7079fe_nohash_0.wav,no,9f7079fe,train
DataSet_clean/no/9f869f70_nohash_0.wav,no,9f869f70,train
DataSet_clean/no/9f93e408_nohash_0.wav,no,9f93e408,val
DataSet_clean/no/9f93e408_nohash_1.wav,no,9f93e408,val
DataSet_clean/no/9f93e408_nohash_2.wav,no,9f93e408,val
DataSet_clean/no/9fac5701_nohash_0.wav,no,9fac5701,val
DataSet_clean/no/9fac5701_nohash_1.wav,no,9fac5701,val
DataSet_clean/no/9fac5701_nohash_2.wav,no,9fac5701,val
DataSet_clean/no/9fac5701_nohash_3.wav,no,9fac5701,val
DataSet_clean/no/9ff2d2f4_nohash_0.wav,no,9ff2d2f4,train
DataSet_clean/no/9ff2d2f4_nohash_1.wav,no,9ff2d2f4,train
DataSet_clean/no/9ff2d2f4_nohash_2.wav,no,9ff2d2f4,train
DataSet_clean/no/9ff2d2f4_nohash_3.wav,no,9ff2d2f4,train
DataSet_clean/no/9ff2d2f4_nohash_4.wav,no,9ff2d2f4,train
DataSet_clean/no/a045368c_nohash_0.wav,no,a045368c,train
DataSet_clean/no/a045368c_nohash_1.wav,no,a045368c,train
DataSet_clean/no/a045368c_nohash_2.wav,no,a045368c,train
DataSet_clean/no/a045368c_nohash_3.wav,no,a045368c,train
DataSet_clean/no/a045368c_nohash_4.wav,no,a045368c,train
DataSet_clean/no/a04817c2_nohash_0.wav,no,a04817c2,train
DataSet_clean/no/a04817c2_nohash_1.wav,no,a04817c2,train
DataSet_clean/no/a04817c2_nohash_2.wav,no,a04817c2,train
DataSet_clean/no/a04817c2_nohash_3.wav,no,a04817c2,train
DataSet_clean/no/a04817c2_nohash_4.wav,no,a04817c2,train
DataSet_clean/no/a05a90c1_nohash_0.wav,no,a05a90c1,test
DataSet_clean/no/a05a90c1_nohash_1.wav,no,a05a90c1,test
DataSet_clean/no/a05a90c1_nohash_2.wav,no,a05a90c1,test
DataSet_clean/no/a05a90c1_nohash_3.wav,no,a05a90c1,test
DataSet_clean/no/a0a8d759_nohash_0.wav,no,a0a8d759,val
DataSet_clean/no/a13e0a74_nohash_0.wav,no,a13e0a74,train
DataSet_clean/no/a1533da4_nohash_0.wav,no,a1533da4,train
DataSet_clean/no/a16013b7_nohash_0.wav,no,a16013b7,train
DataSet_clean/no/a16013b7_nohash_1.wav,no,a16013b7,train
DataSet_clean/no/a16013b7_nohash_2.wav,no,a16013b7,train
DataSet_clean/no/a16013b7_nohash_3.wav,no,a16013b7,train
DataSet_clean/no/a16013b7_nohash_4.wav,no,a16013b7,train
DataSet_clean/no/a16b3102_nohash_0.wav,no,a16b3102,train
DataSet_clean/no/a19452d5_nohash_0.wav,no,a19452d5,train
DataSet_clean/no/a1a59b72_nohash_0.wav,no,a1a59b72,train
DataSet_clean/no/a1c63f25_nohash_0.wav,no,a1c63f25,train
DataSet_clean/no/a1c63f25_nohash_1.wav,no,a1c63f25,train
DataSet_clean/no/a1c63f25_nohash_2.wav,no,a1c63f25,train
DataSet_clean/no/a1cf7fd8_nohash_0.wav,no,a1cf7fd8,train
DataSet_clean/no/a1cf7fd8_nohash_1.wav,no,a1cf7fd8,train
DataSet_clean/no/a1cf7fd8_nohash_2.wav,no,a1cf7fd8,train
DataSet_clean/no/a1cff772_nohash_0.wav,no,a1cff772,test
DataSet_clean/no/a1cff772_nohash_1.wav,no,a1cff772,test
DataSet_clean/no/a1cff772_nohash_2.wav,no,a1cff772,test
DataSet_clean/no/a1cff772_nohash_3.wav,no,a1cff772,test
DataSet_clean/no/a1cff772_nohash_4.wav,no,a1cff772,test
DataSet_clean/no/a1dd919f_nohash_0.wav,no,a1dd919f,val
DataSet_clean/no/a1dd919f_nohash_1.wav,no,a1dd919f,val
DataSet_clean/no/a1e71565_nohash_0.wav,no,a1e71565,train
DataSet_clean/no/a1e71565_nohash_1.wav,no,a1e71565,train
DataSet_clean/no/a1e71565_nohash_2.wav,no,a1e71565,train
DataSet_clean/no/a1e71565_nohash_3.wav,no,a1e71565,train
DataSet_clean/no/a1e71565_nohash_4.wav,no,a1e71565,train
DataSet_clean/no/a2473d62_nohash_0.wav,no,a2473d62,train
DataSet_clean/no/a2473d62_nohash_1.wav,no,a2473d62,train
DataSet_clean/no/a2473d62_nohash_2.wav,no,a2473d62,train
DataSet_clean/no/a24cf51c_nohash_0.wav,no,a24cf51c,train
DataSet_clean/no/a24cf51c_nohash_1.wav,no,a24cf51c,train
DataSet_clean/no/a24cf51c_nohash_2.wav,no,a24cf51c,train
DataSet_clean/no/a293e285_nohash_0.wav,no,a293e285,train
DataSet_clean/no/a293e285_nohash_1.wav,no,a293e285,train
DataSet_clean/no/a293e285_nohash_2.wav,no,a293e285,train
DataSet_clean/no/a293e285_nohash_3.wav,no,a293e285,train
DataSet_clean/no/a2b16113_nohash_0.wav,no,a2b16113,train
DataSet_clean/no/a2cc5444_nohash_0.wav,no,a2cc5444,val
DataSet_clean/no/a2cc5444_nohash_1.wav,no,a2cc5444,val
DataSet_clean/no/a2cc5444_nohash_2.wav,no,a2cc5444,val
DataSet_clean/no/a2cc5444_nohash_3.wav,no,a2cc5444,val
DataSet_clean/no/a2cc5444_nohash_4.wav,no,a2cc5444,val
DataSet_clean/no/a2fefcb4_nohash_0.wav,no,a2fefcb4,train
DataSet_clean/no/a3fc7884_nohash_0.wav,no,a3fc7884,train
DataSet_clean/no/a40c62f1_nohash_0.wav,no,a40c62f1,test
DataSet_clean/no/a40c62f1_nohash_1.wav,no,a40c62f1,test
DataSet_clean/no/a4383927_nohash_0.wav,no,a4383927,train
DataSet_clean/no/a489191a_nohash_0.wav,no,a489191a,train
DataSet_clean/no/a489191a_nohash_1.wav,no,a489191a,train
DataSet_clean/no/a4b21cbc_nohash_0.wav,no,a4b21cbc,test
DataSet_clean/no/a4b21cbc_nohash_1.wav,no,a4b21cbc,test
DataSet_clean/no/a4baac4e_nohash_0.wav,no,a4baac4e,train
DataSet_clean/no/a4baac4e_nohash_1.wav,no,a4baac4e,train
DataSet_clean/no/a4baac4e_nohash_2.wav,no,a4baac4e,train
DataSet_clean/no/a4ca3afe_nohash_0.wav,no,a4ca3afe,train
DataSet_clean/no/a4ca3afe_nohash_1.wav,no,a4ca3afe,train
DataSet_clean/no/a4e8a997_nohash_0.wav,no,a4e8a997,train
DataSet_clean/no/a50a98d2_nohash_0.wav,no,a50a98d2,train
DataSet_clean/no/a527cb3c_nohash_0.wav,no,a527cb3c,val
DataSet_clean/no/a55105d0_nohash_0.wav,no,a55105d0,train
DataSet_clean/no/a55105d0_nohash_1.wav,no,a55105d0,train
DataSet_clean/no/a55105d0_nohash_2.wav,no,a55105d0,train
DataSet_clean/no/a55105d0_nohash_3.wav,no,a55105d0,train
DataSet_clean/no/a5609cce_nohash_0.wav,no,a5609cce,train
DataSet_clean/no/a56859ea_nohash_0.wav,no,a56859ea,val
DataSet_clean/no/a583c5b0_nohash_0.wav,no,a583c5b0,train
DataSet_clean/no/a591c2ea_nohash_0.wav,no,a591c2ea,val
DataSet_clean/no/a5b24175_nohash_0.wav,no,a5b24175,test
DataSet_clean/no/a5b24175_nohash_1.wav,no,a5b24175,test
DataSet_clean/no/a5b24175_nohash_2.wav,no,a5b24175,test
DataSet_clean/no/a5b24175_nohash_3.wav,no,a5b24175,test
DataSet_clean/no/a5d1becc_nohash_0.wav,no,a5d1becc,test
DataSet_clean/no/a5d1becc_nohash_1.wav,no,a5d1becc,test
DataSet_clean/no/a5d1becc_nohash_2.wav,no,a5d1becc,test
DataSet_clean/no/a5d1becc_nohash_3.wav,no,a5d1becc,test
DataSet_clean/no/a60a09cf_nohash_0.wav,no,a60a09cf,val
DataSet_clean/no/a60a09cf_nohash_1.wav,no,a60a09cf,val
DataSet_clean/no/a6285644_nohash_0.wav,no,a6285644,train
DataSet_clean/no/a62f807b_nohash_0.wav,no,a62f807b,train
DataSet_clean/no/a6d586b7_nohash_0.wav,no,a6d586b7,train
DataSet_clean/no/a6d586b7_nohash_1.wav,no,a6d586b7,train
DataSet_clean/no/a6d586b7_nohash_2.wav,no,a6d586b7,train
DataSet_clean/no/a6d586b7_nohash_3.wav,no,a6d586b7,train
DataSet_clean/no/a6d586b7_nohash_4.wav,no,a6d586b7,train
DataSet_clean/no/a6f2fd71_nohash_0.wav,no,a6f2fd71,train
DataSet_clean/no/a6f2fd71_nohash_1.wav,no,a6f2fd71,train
DataSet_clean/no/a6f2fd71_nohash_2.wav,no,a6f2fd71,train
DataSet_clean/no/a6f2fd71_nohash_3.wav,no,a6f2fd71,train
DataSet_clean/no/a6f2fd71_nohash_4.wav,no,a6f2fd71,train
DataSet_clean/no/a7200079_nohash_0.wav,no,a7200079,test
DataSet_clean/no/a7200079_nohash_1.wav,no,a7200079,test
DataSet_clean/no/a7200079_nohash_2.wav,no,a7200079,test
DataSet_clean/no/a7200079_nohash_3.wav,no,a7200079,test
DataSet_clean/no/a7200079_nohash_4.wav,no,a7200079,test
DataSet_clean/no/a7216980_nohash_0.wav,no,a7216980,train
DataSet_clean/no/a7216980_nohash_1.wav,no,a7216980,train
DataSet_clean/no/a7216980_nohash_2.wav,no,a7216980,train
DataSet_clean/no/a7216980_nohash_3.wav,no,a7216980,train
DataSet_clean/no/a7216980_nohash_4.wav,no,a7216980,train
DataSet_clean/no/a73be046_nohash_0.wav,no,a73be046,train
DataSet_clean/no/a73be046_nohash_1.wav,no,a73be046,train
DataSet_clean/no/a73be046_nohash_2.wav,no,a73be046,train
DataSet_clean/no/a74f3917_nohash_0.wav,no,a74f3917,train
DataSet_clean/no/a74f3917_nohash_1.wav,no,a74f3917,train
DataSet_clean/no/a77fbcfd_nohash_0.wav,no,a77fbcfd,train
DataSet_clean/no/a77fbcfd_nohash_1.wav,no,a77fbcfd,train
DataSet_clean/no/a77fbcfd_nohash_2.wav,no,a77fbcfd,train
DataSet_clean/no/a77fbcfd_nohash_3.wav,no,a77fbcfd,train
DataSet_clean/no/a77fbcfd_nohash_4.wav,no,a77fbcfd,train
DataSet_clean/no/a7acbbeb_nohash_0.wav,no,a7acbbeb,train
DataSet_clean/no/a7acbbeb_nohash_1.wav,no,a7acbbeb,train
DataSet_clean/no/a7acbbeb_nohash_2.wav,no,a7acbbeb,train
DataSet_clean/no/a7acbbeb_nohash_3.wav,no,a7acbbeb,train
DataSet_clean/no/a7acbbeb_nohash_4.wav,no,a7acbbeb,train
DataSet_clean/no/a7dd45cf_nohash_0.wav,no,a7dd45cf,val
DataSet_clean/no/a7dd45cf_nohash_1.wav,no,a7dd45cf,val
DataSet_clean/no/a827e3a1_nohash_0.wav,no,a827e3a1,test
DataSet_clean/no/a827e3a1_nohash_1.wav,no,a827e3a1,test
DataSet_clean/no/a84dee7b_nohash_0.wav,no,a84dee7b,train
DataSet_clean/no/a8688b67_nohash_0.wav,no,a8688b67,train
DataSet_clean/no/a8688b67_nohash_1.wav,no,a8688b67,train
DataSet_clean/no/a8cf01bc_nohash_0.wav,no,a8cf01bc,train
DataSet_clean/no/a8ee11c7_nohash_0.wav,no,a8ee11c7,train
DataSet_clean/no/a8ee11c7_nohash_1.wav,no,a8ee11c7,train
DataSet_clean/no/a8ee11c7_nohash_2.wav,no,a8ee11c7,train
DataSet_clean/no/a8f45bdc_nohash_0.wav,no,a8f45bdc,train
DataSet_clean/no/a902ce9b_nohash_0.wav,no,a902ce9b,train
DataSet_clean/no/a928cc5b_nohash_0.wav,no,a928cc5b,train
DataSet_clean/no/a928cc5b_nohash_1.wav,no,a928cc5b,train
DataSet_clean/no/a928cc5b_nohash_2.wav,no,a928cc5b,train
DataSet_clean/no/a929f9b9_nohash_0.wav,no,a929f9b9,val
DataSet_clean/no/a929f9b9_nohash_1.wav,no,a929f9b9,val
DataSet_clean/no/a929f9b9_nohash_2.wav,no,a929f9b9,val
DataSet_clean/no/a929f9b9_nohash_3.wav,no,a929f9b9,val
DataSet_clean/no/a929f9b9_nohash_4.wav,no,a929f9b9,val
DataSet_clean/no/a97017df_nohash_0.wav,no,a97017df,train
DataSet_clean/no/a97017df_nohash_1.wav,no,a97017df,train
DataSet_clean/no/a97017df_nohash_2.wav,no,a97017df,train
DataSet_clean/no/a996cf66_nohash_0.wav,no,a996cf66,train
DataSet_clean/no/a9b574b3_nohash_0.wav,no,a9b574b3,val
DataSet_clean/no/a9ca1818_nohash_0.wav,no,a9ca1818,train
DataSet_clean/no/a9ca1818_nohash_1.wav,no,a9ca1818,train
DataSet_clean/no/a9ca1818_nohash_2.wav,no,a9ca1818,train
DataSet_clean/no/a9ca1818_nohash_3.wav,no,a9ca1818,train
DataSet_clean/no/a9ca1818_nohash_4.wav,no,a9ca1818,train
DataSet_clean/no/aa109cfb_nohash_0.wav,no,aa109cfb,train
DataSet_clean/no/aa233654_nohash_0.wav,no,aa233654,val
DataSet_clean/no/aa62fdad_nohash_0.wav,no,aa62fdad,test
DataSet_clean/no/aa753bb9_nohash_0.wav,no,aa753bb9,train
DataSet_clean/no/aa80f517_nohash_0.wav,no,aa80f517,train
DataSet_clean/no/aa80f517_nohash_1.wav,no,aa80f517,train
DataSet_clean/no/aa80f517_nohash_2.wav,no,aa80f517,train
DataSet_clean/no/aa80f517_nohash_3.wav,no,aa80f517,train
DataSet_clean/no/ab00c4b2_nohash_0.wav,no,ab00c4b2,test
DataSet_clean/no/ab00c4b2_nohash_1.wav,no,ab00c4b2,test
DataSet_clean/no/ab3f0c1b_nohash_0.wav,no,ab3f0c1b,test
DataSet_clean/no/ab3f0c1b_nohash_1.wav,no,ab3f0c1b,test
DataSet_clean/no/ab46af55_nohash_0.wav,no,ab46af55,test
DataSet_clean/no/ab46af55_nohash_1.wav,no,ab46af55,test
DataSet_clean/no/ab46af55_nohash_2.wav,no,ab46af55,test
DataSet_clean/no/ab46af55_nohash_3.wav,no,ab46af55,test
DataSet_clean/no/ab46af55_nohash_4.wav,no,ab46af55,test
DataSet_clean/no/ab46af55_nohash_5.wav,no,ab46af55,test
DataSet_clean/no/ab46af55_nohash_6.wav,no,ab46af55,test
DataSet_clean/no/ab5b211a_nohash_0.wav,no,ab5b211a,train
DataSet_clean/no/ab5b211a_nohash_1.wav,no,ab5b211a,train
DataSet_clean/no/ab71c9a7_nohash_0.wav,no,ab71c9a7,val
DataSet_clean/no/ab76ac76_nohash_0.wav,no,ab76ac76,train
DataSet_clean/no/ab7b5acd_nohash_0.wav,no,ab7b5acd,train
DataSet_clean/no/ab81c9c8_nohash_0.wav,no,ab81c9c8,train
DataSet_clean/no/ab9b93e4_nohash_0.wav,no,ab9b93e4,train
DataSet_clean/no/ab9b93e4_nohash_1.wav,no,ab9b93e4,train
DataSet_clean/no/aba19127_nohash_0.wav,no,aba19127,train
DataSet_clean/no/aba19127_nohash_1.wav,no,aba19127,train
DataSet_clean/no/aba19127_nohash_2.wav,no,aba19127,train
DataSet_clean/no/abbfc3b4_nohash_0.wav,no,abbfc3b4,test
DataSet_clean/no/abbfc3b4_nohash_1.wav,no,abbfc3b4,test
DataSet_clean/no/ac4b3fc3_nohash_0.wav,no,ac4b3fc3,test
DataSet_clean/no/ac7840d8_nohash_0.wav,no,ac7840d8,train
DataSet_clean/no/ac7840d8_nohash_1.wav,no,ac7840d8,train
DataSet_clean/no/ac899eb7_nohash_0.wav,no,ac899eb7,train
DataSet_clean/no/ac9dee0e_nohash_0.wav,no,ac9dee0e,train
DataSet_clean/no/ac9dee0e_nohash_1.wav,no,ac9dee0e,train
DataSet_clean/no/ac9dee0e_nohash_2.wav,no,ac9dee0e,train
DataSet_clean/no/ac9dee0e_nohash_3.wav,no,ac9dee0e,train
DataSet_clean/no/ac9dee0e_nohash_4.wav,no,ac9dee0e,train
DataSet_clean/no/aca15398_nohash_0.wav,no,aca15398,train
DataSet_clean/no/ace072ba_nohash_0.wav,no,ace072ba,val
DataSet_clean/no/ace072ba_nohash_1.wav,no,ace072ba,val
DataSet_clean/no/ace072ba_nohash_2.wav,no,ace072ba,val
DataSet_clean/no/ace072ba_nohash_3.wav,no,ace072ba,val
DataSet_clean/no/ace072ba_nohash_4.wav,no,ace072ba,val
DataSet_clean/no/acfd5b5e_nohash_0.wav,no,acfd5b5e,train
DataSet_clean/no/acfd5b5e_nohash_1.wav,no,acfd5b5e,train
DataSet_clean/no/acfd5b5e_nohash_2.wav,no,acfd5b5e,train
DataSet_clean/no/acfd5b5e_nohash_3.wav,no,acfd5b5e,train
DataSet_clean/no/ad1429cf_nohash_0.wav,no,ad1429cf,train
DataSet_clean/no/ad340ed7_nohash_0.wav,no,ad340ed7,val
DataSet_clean/no/ad526ada_nohash_0.wav,no,ad526ada,val
DataSet_clean/no/ad526ada_nohash_1.wav,no,ad526ada,val
DataSet_clean/no/ad526ada_nohash_2.wav,no,ad526ada,val
DataSet_clean/no/ad5aeec2_nohash_0.wav,no,ad5aeec2,train
DataSet_clean/no/ad5aeec2_nohash_1.wav,no,ad5aeec2,train
DataSet_clean/no/ad5aeec2_nohash_2.wav,no,ad5aeec2,train
DataSet_clean/no/ad63d93c_nohash_0.wav,no,ad63d93c,train
DataSet_clean/no/ad63d93c_nohash_1.wav,no,ad63d93c,train
DataSet_clean/no/ad63d93c_nohash_2.wav,no,ad63d93c,train
DataSet_clean/no/ad63d93c_nohash_3.wav,no,ad63d93c,train
DataSet_clean/no/ad89eb1e_nohash_0.wav,no,ad89eb1e,val
DataSet_clean/no/adec6a94_nohash_0.wav,no,adec6a94,train
DataSet_clean/no/adec6a94_nohash_1.wav,no,adec6a94,train
DataSet_clean/no/ae32324a_nohash_0.wav,no,ae32324a,val
DataSet_clean/no/ae82c78c_nohash_0.wav,no,ae82c78c,train
DataSet_clean/no/ae82c78c_nohash_1.wav,no,ae82c78c,train
DataSet_clean/no/aeb99b1c_nohash_0.wav,no,aeb99b1c,train
DataSet_clean/no/aeb99b1c_nohash_1.wav,no,aeb99b1c,train
DataSet_clean/no/aeb99b1c_nohash_2.wav,no,aeb99b1c,train
DataSet_clean/no/af130f12_nohash_0.wav,no,af130f12,train
DataSet_clean/no/af130f12_nohash_1.wav,no,af130f12,train
DataSet_clean/no/af30314d_nohash_0.wav,no,af30314d,train
DataSet_clean/no/af405b69_nohash_0.wav,no,af405b69,train
DataSet_clean/no/af405b69_nohash_1.wav,no,af405b69,train
DataSet_clean/no/af405b69_nohash_2.wav,no,af405b69,train
DataSet_clean/no/af6fbbf5_nohash_0.wav,no,af6fbbf5,val
DataSet_clean/no/af6fbbf5_nohash_1.wav,no,af6fbbf5,val
DataSet_clean/no/af6fbbf5_nohash_2.wav,no,af6fbbf5,val
DataSet_clean/no/af6fbbf5_nohash_3.wav,no,af6fbbf5,val
DataSet_clean/no/af790082_nohash_0.wav,no,af790082,train
DataSet_clean/no/af790082_nohash_1.wav,no,af790082,train
DataSet_clean/no/af790082_nohash_2.wav,no,af790082,train
DataSet_clean/no/af790082_nohash_3.wav,no,af790082,train
DataSet_clean/no/af790082_nohash_4.wav,no,af790082,train
DataSet_clean/no/af7a8296_nohash_0.wav,no,af7a8296,train
DataSet_clean/no/af7a8296_nohash_1.wav,no,af7a8296,train
DataSet_clean/no/af8b2f2c_nohash_0.wav,no,af8b2f2c,train
DataSet_clean/no/af8b2f2c_nohash_1.wav,no,af8b2f2c,train
DataSet_clean/no/afb9e62e_nohash_0.wav,no,afb9e62e,train
DataSet_clean/no/afb9e62e_nohash_1.wav,no,afb9e62e,train
DataSet_clean/no/afe0b87d_nohash_0.wav,no,afe0b87d,train
DataSet_clean/no/aff582a1_nohash_0.wav,no,aff582a1,test
DataSet_clean/no/aff582a1_nohash_1.wav,no,aff582a1,test
DataSet_clean/no/aff582a1_nohash_2.wav,no,aff582a1,test
DataSet_clean/no/aff582a1_nohash_3.wav,no,aff582a1,test
DataSet_clean/no/b00dff7e_nohash_0.wav,no,b00dff7e,test
DataSet_clean/no/b00dff7e_nohash_1.wav,no,b00dff7e,test
DataSet_clean/no/b06c19b0_nohash_0.wav,no,b06c19b0,test
DataSet_clean/no/b06c19b0_nohash_1.wav,no,b06c19b0,test
DataSet_clean/no/b087aa0e_nohash_0.wav,no,b087aa0e,test
DataSet_clean/no/b089169d_nohash_0.wav,no,b089169d,train
DataSet_clean/no/b089169d_nohash_1.wav,no,b089169d,train
DataSet_clean/no/b089169d_nohash_2.wav,no,b089169d,train
DataSet_clean/no/b0ae6326_nohash_0.wav,no,b0ae6326,train
DataSet_clean/no/b0ae6326_nohash_1.wav,no,b0ae6326,train
DataSet_clean/no/b0ae6326_nohash_2.wav,no,b0ae6326,train
DataSet_clean/no/b0ae6326_nohash_3.wav,no,b0ae6326,train
DataSet_clean/no/b0bad4a9_nohash_0.wav,no,b0bad4a9,val
DataSet_clean/no/b0c0197e_nohash_0.wav,no,b0c0197e,test
DataSet_clean/no/b0c0197e_nohash_1.wav,no,b0c0197e,test
DataSet_clean/no/b0f5b16d_nohash_0.wav,no,b0f5b16d,train
DataSet_clean/no/b0f5b16d_nohash_1.wav,no,b0f5b16d,train
DataSet_clean/no/b0f5b16d_nohash_2.wav,no,b0f5b16d,train
DataSet_clean/no/b0f5b16d_nohash_3.wav,no,b0f5b16d,train
DataSet_clean/no/b0f5b16d_nohash_4.wav,no,b0f5b16d,train
DataSet_clean/no/b1114e4f_nohash_0.wav,no,b1114e4f,val
DataSet_clean/no/b1426003_nohash_0.wav,no,b1426003,train
DataSet_clean/no/b15fc37d_nohash_0.wav,no,b15fc37d,train
DataSet_clean/no/b15fc37d_nohash_1.wav,no,b15fc37d,train
DataSet_clean/no/b176f8e9_nohash_0.wav,no,b176f8e9,val
DataSet_clean/no/b176f8e9_nohash_1.wav,no,b176f8e9,val
DataSet_clean/no/b17f5ba0_nohash_0.wav,no,b17f5ba0,train
DataSet_clean/no/b19f7f5f_nohash_0.wav,no,b19f7f5f,train
DataSet_clean/no/b19f7f5f_nohash_1.wav,no,b19f7f5f,train
DataSet_clean/no/b1df80c0_nohash_0.wav,no,b1df80c0,train
DataSet_clean/no/b1df80c0_nohash_1.wav,no,b1df80c0,train
DataSet_clean/no/b21f0fa4_nohash_0.wav,no,b21f0fa4,train
DataSet_clean/no/b21f0fa4_nohash_1.wav,no,b21f0fa4,train
DataSet_clean/no/b25b6065_nohash_0.wav,no,b25b6065,val
DataSet_clean/no/b26343e9_nohash_0.wav,no,b26343e9,val
DataSet_clean/no/b26343e9_nohash_1.wav,no,b26343e9,val
DataSet_clean/no/b26343e9_nohash_2.wav,no,b26343e9,val
DataSet_clean/no/b26343e9_nohash_3.wav,no,b26343e9,val
DataSet_clean/no/b29f8b23_nohash_0.wav,no,b29f8b23,train
DataSet_clean/no/b29f8b23_nohash_1.wav,no,b29f8b23,train
DataSet_clean/no/b29f8b23_nohash_2.wav,no,b29f8b23,train
DataSet_clean/no/b29f8b23_nohash_3.wav,no,b29f8b23,train
DataSet_clean/no/b29f8b23_nohash_4.wav,no,b29f8b23,train
DataSet_clean/no/b2ae3928_nohash_0.wav,no,b2ae3928,train
DataSet_clean/no/b2ae3928_nohash_1.wav,no,b2ae3928,train
DataSet_clean/no/b2ae3928_nohash_2.wav,no,b2ae3928,train
DataSet_clean/no/b2ae3928_nohash_3.wav,no,b2ae3928,train
DataSet_clean/no/b2ae3928_nohash_4.wav,no,b2ae3928,train
DataSet_clean/no/b2e2773a_nohash_0.wav,no,b2e2773a,train
DataSet_clean/no/b2fbe484_nohash_0.wav,no,b2fbe484,train
DataSet_clean/no/b308773d_nohash_0.wav,no,b308773d,test
DataSet_clean/no/b308773d_nohash_1.wav,no,b308773d,test
DataSet_clean/no/b308773d_nohash_2.wav,no,b308773d,test
DataSet_clean/no/b31ad508_nohash_0.wav,no,b31ad508,val
DataSet_clean/no/b36c27c2_nohash_0.wav,no,b36c27c2,val
DataSet_clean/no/b3849d6e_nohash_0.wav,no,b3849d6e,train
DataSet_clean/no/b3bdded5_nohash_0.wav,no,b3bdded5,val
DataSet_clean/no/b414c653_nohash_0.wav,no,b414c653,train
DataSet_clean/no/b414c653_nohash_1.wav,no,b414c653,train
DataSet_clean/no/b414c653_nohash_2.wav,no,b414c653,train
DataSet_clean/no/b414c653_nohash_3.wav,no,b414c653,train
DataSet_clean/no/b414c653_nohash_4.wav,no,b414c653,train
DataSet_clean/no/b433332a_nohash_0.wav,no,b433332a,train
DataSet_clean/no/b43c8f2f_nohash_0.wav,no,b43c8f2f,train
DataSet_clean/no/b43c8f2f_nohash_1.wav,no,b43c8f2f,train
DataSet_clean/no/b43de700_nohash_0.wav,no,b43de700,test
DataSet_clean/no/b44007bc_nohash_0.wav,no,b44007bc,train
DataSet_clean/no/b49caed3_nohash_0.wav,no,b49caed3,train
DataSet_clean/no/b49caed3_nohash_1.wav,no,b49caed3,train
DataSet_clean/no/b49caed3_nohash_2.wav,no,b49caed3,train
DataSet_clean/no/b49caed3_nohash_3.wav,no,b49caed3,train
DataSet_clean/no/b4aa9fef_nohash_0.wav,no,b4aa9fef,train
DataSet_clean/no/b4aa9fef_nohash_1.wav,no,b4aa9fef,train
DataSet_clean/no/b4aa9fef_nohash_2.wav,no,b4aa9fef,train
DataSet_clean/no/b4bef564_nohash_0.wav,no,b4bef564,train
DataSet_clean/no/b4bef564_nohash_1.wav,no,b4bef564,train
DataSet_clean/no/b4ea0d9a_nohash_0.wav,no,b4ea0d9a,test
DataSet_clean/no/b4ea0d9a_nohash_1.wav,no,b4ea0d9a,test
DataSet_clean/no/b4ea0d9a_nohash_2.wav,no,b4ea0d9a,test
DataSet_clean/no/b4ea0d9a_nohash_3.wav,no,b4ea0d9a,test
DataSet_clean/no/b4ea0d9a_nohash_4.wav,no,b4ea0d9a,test
DataSet_clean/no/b4ea0d9a_nohash_5.wav,no,b4ea0d9a,test
DataSet_clean/no/b528edb3_nohash_0.wav,no,b528edb3,train
DataSet_clean/no/b528edb3_nohash_1.wav,no,b528edb3,train
DataSet_clean/no/b528edb3_nohash_2.wav,no,b528edb3,train
DataSet_clean/no/b528edb3_nohash_3.wav,no,b528edb3,train
DataSet_clean/no/b528edb3_nohash_4.wav,no,b528edb3,train
DataSet_clean/no/b5552931_nohash_0.wav,no,b5552931,train
DataSet_clean/no/b5552931_nohash_1.wav,no,b5552931,train
DataSet_clean/no/b5552931_nohash_2.wav,no,b5552931,train
DataSet_clean/no/b5552931_nohash_3.wav,no,b5552931,train
DataSet_clean/no/b5552931_nohash_4.wav,no,b5552931,train
DataSet_clean/no/b5935410_nohash_0.wav,no,b5935410,train
DataSet_clean/no/b59fa113_nohash_0.wav,no,b59fa113,train
DataSet_clean/no/b59fa113_nohash_1.wav,no,b59fa113,train
DataSet_clean/no/b5aacf2c_nohash_0.wav,no,b5aacf2c,train
DataSet_clean/no/b5cf6ea8_nohash_0.wav,no,b5cf6ea8,train
DataSet_clean/no/b5cf6ea8_nohash_1.wav,no,b5cf6ea8,train
DataSet_clean/no/b5cf6ea8_nohash_2.wav,no,b5cf6ea8,train
DataSet_clean/no/b5cf6ea8_nohash_3.wav,no,b5cf6ea8,train
DataSet_clean/no/b5cf6ea8_nohash_4.wav,no,b5cf6ea8,train
DataSet_clean/no/b5cf6ea8_nohash_5.wav,no,b5cf6ea8,train
DataSet_clean/no/b5cf6ea8_nohash_6.wav,no,b5cf6ea8,train
DataSet_clean/no/b5cf6ea8_nohash_7.wav,no,b5cf6ea8,train
DataSet_clean/no/b5cf6ea8_nohash_8.wav,no,b5cf6ea8,train
DataSet_clean/no/b5d1e505_nohash_0.wav,no,b5d1e505,train
DataSet_clean/no/b6091c84_nohash_0.wav,no,b6091c84,train
DataSet_clean/no/b6091c84_nohash_1.wav,no,b6091c84,train
DataSet_clean/no/b63fea9e_nohash_0.wav,no,b63fea9e,train
DataSet_clean/no/b6573c88_nohash_0.wav,no,b6573c88,train
DataSet_clean/no/b65f6015_nohash_0.wav,no,b65f6015,val
DataSet_clean/no/b66f4f93_nohash_0.wav,no,b66f4f93,val
DataSet_clean/no/b66f4f93_nohash_1.wav,no,b66f4f93,val
DataSet_clean/no/b66f4f93_nohash_2.wav,no,b66f4f93,val
DataSet_clean/no/b66f4f93_nohash_3.wav,no,b66f4f93,val
DataSet_clean/no/b66f4f93_nohash_4.wav,no,b66f4f93,val
DataSet_clean/no/b66f4f93_nohash_5.wav,no,b66f4f93,val
DataSet_clean/no/b66f4f93_nohash_6.wav,no,b66f4f93,val
DataSet_clean/no/b66f4f93_nohash_7.wav,no,b66f4f93,val
DataSet_clean/no/b66f4f93_nohash_8.wav,no,b66f4f93,val
DataSet_clean/no/b69002d4_nohash_0.wav,no,b69002d4,val
DataSet_clean/no/b69002d4_nohash_1.wav,no,b69002d4,val
DataSet_clean/no/b69002d4_nohash_2.wav,no,b69002d4,val
DataSet_clean/no/b69002d4_nohash_3.wav,no,b69002d4,val
DataSet_clean/no/b69002d4_nohash_4.wav,no,b69002d4,val
DataSet_clean/no/b69fe0e2_nohash_0.wav,no,b69fe0e2,train
DataSet_clean/no/b69fe0e2_nohash_1.wav,no,b69fe0e2,train
DataSet_clean/no/b69fe0e2_nohash_2.wav,no,b69fe0e2,train
DataSet_clean/no/b69fe0e2_nohash_3.wav,no,b69fe0e2,train
DataSet_clean/no/b69fe0e2_nohash_4.wav,no,b69fe0e2,train
DataSet_clean/no/b6ebe225_nohash_0.wav,no,b6ebe225,val
DataSet_clean/no/b76f6088_nohash_0.wav,no,b76f6088,train
DataSet_clean/no/b76f6088_nohash_1.wav,no,b76f6088,train
DataSet_clean/no/b76f6088_nohash_2.wav,no,b76f6088,train
DataSet_clean/no/b76f6088_nohash_3.wav,no,b76f6088,train
DataSet_clean/no/b7a0754f_nohash_0.wav,no,b7a0754f,train
DataSet_clean/no/b7a0754f_nohash_1.wav,no,b7a0754f,train
DataSet_clean/no/b7a6f709_nohash_0.wav,no,b7a6f709,train
DataSet_clean/no/b7a6f709_nohash_1.wav,no,b7a6f709,train
DataSet_clean/no/b80d6c5e_nohash_0.wav,no,b80d6c5e,train
DataSet_clean/no/b83c1acf_nohash_0.wav,no,b83c1acf,test
DataSet_clean/no/b83c1acf_nohash_1.wav,no,b83c1acf,test
DataSet_clean/no/b83c1acf_nohash_2.wav,no,b83c1acf,test
DataSet_clean/no/b83c1acf_nohash_3.wav,no,b83c1acf,test
DataSet_clean/no/b843de62_nohash_0.wav,no,b843de62,train
DataSet_clean/no/b843de62_nohash_1.wav,no,b843de62,train
DataSet_clean/no/b843de62_nohash_2.wav,no,b843de62,train
DataSet_clean/no/b84f83d2_nohash_0.wav,no,b84f83d2,train
DataSet_clean/no/b87bdb22_nohash_0.wav,no,b87bdb22,val
DataSet_clean/no/b87bdb22_nohash_1.wav,no,b87bdb22,val
DataSet_clean/no/b87bdb22_nohash_2.wav,no,b87bdb22,val
DataSet_clean/no/b87bdb22_nohash_3.wav,no,b87bdb22,val
DataSet_clean/no/b87bdb22_nohash_4.wav,no,b87bdb22,val
DataSet_clean/no/b8872c20_nohash_0.wav,no,b8872c20,test
DataSet_clean/no/b8872c20_nohash_1.wav,no,b8872c20,test
DataSet_clean/no/b8872c20_nohash_2.wav,no,b8872c20,test
DataSet_clean/no/b8874962_nohash_0.wav,no,b8874962,train
DataSet_clean/no/b8874962_nohash_1.wav,no,b8874962,train
DataSet_clean/no/b8874962_nohash_2.wav,no,b8874962,train
DataSet_clean/no/b8874962_nohash_3.wav,no,b8874962,train
DataSet_clean/no/b8b8cb52_nohash_0.wav,no,b8b8cb52,train
DataSet_clean/no/b91b718c_nohash_0.wav,no,b91b718c,train
DataSet_clean/no/b91b718c_nohash_1.wav,no,b91b718c,train
DataSet_clean/no/b91b718c_nohash_2.wav,no,b91b718c,train
DataSet_clean/no/b91b718c_nohash_3.wav,no,b91b718c,train
DataSet_clean/no/b91b718c_nohash_4.wav,no,b91b718c,train
DataSet_clean/no/b9515bf3_nohash_0.wav,no,b9515bf3,train
DataSet_clean/no/b9515bf3_nohash_1.wav,no,b9515bf3,train
DataSet_clean/no/b9515bf3_nohash_2.wav,no,b9515bf3,train
DataSet_clean/no/b9515bf3_nohash_3.wav,no,b9515bf3,train
DataSet_clean/no/b97c9f77_nohash_0.wav,no,b97c9f77,train
DataSet_clean/no/b97c9f77_nohash_1.wav,no,b97c9f77,train
DataSet_clean/no/b97c9f77_nohash_2.wav,no,b97c9f77,train
DataSet_clean/no/b97c9f77_nohash_3.wav,no,b97c9f77,train
DataSet_clean/no/b97c9f77_nohash_4.wav,no,b97c9f77,train
DataSet_clean/no/b9cccd01_nohash_0.wav,no,b9cccd01,train
DataSet_clean/no/b9f46737_nohash_0.wav,no,b9f46737,test
DataSet_clean/no/b9f46737_nohash_1.wav,no,b9f46737,test
DataSet_clean/no/b9f46737_nohash_2.wav,no,b9f46737,test
DataSet_clean/no/b9f46737_nohash_3.wav,no,b9f46737,test
DataSet_clean/no/b9f46737_nohash_4.wav,no,b9f46737,test
DataSet_clean/no/ba59cab3_nohash_0.wav,no,ba59cab3,val
DataSet_clean/no/bab36420_nohash_0.wav,no,bab36420,test
DataSet_clean/no/bab36420_nohash_1.wav,no,bab36420,test
DataSet_clean/no/bab36420_nohash_2.wav,no,bab36420,test
DataSet_clean/no/bab36420_nohash_3.wav,no,bab36420,test
DataSet_clean/no/bab36420_nohash_4.wav,no,bab36420,test
DataSet_clean/no/baeac2ba_nohash_0.wav,no,baeac2ba,train
DataSet_clean/no/baf01c1f_nohash_0.wav,no,baf01c1f,train
DataSet_clean/no/baf01c1f_nohash_1.wav,no,baf01c1f,train
DataSet_clean/no/bb05582b_nohash_0.wav,no,bb05582b,train
DataSet_clean/no/bb05582b_nohash_1.wav,no,bb05582b,train
DataSet_clean/no/bb05582b_nohash_2.wav,no,bb05582b,train
DataSet_clean/no/bb05582b_nohash_3.wav,no,bb05582b,train
DataSet_clean/no/bb05582b_nohash_4.wav,no,bb05582b,train
DataSet_clean/no/bb6d4301_nohash_0.wav,no,bb6d4301,train
DataSet_clean/no/bb6d4301_nohash_1.wav,no,bb6d4301,train
DataSet_clean/no/bb6d4301_nohash_2.wav,no,bb6d4301,train
DataSet_clean/no/bb6d4301_nohash_3.wav,no,bb6d4301,train
DataSet_clean/no/bb6d4301_nohash_4.wav,no,bb6d4301,train
DataSet_clean/no/bbb2eb5b_nohash_0.wav,no,bbb2eb5b,train
DataSet_clean/no/bbb2eb5b_nohash_1.wav,no,bbb2eb5b,train
DataSet_clean/no/bbb2eb5b_nohash_2.wav,no,bbb2eb5b,train
DataSet_clean/no/bbbf4fbd_nohash_0.wav,no,bbbf4fbd,train
DataSet_clean/no/bbbf4fbd_nohash_1.wav,no,bbbf4fbd,train
DataSet_clean/no/bbc30633_nohash_0.wav,no,bbc30633,train
DataSet_clean/no/bbc30633_nohash_1.wav,no,bbc30633,train
DataSet_clean/no/bbc30633_nohash_2.wav,no,bbc30633,train
DataSet_clean/no/bbc30633_nohash_3.wav,no,bbc30633,train
DataSet_clean/no/bbd0bbd0_nohash_0.wav,no,bbd0bbd0,val
DataSet_clean/no/bbd0bbd0_nohash_1.wav,no,bbd0bbd0,val
DataSet_clean/no/bbd0bbd0_nohash_2.wav,no,bbd0bbd0,val
DataSet_clean/no/bbd0bbd0_nohash_3.wav,no,bbd0bbd0,val
DataSet_clean/no/bbf38549_nohash_0.wav,no,bbf38549,val
DataSet_clean/no/bbf38549_nohash_1.wav,no,bbf38549,val
DataSet_clean/no/bbf38549_nohash_2.wav,no,bbf38549,val
DataSet_clean/no/bbf38549_nohash_3.wav,no,bbf38549,val
DataSet_clean/no/bbf38549_nohash_4.wav,no,bbf38549,val
DataSet_clean/no/bc065a17_nohash_0.wav,no,bc065a17,train
DataSet_clean/no/bc196f81_nohash_0.wav,no,bc196f81,train
DataSet_clean/no/bca56796_nohash_0.wav,no,bca56796,train
DataSet_clean/no/bca56796_nohash_1.wav,no,bca56796,train
DataSet_clean/no/bcdaa7a9_nohash_0.wav,no,bcdaa7a9,train
DataSet_clean/no/bcf614a2_nohash_0.wav,no,bcf614a2,train
DataSet_clean/no/bcf614a2_nohash_1.wav,no,bcf614a2,train
DataSet_clean/no/bcf614a2_nohash_2.wav,no,bcf614a2,train
DataSet_clean/no/bcf614a2_nohash_3.wav,no,bcf614a2,train
DataSet_clean/no/bd11a2e7_nohash_0.wav,no,bd11a2e7,train
DataSet_clean/no/bd11a2e7_nohash_1.wav,no,bd11a2e7,train
DataSet_clean/no/bd76a7fd_nohash_0.wav,no,bd76a7fd,train
DataSet_clean/no/bd76a7fd_nohash_1.wav,no,bd76a7fd,train
DataSet_clean/no/bd76a7fd_nohash_2.wav,no,bd76a7fd,train
DataSet_clean/no/bd76a7fd_nohash_3.wav,no,bd76a7fd,train
DataSet_clean/no/bd76a7fd_nohash_4.wav,no,bd76a7fd,train
DataSet_clean/no/bd8412df_nohash_0.wav,no,bd8412df,train
DataSet_clean/no/bd8412df_nohash_1.wav,no,bd8412df,train
DataSet_clean/no/bdb90d38_nohash_0.wav,no,bdb90d38,train
DataSet_clean/no/bdd22e4d_nohash_0.wav,no,bdd22e4d,val
DataSet_clean/no/bdd22e4d_nohash_1.wav,no,bdd22e4d,val
DataSet_clean/no/bdd22e4d_nohash_2.wav,no,bdd22e4d,val
DataSet_clean/no/bdd22e4d_nohash_3.wav,no,bdd22e4d,val
DataSet_clean/no/bdd22e4d_nohash_4.wav,no,bdd22e4d,val
DataSet_clean/no/bde0f20a_nohash_0.wav,no,bde0f20a,test
DataSet_clean/no/bde0f20a_nohash_1.wav,no,bde0f20a,test
DataSet_clean/no/bde0f20a_nohash_2.wav,no,bde0f20a,test
DataSet_clean/no/bde0f20a_nohash_3.wav,no,bde0f20a,test
DataSet_clean/no/bde0f20a_nohash_4.wav,no,bde0f20a,test
DataSet_clean/no/bdee441c_nohash_0.wav,no,bdee441c,val
DataSet_clean/no/bdee441c_nohash_1.wav,no,bdee441c,val
DataSet_clean/no/bdee441c_nohash_2.wav,no,bdee441c,val
DataSet_clean/no/bdee441c_nohash_3.wav,no,bdee441c,val
DataSet_clean/no/bdee441c_nohash_4.wav,no,bdee441c,val
DataSet_clean/no/be0f2293_nohash_0.wav,no,be0f2293,test
DataSet_clean/no/be7a5b2d_nohash_0.wav,no,be7a5b2d,train
DataSet_clean/no/be7a5b2d_nohash_1.wav,no,be7a5b2d,train
DataSet_clean/no/be7a5b2d_nohash_2.wav,no,be7a5b2d,train
DataSet_clean/no/be7a5b2d_nohash_3.wav,no,be7a5b2d,train
DataSet_clean/no/be7a5b2d_nohash_4.wav,no,be7a5b2d,train
DataSet_clean/no/be7fa0a3_nohash_0.wav,no,be7fa0a3,train
DataSet_clean/no/be7fa0a3_nohash_1.wav,no,be7fa0a3,train
DataSet_clean/no/be91a00a_nohash_0.wav,no,be91a00a,train
DataSet_clean/no/be91a00a_nohash_1.wav,no,be91a00a,train
DataSet_clean/no/beb458a4_nohash_0.wav,no,beb458a4,train
DataSet_clean/no/beb458a4_nohash_1.wav,no,beb458a4,train
DataSet_clean/no/beb458a4_nohash_2.wav,no,beb458a4,train
DataSet_clean/no/beb458a4_nohash_3.wav,no,beb458a4,train
DataSet_clean/no/beb458a4_nohash_4.wav,no,beb458a4,train
DataSet_clean/no/beb49c22_nohash_0.wav,no,beb49c22,train
DataSet_clean/no/bf8d5617_nohash_0.wav,no,bf8d5617,train
DataSet_clean/no/bf8d5617_nohash_1.wav,no,bf8d5617,train
DataSet_clean/no/bf8d5617_nohash_2.wav,no,bf8d5617,train
DataSet_clean/no/bf8d5617_nohash_3.wav,no,bf8d5617,train
DataSet_clean/no/bf90a57a_nohash_0.wav,no,bf90a57a,train
DataSet_clean/no/bf90a57a_nohash_1.wav,no,bf90a57a,train
DataSet_clean/no/bf90a57a_nohash_2.wav,no,bf90a57a,train
DataSet_clean/no/bfa63751_nohash_0.wav,no,bfa63751,train
DataSet_clean/no/bfa63751_nohash_1.wav,no,bfa63751,train
DataSet_clean/no/bfaf2000_nohash_0.wav,no,bfaf2000,train
DataSet_clean/no/bfaf2000_nohash_1.wav,no,bfaf2000,train
DataSet_clean/no/bfb10243_nohash_0.wav,no,bfb10243,train
DataSet_clean/no/bfbd0e6b_nohash_0.wav,no,bfbd0e6b,train
DataSet_clean/no/bfd26d6b_nohash_0.wav,no,bfd26d6b,train
DataSet_clean/no/bfd26d6b_nohash_1.wav,no,bfd26d6b,train
DataSet_clean/no/bfd26d6b_nohash_2.wav,no,bfd26d6b,train
DataSet_clean/no/bfd26d6b_nohash_3.wav,no,bfd26d6b,train
DataSet_clean/no/bfdb9801_nohash_0.wav,no,bfdb9801,train
DataSet_clean/no/bfdb9801_nohash_1.wav,no,bfdb9801,train
DataSet_clean/no/c013fe4d_nohash_0.wav,no,c013fe4d,train
DataSet_clean/no/c0445658_nohash_0.wav,no,c0445658,train
DataSet_clean/no/c0445658_nohash_1.wav,no,c0445658,train
DataSet_clean/no/c0445658_nohash_2.wav,no,c0445658,train
DataSet_clean/no/c0445658_nohash_3.wav,no,c0445658,train
DataSet_clean/no/c08585c1_nohash_0.wav,no,c08585c1,test
DataSet_clean/no/c08585c1_nohash_1.wav,no,c08585c1,test
DataSet_clean/no/c08585c1_nohash_2.wav,no,c08585c1,test
DataSet_clean/no/c08585c1_nohash_3.wav,no,c08585c1,test
DataSet_clean/no/c099668c_nohash_0.wav,no,c099668c,test
DataSet_clean/no/c0c0d87d_nohash_0.wav,no,c0c0d87d,train
DataSet_clean/no/c0c0d87d_nohash_1.wav,no,c0c0d87d,train
DataSet_clean/no/c0e0f834_nohash_0.wav,no,c0e0f834,val
DataSet_clean/no/c0e3ff37_nohash_0.wav,no,c0e3ff37,train
DataSet_clean/no/c0e3ff37_nohash_1.wav,no,c0e3ff37,train
DataSet_clean/no/c0e3ff37_nohash_2.wav,no,c0e3ff37,train
DataSet_clean/no/c0e8f5a1_nohash_0.wav,no,c0e8f5a1,test
DataSet_clean/no/c0f8f4df_nohash_0.wav,no,c0f8f4df,train
DataSet_clean/no/c0fb6812_nohash_0.wav,no,c0fb6812,test
DataSet_clean/no/c103a2d5_nohash_0.wav,no,c103a2d5,train
DataSet_clean/no/c103a2d5_nohash_1.wav,no,c103a2d5,train
DataSet_clean/no/c120e80e_nohash_0.wav,no,c120e80e,val
DataSet_clean/no/c120e80e_nohash_1.wav,no,c120e80e,val
DataSet_clean/no/c120e80e_nohash_2.wav,no,c120e80e,val
DataSet_clean/no/c120e80e_nohash_3.wav,no,c120e80e,val
DataSet_clean/no/c120e80e_nohash_4.wav,no,c120e80e,val
DataSet_clean/no/c137814b_nohash_0.wav,no,c137814b,val
DataSet_clean/no/c18d8d00_nohash_0.wav,no,c18d8d00,val
DataSet_clean/no/c1b7c224_nohash_0.wav,no,c1b7c224,train
DataSet_clean/no/c1d39ce8_nohash_0.wav,no,c1d39ce8,test
DataSet_clean/no/c1d39ce8_nohash_1.wav,no,c1d39ce8,test
DataSet_clean/no/c1d39ce8_nohash_2.wav,no,c1d39ce8,test
DataSet_clean/no/c1d39ce8_nohash_3.wav,no,c1d39ce8,test
DataSet_clean/no/c1d39ce8_nohash_4.wav,no,c1d39ce8,test
DataSet_clean/no/c1d39ce8_nohash_5.wav,no,c1d39ce8,test
DataSet_clean/no/c1d39ce8_nohash_6.wav,no,c1d39ce8,test
DataSet_clean/no/c1d39ce8_nohash_7.wav,no,c1d39ce8,test
DataSet_clean/no/c1d39ce8_nohash_8.wav,no,c1d39ce8,test
DataSet_clean/no/c1d39ce8_nohash_9.wav,no,c1d39ce8,test
DataSet_clean/no/c1e0e8e3_nohash_0.wav,no,c1e0e8e3,train
DataSet_clean/no/c1e0e8e3_nohash_1.wav,no,c1e0e8e3,train
DataSet_clean/no/c1e0e8e3_nohash_2.wav,no,c1e0e8e3,train
DataSet_clean/no/c1e0e8e3_nohash_3.wav,no,c1e0e8e3,train
DataSet_clean/no/c1e0e8e3_nohash_4.wav,no,c1e0e8e3,train
DataSet_clean/no/c1eebc0b_nohash_0.wav,no,c1eebc0b,train
DataSet_clean/no/c1eebc0b_nohash_1.wav,no,c1eebc0b,train
DataSet_clean/no/c22d3f18_nohash_0.wav,no,c22d3f18,train
DataSet_clean/no/c22d3f18_nohash_1.wav,no,c22d3f18,train
DataSet_clean/no/c22d3f18_nohash_2.wav,no,c22d3f18,train
DataSet_clean/no/c22d3f18_nohash_3.wav,no,c22d3f18,train
DataSet_clean/no/c22d3f18_nohash_4.wav,no,c22d3f18,train
DataSet_clean/no/c22ebf46_nohash_0.wav,no,c22ebf46,train
DataSet_clean/no/c22ebf46_nohash_1.wav,no,c22ebf46,train
DataSet_clean/no/c22ebf46_nohash_2.wav,no,c22ebf46,train
DataSet_clean/no/c22ebf46_nohash_3.wav,no,c22ebf46,train
DataSet_clean/no/c22ebf46_nohash_4.wav,no,c22ebf46,train
DataSet_clean/no/c24d96eb_nohash_0.wav,no,c24d96eb,train
DataSet_clean/no/c256377f_nohash_0.wav,no,c256377f,val
DataSet_clean/no/c25a032b_nohash_0.wav,no,c25a032b,val
DataSet_clean/no/c25a032b_nohash_1.wav,no,c25a032b,val
DataSet_clean/no/c2bc4489_nohash_0.wav,no,c2bc4489,val
DataSet_clean/no/c2d15ea5_nohash_0.wav,no,c2d15ea5,train
DataSet_clean/no/c2d15ea5_nohash_1.wav,no,c2d15ea5,train
DataSet_clean/no/c2dccf38_nohash_0.wav,no,c2dccf38,test
DataSet_clean/no/c2dccf38_nohash_1.wav,no,c2dccf38,test
DataSet_clean/no/c2dccf38_nohash_2.wav,no,c2dccf38,test
DataSet_clean/no/c2dccf38_nohash_3.wav,no,c2dccf38,test
DataSet_clean/no/c2df23b2_nohash_0.wav,no,c2df23b2,train
DataSet_clean/no/c33682f0_nohash_0.wav,no,c33682f0,train
DataSet_clean/no/c351e611_nohash_0.wav,no,c351e611,train
DataSet_clean/no/c351e611_nohash_1.wav,no,c351e611,train
DataSet_clean/no/c351e611_nohash_2.wav,no,c351e611,train
DataSet_clean/no/c351e611_nohash_3.wav,no,c351e611,train
DataSet_clean/no/c351e611_nohash_4.wav,no,c351e611,train
DataSet_clean/no/c37a72d3_nohash_0.wav,no,c37a72d3,val
DataSet_clean/no/c38720cb_nohash_0.wav,no,c38720cb,train
DataSet_clean/no/c392e01d_nohash_0.wav,no,c392e01d,train
DataSet_clean/no/c39703ec_nohash_0.wav,no,c39703ec,train
DataSet_clean/no/c39703ec_nohash_1.wav,no,c39703ec,train
DataSet_clean/no/c39703ec_nohash_2.wav,no,c39703ec,train
DataSet_clean/no/c39703ec_nohash_3.wav,no,c39703ec,train
DataSet_clean/no/c39703ec_nohash_4.wav,no,c39703ec,train
DataSet_clean/no/c41d9052_nohash_0.wav,no,c41d9052,train
DataSet_clean/no/c41d9052_nohash_1.wav,no,c41d9052,train
DataSet_clean/no/c41d9052_nohash_2.wav,no,c41d9052,train
DataSet_clean/no/c4500713_nohash_0.wav,no,c4500713,train
DataSet_clean/no/c4a7a867_nohash_0.wav,no,c4a7a867,train
DataSet_clean/no/c4cfbe43_nohash_0.wav,no,c4cfbe43,train
DataSet_clean/no/c4cfbe43_nohash_1.wav,no,c4cfbe43,train
DataSet_clean/no/c4e00ee9_nohash_0.wav,no,c4e00ee9,train
DataSet_clean/no/c4e00ee9_nohash_1.wav,no,c4e00ee9,train
DataSet_clean/no/c4e00ee9_nohash_2.wav,no,c4e00ee9,train
DataSet_clean/no/c4e00ee9_nohash_3.wav,no,c4e00ee9,train
DataSet_clean/no/c4e1f6e0_nohash_0.wav,no,c4e1f6e0,train
DataSet_clean/no/c4e1f6e0_nohash_1.wav,no,c4e1f6e0,train
DataSet_clean/no/c4e1f6e0_nohash_2.wav,no,c4e1f6e0,train
DataSet_clean/no/c4e1f6e0_nohash_3.wav,no,c4e1f6e0,train
DataSet_clean/no/c50f55b8_nohash_0.wav,no,c50f55b8,train
DataSet_clean/no/c50f55b8_nohash_1.wav,no,c50f55b8,train
DataSet_clean/no/c50f55b8_nohash_10.wav,no,c50f55b8,train
DataSet_clean/no/c50f55b8_nohash_11.wav,no,c50f55b8,train
DataSet_clean/no/c50f55b8_nohash_12.wav,no,c50f55b8,train
DataSet_clean/no/c50f55b8_nohash_13.wav,no,c50f55b8,train
DataSet_clean/no/c50f55b8_nohash_14.wav,no,c50f55b8,train
DataSet_clean/no/c50f55b8_nohash_15.wav,no,c50f55b8,train
DataSet_clean/no/c50f55b8_nohash_16.wav,no,c50f55b8,train
DataSet_clean/no/c50f55b8_nohash_17.wav,no,c50f55b8,train
DataSet_clean/no/c50f55b8_nohash_2.wav,no,c50f55b8,train
DataSet_clean/no/c50f55b8_nohash_3.wav,no,c50f55b8,train
DataSet_clean/no/c50f55b8_nohash_4.wav,no,c50f55b8,train
DataSet_clean/no/c50f55b8_nohash_5.wav,no,c50f55b8,train
DataSet_clean/no/c50f55b8_nohash_6.wav,no,c50f55b8,train
DataSet_clean/no/c50f55b8_nohash_7.wav,no,c50f55b8,train
DataSet_clean/no/c50f55b8_nohash_8.wav,no,c50f55b8,train
DataSet_clean/no/c50f55b8_nohash_9.wav,no,c50f55b8,train
DataSet_clean/no/c518d1b1_nohash_0.wav,no,c518d1b1,test
DataSet_clean/no/c53b335a_nohash_0.wav,no,c53b335a,test
DataSet_clean/no/c5570933_nohash_0.wav,no,c5570933,train
DataSet_clean/no/c5570933_nohash_1.wav,no,c5570933,train
DataSet_clean/no/c5a1e46c_nohash_0.wav,no,c5a1e46c,train
DataSet_clean/no/c5a1e46c_nohash_1.wav,no,c5a1e46c,train
DataSet_clean/no/c5a1e46c_nohash_2.wav,no,c5a1e46c,train
DataSet_clean/no/c5a1e46c_nohash_3.wav,no,c5a1e46c,train
DataSet_clean/no/c5a1e46c_nohash_4.wav,no,c5a1e46c,train
DataSet_clean/no/c5c60d8d_nohash_0.wav,no,c5c60d8d,train
DataSet_clean/no/c633a455_nohash_0.wav,no,c633a455,train
DataSet_clean/no/c633a455_nohash_1.wav,no,c633a455,train
DataSet_clean/no/c634a189_nohash_0.wav,no,c634a189,train
DataSet_clean/no/c634a189_nohash_1.wav,no,c634a189,train
DataSet_clean/no/c634a189_nohash_2.wav,no,c634a189,train
DataSet_clean/no/c634a189_nohash_3.wav,no,c634a189,train
DataSet_clean/no/c634a189_nohash_4.wav,no,c634a189,train
DataSet_clean/no/c6389ab0_nohash_0.wav,no,c6389ab0,train
DataSet_clean/no/c6389ab0_nohash_1.wav,no,c6389ab0,train
DataSet_clean/no/c661be6e_nohash_0.wav,no,c661be6e,train
DataSet_clean/no/c661be6e_nohash_1.wav,no,c661be6e,train
DataSet_clean/no/c661be6e_nohash_2.wav,no,c661be6e,train
DataSet_clean/no/c68cf200_nohash_0.wav,no,c68cf200,train
DataSet_clean/no/c68cf200_nohash_1.wav,no,c68cf200,train
DataSet_clean/no/c692524d_nohash_0.wav,no,c692524d,train
DataSet_clean/no/c692524d_nohash_1.wav,no,c692524d,train
DataSet_clean/no/c6a23ff5_nohash_0.wav,no,c6a23ff5,val
DataSet_clean/no/c6ee87a7_nohash_0.wav,no,c6ee87a7,train
DataSet_clean/no/c6ee87a7_nohash_1.wav,no,c6ee87a7,train
DataSet_clean/no/c6ee87a7_nohash_2.wav,no,c6ee87a7,train
DataSet_clean/no/c6ee87a7_nohash_3.wav,no,c6ee87a7,train
DataSet_clean/no/c6ee87a7_nohash_4.wav,no,c6ee87a7,train
DataSet_clean/no/c71e3acc_nohash_0.wav,no,c71e3acc,train
DataSet_clean/no/c741d0df_nohash_0.wav,no,c741d0df,train
DataSet_clean/no/c79159aa_nohash_0.wav,no,c79159aa,train
DataSet_clean/no/c79159aa_nohash_1.wav,no,c79159aa,train
DataSet_clean/no/c79159aa_nohash_2.wav,no,c79159aa,train
DataSet_clean/no/c79159aa_nohash_3.wav,no,c79159aa,train
DataSet_clean/no/c79159aa_nohash_4.wav,no,c79159aa,train
DataSet_clean/no/c7aa72e6_nohash_0.wav,no,c7aa72e6,train
DataSet_clean/no/c7aa72e6_nohash_1.wav,no,c7aa72e6,train
DataSet_clean/no/c7aaad67_nohash_0.wav,no,c7aaad67,train
DataSet_clean/no/c7aaad67_nohash_1.wav,no,c7aaad67,train
DataSet_clean/no/c7aaad67_nohash_2.wav,no,c7aaad67,train
DataSet_clean/no/c7b4049e_nohash_0.wav,no,c7b4049e,train
DataSet_clean/no/c7dc7278_nohash_0.wav,no,c7dc7278,test
DataSet_clean/no/c7dc7278_nohash_1.wav,no,c7dc7278,test
DataSet_clean/no/c7dc7278_nohash_2.wav,no,c7dc7278,test
DataSet_clean/no/c7dc7278_nohash_3.wav,no,c7dc7278,test
DataSet_clean/no/c7dc7278_nohash_4.wav,no,c7dc7278,test
DataSet_clean/no/c7e02d9c_nohash_0.wav,no,c7e02d9c,train
DataSet_clean/no/c7f9ffb5_nohash_0.wav,no,c7f9ffb5,train
DataSet_clean/no/c842b5e4_nohash_0.wav,no,c842b5e4,train
DataSet_clean/no/c8771f88_nohash_0.wav,no,c8771f88,train
DataSet_clean/no/c885a039_nohash_0.wav,no,c885a039,train
DataSet_clean/no/c8b904e3_nohash_0.wav,no,c8b904e3,train
DataSet_clean/no/c8b904e3_nohash_1.wav,no,c8b904e3,train
DataSet_clean/no/c8b904e3_nohash_2.wav,no,c8b904e3,train
DataSet_clean/no/c8db14a8_nohash_0.wav,no,c8db14a8,train
DataSet_clean/no/c8db14a8_nohash_1.wav,no,c8db14a8,train
DataSet_clean/no/c9027901_nohash_0.wav,no,c9027901,train
DataSet_clean/no/c90c0105_nohash_0.wav,no,c90c0105,test
DataSet_clean/no/c91dbe66_nohash_0.wav,no,c91dbe66,train
DataSet_clean/no/c93d5e22_nohash_0.wav,no,c93d5e22,test
DataSet_clean/no/c93d5e22_nohash_1.wav,no,c93d5e22,test
DataSet_clean/no/c93d5e22_nohash_2.wav,no,c93d5e22,test
DataSet_clean/no/c93d5e22_nohash_3.wav,no,c93d5e22,test
DataSet_clean/no/c93d5e22_nohash_4.wav,no,c93d5e22,test
DataSet_clean/no/c948d727_nohash_0.wav,no,c948d727,train
DataSet_clean/no/c948d727_nohash_1.wav,no,c948d727,train
DataSet_clean/no/c948d727_nohash_2.wav,no,c948d727,train
DataSet_clean/no/c948d727_nohash_3.wav,no,c948d727,train
DataSet_clean/no/c948d727_nohash_4.wav,no,c948d727,train
DataSet_clean/no/c98bbbd3_nohash_0.wav,no,c98bbbd3,train
DataSet_clean/no/c98bbbd3_nohash_1.wav,no,c98bbbd3,train
DataSet_clean/no/c98bbbd3_nohash_2.wav,no,c98bbbd3,train
DataSet_clean/no/c9b5ff26_nohash_0.wav,no,c9b5ff26,train
DataSet_clean/no/c9b5ff26_nohash_1.wav,no,c9b5ff26,train
DataSet_clean/no/c9b5ff26_nohash_2.wav,no,c9b5ff26,train
DataSet_clean/no/c9b5ff26_nohash_3.wav,no,c9b5ff26,train
DataSet_clean/no/c9b653a0_nohash_0.wav,no,c9b653a0,train
DataSet_clean/no/c9b653a0_nohash_1.wav,no,c9b653a0,train
DataSet_clean/no/c9b653a0_nohash_2.wav,no,c9b653a0,train
DataSet_clean/no/c9b653a0_nohash_3.wav,no,c9b653a0,train
DataSet_clean/no/c9b653a0_nohash_4.wav,no,c9b653a0,train
DataSet_clean/no/ca4912b6_nohash_0.wav,no,ca4912b6,train
DataSet_clean/no/ca4912b6_nohash_1.wav,no,ca4912b6,train
DataSet_clean/no/ca4912b6_nohash_2.wav,no,ca4912b6,train
DataSet_clean/no/ca4912b6_nohash_3.wav,no,ca4912b6,train
DataSet_clean/no/ca4d5368_nohash_0.wav,no,ca4d5368,val
DataSet_clean/no/ca4d5368_nohash_1.wav,no,ca4d5368,val
DataSet_clean/no/ca4d5368_nohash_2.wav,no,ca4d5368,val
DataSet_clean/no/ca4d5368_nohash_3.wav,no,ca4d5368,val
DataSet_clean/no/ca4d5368_nohash_4.wav,no,ca4d5368,val
DataSet_clean/no/ca4d5368_nohash_5.wav,no,ca4d5368,val
DataSet_clean/no/ca5d184c_nohash_0.wav,no,ca5d184c,train
DataSet_clean/no/ca6d5cd1_nohash_0.wav,no,ca6d5cd1,train
DataSet_clean/no/caa4779f_nohash_0.wav,no,caa4779f,train
DataSet_clean/no/caa4779f_nohash_1.wav,no,caa4779f,train
DataSet_clean/no/caa4779f_nohash_2.wav,no,caa4779f,train
DataSet_clean/no/caa7feaf_nohash_0.wav,no,caa7feaf,train
DataSet_clean/no/caa7feaf_nohash_1.wav,no,caa7feaf,train
DataSet_clean/no/cab100c9_nohash_0.wav,no,cab100c9,val
DataSet_clean/no/cab100c9_nohash_1.wav,no,cab100c9,val
DataSet_clean/no/cae62f38_nohash_0.wav,no,cae62f38,train
DataSet_clean/no/caf1803e_nohash_0.wav,no,caf1803e,train
DataSet_clean/no/caf9fceb_nohash_0.wav,no,caf9fceb,train
DataSet_clean/no/cb164eea_nohash_0.wav,no,cb164eea,val
DataSet_clean/no/cb2929ce_nohash_0.wav,no,cb2929ce,train
DataSet_clean/no/cb2929ce_nohash_1.wav,no,cb2929ce,train
DataSet_clean/no/cb2929ce_nohash_2.wav,no,cb2929ce,train
DataSet_clean/no/cb2929ce_nohash_3.wav,no,cb2929ce,train
DataSet_clean/no/cb2929ce_nohash_4.wav,no,cb2929ce,train
DataSet_clean/no/cb2929ce_nohash_5.wav,no,cb2929ce,train
DataSet_clean/no/cb62dbf1_nohash_0.wav,no,cb62dbf1,test
DataSet_clean/no/cb62dbf1_nohash_1.wav,no,cb62dbf1,test
DataSet_clean/no/cb62dbf1_nohash_2.wav,no,cb62dbf1,test
DataSet_clean/no/cb62dbf1_nohash_3.wav,no,cb62dbf1,test
DataSet_clean/no/cb62dbf1_nohash_4.wav,no,cb62dbf1,test
DataSet_clean/no/cb72dfb6_nohash_0.wav,no,cb72dfb6,train
DataSet_clean/no/cb72dfb6_nohash_1.wav,no,cb72dfb6,train
DataSet_clean/no/cb72dfb6_nohash_2.wav,no,cb72dfb6,train
DataSet_clean/no/cb72dfb6_nohash_3.wav,no,cb72dfb6,train
DataSet_clean/no/cb72dfb6_nohash_4.wav,no,cb72dfb6,train
DataSet_clean/no/cb802c63_nohash_0.wav,no,cb802c63,val
DataSet_clean/no/cc3b5b62_nohash_0.wav,no,cc3b5b62,train
DataSet_clean/no/cc3b5b62_nohash_1.wav,no,cc3b5b62,train
DataSet_clean/no/cc3b5b62_nohash_2.wav,no,cc3b5b62,train
DataSet_clean/no/cc3b5b62_nohash_3.wav,no,cc3b5b62,train
DataSet_clean/no/cc3b5b62_nohash_4.wav,no,cc3b5b62,train
DataSet_clean/no/cc3d1613_nohash_0.wav,no,cc3d1613,train
DataSet_clean/no/cc4f9250_nohash_0.wav,no,cc4f9250,train
DataSet_clean/no/cc4f9250_nohash_1.wav,no,cc4f9250,train
DataSet_clean/no/cc4f9250_nohash_2.wav,no,cc4f9250,train
DataSet_clean/no/cc4f9250_nohash_3.wav,no,cc4f9250,train
DataSet_clean/no/cc4f9250_nohash_4.wav,no,cc4f9250,train
DataSet_clean/no/cc554de3_nohash_0.wav,no,cc554de3,val
DataSet_clean/no/cc592808_nohash_0.wav,no,cc592808,train
DataSet_clean/no/cc6ee39b_nohash_0.wav,no,cc6ee39b,train
DataSet_clean/no/cc6ee39b_nohash_1.wav,no,cc6ee39b,train
DataSet_clean/no/cc6ee39b_nohash_2.wav,no,cc6ee39b,train
DataSet_clean/no/cc6ee39b_nohash_3.wav,no,cc6ee39b,train
DataSet_clean/no/cc6ee39b_nohash_4.wav,no,cc6ee39b,train
DataSet_clean/no/cc71bada_nohash_0.wav,no,cc71bada,train
DataSet_clean/no/cc71bada_nohash_1.wav,no,cc71bada,train
DataSet_clean/no/cc71bada_nohash_2.wav,no,cc71bada,train
DataSet_clean/no/cc71bada_nohash_3.wav,no,cc71bada,train
DataSet_clean/no/cc8b3228_nohash_0.wav,no,cc8b3228,train
DataSet_clean/no/cc8b3228_nohash_1.wav,no,cc8b3228,train
DataSet_clean/no/cc8b3228_nohash_2.wav,no,cc8b3228,train
DataSet_clean/no/cc8b3228_nohash_3.wav,no,cc8b3228,train
DataSet_clean/no/ccb1266b_nohash_0.wav,no,ccb1266b,val
DataSet_clean/no/ccb1266b_nohash_1.wav,no,ccb1266b,val
DataSet_clean/no/ccca5655_nohash_0.wav,no,ccca5655,train
DataSet_clean/no/ccca5655_nohash_1.wav,no,ccca5655,train
DataSet_clean/no/ccca5655_nohash_2.wav,no,ccca5655,train
DataSet_clean/no/ccca5655_nohash_3.wav,no,ccca5655,train
DataSet_clean/no/ccca5655_nohash_4.wav,no,ccca5655,train
DataSet_clean/no/cce17a61_nohash_0.wav,no,cce17a61,train
DataSet_clean/no/cce17a61_nohash_1.wav,no,cce17a61,train
DataSet_clean/no/cce7416f_nohash_0.wav,no,cce7416f,train
DataSet_clean/no/cce7416f_nohash_1.wav,no,cce7416f,train
DataSet_clean/no/cce7416f_nohash_10.wav,no,cce7416f,train
DataSet_clean/no/cce7416f_nohash_2.wav,no,cce7416f,train
DataSet_clean/no/cce7416f_nohash_3.wav,no,cce7416f,train
DataSet_clean/no/cce7416f_nohash_4.wav,no,cce7416f,train
DataSet_clean/no/cce7416f_nohash_5.wav,no,cce7416f,train
DataSet_clean/no/cce7416f_nohash_6.wav,no,cce7416f,train
DataSet_clean/no/cce7416f_nohash_7.wav,no,cce7416f,train
DataSet_clean/no/cce7416f_nohash_8.wav,no,cce7416f,train
DataSet_clean/no/cce7416f_nohash_9.wav,no,cce7416f,train
DataSet_clean/no/cd671b5f_nohash_0.wav,no,cd671b5f,train
DataSet_clean/no/cd671b5f_nohash_1.wav,no,cd671b5f,train
DataSet_clean/no/cd671b5f_nohash_2.wav,no,cd671b5f,train
DataSet_clean/no/cd671b5f_nohash_3.wav,no,cd671b5f,train
DataSet_clean/no/cd671b5f_nohash_4.wav,no,cd671b5f,train
DataSet_clean/no/cd68e997_nohash_0.wav,no,cd68e997,train
DataSet_clean/no/cd68e997_nohash_1.wav,no,cd68e997,train
DataSet_clean/no/cd7f8c1b_nohash_0.wav,no,cd7f8c1b,train
DataSet_clean/no/cd7f8c1b_nohash_1.wav,no,cd7f8c1b,train
DataSet_clean/no/cd7f8c1b_nohash_2.wav,no,cd7f8c1b,train
DataSet_clean/no/cd7f8c1b_nohash_3.wav,no,cd7f8c1b,train
DataSet_clean/no/cd7f8c1b_nohash_4.wav,no,cd7f8c1b,train
DataSet_clean/no/cd85758f_nohash_0.wav,no,cd85758f,train
DataSet_clean/no/cd85758f_nohash_1.wav,no,cd85758f,train
DataSet_clean/no/cd85758f_nohash_2.wav,no,cd85758f,train
DataSet_clean/no/cd85758f_nohash_3.wav,no,cd85758f,train
DataSet_clean/no/cd8b1781_nohash_0.wav,no,cd8b1781,train
DataSet_clean/no/cd911ace_nohash_0.wav,no,cd911ace,val
DataSet_clean/no/cdbd6969_nohash_0.wav,no,cdbd6969,train
DataSet_clean/no/cdee383b_nohash_0.wav,no,cdee383b,train
DataSet_clean/no/cdee383b_nohash_1.wav,no,cdee383b,train
DataSet_clean/no/cdee383b_nohash_2.wav,no,cdee383b,train
DataSet_clean/no/cdee383b_nohash_3.wav,no,cdee383b,train
DataSet_clean/no/cdee383b_nohash_4.wav,no,cdee383b,train
DataSet_clean/no/cdfbbe75_nohash_0.wav,no,cdfbbe75,train
DataSet_clean/no/cdfbbe75_nohash_1.wav,no,cdfbbe75,train
DataSet_clean/no/cdfbbe75_nohash_2.wav,no,cdfbbe75,train
DataSet_clean/no/ce0cb033_nohash_0.wav,no,ce0cb033,train
DataSet_clean/no/ce0cb033_nohash_1.wav,no,ce0cb033,train
DataSet_clean/no/ce0cb033_nohash_2.wav,no,ce0cb033,train
DataSet_clean/no/ce0cb033_nohash_3.wav,no,ce0cb033,train
DataSet_clean/no/ceaadb24_nohash_0.wav,no,ceaadb24,train
DataSet_clean/no/ced4e2a1_nohash_0.wav,no,ced4e2a1,train
DataSet_clean/no/cee22275_nohash_0.wav,no,cee22275,train
DataSet_clean/no/cee22275_nohash_1.wav,no,cee22275,train
DataSet_clean/no/cee22275_nohash_2.wav,no,cee22275,train
DataSet_clean/no/ceef6d96_nohash_0.wav,no,ceef6d96,train
DataSet_clean/no/ceef6d96_nohash_1.wav,no,ceef6d96,train
DataSet_clean/no/ceef6d96_nohash_2.wav,no,ceef6d96,train
DataSet_clean/no/ceef6d96_nohash_3.wav,no,ceef6d96,train
DataSet_clean/no/ceef6d96_nohash_4.wav,no,ceef6d96,train
DataSet_clean/no/cf68fad2_nohash_0.wav,no,cf68fad2,train
DataSet_clean/no/cf87b736_nohash_0.wav,no,cf87b736,train
DataSet_clean/no/cf87b736_nohash_1.wav,no,cf87b736,train
DataSet_clean/no/cf8d91cf_nohash_0.wav,no,cf8d91cf,test
DataSet_clean/no/cf8d91cf_nohash_1.wav,no,cf8d91cf,test
DataSet_clean/no/cfbedff9_nohash_0.wav,no,cfbedff9,val
DataSet_clean/no/cfbedff9_nohash_1.wav,no,cfbedff9,val
DataSet_clean/no/cfbedff9_nohash_2.wav,no,cfbedff9,val
DataSet_clean/no/cfbedff9_nohash_3.wav,no,cfbedff9,val
DataSet_clean/no/cfbedff9_nohash_4.wav,no,cfbedff9,val
DataSet_clean/no/cfde27ba_nohash_0.wav,no,cfde27ba,train
DataSet_clean/no/d0426d63_nohash_0.wav,no,d0426d63,train
DataSet_clean/no/d070ea86_nohash_0.wav,no,d070ea86,train
DataSet_clean/no/d070ea86_nohash_1.wav,no,d070ea86,train
DataSet_clean/no/d070ea86_nohash_2.wav,no,d070ea86,train
DataSet_clean/no/d070ea86_nohash_3.wav,no,d070ea86,train
DataSet_clean/no/d070ea86_nohash_4.wav,no,d070ea86,train
DataSet_clean/no/d0745d72_nohash_0.wav,no,d0745d72,test
DataSet_clean/no/d0ce2418_nohash_0.wav,no,d0ce2418,train
DataSet_clean/no/d0f7bef5_nohash_0.wav,no,d0f7bef5,train
DataSet_clean/no/d0f7bef5_nohash_1.wav,no,d0f7bef5,train
DataSet_clean/no/d0faf7e4_nohash_0.wav,no,d0faf7e4,test
DataSet_clean/no/d0faf7e4_nohash_1.wav,no,d0faf7e4,test
DataSet_clean/no/d0faf7e4_nohash_2.wav,no,d0faf7e4,test
DataSet_clean/no/d0faf7e4_nohash_3.wav,no,d0faf7e4,test
DataSet_clean/no/d0faf7e4_nohash_4.wav,no,d0faf7e4,test
DataSet_clean/no/d1214f15_nohash_0.wav,no,d1214f15,train
DataSet_clean/no/d1dd03ed_nohash_0.wav,no,d1dd03ed,train
DataSet_clean/no/d1dd03ed_nohash_1.wav,no,d1dd03ed,train
DataSet_clean/no/d1dd03ed_nohash_2.wav,no,d1dd03ed,train
DataSet_clean/no/d1dd03ed_nohash_3.wav,no,d1dd03ed,train
DataSet_clean/no/d1dd03ed_nohash_4.wav,no,d1dd03ed,train
DataSet_clean/no/d21fd169_nohash_0.wav,no,d21fd169,train
DataSet_clean/no/d21fd169_nohash_1.wav,no,d21fd169,train
DataSet_clean/no/d21fd169_nohash_2.wav,no,d21fd169,train
DataSet_clean/no/d21fd169_nohash_3.wav,no,d21fd169,train
DataSet_clean/no/d21fd169_nohash_4.wav,no,d21fd169,train
DataSet_clean/no/d264f7b6_nohash_0.wav,no,d264f7b6,test
DataSet_clean/no/d264f7b6_nohash_1.wav,no,d264f7b6,test
DataSet_clean/no/d264f7b6_nohash_2.wav,no,d264f7b6,test
DataSet_clean/no/d264f7b6_nohash_3.wav,no,d264f7b6,test
DataSet_clean/no/d264f7b6_nohash_4.wav,no,d264f7b6,test
DataSet_clean/no/d278d8ef_nohash_0.wav,no,d278d8ef,train
DataSet_clean/no/d278d8ef_nohash_1.wav,no,d278d8ef,train
DataSet_clean/no/d278d8ef_nohash_2.wav,no,d278d8ef,train
DataSet_clean/no/d278d8ef_nohash_3.wav,no,d278d8ef,train
DataSet_clean/no/d278d8ef_nohash_4.wav,no,d278d8ef,train
DataSet_clean/no/d2eae23d_nohash_0.wav,no,d2eae23d,train
DataSet_clean/no/d31d8dd7_nohash_0.wav,no,d31d8dd7,test
DataSet_clean/no/d3831f6a_nohash_0.wav,no,d3831f6a,val
DataSet_clean/no/d3831f6a_nohash_1.wav,no,d3831f6a,val
DataSet_clean/no/d3831f6a_nohash_2.wav,no,d3831f6a,val
DataSet_clean/no/d3831f6a_nohash_3.wav,no,d3831f6a,val
DataSet_clean/no/d394ef8e_nohash_0.wav,no,d394ef8e,train
DataSet_clean/no/d394ef8e_nohash_1.wav,no,d394ef8e,train
DataSet_clean/no/d394ef8e_nohash_2.wav,no,d394ef8e,train
DataSet_clean/no/d394ef8e_nohash_3.wav,no,d394ef8e,train
DataSet_clean/no/d394ef8e_nohash_4.wav,no,d394ef8e,train
DataSet_clean/no/d394ef8e_nohash_5.wav,no,d394ef8e,train
DataSet_clean/no/d3c2470e_nohash_0.wav,no,d3c2470e,val
DataSet_clean/no/d486fb84_nohash_0.wav,no,d486fb84,train
DataSet_clean/no/d4d898d7_nohash_0.wav,no,d4d898d7,val
DataSet_clean/no/d4dddb92_nohash_0.wav,no,d4dddb92,train
DataSet_clean/no/d5356b9a_nohash_0.wav,no,d5356b9a,train
DataSet_clean/no/d5356b9a_nohash_1.wav,no,d5356b9a,train
DataSet_clean/no/d53e25ba_nohash_0.wav,no,d53e25ba,train
DataSet_clean/no/d55aa56c_nohash_0.wav,no,d55aa56c,train
DataSet_clean/no/d57febf0_nohash_0.wav,no,d57febf0,train
DataSet_clean/no/d5b963aa_nohash_0.wav,no,d5b963aa,train
DataSet_clean/no/d5b963aa_nohash_1.wav,no,d5b963aa,train
DataSet_clean/no/d5b963aa_nohash_2.wav,no,d5b963aa,train
DataSet_clean/no/d5b963aa_nohash_3.wav,no,d5b963aa,train
DataSet_clean/no/d5b963aa_nohash_4.wav,no,d5b963aa,train
DataSet_clean/no/d5ca80c6_nohash_0.wav,no,d5ca80c6,val
DataSet_clean/no/d5cdb23e_nohash_0.wav,no,d5cdb23e,test
DataSet_clean/no/d6360b32_nohash_0.wav,no,d6360b32,val
DataSet_clean/no/d6b155a5_nohash_0.wav,no,d6b155a5,train
DataSet_clean/no/d7467392_nohash_0.wav,no,d7467392,train
DataSet_clean/no/d7559b2d_nohash_0.wav,no,d7559b2d,test
DataSet_clean/no/d7559b2d_nohash_1.wav,no,d7559b2d,test
DataSet_clean/no/d78858d9_nohash_0.wav,no,d78858d9,train
DataSet_clean/no/d7a58714_nohash_0.wav,no,d7a58714,train
DataSet_clean/no/d7a58714_nohash_1.wav,no,d7a58714,train
DataSet_clean/no/d7ca14ef_nohash_0.wav,no,d7ca14ef,train
DataSet_clean/no/d84829e0_nohash_0.wav,no,d84829e0,train
DataSet_clean/no/d8521ea0_nohash_0.wav,no,d8521ea0,train
DataSet_clean/no/d85270c1_nohash_0.wav,no,d85270c1,train
DataSet_clean/no/d85270c1_nohash_1.wav,no,d85270c1,train
DataSet_clean/no/d874a786_nohash_0.wav,no,d874a786,train
DataSet_clean/no/d8a5ace5_nohash_0.wav,no,d8a5ace5,train
DataSet_clean/no/d8c314c0_nohash_0.wav,no,d8c314c0,val
DataSet_clean/no/d8c314c0_nohash_1.wav,no,d8c314c0,val
DataSet_clean/no/d8c52371_nohash_0.wav,no,d8c52371,train
DataSet_clean/no/d8ed3745_nohash_0.wav,no,d8ed3745,train
DataSet_clean/no/d8ee4734_nohash_0.wav,no,d8ee4734,train
DataSet_clean/no/d8ee4734_nohash_1.wav,no,d8ee4734,train
DataSet_clean/no/d91a159e_nohash_0.wav,no,d91a159e,train
DataSet_clean/no/d91a159e_nohash_1.wav,no,d91a159e,train
DataSet_clean/no/d926bb17_nohash_0.wav,no,d926bb17,train
DataSet_clean/no/d933bf5e_nohash_0.wav,no,d933bf5e,train
DataSet_clean/no/d94eb94f_nohash_0.wav,no,d94eb94f,train
DataSet_clean/no/d94eb94f_nohash_1.wav,no,d94eb94f,train
DataSet_clean/no/d952a17e_nohash_0.wav,no,d952a17e,train
DataSet_clean/no/d952a17e_nohash_1.wav,no,d952a17e,train
DataSet_clean/no/d962e5ac_nohash_0.wav,no,d962e5ac,train
DataSet_clean/no/d962e5ac_nohash_1.wav,no,d962e5ac,train
DataSet_clean/no/d962e5ac_nohash_2.wav,no,d962e5ac,train
DataSet_clean/no/d962e5ac_nohash_3.wav,no,d962e5ac,train
DataSet_clean/no/d98dd124_nohash_0.wav,no,d98dd124,train
DataSet_clean/no/d98dd124_nohash_1.wav,no,d98dd124,train
DataSet_clean/no/d98dd124_nohash_2.wav,no,d98dd124,train
DataSet_clean/no/d98dd124_nohash_3.wav,no,d98dd124,train
DataSet_clean/no/d98f6043_nohash_0.wav,no,d98f6043,train
DataSet_clean/no/d9aa8c90_nohash_0.wav,no,d9aa8c90,test
DataSet_clean/no/d9aa8c90_nohash_1.wav,no,d9aa8c90,test
DataSet_clean/no/d9aa8c90_nohash_2.wav,no,d9aa8c90,test
DataSet_clean/no/d9aa8c90_nohash_3.wav,no,d9aa8c90,test
DataSet_clean/no/d9aa8c90_nohash_4.wav,no,d9aa8c90,test
DataSet_clean/no/d9ae8983_nohash_0.wav,no,d9ae8983,val
DataSet_clean/no/d9ae8983_nohash_1.wav,no,d9ae8983,val
DataSet_clean/no/d9ae8983_nohash_2.wav,no,d9ae8983,val
DataSet_clean/no/d9b50b8b_nohash_0.wav,no,d9b50b8b,train
DataSet_clean/no/d9d6559e_nohash_0.wav,no,d9d6559e,train
DataSet_clean/no/da040491_nohash_0.wav,no,da040491,train
DataSet_clean/no/da040491_nohash_1.wav,no,da040491,train
DataSet_clean/no/da040491_nohash_2.wav,no,da040491,train
DataSet_clean/no/da040491_nohash_3.wav,no,da040491,train
DataSet_clean/no/da040491_nohash_4.wav,no,da040491,train
DataSet_clean/no/da15e796_nohash_0.wav,no,da15e796,val
DataSet_clean/no/da15e796_nohash_1.wav,no,da15e796,val
DataSet_clean/no/da27460c_nohash_0.wav,no,da27460c,train
DataSet_clean/no/da27460c_nohash_1.wav,no,da27460c,train
DataSet_clean/no/da2c5f1b_nohash_0.wav,no,da2c5f1b,train
DataSet_clean/no/da4ef063_nohash_0.wav,no,da4ef063,train
DataSet_clean/no/da584bc0_nohash_0.wav,no,da584bc0,train
DataSet_clean/no/da584bc0_nohash_1.wav,no,da584bc0,train
DataSet_clean/no/da584bc0_nohash_2.wav,no,da584bc0,train
DataSet_clean/no/da5dadb9_nohash_0.wav,no,da5dadb9,val
DataSet_clean/no/da93deb7_nohash_0.wav,no,da93deb7,train
DataSet_clean/no/da93deb7_nohash_1.wav,no,da93deb7,train
DataSet_clean/no/dabd70c2_nohash_0.wav,no,dabd70c2,train
DataSet_clean/no/dac8b7f9_nohash_0.wav,no,dac8b7f9,test
DataSet_clean/no/dae01802_nohash_0.wav,no,dae01802,test
DataSet_clean/no/dae01802_nohash_1.wav,no,dae01802,test
DataSet_clean/no/dae01802_nohash_2.wav,no,dae01802,test
DataSet_clean/no/dae01802_nohash_3.wav,no,dae01802,test
DataSet_clean/no/dae01802_nohash_4.wav,no,dae01802,test
DataSet_clean/no/db24628d_nohash_0.wav,no,db24628d,train
DataSet_clean/no/db24628d_nohash_1.wav,no,db24628d,train
DataSet_clean/no/db24628d_nohash_2.wav,no,db24628d,train
DataSet_clean/no/db24628d_nohash_3.wav,no,db24628d,train
DataSet_clean/no/db24628d_nohash_4.wav,no,db24628d,train
DataSet_clean/no/db72a474_nohash_0.wav,no,db72a474,train
DataSet_clean/no/db7c95b0_nohash_0.wav,no,db7c95b0,train
DataSet_clean/no/db8a3397_nohash_0.wav,no,db8a3397,train
DataSet_clean/no/db9cfc88_nohash_0.wav,no,db9cfc88,train
DataSet_clean/no/dbaf8fc6_nohash_0.wav,no,dbaf8fc6,train
DataSet_clean/no/dc6e9c04_nohash_0.wav,no,dc6e9c04,train
DataSet_clean/no/dc6e9c04_nohash_1.wav,no,dc6e9c04,train
DataSet_clean/no/dc75148d_nohash_0.wav,no,dc75148d,val
DataSet_clean/no/dca2797e_nohash_0.wav,no,dca2797e,val
DataSet_clean/no/dca2797e_nohash_1.wav,no,dca2797e,val
DataSet_clean/no/dca2797e_nohash_2.wav,no,dca2797e,val
DataSet_clean/no/dca2797e_nohash_3.wav,no,dca2797e,val
DataSet_clean/no/dca2797e_nohash_4.wav,no,dca2797e,val
DataSet_clean/no/dcb57584_nohash_0.wav,no,dcb57584,train
DataSet_clean/no/dcbfe008_nohash_0.wav,no,dcbfe008,test
DataSet_clean/no/dce05676_nohash_0.wav,no,dce05676,train
DataSet_clean/no/dce5041a_nohash_0.wav,no,dce5041a,train
DataSet_clean/no/dce5041a_nohash_1.wav,no,dce5041a,train
DataSet_clean/no/dce5041a_nohash_2.wav,no,dce5041a,train
DataSet_clean/no/dd086776_nohash_0.wav,no,dd086776,train
DataSet_clean/no/dd6c6806_nohash_0.wav,no,dd6c6806,train
DataSet_clean/no/ddedba85_nohash_0.wav,no,ddedba85,test
DataSet_clean/no/ddedba85_nohash_1.wav,no,ddedba85,test
DataSet_clean/no/ddedba85_nohash_2.wav,no,ddedba85,test
DataSet_clean/no/ddedba85_nohash_3.wav,no,ddedba85,test
DataSet_clean/no/ddedba85_nohash_4.wav,no,ddedba85,test
DataSet_clean/no/ddedba85_nohash_5.wav,no,ddedba85,test
DataSet_clean/no/ddedba85_nohash_6.wav,no,ddedba85,test
DataSet_clean/no/ddedba85_nohash_7.wav,no,ddedba85,test
DataSet_clean/no/ddedba85_nohash_8.wav,no,ddedba85,test
DataSet_clean/no/de08912f_nohash_0.wav,no,de08912f,val
DataSet_clean/no/de08912f_nohash_1.wav,no,de08912f,val
DataSet_clean/no/de3fe344_nohash_0.wav,no,de3fe344,test
DataSet_clean/no/de3fe344_nohash_1.wav,no,de3fe344,test
DataSet_clean/no/de3fe344_nohash_2.wav,no,de3fe344,test
DataSet_clean/no/de3fe344_nohash_3.wav,no,de3fe344,test
DataSet_clean/no/de3fe344_nohash_4.wav,no,de3fe344,test
DataSet_clean/no/de41f895_nohash_0.wav,no,de41f895,train
DataSet_clean/no/de41f895_nohash_1.wav,no,de41f895,train
DataSet_clean/no/de4f7798_nohash_0.wav,no,de4f7798,train
DataSet_clean/no/de4f7798_nohash_1.wav,no,de4f7798,train
DataSet_clean/no/de650823_nohash_0.wav,no,de650823,train
DataSet_clean/no/de89e2ca_nohash_0.wav,no,de89e2ca,train
DataSet_clean/no/de89e2ca_nohash_1.wav,no,de89e2ca,train
DataSet_clean/no/de89e2ca_nohash_2.wav,no,de89e2ca,train
DataSet_clean/no/de89e2ca_nohash_3.wav,no,de89e2ca,train
DataSet_clean/no/de89e2ca_nohash_4.wav,no,de89e2ca,train
DataSet_clean/no/dea820ce_nohash_0.wav,no,dea820ce,test
DataSet_clean/no/dea820ce_nohash_1.wav,no,dea820ce,test
DataSet_clean/no/dea820ce_nohash_2.wav,no,dea820ce,test
DataSet_clean/no/dea820ce_nohash_3.wav,no,dea820ce,test
DataSet_clean/no/dea820ce_nohash_4.wav,no,dea820ce,test
DataSet_clean/no/dec73123_nohash_0.wav,no,dec73123,train
DataSet_clean/no/df038de4_nohash_0.wav,no,df038de4,train
DataSet_clean/no/df280250_nohash_0.wav,no,df280250,train
DataSet_clean/no/df6bd83f_nohash_0.wav,no,df6bd83f,train
DataSet_clean/no/dfb6450b_nohash_0.wav,no,dfb6450b,train
DataSet_clean/no/e0315cf6_nohash_0.wav,no,e0315cf6,train
DataSet_clean/no/e0315cf6_nohash_1.wav,no,e0315cf6,train
DataSet_clean/no/e0315cf6_nohash_2.wav,no,e0315cf6,train
DataSet_clean/no/e0315cf6_nohash_3.wav,no,e0315cf6,train
DataSet_clean/no/e0322f2c_nohash_0.wav,no,e0322f2c,test
DataSet_clean/no/e04d7130_nohash_0.wav,no,e04d7130,val
DataSet_clean/no/e0611c84_nohash_0.wav,no,e0611c84,train
DataSet_clean/no/e0611c84_nohash_1.wav,no,e0611c84,train
DataSet_clean/no/e0a7c5a0_nohash_0.wav,no,e0a7c5a0,test
DataSet_clean/no/e0c782d5_nohash_0.wav,no,e0c782d5,val
DataSet_clean/no/e0c782d5_nohash_1.wav,no,e0c782d5,val
DataSet_clean/no/e0c782d5_nohash_2.wav,no,e0c782d5,val
DataSet_clean/no/e10e2cbb_nohash_0.wav,no,e10e2cbb,train
DataSet_clean/no/e11fbc6e_nohash_0.wav,no,e11fbc6e,train
DataSet_clean/no/e11fbc6e_nohash_1.wav,no,e11fbc6e,train
DataSet_clean/no/e11fbc6e_nohash_2.wav,no,e11fbc6e,train
DataSet_clean/no/e11fbc6e_nohash_3.wav,no,e11fbc6e,train
DataSet_clean/no/e1469561_nohash_0.wav,no,e1469561,val
DataSet_clean/no/e1469561_nohash_1.wav,no,e1469561,val
DataSet_clean/no/e1469561_nohash_2.wav,no,e1469561,val
DataSet_clean/no/e1469561_nohash_3.wav,no,e1469561,val
DataSet_clean/no/e1469561_nohash_4.wav,no,e1469561,val
DataSet_clean/no/e14d3db8_nohash_0.wav,no,e14d3db8,test
DataSet_clean/no/e1aa22e4_nohash_0.wav,no,e1aa22e4,val
DataSet_clean/no/e1aa22e4_nohash_1.wav,no,e1aa22e4,val
DataSet_clean/no/e2008f39_nohash_0.wav,no,e2008f39,train
DataSet_clean/no/e20be42a_nohash_0.wav,no,e20be42a,train
DataSet_clean/no/e2362167_nohash_0.wav,no,e2362167,val
DataSet_clean/no/e269bac0_nohash_0.wav,no,e269bac0,test
DataSet_clean/no/e269bac0_nohash_1.wav,no,e269bac0,test
DataSet_clean/no/e2b7d6d6_nohash_0.wav,no,e2b7d6d6,test
DataSet_clean/no/e32ff49d_nohash_0.wav,no,e32ff49d,test
DataSet_clean/no/e32ff49d_nohash_1.wav,no,e32ff49d,test
DataSet_clean/no/e32ff49d_nohash_2.wav,no,e32ff49d,test
DataSet_clean/no/e39a8ddc_nohash_0.wav,no,e39a8ddc,test
DataSet_clean/no/e3b64217_nohash_0.wav,no,e3b64217,test
DataSet_clean/no/e3b64217_nohash_1.wav,no,e3b64217,test
DataSet_clean/no/e3e0f145_nohash_0.wav,no,e3e0f145,train
DataSet_clean/no/e3e0f145_nohash_1.wav,no,e3e0f145,train
DataSet_clean/no/e3e0f145_nohash_2.wav,no,e3e0f145,train
DataSet_clean/no/e3e0f145_nohash_3.wav,no,e3e0f145,train
DataSet_clean/no/e3e49931_nohash_0.wav,no,e3e49931,val
DataSet_clean/no/e41a903b_nohash_0.wav,no,e41a903b,val
DataSet_clean/no/e41a903b_nohash_1.wav,no,e41a903b,val
DataSet_clean/no/e41a903b_nohash_2.wav,no,e41a903b,val
DataSet_clean/no/e41a903b_nohash_3.wav,no,e41a903b,val
DataSet_clean/no/e41a903b_nohash_4.wav,no,e41a903b,val
DataSet_clean/no/e4200516_nohash_0.wav,no,e4200516,val
DataSet_clean/no/e453d477_nohash_0.wav,no,e453d477,train
DataSet_clean/no/e48a80ed_nohash_0.wav,no,e48a80ed,train
DataSet_clean/no/e48a80ed_nohash_1.wav,no,e48a80ed,train
DataSet_clean/no/e49428d9_nohash_0.wav,no,e49428d9,train
DataSet_clean/no/e49428d9_nohash_1.wav,no,e49428d9,train
DataSet_clean/no/e49428d9_nohash_2.wav,no,e49428d9,train
DataSet_clean/no/e49428d9_nohash_3.wav,no,e49428d9,train
DataSet_clean/no/e4a2cf79_nohash_0.wav,no,e4a2cf79,val
DataSet_clean/no/e4a2cf79_nohash_1.wav,no,e4a2cf79,val
DataSet_clean/no/e4a2cf79_nohash_2.wav,no,e4a2cf79,val
DataSet_clean/no/e4b02540_nohash_0.wav,no,e4b02540,train
DataSet_clean/no/e4be0cf6_nohash_0.wav,no,e4be0cf6,train
DataSet_clean/no/e4be0cf6_nohash_1.wav,no,e4be0cf6,train
DataSet_clean/no/e4be0cf6_nohash_2.wav,no,e4be0cf6,train
DataSet_clean/no/e4be0cf6_nohash_3.wav,no,e4be0cf6,train
DataSet_clean/no/e53139ad_nohash_0.wav,no,e53139ad,train
DataSet_clean/no/e53139ad_nohash_1.wav,no,e53139ad,train
DataSet_clean/no/e53139ad_nohash_2.wav,no,e53139ad,train
DataSet_clean/no/e53139ad_nohash_3.wav,no,e53139ad,train
DataSet_clean/no/e53139ad_nohash_4.wav,no,e53139ad,train
DataSet_clean/no/e54a0f16_nohash_0.wav,no,e54a0f16,test
DataSet_clean/no/e54a0f16_nohash_1.wav,no,e54a0f16,test
DataSet_clean/no/e54a0f16_nohash_2.wav,no,e54a0f16,test
DataSet_clean/no/e54a0f16_nohash_3.wav,no,e54a0f16,test
DataSet_clean/no/e55a2b20_nohash_0.wav,no,e55a2b20,train
DataSet_clean/no/e55a2b20_nohash_1.wav,no,e55a2b20,train
DataSet_clean/no/e55a2b20_nohash_2.wav,no,e55a2b20,train
DataSet_clean/no/e57d35bc_nohash_0.wav,no,e57d35bc,test
DataSet_clean/no/e57d35bc_nohash_1.wav,no,e57d35bc,test
DataSet_clean/no/e57d35bc_nohash_2.wav,no,e57d35bc,test
DataSet_clean/no/e5afa9b0_nohash_0.wav,no,e5afa9b0,train
DataSet_clean/no/e5c48e53_nohash_0.wav,no,e5c48e53,test
DataSet_clean/no/e5c48e53_nohash_1.wav,no,e5c48e53,test
DataSet_clean/no/e5dadd24_nohash_0.wav,no,e5dadd24,val
DataSet_clean/no/e5e54cee_nohash_0.wav,no,e5e54cee,test
DataSet_clean/no/e5e54cee_nohash_1.wav,no,e5e54cee,test
DataSet_clean/no/e6327279_nohash_0.wav,no,e6327279,train
DataSet_clean/no/e6327279_nohash_1.wav,no,e6327279,train
DataSet_clean/no/e6327279_nohash_2.wav,no,e6327279,train
DataSet_clean/no/e6327279_nohash_3.wav,no,e6327279,train
DataSet_clean/no/e63b69c5_nohash_0.wav,no,e63b69c5,val
DataSet_clean/no/e6515415_nohash_0.wav,no,e6515415,train
DataSet_clean/no/e6515415_nohash_1.wav,no,e6515415,train
DataSet_clean/no/e6be0830_nohash_0.wav,no,e6be0830,train
DataSet_clean/no/e6db3894_nohash_0.wav,no,e6db3894,train
DataSet_clean/no/e7117d00_nohash_0.wav,no,e7117d00,train
DataSet_clean/no/e718c302_nohash_0.wav,no,e718c302,val
DataSet_clean/no/e71a9381_nohash_0.wav,no,e71a9381,train
DataSet_clean/no/e71a9381_nohash_1.wav,no,e71a9381,train
DataSet_clean/no/e71a9381_nohash_2.wav,no,e71a9381,train
DataSet_clean/no/e71a9381_nohash_3.wav,no,e71a9381,train
DataSet_clean/no/e71b4ce6_nohash_0.wav,no,e71b4ce6,train
DataSet_clean/no/e72aa705_nohash_0.wav,no,e72aa705,val
DataSet_clean/no/e76dd1ce_nohash_0.wav,no,e76dd1ce,test
DataSet_clean/no/e77d88fc_nohash_0.wav,no,e77d88fc,train
DataSet_clean/no/e77d88fc_nohash_1.wav,no,e77d88fc,train
DataSet_clean/no/e7d0eb3f_nohash_0.wav,no,e7d0eb3f,val
DataSet_clean/no/e7ea8b76_nohash_0.wav,no,e7ea8b76,train
DataSet_clean/no/e7ea8b76_nohash_1.wav,no,e7ea8b76,train
DataSet_clean/no/e7ea8b76_nohash_2.wav,no,e7ea8b76,train
DataSet_clean/no/e7ea8b76_nohash_3.wav,no,e7ea8b76,train
DataSet_clean/no/e7ea8b76_nohash_4.wav,no,e7ea8b76,train
DataSet_clean/no/e7ea8b76_nohash_5.wav,no,e7ea8b76,train
DataSet_clean/no/e882abb2_nohash_0.wav,no,e882abb2,train
DataSet_clean/no/e882abb2_nohash_1.wav,no,e882abb2,train
DataSet_clean/no/e882abb2_nohash_2.wav,no,e882abb2,train
DataSet_clean/no/e882abb2_nohash_3.wav,no,e882abb2,train
DataSet_clean/no/e882abb2_nohash_4.wav,no,e882abb2,train
DataSet_clean/no/e8c3c5ca_nohash_0.wav,no,e8c3c5ca,train
DataSet_clean/no/e8c3c5ca_nohash_1.wav,no,e8c3c5ca,train
DataSet_clean/no/e8d562ca_nohash_0.wav,no,e8d562ca,train
DataSet_clean/no/e8d562ca_nohash_1.wav,no,e8d562ca,train
DataSet_clean/no/e8e960fd_nohash_0.wav,no,e8e960fd,train
DataSet_clean/no/e900b652_nohash_0.wav,no,e900b652,test
DataSet_clean/no/e900b652_nohash_1.wav,no,e900b652,test
DataSet_clean/no/e9287461_nohash_0.wav,no,e9287461,test
DataSet_clean/no/e9287461_nohash_1.wav,no,e9287461,test
DataSet_clean/no/e95c70e2_nohash_0.wav,no,e95c70e2,val
DataSet_clean/no/e95c70e2_nohash_1.wav,no,e95c70e2,val
DataSet_clean/no/e98cb283_nohash_0.wav,no,e98cb283,train
DataSet_clean/no/e99d36c8_nohash_0.wav,no,e99d36c8,train
DataSet_clean/no/e99d36c8_nohash_1.wav,no,e99d36c8,train
DataSet_clean/no/e9abfe31_nohash_0.wav,no,e9abfe31,train
DataSet_clean/no/e9abfe31_nohash_1.wav,no,e9abfe31,train
DataSet_clean/no/e9abfe31_nohash_2.wav,no,e9abfe31,train
DataSet_clean/no/e9abfe31_nohash_3.wav,no,e9abfe31,train
DataSet_clean/no/e9abfe31_nohash_4.wav,no,e9abfe31,train
DataSet_clean/no/e9bc5cc2_nohash_0.wav,no,e9bc5cc2,val
DataSet_clean/no/e9bc5cc2_nohash_1.wav,no,e9bc5cc2,val
DataSet_clean/no/e9bc5cc2_nohash_2.wav,no,e9bc5cc2,val
DataSet_clean/no/e9bc5cc2_nohash_3.wav,no,e9bc5cc2,val
DataSet_clean/no/e9bc5cc2_nohash_4.wav,no,e9bc5cc2,val
DataSet_clean/no/e9e07a2d_nohash_0.wav,no,e9e07a2d,train
DataSet_clean/no/ea0cf37f_nohash_0.wav,no,ea0cf37f,test
DataSet_clean/no/ea0cf37f_nohash_1.wav,no,ea0cf37f,test
DataSet_clean/no/ea0cf37f_nohash_2.wav,no,ea0cf37f,test
DataSet_clean/no/ea1f888c_nohash_0.wav,no,ea1f888c,train
DataSet_clean/no/ea7ca285_nohash_0.wav,no,ea7ca285,train
DataSet_clean/no/ea9f8e11_nohash_0.wav,no,ea9f8e11,train
DataSet_clean/no/eaa83485_nohash_0.wav,no,eaa83485,train
DataSet_clean/no/eaa83485_nohash_1.wav,no,eaa83485,train
DataSet_clean/no/eaa83485_nohash_2.wav,no,eaa83485,train
DataSet_clean/no/eaa83485_nohash_3.wav,no,eaa83485,train
DataSet_clean/no/eaa83485_nohash_4.wav,no,eaa83485,train
DataSet_clean/no/eb0676ec_nohash_0.wav,no,eb0676ec,train
DataSet_clean/no/eb0676ec_nohash_1.wav,no,eb0676ec,train
DataSet_clean/no/eb0676ec_nohash_2.wav,no,eb0676ec,train
DataSet_clean/no/eb0676ec_nohash_3.wav,no,eb0676ec,train
DataSet_clean/no/eb0676ec_nohash_4.wav,no,eb0676ec,train
DataSet_clean/no/eb3f7d82_nohash_0.wav,no,eb3f7d82,train
DataSet_clean/no/eb3f7d82_nohash_1.wav,no,eb3f7d82,train
DataSet_clean/no/eb3f7d82_nohash_2.wav,no,eb3f7d82,train
DataSet_clean/no/eb3f7d82_nohash_3.wav,no,eb3f7d82,train
DataSet_clean/no/eb67fcbc_nohash_0.wav,no,eb67fcbc,test
DataSet_clean/no/eb67fcbc_nohash_1.wav,no,eb67fcbc,test
DataSet_clean/no/eb67fcbc_nohash_2.wav,no,eb67fcbc,test
DataSet_clean/no/eb6dab4a_nohash_0.wav,no,eb6dab4a,train
DataSet_clean/no/ec201020_nohash_0.wav,no,ec201020,train
DataSet_clean/no/ec201020_nohash_1.wav,no,ec201020,train
DataSet_clean/no/ec201020_nohash_2.wav,no,ec201020,train
DataSet_clean/no/ec201020_nohash_3.wav,no,ec201020,train
DataSet_clean/no/ec21c46b_nohash_0.wav,no,ec21c46b,train
DataSet_clean/no/ec21c46b_nohash_1.wav,no,ec21c46b,train
DataSet_clean/no/ec21c46b_nohash_2.wav,no,ec21c46b,train
DataSet_clean/no/ec545975_nohash_0.wav,no,ec545975,test
DataSet_clean/no/ec74a8a5_nohash_0.wav,no,ec74a8a5,val
DataSet_clean/no/ec74a8a5_nohash_1.wav,no,ec74a8a5,val
DataSet_clean/no/ec7d1151_nohash_0.wav,no,ec7d1151,train
DataSet_clean/no/ec989d6d_nohash_0.wav,no,ec989d6d,train
DataSet_clean/no/ec989d6d_nohash_1.wav,no,ec989d6d,train
DataSet_clean/no/ec989d6d_nohash_2.wav,no,ec989d6d,train
DataSet_clean/no/ec989d6d_nohash_3.wav,no,ec989d6d,train
DataSet_clean/no/ec989d6d_nohash_4.wav,no,ec989d6d,train
DataSet_clean/no/ecef25ba_nohash_0.wav,no,ecef25ba,train
DataSet_clean/no/ecef25ba_nohash_1.wav,no,ecef25ba,train
DataSet_clean/no/ed032775_nohash_0.wav,no,ed032775,train
DataSet_clean/no/ed032775_nohash_1.wav,no,ed032775,train
DataSet_clean/no/ed032775_nohash_2.wav,no,ed032775,train
DataSet_clean/no/ed032775_nohash_3.wav,no,ed032775,train
DataSet_clean/no/ed032775_nohash_4.wav,no,ed032775,train
DataSet_clean/no/eda072b5_nohash_0.wav,no,eda072b5,train
DataSet_clean/no/edc53350_nohash_0.wav,no,edc53350,test
DataSet_clean/no/edd8bfe3_nohash_0.wav,no,edd8bfe3,train
DataSet_clean/no/ede2f4ee_nohash_0.wav,no,ede2f4ee,train
DataSet_clean/no/ee07dcb9_nohash_0.wav,no,ee07dcb9,train
DataSet_clean/no/ee07dcb9_nohash_1.wav,no,ee07dcb9,train
DataSet_clean/no/ee1d8d49_nohash_0.wav,no,ee1d8d49,train
DataSet_clean/no/ee1d8d49_nohash_1.wav,no,ee1d8d49,train
DataSet_clean/no/ee1d8d49_nohash_2.wav,no,ee1d8d49,train
DataSet_clean/no/ee1d8d49_nohash_3.wav,no,ee1d8d49,train
DataSet_clean/no/ee1d8d49_nohash_4.wav,no,ee1d8d49,train
DataSet_clean/no/ee202358_nohash_0.wav,no,ee202358,test
DataSet_clean/no/ee202358_nohash_1.wav,no,ee202358,test
DataSet_clean/no/ee202358_nohash_2.wav,no,ee202358,test
DataSet_clean/no/ee202358_nohash_3.wav,no,ee202358,test
DataSet_clean/no/ee23b031_nohash_0.wav,no,ee23b031,train
DataSet_clean/no/ee23b031_nohash_1.wav,no,ee23b031,train
DataSet_clean/no/ee4a907f_nohash_0.wav,no,ee4a907f,train
DataSet_clean/no/eeaf97c3_nohash_0.wav,no,eeaf97c3,train
DataSet_clean/no/eeaf97c3_nohash_1.wav,no,eeaf97c3,train
DataSet_clean/no/eeaf97c3_nohash_2.wav,no,eeaf97c3,train
DataSet_clean/no/eeaf97c3_nohash_3.wav,no,eeaf97c3,train
DataSet_clean/no/eeaf97c3_nohash_4.wav,no,eeaf97c3,train
DataSet_clean/no/ef2a3cfb_nohash_0.wav,no,ef2a3cfb,train
DataSet_clean/no/ef3367d9_nohash_0.wav,no,ef3367d9,train
DataSet_clean/no/ef3367d9_nohash_1.wav,no,ef3367d9,train
DataSet_clean/no/ef3367d9_nohash_2.wav,no,ef3367d9,train
DataSet_clean/no/ef3367d9_nohash_3.wav,no,ef3367d9,train
DataSet_clean/no/ef3367d9_nohash_4.wav,no,ef3367d9,train
DataSet_clean/no/ef3367d9_nohash_5.wav,no,ef3367d9,train
DataSet_clean/no/ef3367d9_nohash_6.wav,no,ef3367d9,train
DataSet_clean/no/ef3367d9_nohash_7.wav,no,ef3367d9,train
DataSet_clean/no/ef77b778_nohash_0.wav,no,ef77b778,val
DataSet_clean/no/ef77b778_nohash_1.wav,no,ef77b778,val
DataSet_clean/no/ef77b778_nohash_2.wav,no,ef77b778,val
DataSet_clean/no/ef77b778_nohash_3.wav,no,ef77b778,val
DataSet_clean/no/efa16ffd_nohash_0.wav,no,efa16ffd,train
DataSet_clean/no/efbb27a6_nohash_0.wav,no,efbb27a6,train
DataSet_clean/no/efbc3952_nohash_0.wav,no,efbc3952,test
DataSet_clean/no/f01a0d63_nohash_0.wav,no,f01a0d63,test
DataSet_clean/no/f01a0d63_nohash_1.wav,no,f01a0d63,test
DataSet_clean/no/f01a0d63_nohash_2.wav,no,f01a0d63,test
DataSet_clean/no/f035e2ea_nohash_0.wav,no,f035e2ea,train
DataSet_clean/no/f035e2ea_nohash_1.wav,no,f035e2ea,train
DataSet_clean/no/f035e2ea_nohash_2.wav,no,f035e2ea,train
DataSet_clean/no/f035e2ea_nohash_3.wav,no,f035e2ea,train
DataSet_clean/no/f0522ff4_nohash_0.wav,no,f0522ff4,val
DataSet_clean/no/f0522ff4_nohash_1.wav,no,f0522ff4,val
DataSet_clean/no/f0522ff4_nohash_2.wav,no,f0522ff4,val
DataSet_clean/no/f0522ff4_nohash_3.wav,no,f0522ff4,val
DataSet_clean/no/f0522ff4_nohash_4.wav,no,f0522ff4,val
DataSet_clean/no/f0659908_nohash_0.wav,no,f0659908,train
DataSet_clean/no/f0659908_nohash_1.wav,no,f0659908,train
DataSet_clean/no/f0659908_nohash_2.wav,no,f0659908,train
DataSet_clean/no/f0659908_nohash_3.wav,no,f0659908,train
DataSet_clean/no/f0ac2522_nohash_0.wav,no,f0ac2522,train
DataSet_clean/no/f0ac2522_nohash_1.wav,no,f0ac2522,train
DataSet_clean/no/f0ae7203_nohash_0.wav,no,f0ae7203,train
DataSet_clean/no/f0ebef1b_nohash_0.wav,no,f0ebef1b,test
DataSet_clean/no/f104f742_nohash_0.wav,no,f104f742,train
DataSet_clean/no/f15a354c_nohash_0.wav,no,f15a354c,val
DataSet_clean/no/f174517e_nohash_0.wav,no,f174517e,train
DataSet_clean/no/f19279c4_nohash_0.wav,no,f19279c4,train
DataSet_clean/no/f192e6b4_nohash_0.wav,no,f192e6b4,train
DataSet_clean/no/f19c1390_nohash_0.wav,no,f19c1390,val
DataSet_clean/no/f19c1390_nohash_1.wav,no,f19c1390,val
DataSet_clean/no/f19c1390_nohash_2.wav,no,f19c1390,val
DataSet_clean/no/f19c1390_nohash_3.wav,no,f19c1390,val
DataSet_clean/no/f19c1390_nohash_4.wav,no,f19c1390,val
DataSet_clean/no/f19d1738_nohash_0.wav,no,f19d1738,train
DataSet_clean/no/f1d8a638_nohash_0.wav,no,f1d8a638,train
DataSet_clean/no/f1d8a638_nohash_1.wav,no,f1d8a638,train
DataSet_clean/no/f1d8a638_nohash_2.wav,no,f1d8a638,train
DataSet_clean/no/f216055e_nohash_0.wav,no,f216055e,train
DataSet_clean/no/f21893dc_nohash_0.wav,no,f21893dc,train
DataSet_clean/no/f250345e_nohash_0.wav,no,f250345e,train
DataSet_clean/no/f2898d06_nohash_0.wav,no,f2898d06,train
DataSet_clean/no/f2898d06_nohash_1.wav,no,f2898d06,train
DataSet_clean/no/f2898d06_nohash_2.wav,no,f2898d06,train
DataSet_clean/no/f2898d06_nohash_3.wav,no,f2898d06,train
DataSet_clean/no/f2898d06_nohash_4.wav,no,f2898d06,train
DataSet_clean/no/f292725f_nohash_0.wav,no,f292725f,test
DataSet_clean/no/f2a90886_nohash_0.wav,no,f2a90886,train
DataSet_clean/no/f2dd248e_nohash_0.wav,no,f2dd248e,test
DataSet_clean/no/f2dd248e_nohash_1.wav,no,f2dd248e,test
DataSet_clean/no/f2e59fea_nohash_0.wav,no,f2e59fea,train
DataSet_clean/no/f2e59fea_nohash_1.wav,no,f2e59fea,train
DataSet_clean/no/f2e59fea_nohash_2.wav,no,f2e59fea,train
DataSet_clean/no/f2e59fea_nohash_3.wav,no,f2e59fea,train
DataSet_clean/no/f2e59fea_nohash_4.wav,no,f2e59fea,train
DataSet_clean/no/f2e9b610_nohash_0.wav,no,f2e9b610,train
DataSet_clean/no/f2e9b610_nohash_1.wav,no,f2e9b610,train
DataSet_clean/no/f2e9b610_nohash_2.wav,no,f2e9b610,train
DataSet_clean/no/f2e9b610_nohash_3.wav,no,f2e9b610,train
DataSet_clean/no/f2e9b610_nohash_4.wav,no,f2e9b610,train
DataSet_clean/no/f2f0d244_nohash_0.wav,no,f2f0d244,val
DataSet_clean/no/f2f0d244_nohash_1.wav,no,f2f0d244,val
DataSet_clean/no/f2f0d244_nohash_2.wav,no,f2f0d244,val
DataSet_clean/no/f2f0d244_nohash_3.wav,no,f2f0d244,val
DataSet_clean/no/f2f0d244_nohash_4.wav,no,f2f0d244,val
DataSet_clean/no/f30285c8_nohash_0.wav,no,f30285c8,train
DataSet_clean/no/f30285c8_nohash_1.wav,no,f30285c8,train
DataSet_clean/no/f30285c8_nohash_2.wav,no,f30285c8,train
DataSet_clean/no/f30285c8_nohash_3.wav,no,f30285c8,train
DataSet_clean/no/f35eedd7_nohash_0.wav,no,f35eedd7,train
DataSet_clean/no/f3cee168_nohash_0.wav,no,f3cee168,train
DataSet_clean/no/f3cee168_nohash_1.wav,no,f3cee168,train
DataSet_clean/no/f3d06008_nohash_0.wav,no,f3d06008,test
DataSet_clean/no/f427aa81_nohash_0.wav,no,f427aa81,train
DataSet_clean/no/f428ca69_nohash_0.wav,no,f428ca69,train
DataSet_clean/no/f42e234b_nohash_0.wav,no,f42e234b,train
DataSet_clean/no/f4386675_nohash_0.wav,no,f4386675,train
DataSet_clean/no/f4386675_nohash_1.wav,no,f4386675,train
DataSet_clean/no/f4504600_nohash_0.wav,no,f4504600,train
DataSet_clean/no/f4504600_nohash_1.wav,no,f4504600,train
DataSet_clean/no/f4504600_nohash_2.wav,no,f4504600,train
DataSet_clean/no/f4cae173_nohash_0.wav,no,f4cae173,test
DataSet_clean/no/f4cae173_nohash_1.wav,no,f4cae173,test
DataSet_clean/no/f4f59743_nohash_0.wav,no,f4f59743,val
DataSet_clean/no/f5341341_nohash_0.wav,no,f5341341,val
DataSet_clean/no/f5341341_nohash_1.wav,no,f5341341,val
DataSet_clean/no/f5341341_nohash_2.wav,no,f5341341,val
DataSet_clean/no/f5341341_nohash_3.wav,no,f5341341,val
DataSet_clean/no/f5341341_nohash_4.wav,no,f5341341,val
DataSet_clean/no/f550b7dc_nohash_0.wav,no,f550b7dc,val
DataSet_clean/no/f5626af6_nohash_0.wav,no,f5626af6,train
DataSet_clean/no/f5626af6_nohash_1.wav,no,f5626af6,train
DataSet_clean/no/f5626af6_nohash_2.wav,no,f5626af6,train
DataSet_clean/no/f5626af6_nohash_3.wav,no,f5626af6,train
DataSet_clean/no/f5626af6_nohash_4.wav,no,f5626af6,train
DataSet_clean/no/f568162b_nohash_0.wav,no,f568162b,val
DataSet_clean/no/f568162b_nohash_1.wav,no,f568162b,val
DataSet_clean/no/f568162b_nohash_2.wav,no,f568162b,val
DataSet_clean/no/f568162b_nohash_3.wav,no,f568162b,val
DataSet_clean/no/f568162b_nohash_4.wav,no,f568162b,val
DataSet_clean/no/f5733968_nohash_0.wav,no,f5733968,train
DataSet_clean/no/f5733968_nohash_1.wav,no,f5733968,train
DataSet_clean/no/f5733968_nohash_2.wav,no,f5733968,train
DataSet_clean/no/f5733968_nohash_3.wav,no,f5733968,train
DataSet_clean/no/f575faf3_nohash_0.wav,no,f575faf3,test
DataSet_clean/no/f575faf3_nohash_1.wav,no,f575faf3,test
DataSet_clean/no/f575faf3_nohash_2.wav,no,f575faf3,test
DataSet_clean/no/f575faf3_nohash_3.wav,no,f575faf3,test
DataSet_clean/no/f575faf3_nohash_4.wav,no,f575faf3,test
DataSet_clean/no/f5e5e8b0_nohash_0.wav,no,f5e5e8b0,train
DataSet_clean/no/f5e5e8b0_nohash_1.wav,no,f5e5e8b0,train
DataSet_clean/no/f603e3f9_nohash_0.wav,no,f603e3f9,train
DataSet_clean/no/f618568f_nohash_0.wav,no,f618568f,val
DataSet_clean/no/f632210f_nohash_0.wav,no,f632210f,train
DataSet_clean/no/f632210f_nohash_1.wav,no,f632210f,train
DataSet_clean/no/f638a812_nohash_0.wav,no,f638a812,train
DataSet_clean/no/f638a812_nohash_1.wav,no,f638a812,train
DataSet_clean/no/f6581345_nohash_0.wav,no,f6581345,test
DataSet_clean/no/f6581345_nohash_1.wav,no,f6581345,test
DataSet_clean/no/f6617a86_nohash_0.wav,no,f6617a86,train
DataSet_clean/no/f6617a86_nohash_1.wav,no,f6617a86,train
DataSet_clean/no/f68160c0_nohash_0.wav,no,f68160c0,train
DataSet_clean/no/f68160c0_nohash_1.wav,no,f68160c0,train
DataSet_clean/no/f68160c0_nohash_2.wav,no,f68160c0,train
DataSet_clean/no/f68160c0_nohash_3.wav,no,f68160c0,train
DataSet_clean/no/f68160c0_nohash_4.wav,no,f68160c0,train
DataSet_clean/no/f736ab63_nohash_0.wav,no,f736ab63,train
DataSet_clean/no/f736ab63_nohash_1.wav,no,f736ab63,train
DataSet_clean/no/f736ab63_nohash_2.wav,no,f736ab63,train
DataSet_clean/no/f736ab63_nohash_3.wav,no,f736ab63,train
DataSet_clean/no/f736ab63_nohash_4.wav,no,f736ab63,train
DataSet_clean/no/f798ac78_nohash_0.wav,no,f798ac78,train
DataSet_clean/no/f798ac78_nohash_1.wav,no,f798ac78,train
DataSet_clean/no/f798ac78_nohash_2.wav,no,f798ac78,train
DataSet_clean/no/f798ac78_nohash_3.wav,no,f798ac78,train
DataSet_clean/no/f804cbb3_nohash_0.wav,no,f804cbb3,val
DataSet_clean/no/f804cbb3_nohash_1.wav,no,f804cbb3,val
DataSet_clean/no/f810e799_nohash_0.wav,no,f810e799,train
DataSet_clean/no/f816db77_nohash_0.wav,no,f816db77,train
DataSet_clean/no/f822b9bf_nohash_0.wav,no,f822b9bf,train
DataSet_clean/no/f822b9bf_nohash_1.wav,no,f822b9bf,train
DataSet_clean/no/f822b9bf_nohash_2.wav,no,f822b9bf,train
DataSet_clean/no/f822b9bf_nohash_3.wav,no,f822b9bf,train
DataSet_clean/no/f822b9bf_nohash_4.wav,no,f822b9bf,train
DataSet_clean/no/f84762e5_nohash_0.wav,no,f84762e5,test
DataSet_clean/no/f84762e5_nohash_1.wav,no,f84762e5,test
DataSet_clean/no/f875f965_nohash_0.wav,no,f875f965,train
DataSet_clean/no/f8ad3941_nohash_0.wav,no,f8ad3941,val
DataSet_clean/no/f8ba7c0e_nohash_0.wav,no,f8ba7c0e,train
DataSet_clean/no/f8ba7c0e_nohash_1.wav,no,f8ba7c0e,train
DataSet_clean/no/f8ba7c0e_nohash_2.wav,no,f8ba7c0e,train
DataSet_clean/no/f8ba7c0e_nohash_3.wav,no,f8ba7c0e,train
DataSet_clean/no/f8f60f59_nohash_0.wav,no,f8f60f59,train
DataSet_clean/no/f8f60f59_nohash_1.wav,no,f8f60f59,train
DataSet_clean/no/f8f60f59_nohash_2.wav,no,f8f60f59,train
DataSet_clean/no/f8f60f59_nohash_3.wav,no,f8f60f59,train
DataSet_clean/no/f9273a21_nohash_0.wav,no,f9273a21,test
DataSet_clean/no/f9318c93_nohash_0.wav,no,f9318c93,train
DataSet_clean/no/f953e1af_nohash_0.wav,no,f953e1af,train
DataSet_clean/no/f953e1af_nohash_1.wav,no,f953e1af,train
DataSet_clean/no/f953e1af_nohash_2.wav,no,f953e1af,train
DataSet_clean/no/f953e1af_nohash_3.wav,no,f953e1af,train
DataSet_clean/no/f9643d42_nohash_0.wav,no,f9643d42,train
DataSet_clean/no/f9643d42_nohash_1.wav,no,f9643d42,train
DataSet_clean/no/f9643d42_nohash_2.wav,no,f9643d42,train
DataSet_clean/no/f9643d42_nohash_3.wav,no,f9643d42,train
DataSet_clean/no/f9643d42_nohash_4.wav,no,f9643d42,train
DataSet_clean/no/f9af823e_nohash_0.wav,no,f9af823e,train
DataSet_clean/no/f9af823e_nohash_1.wav,no,f9af823e,train
DataSet_clean/no/fa446c16_nohash_0.wav,no,fa446c16,train
DataSet_clean/no/fa446c16_nohash_1.wav,no,fa446c16,train
DataSet_clean/no/fa44fcf5_nohash_0.wav,no,fa44fcf5,val
DataSet_clean/no/fa52ddf6_nohash_0.wav,no,fa52ddf6,train
DataSet_clean/no/fa52ddf6_nohash_1.wav,no,fa52ddf6,train
DataSet_clean/no/fa52ddf6_nohash_2.wav,no,fa52ddf6,train
DataSet_clean/no/fa52ddf6_nohash_3.wav,no,fa52ddf6,train
DataSet_clean/no/fa52ddf6_nohash_4.wav,no,fa52ddf6,train
DataSet_clean/no/fa57ab3b_nohash_0.wav,no,fa57ab3b,val
DataSet_clean/no/fa57ab3b_nohash_1.wav,no,fa57ab3b,val
DataSet_clean/no/fa57ab3b_nohash_2.wav,no,fa57ab3b,val
DataSet_clean/no/fa57ab3b_nohash_3.wav,no,fa57ab3b,val
DataSet_clean/no/fa57ab3b_nohash_4.wav,no,fa57ab3b,val
DataSet_clean/no/fa70c187_nohash_0.wav,no,fa70c187,train
DataSet_clean/no/fa7895de_nohash_0.wav,no,fa7895de,train
DataSet_clean/no/fac74f6a_nohash_0.wav,no,fac74f6a,train
DataSet_clean/no/fac74f6a_nohash_1.wav,no,fac74f6a,train
DataSet_clean/no/fac74f6a_nohash_2.wav,no,fac74f6a,train
DataSet_clean/no/facd97c0_nohash_0.wav,no,facd97c0,train
DataSet_clean/no/fafe8101_nohash_0.wav,no,fafe8101,val
DataSet_clean/no/fb01a182_nohash_0.wav,no,fb01a182,train
DataSet_clean/no/fb01a182_nohash_1.wav,no,fb01a182,train
DataSet_clean/no/fb24c826_nohash_0.wav,no,fb24c826,val
DataSet_clean/no/fb727898_nohash_0.wav,no,fb727898,train
DataSet_clean/no/fb727898_nohash_1.wav,no,fb727898,train
DataSet_clean/no/fb727898_nohash_2.wav,no,fb727898,train
DataSet_clean/no/fb727898_nohash_3.wav,no,fb727898,train
DataSet_clean/no/fb7eb481_nohash_0.wav,no,fb7eb481,train
DataSet_clean/no/fb7eb481_nohash_1.wav,no,fb7eb481,train
DataSet_clean/no/fb7eb481_nohash_2.wav,no,fb7eb481,train
DataSet_clean/no/fb7eb481_nohash_3.wav,no,fb7eb481,train
DataSet_clean/no/fb7eb481_nohash_4.wav,no,fb7eb481,train
DataSet_clean/no/fb8c31a9_nohash_0.wav,no,fb8c31a9,test
DataSet_clean/no/fb8c31a9_nohash_1.wav,no,fb8c31a9,test
DataSet_clean/no/fb8c31a9_nohash_2.wav,no,fb8c31a9,test
DataSet_clean/no/fb8c31a9_nohash_3.wav,no,fb8c31a9,test
DataSet_clean/no/fb8c31a9_nohash_4.wav,no,fb8c31a9,test
DataSet_clean/no/fb9d6d23_nohash_0.wav,no,fb9d6d23,train
DataSet_clean/no/fbb2f6cc_nohash_0.wav,no,fbb2f6cc,train
DataSet_clean/no/fbb2f6cc_nohash_1.wav,no,fbb2f6cc,train
DataSet_clean/no/fbb2f6cc_nohash_2.wav,no,fbb2f6cc,train
DataSet_clean/no/fbb2f6cc_nohash_3.wav,no,fbb2f6cc,train
DataSet_clean/no/fbb2f6cc_nohash_4.wav,no,fbb2f6cc,train
DataSet_clean/no/fbb56351_nohash_0.wav,no,fbb56351,val
DataSet_clean/no/fbb56351_nohash_1.wav,no,fbb56351,val
DataSet_clean/no/fbb56351_nohash_2.wav,no,fbb56351,val
DataSet_clean/no/fbb56351_nohash_3.wav,no,fbb56351,val
DataSet_clean/no/fbb56351_nohash_4.wav,no,fbb56351,val
DataSet_clean/no/fbf3dd31_nohash_0.wav,no,fbf3dd31,train
DataSet_clean/no/fbf3dd31_nohash_1.wav,no,fbf3dd31,train
DataSet_clean/no/fbf3dd31_nohash_2.wav,no,fbf3dd31,train
DataSet_clean/no/fbf3dd31_nohash_3.wav,no,fbf3dd31,train
DataSet_clean/no/fc3ba625_nohash_0.wav,no,fc3ba625,train
DataSet_clean/no/fc3ba625_nohash_1.wav,no,fc3ba625,train
DataSet_clean/no/fc3ba625_nohash_2.wav,no,fc3ba625,train
DataSet_clean/no/fc3ba625_nohash_3.wav,no,fc3ba625,train
DataSet_clean/no/fc3ba625_nohash_4.wav,no,fc3ba625,train
DataSet_clean/no/fc94edb0_nohash_0.wav,no,fc94edb0,train
DataSet_clean/no/fcb25a78_nohash_0.wav,no,fcb25a78,train
DataSet_clean/no/fcb25a78_nohash_1.wav,no,fcb25a78,train
DataSet_clean/no/fd5ccd39_nohash_0.wav,no,fd5ccd39,train
DataSet_clean/no/fd5ccd39_nohash_1.wav,no,fd5ccd39,train
DataSet_clean/no/fd5ccd39_nohash_2.wav,no,fd5ccd39,train
DataSet_clean/no/fd5ccd39_nohash_3.wav,no,fd5ccd39,train
DataSet_clean/no/fd5ccd39_nohash_4.wav,no,fd5ccd39,train
DataSet_clean/no/fd9c7413_nohash_0.wav,no,fd9c7413,train
DataSet_clean/no/fdb5155e_nohash_0.wav,no,fdb5155e,test
DataSet_clean/no/fe11e258_nohash_0.wav,no,fe11e258,train
DataSet_clean/no/fe1916ba_nohash_0.wav,no,fe1916ba,val
DataSet_clean/no/fe291fa9_nohash_0.wav,no,fe291fa9,train
DataSet_clean/no/fe291fa9_nohash_1.wav,no,fe291fa9,train
DataSet_clean/no/fe5c4a7a_nohash_0.wav,no,fe5c4a7a,train
DataSet_clean/no/fe5c4a7a_nohash_1.wav,no,fe5c4a7a,train
DataSet_clean/no/feb1d305_nohash_0.wav,no,feb1d305,train
DataSet_clean/no/ff21fb59_nohash_0.wav,no,ff21fb59,train
DataSet_clean/no/ff2b842e_nohash_0.wav,no,ff2b842e,val
DataSet_clean/no/ff2b842e_nohash_1.wav,no,ff2b842e,val
DataSet_clean/no/ff2b842e_nohash_2.wav,no,ff2b842e,val
DataSet_clean/no/ff2b842e_nohash_3.wav,no,ff2b842e,val
DataSet_clean/no/ff2b842e_nohash_4.wav,no,ff2b842e,val
DataSet_clean/no/ff4ed4f3_nohash_0.wav,no,ff4ed4f3,test
DataSet_clean/no/ff4ed4f3_nohash_1.wav,no,ff4ed4f3,test
DataSet_clean/no/ff4ed4f3_nohash_2.wav,no,ff4ed4f3,test
DataSet_clean/no/ff4ed4f3_nohash_3.wav,no,ff4ed4f3,test
DataSet_clean/no/ff63ab0b_nohash_0.wav,no,ff63ab0b,test
DataSet_clean/no/ff63ab0b_nohash_1.wav,no,ff63ab0b,test
DataSet_clean/no/ff63ab0b_nohash_2.wav,no,ff63ab0b,test
DataSet_clean/no/ffa76c4a_nohash_0.wav,no,ffa76c4a,train
DataSet_clean/no/ffb86d3c_nohash_0.wav,no,ffb86d3c,train
DataSet_clean/no/ffd2ba2f_nohash_0.wav,no,ffd2ba2f,train
DataSet_clean/no/ffd2ba2f_nohash_1.wav,no,ffd2ba2f,train
DataSet_clean/no/ffd2ba2f_nohash_2.wav,no,ffd2ba2f,train
DataSet_clean/no/ffd2ba2f_nohash_3.wav,no,ffd2ba2f,train
DataSet_clean/no/fffcabd1_nohash_0.wav,no,fffcabd1,train
DataSet_clean/stop/004ae714_nohash_0.wav,stop,004ae714,train
DataSet_clean/stop/00970ce1_nohash_0.wav,stop,00970ce1,train
DataSet_clean/stop/00970ce1_nohash_1.wav,stop,00970ce1,train
DataSet_clean/stop/012187a4_nohash_0.wav,stop,012187a4,test
DataSet_clean/stop/012187a4_nohash_1.wav,stop,012187a4,test
DataSet_clean/stop/012c8314_nohash_0.wav,stop,012c8314,train
DataSet_clean/stop/0132a06d_nohash_0.wav,stop,0132a06d,test
DataSet_clean/stop/0132a06d_nohash_1.wav,stop,0132a06d,test
DataSet_clean/stop/0132a06d_nohash_2.wav,stop,0132a06d,test
DataSet_clean/stop/0132a06d_nohash_3.wav,stop,0132a06d,test
DataSet_clean/stop/0135f3f2_nohash_0.wav,stop,0135f3f2,train
DataSet_clean/stop/0135f3f2_nohash_1.wav,stop,0135f3f2,train
DataSet_clean/stop/0137b3f4_nohash_0.wav,stop,0137b3f4,train
DataSet_clean/stop/0137b3f4_nohash_1.wav,stop,0137b3f4,train
DataSet_clean/stop/0137b3f4_nohash_2.wav,stop,0137b3f4,train
DataSet_clean/stop/0137b3f4_nohash_3.wav,stop,0137b3f4,train
DataSet_clean/stop/0137b3f4_nohash_4.wav,stop,0137b3f4,train
DataSet_clean/stop/014f9f65_nohash_0.wav,stop,014f9f65,train
DataSet_clean/stop/014f9f65_nohash_1.wav,stop,014f9f65,train
DataSet_clean/stop/01648c51_nohash_0.wav,stop,01648c51,train
DataSet_clean/stop/017c4098_nohash_0.wav,stop,017c4098,val
DataSet_clean/stop/017c4098_nohash_1.wav,stop,017c4098,val
DataSet_clean/stop/017c4098_nohash_2.wav,stop,017c4098,val
DataSet_clean/stop/017c4098_nohash_3.wav,stop,017c4098,val
DataSet_clean/stop/017c4098_nohash_4.wav,stop,017c4098,val
DataSet_clean/stop/019fa366_nohash_0.wav,stop,019fa366,test
DataSet_clean/stop/019fa366_nohash_1.wav,stop,019fa366,test
DataSet_clean/stop/01b4757a_nohash_0.wav,stop,01b4757a,train
DataSet_clean/stop/01b4757a_nohash_1.wav,stop,01b4757a,train
DataSet_clean/stop/01b4757a_nohash_2.wav,stop,01b4757a,train
DataSet_clean/stop/01bb6a2a_nohash_0.wav,stop,01bb6a2a,train
DataSet_clean/stop/01bb6a2a_nohash_1.wav,stop,01bb6a2a,train
DataSet_clean/stop/01bb6a2a_nohash_2.wav,stop,01bb6a2a,train
DataSet_clean/stop/01bcfc0c_nohash_0.wav,stop,01bcfc0c,train
DataSet_clean/stop/01bcfc0c_nohash_1.wav,stop,01bcfc0c,train
DataSet_clean/stop/01d22d03_nohash_0.wav,stop,01d22d03,train
DataSet_clean/stop/0227998e_nohash_0.wav,stop,0227998e,train
DataSet_clean/stop/0227998e_nohash_1.wav,stop,0227998e,train
DataSet_clean/stop/0227998e_nohash_2.wav,stop,0227998e,train
DataSet_clean/stop/0227998e_nohash_3.wav,stop,0227998e,train
DataSet_clean/stop/022cd682_nohash_0.wav,stop,022cd682,train
DataSet_clean/stop/023a61ad_nohash_0.wav,stop,023a61ad,val
DataSet_clean/stop/023a61ad_nohash_1.wav,stop,023a61ad,val
DataSet_clean/stop/026290a7_nohash_0.wav,stop,026290a7,train
DataSet_clean/stop/02ade946_nohash_0.wav,stop,02ade946,val
DataSet_clean/stop/02ade946_nohash_1.wav,stop,02ade946,val
DataSet_clean/stop/02ade946_nohash_2.wav,stop,02ade946,val
DataSet_clean/stop/02ade946_nohash_3.wav,stop,02ade946,val
DataSet_clean/stop/02e42bed_nohash_0.wav,stop,02e42bed,val
DataSet_clean/stop/02e85b60_nohash_0.wav,stop,02e85b60,train
DataSet_clean/stop/030ec18b_nohash_0.wav,stop,030ec18b,train
DataSet_clean/stop/030ec18b_nohash_1.wav,stop,030ec18b,train
DataSet_clean/stop/035de8fe_nohash_0.wav,stop,035de8fe,val
DataSet_clean/stop/0362539c_nohash_0.wav,stop,0362539c,test
DataSet_clean/stop/038da7ee_nohash_0.wav,stop,038da7ee,test
DataSet_clean/stop/03c96658_nohash_0.wav,stop,03c96658,train
DataSet_clean/stop/03c96658_nohash_1.wav,stop,03c96658,train
DataSet_clean/stop/03cf93b1_nohash_0.wav,stop,03cf93b1,train
DataSet_clean/stop/042a8dde_nohash_0.wav,stop,042a8dde,val
DataSet_clean/stop/0447d7c1_nohash_0.wav,stop,0447d7c1,train
DataSet_clean/stop/050170cb_nohash_0.wav,stop,050170cb,train
DataSet_clean/stop/050170cb_nohash_1.wav,stop,050170cb,train
DataSet_clean/stop/050170cb_nohash_2.wav,stop,050170cb,train
DataSet_clean/stop/050170cb_nohash_3.wav,stop,050170cb,train
DataSet_clean/stop/050170cb_nohash_4.wav,stop,050170cb,train
DataSet_clean/stop/05739450_nohash_0.wav,stop,05739450,test
DataSet_clean/stop/05739450_nohash_1.wav,stop,05739450,test
DataSet_clean/stop/05739450_nohash_2.wav,stop,05739450,test
DataSet_clean/stop/0585b66d_nohash_0.wav,stop,0585b66d,train
DataSet_clean/stop/0585b66d_nohash_1.wav,stop,0585b66d,train
DataSet_clean/stop/0585b66d_nohash_2.wav,stop,0585b66d,train
DataSet_clean/stop/0585b66d_nohash_3.wav,stop,0585b66d,train
DataSet_clean/stop/05cf43ef_nohash_0.wav,stop,05cf43ef,train
DataSet_clean/stop/06076b6b_nohash_0.wav,stop,06076b6b,train
DataSet_clean/stop/060cd039_nohash_0.wav,stop,060cd039,val
DataSet_clean/stop/063d48cf_nohash_0.wav,stop,063d48cf,train
DataSet_clean/stop/067f61e2_nohash_0.wav,stop,067f61e2,train
DataSet_clean/stop/067f61e2_nohash_1.wav,stop,067f61e2,train
DataSet_clean/stop/067f61e2_nohash_2.wav,stop,067f61e2,train
DataSet_clean/stop/067f61e2_nohash_3.wav,stop,067f61e2,train
DataSet_clean/stop/06f6c194_nohash_0.wav,stop,06f6c194,train
DataSet_clean/stop/06f6c194_nohash_1.wav,stop,06f6c194,train
DataSet_clean/stop/06f6c194_nohash_2.wav,stop,06f6c194,train
DataSet_clean/stop/06f6c194_nohash_3.wav,stop,06f6c194,train
DataSet_clean/stop/06f6c194_nohash_4.wav,stop,06f6c194,train
DataSet_clean/stop/07089da9_nohash_0.wav,stop,07089da9,test
DataSet_clean/stop/07089da9_nohash_1.wav,stop,07089da9,test
DataSet_clean/stop/07089da9_nohash_2.wav,stop,07089da9,test
DataSet_clean/stop/07089da9_nohash_3.wav,stop,07089da9,test
DataSet_clean/stop/07089da9_nohash_4.wav,stop,07089da9,test
DataSet_clean/stop/070b49af_nohash_0.wav,stop,070b49af,train
DataSet_clean/stop/0717b9f6_nohash_0.wav,stop,0717b9f6,train
DataSet_clean/stop/0717b9f6_nohash_1.wav,stop,0717b9f6,train
DataSet_clean/stop/0717b9f6_nohash_2.wav,stop,0717b9f6,train
DataSet_clean/stop/0717b9f6_nohash_3.wav,stop,0717b9f6,train
DataSet_clean/stop/07363607_nohash_0.wav,stop,07363607,train
DataSet_clean/stop/07363607_nohash_1.wav,stop,07363607,train
DataSet_clean/stop/079dfce3_nohash_0.wav,stop,079dfce3,test
DataSet_clean/stop/07ad9b59_nohash_0.wav,stop,07ad9b59,train
DataSet_clean/stop/07ad9b59_nohash_1.wav,stop,07ad9b59,train
DataSet_clean/stop/07ad9b59_nohash_2.wav,stop,07ad9b59,train
DataSet_clean/stop/07de53d3_nohash_0.wav,stop,07de53d3,train
DataSet_clean/stop/07de53d3_nohash_1.wav,stop,07de53d3,train
DataSet_clean/stop/08ab231c_nohash_0.wav,stop,08ab231c,train
DataSet_clean/stop/08ab231c_nohash_1.wav,stop,08ab231c,train
DataSet_clean/stop/08ab231c_nohash_2.wav,stop,08ab231c,train
DataSet_clean/stop/08ab231c_nohash_3.wav,stop,08ab231c,train
DataSet_clean/stop/08ab231c_nohash_4.wav,stop,08ab231c,train
DataSet_clean/stop/08ab8082_nohash_0.wav,stop,08ab8082,train
DataSet_clean/stop/093f65a1_nohash_0.wav,stop,093f65a1,train
DataSet_clean/stop/093f65a1_nohash_1.wav,stop,093f65a1,train
DataSet_clean/stop/0943c746_nohash_0.wav,stop,0943c746,train
DataSet_clean/stop/095847e4_nohash_0.wav,stop,095847e4,train
DataSet_clean/stop/095847e4_nohash_1.wav,stop,095847e4,train
DataSet_clean/stop/099d52ad_nohash_0.wav,stop,099d52ad,test
DataSet_clean/stop/099d52ad_nohash_1.wav,stop,099d52ad,test
DataSet_clean/stop/099d52ad_nohash_2.wav,stop,099d52ad,test
DataSet_clean/stop/099d52ad_nohash_3.wav,stop,099d52ad,test
DataSet_clean/stop/09a7aa2a_nohash_0.wav,stop,09a7aa2a,train
DataSet_clean/stop/09ddc105_nohash_0.wav,stop,09ddc105,test
DataSet_clean/stop/09ddc105_nohash_1.wav,stop,09ddc105,test
DataSet_clean/stop/0a196374_nohash_0.wav,stop,0a196374,train
DataSet_clean/stop/0a196374_nohash_1.wav,stop,0a196374,train
DataSet_clean/stop/0a196374_nohash_2.wav,stop,0a196374,train
DataSet_clean/stop/0a2b400e_nohash_0.wav,stop,0a2b400e,train
DataSet_clean/stop/0a2b400e_nohash_1.wav,stop,0a2b400e,train
DataSet_clean/stop/0a2b400e_nohash_2.wav,stop,0a2b400e,train
DataSet_clean/stop/0a2b400e_nohash_3.wav,stop,0a2b400e,train
DataSet_clean/stop/0a2b400e_nohash_4.wav,stop,0a2b400e,train
DataSet_clean/stop/0a5636ca_nohash_0.wav,stop,0a5636ca,train
DataSet_clean/stop/0ab3b47d_nohash_0.wav,stop,0ab3b47d,val
DataSet_clean/stop/0ac15fe9_nohash_0.wav,stop,0ac15fe9,train
DataSet_clean/stop/0b40aa8e_nohash_0.wav,stop,0b40aa8e,train
DataSet_clean/stop/0b56bcfe_nohash_0.wav,stop,0b56bcfe,train
DataSet_clean/stop/0b56bcfe_nohash_1.wav,stop,0b56bcfe,train
DataSet_clean/stop/0b7ee1a0_nohash_0.wav,stop,0b7ee1a0,val
DataSet_clean/stop/0b7ee1a0_nohash_1.wav,stop,0b7ee1a0,val
DataSet_clean/stop/0b7ee1a0_nohash_2.wav,stop,0b7ee1a0,val
DataSet_clean/stop/0ba018fc_nohash_0.wav,stop,0ba018fc,train
DataSet_clean/stop/0ba018fc_nohash_1.wav,stop,0ba018fc,train
DataSet_clean/stop/0ba018fc_nohash_2.wav,stop,0ba018fc,train
DataSet_clean/stop/0ba018fc_nohash_3.wav,stop,0ba018fc,train
DataSet_clean/stop/0ba018fc_nohash_4.wav,stop,0ba018fc,train
DataSet_clean/stop/0bd689d7_nohash_0.wav,stop,0bd689d7,train
DataSet_clean/stop/0bd689d7_nohash_1.wav,stop,0bd689d7,train
DataSet_clean/stop/0bd689d7_nohash_2.wav,stop,0bd689d7,train
DataSet_clean/stop/0bde966a_nohash_0.wav,stop,0bde966a,train
DataSet_clean/stop/0bfec55f_nohash_0.wav,stop,0bfec55f,train
DataSet_clean/stop/0c09f202_nohash_0.wav,stop,0c09f202,train
DataSet_clean/stop/0c2d2ffa_nohash_0.wav,stop,0c2d2ffa,train
DataSet_clean/stop/0c40e715_nohash_0.wav,stop,0c40e715,train
DataSet_clean/stop/0c40e715_nohash_1.wav,stop,0c40e715,train
DataSet_clean/stop/0cb74144_nohash_0.wav,stop,0cb74144,train
DataSet_clean/stop/0cb74144_nohash_1.wav,stop,0cb74144,train
DataSet_clean/stop/0cc6b0b0_nohash_0.wav,stop,0cc6b0b0,train
DataSet_clean/stop/0cd323ec_nohash_0.wav,stop,0cd323ec,test
DataSet_clean/stop/0cd323ec_nohash_1.wav,stop,0cd323ec,test
DataSet_clean/stop/0d2bcf9d_nohash_0.wav,stop,0d2bcf9d,train
DataSet_clean/stop/0d2bcf9d_nohash_1.wav,stop,0d2bcf9d,train
DataSet_clean/stop/0d6d7360_nohash_0.wav,stop,0d6d7360,test
DataSet_clean/stop/0d6d7360_nohash_1.wav,stop,0d6d7360,test
DataSet_clean/stop/0d6d7360_nohash_2.wav,stop,0d6d7360,test
DataSet_clean/stop/0d6d7360_nohash_3.wav,stop,0d6d7360,test
DataSet_clean/stop/0d82fd99_nohash_0.wav,stop,0d82fd99,train
DataSet_clean/stop/0d82fd99_nohash_1.wav,stop,0d82fd99,train
DataSet_clean/stop/0d82fd99_nohash_2.wav,stop,0d82fd99,train
DataSet_clean/stop/0d82fd99_nohash_3.wav,stop,0d82fd99,train
DataSet_clean/stop/0d85a428_nohash_0.wav,stop,0d85a428,train
DataSet_clean/stop/0d90d8e1_nohash_0.wav,stop,0d90d8e1,train
DataSet_clean/stop/0d90d8e1_nohash_1.wav,stop,0d90d8e1,train
DataSet_clean/stop/0d90d8e1_nohash_2.wav,stop,0d90d8e1,train
DataSet_clean/stop/0d90d8e1_nohash_3.wav,stop,0d90d8e1,train
DataSet_clean/stop/0d90d8e1_nohash_4.wav,stop,0d90d8e1,train
DataSet_clean/stop/0e17f595_nohash_0.wav,stop,0e17f595,train
DataSet_clean/stop/0e17f595_nohash_1.wav,stop,0e17f595,train
DataSet_clean/stop/0e5193e6_nohash_0.wav,stop,0e5193e6,train
DataSet_clean/stop/0e6e36c9_nohash_0.wav,stop,0e6e36c9,train
DataSet_clean/stop/0e6e36c9_nohash_1.wav,stop,0e6e36c9,train
DataSet_clean/stop/0e6e36c9_nohash_2.wav,stop,0e6e36c9,train
DataSet_clean/stop/0e6e36c9_nohash_3.wav,stop,0e6e36c9,train
DataSet_clean/stop/0e6e36c9_nohash_4.wav,stop,0e6e36c9,train
DataSet_clean/stop/0ea0e2f4_nohash_0.wav,stop,0ea0e2f4,train
DataSet_clean/stop/0ea9c8ce_nohash_0.wav,stop,0ea9c8ce,train
DataSet_clean/stop/0ea9c8ce_nohash_1.wav,stop,0ea9c8ce,train
DataSet_clean/stop/0ea9c8ce_nohash_2.wav,stop,0ea9c8ce,train
DataSet_clean/stop/0ea9c8ce_nohash_3.wav,stop,0ea9c8ce,train
DataSet_clean/stop/0f2442b6_nohash_0.wav,stop,0f2442b6,val
DataSet_clean/stop/0f3f64d5_nohash_0.wav,stop,0f3f64d5,test
DataSet_clean/stop/0f3f64d5_nohash_1.wav,stop,0f3f64d5,test
DataSet_clean/stop/0f46028a_nohash_0.wav,stop,0f46028a,train
DataSet_clean/stop/0f46028a_nohash_1.wav,stop,0f46028a,train
DataSet_clean/stop/0f46028a_nohash_2.wav,stop,0f46028a,train
DataSet_clean/stop/0f46028a_nohash_3.wav,stop,0f46028a,train
DataSet_clean/stop/0f46028a_nohash_4.wav,stop,0f46028a,train
DataSet_clean/stop/0f7266cf_nohash_0.wav,stop,0f7266cf,train
DataSet_clean/stop/0f7266cf_nohash_1.wav,stop,0f7266cf,train
DataSet_clean/stop/0f7266cf_nohash_2.wav,stop,0f7266cf,train
DataSet_clean/stop/0f7266cf_nohash_3.wav,stop,0f7266cf,train
DataSet_clean/stop/0f7266cf_nohash_4.wav,stop,0f7266cf,train
DataSet_clean/stop/0f7dc557_nohash_0.wav,stop,0f7dc557,train
DataSet_clean/stop/0fa1e7a9_nohash_0.wav,stop,0fa1e7a9,test
DataSet_clean/stop/0fa1e7a9_nohash_1.wav,stop,0fa1e7a9,test
DataSet_clean/stop/0fa1e7a9_nohash_2.wav,stop,0fa1e7a9,test
DataSet_clean/stop/0ff728b5_nohash_0.wav,stop,0ff728b5,train
DataSet_clean/stop/0ff728b5_nohash_1.wav,stop,0ff728b5,train
DataSet_clean/stop/0ff728b5_nohash_2.wav,stop,0ff728b5,train
DataSet_clean/stop/0ff728b5_nohash_3.wav,stop,0ff728b5,train
DataSet_clean/stop/0ff728b5_nohash_4.wav,stop,0ff728b5,train
DataSet_clean/stop/102192fd_nohash_0.wav,stop,102192fd,train
DataSet_clean/stop/105a0eea_nohash_0.wav,stop,105a0eea,train
DataSet_clean/stop/105e72bb_nohash_0.wav,stop,105e72bb,train
DataSet_clean/stop/105e72bb_nohash_1.wav,stop,105e72bb,train
DataSet_clean/stop/10627519_nohash_0.wav,stop,10627519,train
DataSet_clean/stop/106a6183_nohash_0.wav,stop,106a6183,train
DataSet_clean/stop/106a6183_nohash_1.wav,stop,106a6183,train
DataSet_clean/stop/106a6183_nohash_2.wav,stop,106a6183,train
DataSet_clean/stop/106a6183_nohash_3.wav,stop,106a6183,train
DataSet_clean/stop/106a6183_nohash_4.wav,stop,106a6183,train
DataSet_clean/stop/10ace7eb_nohash_0.wav,stop,10ace7eb,train
DataSet_clean/stop/10ace7eb_nohash_1.wav,stop,10ace7eb,train
DataSet_clean/stop/10ace7eb_nohash_2.wav,stop,10ace7eb,train
DataSet_clean/stop/10ace7eb_nohash_3.wav,stop,10ace7eb,train
DataSet_clean/stop/10c6d873_nohash_0.wav,stop,10c6d873,test
DataSet_clean/stop/10c6d873_nohash_1.wav,stop,10c6d873,test
DataSet_clean/stop/10f2bb12_nohash_0.wav,stop,10f2bb12,train
DataSet_clean/stop/11099149_nohash_0.wav,stop,11099149,train
DataSet_clean/stop/11321027_nohash_0.wav,stop,11321027,train
DataSet_clean/stop/11321027_nohash_1.wav,stop,11321027,train
DataSet_clean/stop/11379f4d_nohash_0.wav,stop,11379f4d,train
DataSet_clean/stop/113b3fbc_nohash_0.wav,stop,113b3fbc,train
DataSet_clean/stop/113b3fbc_nohash_1.wav,stop,113b3fbc,train
DataSet_clean/stop/113b3fbc_nohash_2.wav,stop,113b3fbc,train
DataSet_clean/stop/113b3fbc_nohash_3.wav,stop,113b3fbc,train
DataSet_clean/stop/113b3fbc_nohash_4.wav,stop,113b3fbc,train
DataSet_clean/stop/118261a9_nohash_0.wav,stop,118261a9,train
DataSet_clean/stop/11860c84_nohash_0.wav,stop,11860c84,train
DataSet_clean/stop/11860c84_nohash_1.wav,stop,11860c84,train
DataSet_clean/stop/11860c84_nohash_2.wav,stop,11860c84,train
DataSet_clean/stop/11a022ba_nohash_0.wav,stop,11a022ba,train
DataSet_clean/stop/11b1df78_nohash_0.wav,stop,11b1df78,train
DataSet_clean/stop/122c5aa7_nohash_0.wav,stop,122c5aa7,test
DataSet_clean/stop/122c5aa7_nohash_1.wav,stop,122c5aa7,test
DataSet_clean/stop/122c5aa7_nohash_2.wav,stop,122c5aa7,test
DataSet_clean/stop/122c5aa7_nohash_3.wav,stop,122c5aa7,test
DataSet_clean/stop/122c5aa7_nohash_4.wav,stop,122c5aa7,test
DataSet_clean/stop/12529547_nohash_0.wav,stop,12529547,val
DataSet_clean/stop/12623a81_nohash_0.wav,stop,12623a81,train
DataSet_clean/stop/12623a81_nohash_1.wav,stop,12623a81,train
DataSet_clean/stop/12c206ea_nohash_0.wav,stop,12c206ea,test
DataSet_clean/stop/131e738d_nohash_0.wav,stop,131e738d,train
DataSet_clean/stop/131e738d_nohash_1.wav,stop,131e738d,train
DataSet_clean/stop/131e738d_nohash_2.wav,stop,131e738d,train
DataSet_clean/stop/131e738d_nohash_3.wav,stop,131e738d,train
DataSet_clean/stop/131e738d_nohash_4.wav,stop,131e738d,train
DataSet_clean/stop/135c6841_nohash_0.wav,stop,135c6841,train
DataSet_clean/stop/135c6841_nohash_1.wav,stop,135c6841,train
DataSet_clean/stop/1365dd89_nohash_0.wav,stop,1365dd89,train
DataSet_clean/stop/13a93b33_nohash_0.wav,stop,13a93b33,test
DataSet_clean/stop/13d7b8c9_nohash_0.wav,stop,13d7b8c9,train
DataSet_clean/stop/13dce503_nohash_0.wav,stop,13dce503,val
DataSet_clean/stop/144d27ff_nohash_0.wav,stop,144d27ff,train
DataSet_clean/stop/144d27ff_nohash_1.wav,stop,144d27ff,train
DataSet_clean/stop/146d97db_nohash_0.wav,stop,146d97db,train
DataSet_clean/stop/146d97db_nohash_1.wav,stop,146d97db,train
DataSet_clean/stop/1473be6a_nohash_0.wav,stop,1473be6a,val
DataSet_clean/stop/1473be6a_nohash_1.wav,stop,1473be6a,val
DataSet_clean/stop/1474273a_nohash_0.wav,stop,1474273a,train
DataSet_clean/stop/14872d06_nohash_0.wav,stop,14872d06,train
DataSet_clean/stop/1496195a_nohash_0.wav,stop,1496195a,train
DataSet_clean/stop/1496195a_nohash_1.wav,stop,1496195a,train
DataSet_clean/stop/1496195a_nohash_2.wav,stop,1496195a,train
DataSet_clean/stop/1496195a_nohash_3.wav,stop,1496195a,train
DataSet_clean/stop/1496195a_nohash_4.wav,stop,1496195a,train
DataSet_clean/stop/14c7b073_nohash_0.wav,stop,14c7b073,train
DataSet_clean/stop/14c7b073_nohash_1.wav,stop,14c7b073,train
DataSet_clean/stop/14c7b073_nohash_2.wav,stop,14c7b073,train
DataSet_clean/stop/14c7b073_nohash_3.wav,stop,14c7b073,train
DataSet_clean/stop/14c7b073_nohash_4.wav,stop,14c7b073,train
DataSet_clean/stop/151bfb79_nohash_0.wav,stop,151bfb79,train
DataSet_clean/stop/15c371c7_nohash_0.wav,stop,15c371c7,train
DataSet_clean/stop/15c563d7_nohash_0.wav,stop,15c563d7,train
DataSet_clean/stop/15c563d7_nohash_1.wav,stop,15c563d7,train
DataSet_clean/stop/15c563d7_nohash_2.wav,stop,15c563d7,train
DataSet_clean/stop/15c563d7_nohash_3.wav,stop,15c563d7,train
DataSet_clean/stop/15c563d7_nohash_4.wav,stop,15c563d7,train
DataSet_clean/stop/15dd287d_nohash_0.wav,stop,15dd287d,train
DataSet_clean/stop/15dd287d_nohash_1.wav,stop,15dd287d,train
DataSet_clean/stop/15dd287d_nohash_2.wav,stop,15dd287d,train
DataSet_clean/stop/15dd287d_nohash_3.wav,stop,15dd287d,train
DataSet_clean/stop/15dd287d_nohash_4.wav,stop,15dd287d,train
DataSet_clean/stop/15f04ff8_nohash_0.wav,stop,15f04ff8,train
DataSet_clean/stop/161fcca8_nohash_0.wav,stop,161fcca8,train
DataSet_clean/stop/1657c9fa_nohash_0.wav,stop,1657c9fa,train
DataSet_clean/stop/1706c35f_nohash_0.wav,stop,1706c35f,train
DataSet_clean/stop/1706c35f_nohash_1.wav,stop,1706c35f,train
DataSet_clean/stop/171b56dc_nohash_0.wav,stop,171b56dc,train
DataSet_clean/stop/171edea9_nohash_0.wav,stop,171edea9,val
DataSet_clean/stop/171edea9_nohash_1.wav,stop,171edea9,val
DataSet_clean/stop/171edea9_nohash_2.wav,stop,171edea9,val
DataSet_clean/stop/173ae793_nohash_0.wav,stop,173ae793,train
DataSet_clean/stop/173ae793_nohash_1.wav,stop,173ae793,train
DataSet_clean/stop/1746d7b6_nohash_0.wav,stop,1746d7b6,train
DataSet_clean/stop/1746d7b6_nohash_1.wav,stop,1746d7b6,train
DataSet_clean/stop/179a61b7_nohash_0.wav,stop,179a61b7,val
DataSet_clean/stop/179a61b7_nohash_1.wav,stop,179a61b7,val
DataSet_clean/stop/179a61b7_nohash_2.wav,stop,179a61b7,val
DataSet_clean/stop/179a61b7_nohash_3.wav,stop,179a61b7,val
DataSet_clean/stop/179a61b7_nohash_4.wav,stop,179a61b7,val
DataSet_clean/stop/17cc40ee_nohash_0.wav,stop,17cc40ee,train
DataSet_clean/stop/17cc40ee_nohash_1.wav,stop,17cc40ee,train
DataSet_clean/stop/17f0e206_nohash_0.wav,stop,17f0e206,train
DataSet_clean/stop/1816b768_nohash_0.wav,stop,1816b768,test
DataSet_clean/stop/1816b768_nohash_1.wav,stop,1816b768,test
DataSet_clean/stop/1816b768_nohash_2.wav,stop,1816b768,test
DataSet_clean/stop/1816b768_nohash_3.wav,stop,1816b768,test
DataSet_clean/stop/1851e33b_nohash_0.wav,stop,1851e33b,train
DataSet_clean/stop/187af8be_nohash_0.wav,stop,187af8be,train
DataSet_clean/stop/1887fe04_nohash_0.wav,stop,1887fe04,train
DataSet_clean/stop/1890e5c3_nohash_0.wav,stop,1890e5c3,train
DataSet_clean/stop/1890e5c3_nohash_1.wav,stop,1890e5c3,train
DataSet_clean/stop/189cbabe_nohash_0.wav,stop,189cbabe,train
DataSet_clean/stop/189cbabe_nohash_1.wav,stop,189cbabe,train
DataSet_clean/stop/189cbabe_nohash_2.wav,stop,189cbabe,train
DataSet_clean/stop/189cbabe_nohash_3.wav,stop,189cbabe,train
DataSet_clean/stop/18a8f03f_nohash_0.wav,stop,18a8f03f,train
DataSet_clean/stop/18d84076_nohash_0.wav,stop,18d84076,train
DataSet_clean/stop/18e910f4_nohash_0.wav,stop,18e910f4,test
DataSet_clean/stop/18e910f4_nohash_1.wav,stop,18e910f4,test
DataSet_clean/stop/18e910f4_nohash_2.wav,stop,18e910f4,test
DataSet_clean/stop/18e910f4_nohash_3.wav,stop,18e910f4,test
DataSet_clean/stop/18e910f4_nohash_4.wav,stop,18e910f4,test
DataSet_clean/stop/18f8afd5_nohash_0.wav,stop,18f8afd5,val
DataSet_clean/stop/18f8afd5_nohash_1.wav,stop,18f8afd5,val
DataSet_clean/stop/18f8afd5_nohash_2.wav,stop,18f8afd5,val
DataSet_clean/stop/18f8afd5_nohash_3.wav,stop,18f8afd5,val
DataSet_clean/stop/18ffa72d_nohash_0.wav,stop,18ffa72d,val
DataSet_clean/stop/18ffa72d_nohash_1.wav,stop,18ffa72d,val
DataSet_clean/stop/190821dc_nohash_0.wav,stop,190821dc,val
DataSet_clean/stop/190821dc_nohash_1.wav,stop,190821dc,val
DataSet_clean/stop/190821dc_nohash_2.wav,stop,190821dc,val
DataSet_clean/stop/190821dc_nohash_3.wav,stop,190821dc,val
DataSet_clean/stop/195c120a_nohash_0.wav,stop,195c120a,train
DataSet_clean/stop/195c120a_nohash_1.wav,stop,195c120a,train
DataSet_clean/stop/195c120a_nohash_2.wav,stop,195c120a,train
DataSet_clean/stop/195c120a_nohash_3.wav,stop,195c120a,train
DataSet_clean/stop/196e84b7_nohash_0.wav,stop,196e84b7,val
DataSet_clean/stop/196e84b7_nohash_1.wav,stop,196e84b7,val
DataSet_clean/stop/1970b130_nohash_0.wav,stop,1970b130,train
DataSet_clean/stop/197f4153_nohash_0.wav,stop,197f4153,train
DataSet_clean/stop/197f4153_nohash_1.wav,stop,197f4153,train
DataSet_clean/stop/197f4153_nohash_2.wav,stop,197f4153,train
DataSet_clean/stop/197f4153_nohash_3.wav,stop,197f4153,train
DataSet_clean/stop/1993db46_nohash_0.wav,stop,1993db46,train
DataSet_clean/stop/199da2bf_nohash_0.wav,stop,199da2bf,train
DataSet_clean/stop/19a1e5c7_nohash_0.wav,stop,19a1e5c7,train
DataSet_clean/stop/19b05529_nohash_0.wav,stop,19b05529,train
DataSet_clean/stop/19e246ad_nohash_0.wav,stop,19e246ad,train
DataSet_clean/stop/19e98e89_nohash_0.wav,stop,19e98e89,train
DataSet_clean/stop/1a073312_nohash_0.wav,stop,1a073312,train
DataSet_clean/stop/1a0f9c63_nohash_0.wav,stop,1a0f9c63,train
DataSet_clean/stop/1a4259c3_nohash_0.wav,stop,1a4259c3,test
DataSet_clean/stop/1a673010_nohash_0.wav,stop,1a673010,train
DataSet_clean/stop/1a673010_nohash_1.wav,stop,1a673010,train
DataSet_clean/stop/1a73dcd1_nohash_0.wav,stop,1a73dcd1,train
DataSet_clean/stop/1a892463_nohash_0.wav,stop,1a892463,test
DataSet_clean/stop/1a994c9f_nohash_0.wav,stop,1a994c9f,train
DataSet_clean/stop/1a994c9f_nohash_1.wav,stop,1a994c9f,train
DataSet_clean/stop/1a994c9f_nohash_2.wav,stop,1a994c9f,train
DataSet_clean/stop/1a994c9f_nohash_3.wav,stop,1a994c9f,train
DataSet_clean/stop/1a9afd33_nohash_0.wav,stop,1a9afd33,train
DataSet_clean/stop/1a9afd33_nohash_1.wav,stop,1a9afd33,train
DataSet_clean/stop/1acc97de_nohash_0.wav,stop,1acc97de,train
DataSet_clean/stop/1acc97de_nohash_1.wav,stop,1acc97de,train
DataSet_clean/stop/1acc97de_nohash_2.wav,stop,1acc97de,train
DataSet_clean/stop/1acc97de_nohash_3.wav,stop,1acc97de,train
DataSet_clean/stop/1acc97de_nohash_4.wav,stop,1acc97de,train
DataSet_clean/stop/1aed7c6d_nohash_0.wav,stop,1aed7c6d,train
DataSet_clean/stop/1afd49bf_nohash_0.wav,stop,1afd49bf,train
DataSet_clean/stop/1afd49bf_nohash_1.wav,stop,1afd49bf,train
DataSet_clean/stop/1b18600d_nohash_0.wav,stop,1b18600d,train
DataSet_clean/stop/1b42b551_nohash_0.wav,stop,1b42b551,train
DataSet_clean/stop/1b42b551_nohash_1.wav,stop,1b42b551,train
DataSet_clean/stop/1b42b551_nohash_2.wav,stop,1b42b551,train
DataSet_clean/stop/1b42b551_nohash_3.wav,stop,1b42b551,train
DataSet_clean/stop/1b42b551_nohash_4.wav,stop,1b42b551,train
DataSet_clean/stop/1b4c9b89_nohash_0.wav,stop,1b4c9b89,val
DataSet_clean/stop/1b4c9b89_nohash_1.wav,stop,1b4c9b89,val
DataSet_clean/stop/1b4c9b89_nohash_2.wav,stop,1b4c9b89,val
DataSet_clean/stop/1b4c9b89_nohash_3.wav,stop,1b4c9b89,val
DataSet_clean/stop/1b4c9b89_nohash_4.wav,stop,1b4c9b89,val
DataSet_clean/stop/1b627376_nohash_0.wav,stop,1b627376,train
DataSet_clean/stop/1b755c65_nohash_0.wav,stop,1b755c65,val
DataSet_clean/stop/1b755c65_nohash_1.wav,stop,1b755c65,val
DataSet_clean/stop/1b835b87_nohash_0.wav,stop,1b835b87,train
DataSet_clean/stop/1b835b87_nohash_1.wav,stop,1b835b87,train
DataSet_clean/stop/1b88bf70_nohash_0.wav,stop,1b88bf70,val
DataSet_clean/stop/1b88bf70_nohash_1.wav,stop,1b88bf70,val
DataSet_clean/stop/1b88bf70_nohash_2.wav,stop,1b88bf70,val
DataSet_clean/stop/1c1060b1_nohash_0.wav,stop,1c1060b1,val
DataSet_clean/stop/1c1060b1_nohash_1.wav,stop,1c1060b1,val
DataSet_clean/stop/1c3f4fac_nohash_0.wav,stop,1c3f4fac,train
DataSet_clean/stop/1c45ceb2_nohash_0.wav,stop,1c45ceb2,train
DataSet_clean/stop/1c45ceb2_nohash_1.wav,stop,1c45ceb2,train
DataSet_clean/stop/1c45ceb2_nohash_2.wav,stop,1c45ceb2,train
DataSet_clean/stop/1c6e5447_nohash_0.wav,stop,1c6e5447,test
DataSet_clean/stop/1c6e5447_nohash_1.wav,stop,1c6e5447,test
DataSet_clean/stop/1c76f5f3_nohash_0.wav,stop,1c76f5f3,train
DataSet_clean/stop/1c84a139_nohash_0.wav,stop,1c84a139,train
DataSet_clean/stop/1c84a139_nohash_1.wav,stop,1c84a139,train
DataSet_clean/stop/1c84a139_nohash_2.wav,stop,1c84a139,train
DataSet_clean/stop/1c84a139_nohash_3.wav,stop,1c84a139,train
DataSet_clean/stop/1cbcc7a7_nohash_0.wav,stop,1cbcc7a7,train
DataSet_clean/stop/1cec8d71_nohash_0.wav,stop,1cec8d71,train
DataSet_clean/stop/1cec8d71_nohash_1.wav,stop,1cec8d71,train
DataSet_clean/stop/1d919a90_nohash_0.wav,stop,1d919a90,val
DataSet_clean/stop/1d919a90_nohash_1.wav,stop,1d919a90,val
DataSet_clean/stop/1d919a90_nohash_2.wav,stop,1d919a90,val
DataSet_clean/stop/1dc86f91_nohash_0.wav,stop,1dc86f91,val
DataSet_clean/stop/1dc86f91_nohash_1.wav,stop,1dc86f91,val
DataSet_clean/stop/1dc86f91_nohash_2.wav,stop,1dc86f91,val
DataSet_clean/stop/1dc86f91_nohash_3.wav,stop,1dc86f91,val
DataSet_clean/stop/1dc86f91_nohash_4.wav,stop,1dc86f91,val
DataSet_clean/stop/1dce06e8_nohash_0.wav,stop,1dce06e8,val
DataSet_clean/stop/1dce06e8_nohash_1.wav,stop,1dce06e8,val
DataSet_clean/stop/1e02ffc5_nohash_0.wav,stop,1e02ffc5,train
DataSet_clean/stop/1e02ffc5_nohash_1.wav,stop,1e02ffc5,train
DataSet_clean/stop/1e02ffc5_nohash_2.wav,stop,1e02ffc5,train
DataSet_clean/stop/1e02ffc5_nohash_3.wav,stop,1e02ffc5,train
DataSet_clean/stop/1e02ffc5_nohash_4.wav,stop,1e02ffc5,train
DataSet_clean/stop/1e31353f_nohash_0.wav,stop,1e31353f,train
DataSet_clean/stop/1e31353f_nohash_1.wav,stop,1e31353f,train
DataSet_clean/stop/1e31353f_nohash_2.wav,stop,1e31353f,train
DataSet_clean/stop/1e412fac_nohash_0.wav,stop,1e412fac,val
DataSet_clean/stop/1e9b215e_nohash_0.wav,stop,1e9b215e,train
DataSet_clean/stop/1e9b215e_nohash_1.wav,stop,1e9b215e,train
DataSet_clean/stop/1e9e6bdd_nohash_0.wav,stop,1e9e6bdd,train
DataSet_clean/stop/1e9e6bdd_nohash_1.wav,stop,1e9e6bdd,train
DataSet_clean/stop/1e9e6bdd_nohash_2.wav,stop,1e9e6bdd,train
DataSet_clean/stop/1e9e6bdd_nohash_3.wav,stop,1e9e6bdd,train
DataSet_clean/stop/1ecfb537_nohash_0.wav,stop,1ecfb537,val
DataSet_clean/stop/1ecfb537_nohash_1.wav,stop,1ecfb537,val
DataSet_clean/stop/1ecfb537_nohash_2.wav,stop,1ecfb537,val
DataSet_clean/stop/1ecfb537_nohash_3.wav,stop,1ecfb537,val
DataSet_clean/stop/1ecfb537_nohash_4.wav,stop,1ecfb537,val
DataSet_clean/stop/1ed0b13d_nohash_0.wav,stop,1ed0b13d,train
DataSet_clean/stop/1ed0b13d_nohash_1.wav,stop,1ed0b13d,train
DataSet_clean/stop/1ed0b13d_nohash_2.wav,stop,1ed0b13d,train
DataSet_clean/stop/1ed0b13d_nohash_3.wav,stop,1ed0b13d,train
DataSet_clean/stop/1ed0b13d_nohash_4.wav,stop,1ed0b13d,train
DataSet_clean/stop/1ed557b9_nohash_0.wav,stop,1ed557b9,train
DataSet_clean/stop/1eddce1d_nohash_0.wav,stop,1eddce1d,test
DataSet_clean/stop/1f3e4139_nohash_0.wav,stop,1f3e4139,train
DataSet_clean/stop/1f653d27_nohash_0.wav,stop,1f653d27,train
DataSet_clean/stop/1fd85ee4_nohash_0.wav,stop,1fd85ee4,train
DataSet_clean/stop/1fe4c891_nohash_0.wav,stop,1fe4c891,train
DataSet_clean/stop/1fe4c891_nohash_1.wav,stop,1fe4c891,train
DataSet_clean/stop/1ffd513b_nohash_0.wav,stop,1ffd513b,train
DataSet_clean/stop/20174140_nohash_0.wav,stop,20174140,train
DataSet_clean/stop/20fd451f_nohash_0.wav,stop,20fd451f,train
DataSet_clean/stop/20fd451f_nohash_1.wav,stop,20fd451f,train
DataSet_clean/stop/20fd451f_nohash_2.wav,stop,20fd451f,train
DataSet_clean/stop/20fd451f_nohash_3.wav,stop,20fd451f,train
DataSet_clean/stop/20fd451f_nohash_4.wav,stop,20fd451f,train
DataSet_clean/stop/211b928a_nohash_0.wav,stop,211b928a,train
DataSet_clean/stop/211b928a_nohash_1.wav,stop,211b928a,train
DataSet_clean/stop/211b928a_nohash_2.wav,stop,211b928a,train
DataSet_clean/stop/211b928a_nohash_3.wav,stop,211b928a,train
DataSet_clean/stop/211b928a_nohash_4.wav,stop,211b928a,train
DataSet_clean/stop/2144be19_nohash_0.wav,stop,2144be19,test
DataSet_clean/stop/214ccb20_nohash_0.wav,stop,214ccb20,train
DataSet_clean/stop/21832144_nohash_0.wav,stop,21832144,train
DataSet_clean/stop/21832144_nohash_1.wav,stop,21832144,train
DataSet_clean/stop/21832144_nohash_2.wav,stop,21832144,train
DataSet_clean/stop/21832144_nohash_3.wav,stop,21832144,train
DataSet_clean/stop/21832144_nohash_4.wav,stop,21832144,train
DataSet_clean/stop/21e8c417_nohash_0.wav,stop,21e8c417,train
DataSet_clean/stop/21e8c417_nohash_1.wav,stop,21e8c417,train
DataSet_clean/stop/220ee1ef_nohash_0.wav,stop,220ee1ef,val
DataSet_clean/stop/22296dbe_nohash_0.wav,stop,22296dbe,val
DataSet_clean/stop/22296dbe_nohash_1.wav,stop,22296dbe,val
DataSet_clean/stop/22296dbe_nohash_2.wav,stop,22296dbe,val
DataSet_clean/stop/22296dbe_nohash_3.wav,stop,22296dbe,val
DataSet_clean/stop/2250f5f2_nohash_0.wav,stop,2250f5f2,train
DataSet_clean/stop/226537ab_nohash_0.wav,stop,226537ab,train
DataSet_clean/stop/226537ab_nohash_1.wav,stop,226537ab,train
DataSet_clean/stop/226537ab_nohash_2.wav,stop,226537ab,train
DataSet_clean/stop/226537ab_nohash_3.wav,stop,226537ab,train
DataSet_clean/stop/226537ab_nohash_4.wav,stop,226537ab,train
DataSet_clean/stop/2275edbb_nohash_0.wav,stop,2275edbb,train
DataSet_clean/stop/2296b1af_nohash_0.wav,stop,2296b1af,train
DataSet_clean/stop/2296b1af_nohash_1.wav,stop,2296b1af,train
DataSet_clean/stop/229978fd_nohash_0.wav,stop,229978fd,test
DataSet_clean/stop/229978fd_nohash_1.wav,stop,229978fd,test
DataSet_clean/stop/229978fd_nohash_2.wav,stop,229978fd,test
DataSet_clean/stop/229978fd_nohash_3.wav,stop,229978fd,test
DataSet_clean/stop/229978fd_nohash_4.wav,stop,229978fd,test
DataSet_clean/stop/22aa3665_nohash_0.wav,stop,22aa3665,train
DataSet_clean/stop/22aa3665_nohash_1.wav,stop,22aa3665,train
DataSet_clean/stop/22cb56b3_nohash_0.wav,stop,22cb56b3,test
DataSet_clean/stop/2313e093_nohash_0.wav,stop,2313e093,test
DataSet_clean/stop/2313e093_nohash_1.wav,stop,2313e093,test
DataSet_clean/stop/2313e093_nohash_2.wav,stop,2313e093,test
DataSet_clean/stop/234ab0fb_nohash_0.wav,stop,234ab0fb,train
DataSet_clean/stop/234d6a48_nohash_0.wav,stop,234d6a48,train
DataSet_clean/stop/234d6a48_nohash_1.wav,stop,234d6a48,train
DataSet_clean/stop/234d6a48_nohash_2.wav,stop,234d6a48,train
DataSet_clean/stop/234d6a48_nohash_3.wav,stop,234d6a48,train
DataSet_clean/stop/234d6a48_nohash_4.wav,stop,234d6a48,train
DataSet_clean/stop/235b444f_nohash_0.wav,stop,235b444f,train
DataSet_clean/stop/235b444f_nohash_1.wav,stop,235b444f,train
DataSet_clean/stop/235b444f_nohash_2.wav,stop,235b444f,train
DataSet_clean/stop/235b444f_nohash_3.wav,stop,235b444f,train
DataSet_clean/stop/238c112c_nohash_0.wav,stop,238c112c,train
DataSet_clean/stop/23da904f_nohash_0.wav,stop,23da904f,train
DataSet_clean/stop/23da904f_nohash_1.wav,stop,23da904f,train
DataSet_clean/stop/23da904f_nohash_2.wav,stop,23da904f,train
DataSet_clean/stop/23da904f_nohash_3.wav,stop,23da904f,train
DataSet_clean/stop/23da904f_nohash_4.wav,stop,23da904f,train
DataSet_clean/stop/24632875_nohash_0.wav,stop,24632875,train
DataSet_clean/stop/24632875_nohash_1.wav,stop,24632875,train
DataSet_clean/stop/24694eb6_nohash_0.wav,stop,24694eb6,train
DataSet_clean/stop/24694eb6_nohash_1.wav,stop,24694eb6,train
DataSet_clean/stop/24a3e589_nohash_0.wav,stop,24a3e589,val
DataSet_clean/stop/24a3e589_nohash_1.wav,stop,24a3e589,val
DataSet_clean/stop/24a3e589_nohash_2.wav,stop,24a3e589,val
DataSet_clean/stop/24a3e589_nohash_3.wav,stop,24a3e589,val
DataSet_clean/stop/24a3e589_nohash_4.wav,stop,24a3e589,val
DataSet_clean/stop/24befdb3_nohash_0.wav,stop,24befdb3,train
DataSet_clean/stop/24befdb3_nohash_1.wav,stop,24befdb3,train
DataSet_clean/stop/24befdb3_nohash_2.wav,stop,24befdb3,train
DataSet_clean/stop/24befdb3_nohash_3.wav,stop,24befdb3,train
DataSet_clean/stop/24befdb3_nohash_4.wav,stop,24befdb3,train
DataSet_clean/stop/24c9f572_nohash_0.wav,stop,24c9f572,train
DataSet_clean/stop/24c9f572_nohash_1.wav,stop,24c9f572,train
DataSet_clean/stop/24ed94ab_nohash_0.wav,stop,24ed94ab,val
DataSet_clean/stop/24ed94ab_nohash_1.wav,stop,24ed94ab,val
DataSet_clean/stop/24ed94ab_nohash_2.wav,stop,24ed94ab,val
DataSet_clean/stop/2510c044_nohash_0.wav,stop,2510c044,test
DataSet_clean/stop/25132942_nohash_0.wav,stop,25132942,test
DataSet_clean/stop/25132942_nohash_1.wav,stop,25132942,test
DataSet_clean/stop/25132942_nohash_2.wav,stop,25132942,test
DataSet_clean/stop/256c0a05_nohash_0.wav,stop,256c0a05,train
DataSet_clean/stop/256c0a05_nohash_1.wav,stop,256c0a05,train
DataSet_clean/stop/256c0a05_nohash_2.wav,stop,256c0a05,train
DataSet_clean/stop/256c0a05_nohash_3.wav,stop,256c0a05,train
DataSet_clean/stop/256c0a05_nohash_4.wav,stop,256c0a05,train
DataSet_clean/stop/257251e0_nohash_0.wav,stop,257251e0,test
DataSet_clean/stop/257251e0_nohash_1.wav,stop,257251e0,test
DataSet_clean/stop/2579e514_nohash_0.wav,stop,2579e514,train
DataSet_clean/stop/2579e514_nohash_1.wav,stop,2579e514,train
DataSet_clean/stop/257e17e0_nohash_0.wav,stop,257e17e0,train
DataSet_clean/stop/25c14394_nohash_0.wav,stop,25c14394,train
DataSet_clean/stop/25e95412_nohash_0.wav,stop,25e95412,train
DataSet_clean/stop/25e95412_nohash_1.wav,stop,25e95412,train
DataSet_clean/stop/25e95412_nohash_2.wav,stop,25e95412,train
DataSet_clean/stop/25e95412_nohash_3.wav,stop,25e95412,train
DataSet_clean/stop/25e95412_nohash_4.wav,stop,25e95412,train
DataSet_clean/stop/25e95412_nohash_5.wav,stop,25e95412,train
DataSet_clean/stop/25e95412_nohash_6.wav,stop,25e95412,train
DataSet_clean/stop/264f471d_nohash_0.wav,stop,264f471d,train
DataSet_clean/stop/264f471d_nohash_1.wav,stop,264f471d,train
DataSet_clean/stop/264f471d_nohash_2.wav,stop,264f471d,train
DataSet_clean/stop/264f471d_nohash_3.wav,stop,264f471d,train
DataSet_clean/stop/265bd13a_nohash_0.wav,stop,265bd13a,test
DataSet_clean/stop/26631bee_nohash_0.wav,stop,26631bee,train
DataSet_clean/stop/26631bee_nohash_1.wav,stop,26631bee,train
DataSet_clean/stop/26a093e1_nohash_0.wav,stop,26a093e1,val
DataSet_clean/stop/26b28ea7_nohash_0.wav,stop,26b28ea7,train
DataSet_clean/stop/26c54f73_nohash_0.wav,stop,26c54f73,val
DataSet_clean/stop/26e573a9_nohash_0.wav,stop,26e573a9,train
DataSet_clean/stop/26e573a9_nohash_1.wav,stop,26e573a9,train
DataSet_clean/stop/270bfa52_nohash_0.wav,stop,270bfa52,train
DataSet_clean/stop/2748cce7_nohash_0.wav,stop,2748cce7,train
DataSet_clean/stop/2748cce7_nohash_1.wav,stop,2748cce7,train
DataSet_clean/stop/274c008f_nohash_0.wav,stop,274c008f,train
DataSet_clean/stop/2796ac50_nohash_0.wav,stop,2796ac50,train
DataSet_clean/stop/27c24504_nohash_0.wav,stop,27c24504,train
DataSet_clean/stop/27c24504_nohash_1.wav,stop,27c24504,train
DataSet_clean/stop/27c24504_nohash_2.wav,stop,27c24504,train
DataSet_clean/stop/27c24504_nohash_3.wav,stop,27c24504,train
DataSet_clean/stop/27c30960_nohash_0.wav,stop,27c30960,val
DataSet_clean/stop/27c30960_nohash_1.wav,stop,27c30960,val
DataSet_clean/stop/28460a60_nohash_0.wav,stop,28460a60,test
DataSet_clean/stop/28612180_nohash_0.wav,stop,28612180,val
DataSet_clean/stop/28ce0c58_nohash_0.wav,stop,28ce0c58,train
DataSet_clean/stop/28ce0c58_nohash_1.wav,stop,28ce0c58,train
DataSet_clean/stop/28ce0c58_nohash_2.wav,stop,28ce0c58,train
DataSet_clean/stop/28ce0c58_nohash_3.wav,stop,28ce0c58,train
DataSet_clean/stop/28ce0c58_nohash_4.wav,stop,28ce0c58,train
DataSet_clean/stop/28e47b1a_nohash_0.wav,stop,28e47b1a,val
DataSet_clean/stop/28e47b1a_nohash_1.wav,stop,28e47b1a,val
DataSet_clean/stop/28e47b1a_nohash_2.wav,stop,28e47b1a,val
DataSet_clean/stop/28e47b1a_nohash_3.wav,stop,28e47b1a,val
DataSet_clean/stop/28e47b1a_nohash_4.wav,stop,28e47b1a,val
DataSet_clean/stop/28ed6bc9_nohash_0.wav,stop,28ed6bc9,train
DataSet_clean/stop/28ed6bc9_nohash_1.wav,stop,28ed6bc9,train
DataSet_clean/stop/28ed6bc9_nohash_2.wav,stop,28ed6bc9,train
DataSet_clean/stop/28ed6bc9_nohash_3.wav,stop,28ed6bc9,train
DataSet_clean/stop/28ef2a01_nohash_0.wav,stop,28ef2a01,train
DataSet_clean/stop/28ef2a01_nohash_1.wav,stop,28ef2a01,train
DataSet_clean/stop/2903efb3_nohash_0.wav,stop,2903efb3,train
DataSet_clean/stop/2903efb3_nohash_1.wav,stop,2903efb3,train
DataSet_clean/stop/29229c21_nohash_0.wav,stop,29229c21,val
DataSet_clean/stop/29229c21_nohash_1.wav,stop,29229c21,val
DataSet_clean/stop/29229c21_nohash_2.wav,stop,29229c21,val
DataSet_clean/stop/29229c21_nohash_3.wav,stop,29229c21,val
DataSet_clean/stop/29229c21_nohash_4.wav,stop,29229c21,val
DataSet_clean/stop/2927c601_nohash_0.wav,stop,2927c601,val
DataSet_clean/stop/2927c601_nohash_1.wav,stop,2927c601,val
DataSet_clean/stop/2927c601_nohash_2.wav,stop,2927c601,val
DataSet_clean/stop/2927c601_nohash_3.wav,stop,2927c601,val
DataSet_clean/stop/299c14b1_nohash_0.wav,stop,299c14b1,train
DataSet_clean/stop/299c14b1_nohash_1.wav,stop,299c14b1,train
DataSet_clean/stop/29dce108_nohash_0.wav,stop,29dce108,val
DataSet_clean/stop/29dce108_nohash_1.wav,stop,29dce108,val
DataSet_clean/stop/29dce108_nohash_2.wav,stop,29dce108,val
DataSet_clean/stop/29dce108_nohash_3.wav,stop,29dce108,val
DataSet_clean/stop/29fb33da_nohash_0.wav,stop,29fb33da,test
DataSet_clean/stop/29fb33da_nohash_1.wav,stop,29fb33da,test
DataSet_clean/stop/29fb33da_nohash_2.wav,stop,29fb33da,test
DataSet_clean/stop/29fb33da_nohash_3.wav,stop,29fb33da,test
DataSet_clean/stop/29fb33da_nohash_4.wav,stop,29fb33da,test
DataSet_clean/stop/2a1f4853_nohash_0.wav,stop,2a1f4853,train
DataSet_clean/stop/2a1f4853_nohash_1.wav,stop,2a1f4853,train
DataSet_clean/stop/2a1f4853_nohash_2.wav,stop,2a1f4853,train
DataSet_clean/stop/2a89ad5c_nohash_0.wav,stop,2a89ad5c,train
DataSet_clean/stop/2a89ad5c_nohash_1.wav,stop,2a89ad5c,train
DataSet_clean/stop/2aa787cf_nohash_0.wav,stop,2aa787cf,test
DataSet_clean/stop/2aca1e72_nohash_0.wav,stop,2aca1e72,train
DataSet_clean/stop/2aca1e72_nohash_1.wav,stop,2aca1e72,train
DataSet_clean/stop/2aca1e72_nohash_2.wav,stop,2aca1e72,train
DataSet_clean/stop/2aca1e72_nohash_3.wav,stop,2aca1e72,train
DataSet_clean/stop/2aca1e72_nohash_4.wav,stop,2aca1e72,train
DataSet_clean/stop/2aca1e72_nohash_5.wav,stop,2aca1e72,train
DataSet_clean/stop/2aca1e72_nohash_6.wav,stop,2aca1e72,train
DataSet_clean/stop/2aca1e72_nohash_7.wav,stop,2aca1e72,train
DataSet_clean/stop/2aca1e72_nohash_8.wav,stop,2aca1e72,train
DataSet_clean/stop/2aca1e72_nohash_9.wav,stop,2aca1e72,train
DataSet_clean/stop/2ad772d6_nohash_0.wav,stop,2ad772d6,train
DataSet_clean/stop/2ad772d6_nohash_1.wav,stop,2ad772d6,train
DataSet_clean/stop/2b3f509b_nohash_0.wav,stop,2b3f509b,val
DataSet_clean/stop/2b42e7a2_nohash_0.wav,stop,2b42e7a2,train
DataSet_clean/stop/2b42e7a2_nohash_1.wav,stop,2b42e7a2,train
DataSet_clean/stop/2b5e346d_nohash_0.wav,stop,2b5e346d,train
DataSet_clean/stop/2b5e346d_nohash_1.wav,stop,2b5e346d,train
DataSet_clean/stop/2b5e346d_nohash_2.wav,stop,2b5e346d,train
DataSet_clean/stop/2b5e346d_nohash_3.wav,stop,2b5e346d,train
DataSet_clean/stop/2b5e346d_nohash_4.wav,stop,2b5e346d,train
DataSet_clean/stop/2b715941_nohash_0.wav,stop,2b715941,train
DataSet_clean/stop/2bd2cad5_nohash_0.wav,stop,2bd2cad5,test
DataSet_clean/stop/2bd2cad5_nohash_1.wav,stop,2bd2cad5,test
DataSet_clean/stop/2bdbe5f7_nohash_0.wav,stop,2bdbe5f7,train
DataSet_clean/stop/2bdbe5f7_nohash_1.wav,stop,2bdbe5f7,train
DataSet_clean/stop/2bdbe5f7_nohash_2.wav,stop,2bdbe5f7,train
DataSet_clean/stop/2bdbe5f7_nohash_3.wav,stop,2bdbe5f7,train
DataSet_clean/stop/2bdbe5f7_nohash_4.wav,stop,2bdbe5f7,train
DataSet_clean/stop/2bfe70ef_nohash_0.wav,stop,2bfe70ef,train
DataSet_clean/stop/2bfe70ef_nohash_1.wav,stop,2bfe70ef,train
DataSet_clean/stop/2bfe70ef_nohash_2.wav,stop,2bfe70ef,train
DataSet_clean/stop/2c6446f7_nohash_0.wav,stop,2c6446f7,train
DataSet_clean/stop/2c6446f7_nohash_1.wav,stop,2c6446f7,train
DataSet_clean/stop/2c6d3924_nohash_0.wav,stop,2c6d3924,test
DataSet_clean/stop/2c727642_nohash_0.wav,stop,2c727642,train
DataSet_clean/stop/2ce7534c_nohash_0.wav,stop,2ce7534c,test
DataSet_clean/stop/2ce7534c_nohash_1.wav,stop,2ce7534c,test
DataSet_clean/stop/2ce7534c_nohash_2.wav,stop,2ce7534c,test
DataSet_clean/stop/2cf28b70_nohash_0.wav,stop,2cf28b70,train
DataSet_clean/stop/2da58b32_nohash_0.wav,stop,2da58b32,train
DataSet_clean/stop/2da58b32_nohash_1.wav,stop,2da58b32,train
DataSet_clean/stop/2da58b32_nohash_2.wav,stop,2da58b32,train
DataSet_clean/stop/2da58b32_nohash_3.wav,stop,2da58b32,train
DataSet_clean/stop/2da58b32_nohash_4.wav,stop,2da58b32,train
DataSet_clean/stop/2dc4f05d_nohash_0.wav,stop,2dc4f05d,train
DataSet_clean/stop/2dc4f05d_nohash_1.wav,stop,2dc4f05d,train
DataSet_clean/stop/2dc4f05d_nohash_2.wav,stop,2dc4f05d,train
DataSet_clean/stop/2dcb6848_nohash_0.wav,stop,2dcb6848,train
DataSet_clean/stop/2dcb6848_nohash_1.wav,stop,2dcb6848,train
DataSet_clean/stop/2dce72b3_nohash_0.wav,stop,2dce72b3,train
DataSet_clean/stop/2e0d80f7_nohash_0.wav,stop,2e0d80f7,test
DataSet_clean/stop/2e0d80f7_nohash_1.wav,stop,2e0d80f7,test
DataSet_clean/stop/2e75d37a_nohash_0.wav,stop,2e75d37a,val
DataSet_clean/stop/2e75d37a_nohash_1.wav,stop,2e75d37a,val
DataSet_clean/stop/2e75d37a_nohash_2.wav,stop,2e75d37a,val
DataSet_clean/stop/2e7fac30_nohash_0.wav,stop,2e7fac30,train
DataSet_clean/stop/2f0a410b_nohash_0.wav,stop,2f0a410b,train
DataSet_clean/stop/2f0ce4d9_nohash_0.wav,stop,2f0ce4d9,train
DataSet_clean/stop/2f0ce4d9_nohash_1.wav,stop,2f0ce4d9,train
DataSet_clean/stop/2f0ce4d9_nohash_2.wav,stop,2f0ce4d9,train
DataSet_clean/stop/2f0ce4d9_nohash_3.wav,stop,2f0ce4d9,train
DataSet_clean/stop/2f0ce4d9_nohash_4.wav,stop,2f0ce4d9,train
DataSet_clean/stop/2f666bb2_nohash_0.wav,stop,2f666bb2,test
DataSet_clean/stop/2f666bb2_nohash_1.wav,stop,2f666bb2,test
DataSet_clean/stop/2f666bb2_nohash_2.wav,stop,2f666bb2,test
DataSet_clean/stop/2fa39636_nohash_0.wav,stop,2fa39636,train
DataSet_clean/stop/2fa39636_nohash_1.wav,stop,2fa39636,train
DataSet_clean/stop/2fcb6397_nohash_0.wav,stop,2fcb6397,test
DataSet_clean/stop/2fcb6397_nohash_1.wav,stop,2fcb6397,test
DataSet_clean/stop/2fcb6397_nohash_2.wav,stop,2fcb6397,test
DataSet_clean/stop/2fcb6397_nohash_3.wav,stop,2fcb6397,test
DataSet_clean/stop/2fcb6397_nohash_4.wav,stop,2fcb6397,test
DataSet_clean/stop/2fee065a_nohash_0.wav,stop,2fee065a,train
DataSet_clean/stop/2fee065a_nohash_1.wav,stop,2fee065a,train
DataSet_clean/stop/2fee065a_nohash_2.wav,stop,2fee065a,train
DataSet_clean/stop/2fee065a_nohash_3.wav,stop,2fee065a,train
DataSet_clean/stop/2fee065a_nohash_4.wav,stop,2fee065a,train
DataSet_clean/stop/300384f0_nohash_0.wav,stop,300384f0,test
DataSet_clean/stop/30060aba_nohash_0.wav,stop,30060aba,train
DataSet_clean/stop/30060aba_nohash_1.wav,stop,30060aba,train
DataSet_clean/stop/30060aba_nohash_2.wav,stop,30060aba,train
DataSet_clean/stop/30060aba_nohash_3.wav,stop,30060aba,train
DataSet_clean/stop/3006c271_nohash_0.wav,stop,3006c271,train
DataSet_clean/stop/3006c271_nohash_1.wav,stop,3006c271,train
DataSet_clean/stop/30276d03_nohash_0.wav,stop,30276d03,train
DataSet_clean/stop/30276d03_nohash_1.wav,stop,30276d03,train
DataSet_clean/stop/30276d03_nohash_2.wav,stop,30276d03,train
DataSet_clean/stop/30276d03_nohash_3.wav,stop,30276d03,train
DataSet_clean/stop/305776dd_nohash_0.wav,stop,305776dd,train
DataSet_clean/stop/305776dd_nohash_1.wav,stop,305776dd,train
DataSet_clean/stop/305776dd_nohash_2.wav,stop,305776dd,train
DataSet_clean/stop/30802c5d_nohash_0.wav,stop,30802c5d,val
DataSet_clean/stop/30a09789_nohash_0.wav,stop,30a09789,train
DataSet_clean/stop/30a09789_nohash_1.wav,stop,30a09789,train
DataSet_clean/stop/30aabd44_nohash_0.wav,stop,30aabd44,test
DataSet_clean/stop/30f31e42_nohash_0.wav,stop,30f31e42,val
DataSet_clean/stop/30f6e665_nohash_0.wav,stop,30f6e665,train
DataSet_clean/stop/3102f006_nohash_0.wav,stop,3102f006,train
DataSet_clean/stop/3102f006_nohash_1.wav,stop,3102f006,train
DataSet_clean/stop/3102f006_nohash_2.wav,stop,3102f006,train
DataSet_clean/stop/3102f006_nohash_3.wav,stop,3102f006,train
DataSet_clean/stop/3102f006_nohash_4.wav,stop,3102f006,train
DataSet_clean/stop/3108acca_nohash_0.wav,stop,3108acca,train
DataSet_clean/stop/3108acca_nohash_1.wav,stop,3108acca,train
DataSet_clean/stop/311fde72_nohash_0.wav,stop,311fde72,train
DataSet_clean/stop/311fde72_nohash_1.wav,stop,311fde72,train
DataSet_clean/stop/311fde72_nohash_2.wav,stop,311fde72,train
DataSet_clean/stop/311fde72_nohash_3.wav,stop,311fde72,train
DataSet_clean/stop/311fde72_nohash_4.wav,stop,311fde72,train
DataSet_clean/stop/3143fdff_nohash_0.wav,stop,3143fdff,train
DataSet_clean/stop/31ac8b88_nohash_0.wav,stop,31ac8b88,test
DataSet_clean/stop/31d68957_nohash_0.wav,stop,31d68957,train
DataSet_clean/stop/31db232b_nohash_0.wav,stop,31db232b,train
DataSet_clean/stop/31db232b_nohash_1.wav,stop,31db232b,train
DataSet_clean/stop/31f01a8d_nohash_0.wav,stop,31f01a8d,train
DataSet_clean/stop/31f01a8d_nohash_1.wav,stop,31f01a8d,train
DataSet_clean/stop/31f01a8d_nohash_2.wav,stop,31f01a8d,train
DataSet_clean/stop/31f01a8d_nohash_3.wav,stop,31f01a8d,train
DataSet_clean/stop/31f01a8d_nohash_4.wav,stop,31f01a8d,train
DataSet_clean/stop/31fd5cf5_nohash_0.wav,stop,31fd5cf5,train
DataSet_clean/stop/3209ec42_nohash_0.wav,stop,3209ec42,train
DataSet_clean/stop/321aba74_nohash_0.wav,stop,321aba74,val
DataSet_clean/stop/321aba74_nohash_1.wav,stop,321aba74,val
DataSet_clean/stop/321aba74_nohash_2.wav,stop,321aba74,val
DataSet_clean/stop/321aba74_nohash_3.wav,stop,321aba74,val
DataSet_clean/stop/321aba74_nohash_4.wav,stop,321aba74,val
DataSet_clean/stop/322d17d3_nohash_0.wav,stop,322d17d3,train
DataSet_clean/stop/322d17d3_nohash_1.wav,stop,322d17d3,train
DataSet_clean/stop/322d17d3_nohash_2.wav,stop,322d17d3,train
DataSet_clean/stop/322d17d3_nohash_3.wav,stop,322d17d3,train
DataSet_clean/stop/322d17d3_nohash_4.wav,stop,322d17d3,train
DataSet_clean/stop/324210dd_nohash_0.wav,stop,324210dd,test
DataSet_clean/stop/324210dd_nohash_1.wav,stop,324210dd,test
DataSet_clean/stop/324210dd_nohash_2.wav,stop,324210dd,test
DataSet_clean/stop/324210dd_nohash_3.wav,stop,324210dd,test
DataSet_clean/stop/324210dd_nohash_4.wav,stop,324210dd,test
DataSet_clean/stop/32561e9e_nohash_0.wav,stop,32561e9e,train
DataSet_clean/stop/325a0c39_nohash_0.wav,stop,325a0c39,train
DataSet_clean/stop/327289eb_nohash_0.wav,stop,327289eb,train
DataSet_clean/stop/327289eb_nohash_1.wav,stop,327289eb,train
DataSet_clean/stop/327289eb_nohash_2.wav,stop,327289eb,train
DataSet_clean/stop/327289eb_nohash_3.wav,stop,327289eb,train
DataSet_clean/stop/3291330e_nohash_0.wav,stop,3291330e,train
DataSet_clean/stop/3291330e_nohash_1.wav,stop,3291330e,train
DataSet_clean/stop/3291330e_nohash_2.wav,stop,3291330e,train
DataSet_clean/stop/3291330e_nohash_3.wav,stop,3291330e,train
DataSet_clean/stop/3291330e_nohash_4.wav,stop,3291330e,train
DataSet_clean/stop/32ad5b65_nohash_0.wav,stop,32ad5b65,test
DataSet_clean/stop/32ad5b65_nohash_1.wav,stop,32ad5b65,test
DataSet_clean/stop/32ad5b65_nohash_2.wav,stop,32ad5b65,test
DataSet_clean/stop/32ad5b65_nohash_3.wav,stop,32ad5b65,test
DataSet_clean/stop/32ad5b65_nohash_4.wav,stop,32ad5b65,test
DataSet_clean/stop/32efce64_nohash_0.wav,stop,32efce64,train
DataSet_clean/stop/33246bc2_nohash_0.wav,stop,33246bc2,train
DataSet_clean/stop/33246bc2_nohash_1.wav,stop,33246bc2,train
DataSet_clean/stop/332d33b1_nohash_0.wav,stop,332d33b1,train
DataSet_clean/stop/332d33b1_nohash_1.wav,stop,332d33b1,train
DataSet_clean/stop/332d33b1_nohash_2.wav,stop,332d33b1,train
DataSet_clean/stop/332d33b1_nohash_3.wav,stop,332d33b1,train
DataSet_clean/stop/332d33b1_nohash_4.wav,stop,332d33b1,train
DataSet_clean/stop/333784b7_nohash_0.wav,stop,333784b7,train
DataSet_clean/stop/333784b7_nohash_1.wav,stop,333784b7,train
DataSet_clean/stop/333784b7_nohash_2.wav,stop,333784b7,train
DataSet_clean/stop/333784b7_nohash_3.wav,stop,333784b7,train
DataSet_clean/stop/333784b7_nohash_4.wav,stop,333784b7,train
DataSet_clean/stop/333d7ddb_nohash_0.wav,stop,333d7ddb,train
DataSet_clean/stop/333d7ddb_nohash_1.wav,stop,333d7ddb,train
DataSet_clean/stop/333d7ddb_nohash_2.wav,stop,333d7ddb,train
DataSet_clean/stop/333d7ddb_nohash_3.wav,stop,333d7ddb,train
DataSet_clean/stop/3367cff6_nohash_0.wav,stop,3367cff6,train
DataSet_clean/stop/3389305e_nohash_0.wav,stop,3389305e,train
DataSet_clean/stop/3389305e_nohash_1.wav,stop,3389305e,train
DataSet_clean/stop/3389305e_nohash_2.wav,stop,3389305e,train
DataSet_clean/stop/338dacf5_nohash_0.wav,stop,338dacf5,val
DataSet_clean/stop/33903159_nohash_0.wav,stop,33903159,train
DataSet_clean/stop/33f60c62_nohash_0.wav,stop,33f60c62,val
DataSet_clean/stop/340c8b10_nohash_0.wav,stop,340c8b10,test
DataSet_clean/stop/340c8b10_nohash_1.wav,stop,340c8b10,test
DataSet_clean/stop/340c8b10_nohash_2.wav,stop,340c8b10,test
DataSet_clean/stop/34805883_nohash_0.wav,stop,34805883,train
DataSet_clean/stop/34d5aa5a_nohash_0.wav,stop,34d5aa5a,test
DataSet_clean/stop/34d5aa5a_nohash_1.wav,stop,34d5aa5a,test
DataSet_clean/stop/352ffbe3_nohash_0.wav,stop,352ffbe3,train
DataSet_clean/stop/352ffbe3_nohash_1.wav,stop,352ffbe3,train
DataSet_clean/stop/353b4d33_nohash_0.wav,stop,353b4d33,train
DataSet_clean/stop/3589bc72_nohash_0.wav,stop,3589bc72,train
DataSet_clean/stop/3589bc72_nohash_1.wav,stop,3589bc72,train
DataSet_clean/stop/3589bc72_nohash_2.wav,stop,3589bc72,train
DataSet_clean/stop/3589bc72_nohash_3.wav,stop,3589bc72,train
DataSet_clean/stop/3589bc72_nohash_4.wav,stop,3589bc72,train
DataSet_clean/stop/35c8fa78_nohash_0.wav,stop,35c8fa78,train
DataSet_clean/stop/35d1b6ee_nohash_0.wav,stop,35d1b6ee,train
DataSet_clean/stop/35d1b6ee_nohash_1.wav,stop,35d1b6ee,train
DataSet_clean/stop/35d1b6ee_nohash_2.wav,stop,35d1b6ee,train
DataSet_clean/stop/35d1b6ee_nohash_3.wav,stop,35d1b6ee,train
DataSet_clean/stop/35d1b6ee_nohash_4.wav,stop,35d1b6ee,train
DataSet_clean/stop/36050ef3_nohash_0.wav,stop,36050ef3,train
DataSet_clean/stop/36050ef3_nohash_1.wav,stop,36050ef3,train
DataSet_clean/stop/36050ef3_nohash_2.wav,stop,36050ef3,train
DataSet_clean/stop/36050ef3_nohash_3.wav,stop,36050ef3,train
DataSet_clean/stop/36050ef3_nohash_4.wav,stop,36050ef3,train
DataSet_clean/stop/363c6bad_nohash_0.wav,stop,363c6bad,train
DataSet_clean/stop/364c0853_nohash_0.wav,stop,364c0853,train
DataSet_clean/stop/364f979f_nohash_0.wav,stop,364f979f,train
DataSet_clean/stop/365531e2_nohash_0.wav,stop,365531e2,train
DataSet_clean/stop/365531e2_nohash_1.wav,stop,365531e2,train
DataSet_clean/stop/365908bd_nohash_0.wav,stop,365908bd,test
DataSet_clean/stop/365908bd_nohash_1.wav,stop,365908bd,test
DataSet_clean/stop/365908bd_nohash_2.wav,stop,365908bd,test
DataSet_clean/stop/365908bd_nohash_3.wav,stop,365908bd,test
DataSet_clean/stop/365908bd_nohash_4.wav,stop,365908bd,test
DataSet_clean/stop/3659fc1c_nohash_0.wav,stop,3659fc1c,train
DataSet_clean/stop/3659fc1c_nohash_1.wav,stop,3659fc1c,train
DataSet_clean/stop/368bedd4_nohash_0.wav,stop,368bedd4,train
DataSet_clean/stop/370844f7_nohash_0.wav,stop,370844f7,train
DataSet_clean/stop/3777c08e_nohash_0.wav,stop,3777c08e,test
DataSet_clean/stop/3777c08e_nohash_1.wav,stop,3777c08e,test
DataSet_clean/stop/377e916b_nohash_0.wav,stop,377e916b,test
DataSet_clean/stop/37a3cd33_nohash_0.wav,stop,37a3cd33,train
DataSet_clean/stop/37b03ab1_nohash_0.wav,stop,37b03ab1,train
DataSet_clean/stop/37bd115d_nohash_0.wav,stop,37bd115d,val
DataSet_clean/stop/37bd115d_nohash_1.wav,stop,37bd115d,val
DataSet_clean/stop/37bd115d_nohash_2.wav,stop,37bd115d,val
DataSet_clean/stop/37d38e44_nohash_0.wav,stop,37d38e44,test
DataSet_clean/stop/37d38e44_nohash_1.wav,stop,37d38e44,test
DataSet_clean/stop/37dca74f_nohash_0.wav,stop,37dca74f,train
DataSet_clean/stop/37dca74f_nohash_1.wav,stop,37dca74f,train
DataSet_clean/stop/37dca74f_nohash_2.wav,stop,37dca74f,train
DataSet_clean/stop/37dca74f_nohash_3.wav,stop,37dca74f,train
DataSet_clean/stop/37dca74f_nohash_4.wav,stop,37dca74f,train
DataSet_clean/stop/37e8db82_nohash_0.wav,stop,37e8db82,test
DataSet_clean/stop/37fc5d97_nohash_0.wav,stop,37fc5d97,train
DataSet_clean/stop/37fc5d97_nohash_1.wav,stop,37fc5d97,train
DataSet_clean/stop/37fc5d97_nohash_2.wav,stop,37fc5d97,train
DataSet_clean/stop/380abbad_nohash_0.wav,stop,380abbad,train
DataSet_clean/stop/3824c00e_nohash_0.wav,stop,3824c00e,train
DataSet_clean/stop/3847619e_nohash_0.wav,stop,3847619e,test
DataSet_clean/stop/3852fca2_nohash_0.wav,stop,3852fca2,train
DataSet_clean/stop/38c388bc_nohash_0.wav,stop,38c388bc,train
DataSet_clean/stop/38d78313_nohash_0.wav,stop,38d78313,train
DataSet_clean/stop/38d78313_nohash_1.wav,stop,38d78313,train
DataSet_clean/stop/38d78313_nohash_2.wav,stop,38d78313,train
DataSet_clean/stop/38d78313_nohash_3.wav,stop,38d78313,train
DataSet_clean/stop/3903b558_nohash_0.wav,stop,3903b558,val
DataSet_clean/stop/39543cfd_nohash_0.wav,stop,39543cfd,train
DataSet_clean/stop/39833acb_nohash_0.wav,stop,39833acb,train
DataSet_clean/stop/39833acb_nohash_1.wav,stop,39833acb,train
DataSet_clean/stop/39833acb_nohash_2.wav,stop,39833acb,train
DataSet_clean/stop/39833acb_nohash_3.wav,stop,39833acb,train
DataSet_clean/stop/39833acb_nohash_4.wav,stop,39833acb,train
DataSet_clean/stop/39999a0f_nohash_0.wav,stop,39999a0f,val
DataSet_clean/stop/39a12648_nohash_0.wav,stop,39a12648,train
DataSet_clean/stop/39a12648_nohash_1.wav,stop,39a12648,train
DataSet_clean/stop/39a12648_nohash_2.wav,stop,39a12648,train
DataSet_clean/stop/39a12648_nohash_3.wav,stop,39a12648,train
DataSet_clean/stop/39a45230_nohash_0.wav,stop,39a45230,train
DataSet_clean/stop/39a6b995_nohash_0.wav,stop,39a6b995,train
DataSet_clean/stop/39afb88e_nohash_0.wav,stop,39afb88e,val
DataSet_clean/stop/39b5fdab_nohash_0.wav,stop,39b5fdab,val
DataSet_clean/stop/39ec87ac_nohash_0.wav,stop,39ec87ac,train
DataSet_clean/stop/3a182c98_nohash_0.wav,stop,3a182c98,test
DataSet_clean/stop/3a182c98_nohash_1.wav,stop,3a182c98,test
DataSet_clean/stop/3a33d3a4_nohash_0.wav,stop,3a33d3a4,val
DataSet_clean/stop/3a33d3a4_nohash_1.wav,stop,3a33d3a4,val
DataSet_clean/stop/3a33d3a4_nohash_2.wav,stop,3a33d3a4,val
DataSet_clean/stop/3a3ee7ed_nohash_0.wav,stop,3a3ee7ed,train
DataSet_clean/stop/3a3ee7ed_nohash_1.wav,stop,3a3ee7ed,train
DataSet_clean/stop/3a3ee7ed_nohash_2.wav,stop,3a3ee7ed,train
DataSet_clean/stop/3a3ee7ed_nohash_3.wav,stop,3a3ee7ed,train
DataSet_clean/stop/3a53b856_nohash_0.wav,stop,3a53b856,val
DataSet_clean/stop/3a69f765_nohash_0.wav,stop,3a69f765,val
DataSet_clean/stop/3a69f765_nohash_1.wav,stop,3a69f765,val
DataSet_clean/stop/3a69f765_nohash_2.wav,stop,3a69f765,val
DataSet_clean/stop/3a69f765_nohash_3.wav,stop,3a69f765,val
DataSet_clean/stop/3a69f765_nohash_4.wav,stop,3a69f765,val
DataSet_clean/stop/3a789a0d_nohash_0.wav,stop,3a789a0d,val
DataSet_clean/stop/3a7d8872_nohash_0.wav,stop,3a7d8872,train
DataSet_clean/stop/3a929277_nohash_0.wav,stop,3a929277,val
DataSet_clean/stop/3a929277_nohash_1.wav,stop,3a929277,val
DataSet_clean/stop/3a929277_nohash_2.wav,stop,3a929277,val
DataSet_clean/stop/3a929277_nohash_3.wav,stop,3a929277,val
DataSet_clean/stop/3a929277_nohash_4.wav,stop,3a929277,val
DataSet_clean/stop/3aa6f4e2_nohash_0.wav,stop,3aa6f4e2,train
DataSet_clean/stop/3aa6f4e2_nohash_1.wav,stop,3aa6f4e2,train
DataSet_clean/stop/3b195250_nohash_0.wav,stop,3b195250,test
DataSet_clean/stop/3b195250_nohash_1.wav,stop,3b195250,test
DataSet_clean/stop/3b195250_nohash_2.wav,stop,3b195250,test
DataSet_clean/stop/3b195250_nohash_3.wav,stop,3b195250,test
DataSet_clean/stop/3b3d2f59_nohash_0.wav,stop,3b3d2f59,test
DataSet_clean/stop/3b3d2f59_nohash_1.wav,stop,3b3d2f59,test
DataSet_clean/stop/3b3d2f59_nohash_2.wav,stop,3b3d2f59,test
DataSet_clean/stop/3b3d2f59_nohash_3.wav,stop,3b3d2f59,test
DataSet_clean/stop/3b4f8f24_nohash_0.wav,stop,3b4f8f24,val
DataSet_clean/stop/3b4f8f24_nohash_1.wav,stop,3b4f8f24,val
DataSet_clean/stop/3b4f8f24_nohash_2.wav,stop,3b4f8f24,val
DataSet_clean/stop/3b7f817e_nohash_0.wav,stop,3b7f817e,train
DataSet_clean/stop/3b7f817e_nohash_1.wav,stop,3b7f817e,train
DataSet_clean/stop/3bb68054_nohash_0.wav,stop,3bb68054,train
DataSet_clean/stop/3bb68054_nohash_1.wav,stop,3bb68054,train
DataSet_clean/stop/3bb68054_nohash_2.wav,stop,3bb68054,train
DataSet_clean/stop/3bb68054_nohash_3.wav,stop,3bb68054,train
DataSet_clean/stop/3bb68054_nohash_4.wav,stop,3bb68054,train
DataSet_clean/stop/3bc21161_nohash_0.wav,stop,3bc21161,train
DataSet_clean/stop/3bc21161_nohash_1.wav,stop,3bc21161,train
DataSet_clean/stop/3bc21161_nohash_2.wav,stop,3bc21161,train
DataSet_clean/stop/3bc21161_nohash_3.wav,stop,3bc21161,train
DataSet_clean/stop/3bc21161_nohash_4.wav,stop,3bc21161,train
DataSet_clean/stop/3bdf05d3_nohash_0.wav,stop,3bdf05d3,val
DataSet_clean/stop/3bfd30e6_nohash_0.wav,stop,3bfd30e6,train
DataSet_clean/stop/3bfd30e6_nohash_1.wav,stop,3bfd30e6,train
DataSet_clean/stop/3bfd30e6_nohash_2.wav,stop,3bfd30e6,train
DataSet_clean/stop/3bfd30e6_nohash_3.wav,stop,3bfd30e6,train
DataSet_clean/stop/3bfd30e6_nohash_4.wav,stop,3bfd30e6,train
DataSet_clean/stop/3c1e12cf_nohash_0.wav,stop,3c1e12cf,test
DataSet_clean/stop/3c1e12cf_nohash_1.wav,stop,3c1e12cf,test
DataSet_clean/stop/3c257192_nohash_0.wav,stop,3c257192,val
DataSet_clean/stop/3c257192_nohash_1.wav,stop,3c257192,val
DataSet_clean/stop/3c257192_nohash_2.wav,stop,3c257192,val
DataSet_clean/stop/3c257192_nohash_3.wav,stop,3c257192,val
DataSet_clean/stop/3c4aa5ef_nohash_0.wav,stop,3c4aa5ef,train
DataSet_clean/stop/3c4aa5ef_nohash_1.wav,stop,3c4aa5ef,train
DataSet_clean/stop/3c4aa5ef_nohash_2.wav,stop,3c4aa5ef,train
DataSet_clean/stop/3c4aa5ef_nohash_3.wav,stop,3c4aa5ef,train
DataSet_clean/stop/3ca784ec_nohash_0.wav,stop,3ca784ec,train
DataSet_clean/stop/3ca784ec_nohash_1.wav,stop,3ca784ec,train
DataSet_clean/stop/3ca784ec_nohash_2.wav,stop,3ca784ec,train
DataSet_clean/stop/3ca784ec_nohash_3.wav,stop,3ca784ec,train
DataSet_clean/stop/3cc595de_nohash_0.wav,stop,3cc595de,test
DataSet_clean/stop/3cc595de_nohash_1.wav,stop,3cc595de,test
DataSet_clean/stop/3cc595de_nohash_2.wav,stop,3cc595de,test
DataSet_clean/stop/3cc595de_nohash_3.wav,stop,3cc595de,test
DataSet_clean/stop/3cc595de_nohash_4.wav,stop,3cc595de,test
DataSet_clean/stop/3cdecb0b_nohash_0.wav,stop,3cdecb0b,train
DataSet_clean/stop/3ce4910e_nohash_0.wav,stop,3ce4910e,train
DataSet_clean/stop/3ce4910e_nohash_1.wav,stop,3ce4910e,train
DataSet_clean/stop/3ce4910e_nohash_2.wav,stop,3ce4910e,train
DataSet_clean/stop/3ce4910e_nohash_3.wav,stop,3ce4910e,train
DataSet_clean/stop/3cfc6b3a_nohash_0.wav,stop,3cfc6b3a,train
DataSet_clean/stop/3d3ddaf8_nohash_0.wav,stop,3d3ddaf8,val
DataSet_clean/stop/3d3ddaf8_nohash_1.wav,stop,3d3ddaf8,val
DataSet_clean/stop/3d53244b_nohash_0.wav,stop,3d53244b,train
DataSet_clean/stop/3d53244b_nohash_1.wav,stop,3d53244b,train
DataSet_clean/stop/3d53244b_nohash_2.wav,stop,3d53244b,train
DataSet_clean/stop/3d53244b_nohash_3.wav,stop,3d53244b,train
DataSet_clean/stop/3d53244b_nohash_4.wav,stop,3d53244b,train
DataSet_clean/stop/3d794813_nohash_0.wav,stop,3d794813,train
DataSet_clean/stop/3d794813_nohash_1.wav,stop,3d794813,train
DataSet_clean/stop/3d794813_nohash_2.wav,stop,3d794813,train
DataSet_clean/stop/3d794813_nohash_3.wav,stop,3d794813,train
DataSet_clean/stop/3d794813_nohash_4.wav,stop,3d794813,train
DataSet_clean/stop/3d86b69a_nohash_0.wav,stop,3d86b69a,train
DataSet_clean/stop/3d86b69a_nohash_1.wav,stop,3d86b69a,train
DataSet_clean/stop/3d86b69a_nohash_2.wav,stop,3d86b69a,train
DataSet_clean/stop/3d9200b9_nohash_0.wav,stop,3d9200b9,test
DataSet_clean/stop/3de53d23_nohash_0.wav,stop,3de53d23,train
DataSet_clean/stop/3df9a3d4_nohash_0.wav,stop,3df9a3d4,train
DataSet_clean/stop/3df9a3d4_nohash_1.wav,stop,3df9a3d4,train
DataSet_clean/stop/3dfd6c23_nohash_0.wav,stop,3dfd6c23,test
DataSet_clean/stop/3e31dffe_nohash_0.wav,stop,3e31dffe,test
DataSet_clean/stop/3e31dffe_nohash_1.wav,stop,3e31dffe,test
DataSet_clean/stop/3e31dffe_nohash_2.wav,stop,3e31dffe,test
DataSet_clean/stop/3e31dffe_nohash_3.wav,stop,3e31dffe,test
DataSet_clean/stop/3e31dffe_nohash_4.wav,stop,3e31dffe,test
DataSet_clean/stop/3e3fa7fd_nohash_0.wav,stop,3e3fa7fd,train
DataSet_clean/stop/3ec05c3d_nohash_0.wav,stop,3ec05c3d,val
DataSet_clean/stop/3ed3e49a_nohash_0.wav,stop,3ed3e49a,train
DataSet_clean/stop/3ee0fc39_nohash_0.wav,stop,3ee0fc39,train
DataSet_clean/stop/3f170018_nohash_0.wav,stop,3f170018,train
DataSet_clean/stop/3f45a0cf_nohash_0.wav,stop,3f45a0cf,train
DataSet_clean/stop/3f45a0cf_nohash_1.wav,stop,3f45a0cf,train
DataSet_clean/stop/3f45a0cf_nohash_2.wav,stop,3f45a0cf,train
DataSet_clean/stop/3f45a0cf_nohash_3.wav,stop,3f45a0cf,train
DataSet_clean/stop/3ffa3457_nohash_0.wav,stop,3ffa3457,test
DataSet_clean/stop/3ffa3457_nohash_1.wav,stop,3ffa3457,test
DataSet_clean/stop/40738a2d_nohash_0.wav,stop,40738a2d,train
DataSet_clean/stop/40738a2d_nohash_1.wav,stop,40738a2d,train
DataSet_clean/stop/40738a2d_nohash_2.wav,stop,40738a2d,train
DataSet_clean/stop/409c962a_nohash_0.wav,stop,409c962a,train
DataSet_clean/stop/413997c1_nohash_0.wav,stop,413997c1,test
DataSet_clean/stop/41474817_nohash_0.wav,stop,41474817,train
DataSet_clean/stop/41777abb_nohash_0.wav,stop,41777abb,train
DataSet_clean/stop/41777abb_nohash_1.wav,stop,41777abb,train
DataSet_clean/stop/418e7158_nohash_0.wav,stop,418e7158,val
DataSet_clean/stop/418e7158_nohash_1.wav,stop,418e7158,val
DataSet_clean/stop/41dce6f5_nohash_0.wav,stop,41dce6f5,val
DataSet_clean/stop/421ed23f_nohash_0.wav,stop,421ed23f,train
DataSet_clean/stop/4249c833_nohash_0.wav,stop,4249c833,train
DataSet_clean/stop/4254621e_nohash_0.wav,stop,4254621e,train
DataSet_clean/stop/4290ca61_nohash_0.wav,stop,4290ca61,train
DataSet_clean/stop/42a99aec_nohash_0.wav,stop,42a99aec,train
DataSet_clean/stop/42a99aec_nohash_1.wav,stop,42a99aec,train
DataSet_clean/stop/42a99aec_nohash_2.wav,stop,42a99aec,train
DataSet_clean/stop/42a99aec_nohash_3.wav,stop,42a99aec,train
DataSet_clean/stop/42a99aec_nohash_4.wav,stop,42a99aec,train
DataSet_clean/stop/42f81601_nohash_0.wav,stop,42f81601,test
DataSet_clean/stop/42f81601_nohash_1.wav,stop,42f81601,test
DataSet_clean/stop/42f81601_nohash_2.wav,stop,42f81601,test
DataSet_clean/stop/42f81601_nohash_3.wav,stop,42f81601,test
DataSet_clean/stop/42f81601_nohash_4.wav,stop,42f81601,test
DataSet_clean/stop/434a267c_nohash_0.wav,stop,434a267c,val
DataSet_clean/stop/434a267c_nohash_1.wav,stop,434a267c,val
DataSet_clean/stop/434a267c_nohash_2.wav,stop,434a267c,val
DataSet_clean/stop/435695e3_nohash_0.wav,stop,435695e3,train
DataSet_clean/stop/435695e3_nohash_1.wav,stop,435695e3,train
DataSet_clean/stop/435695e3_nohash_2.wav,stop,435695e3,train
DataSet_clean/stop/435695e3_nohash_3.wav,stop,435695e3,train
DataSet_clean/stop/43691f67_nohash_0.wav,stop,43691f67,test
DataSet_clean/stop/437455be_nohash_0.wav,stop,437455be,train
DataSet_clean/stop/439c84f4_nohash_0.wav,stop,439c84f4,test
DataSet_clean/stop/439c84f4_nohash_1.wav,stop,439c84f4,test
DataSet_clean/stop/439c84f4_nohash_2.wav,stop,439c84f4,test
DataSet_clean/stop/439c84f4_nohash_3.wav,stop,439c84f4,test
DataSet_clean/stop/439c84f4_nohash_4.wav,stop,439c84f4,test
DataSet_clean/stop/43fc47a7_nohash_0.wav,stop,43fc47a7,train
DataSet_clean/stop/43fc47a7_nohash_1.wav,stop,43fc47a7,train
DataSet_clean/stop/43fc47a7_nohash_2.wav,stop,43fc47a7,train
DataSet_clean/stop/4407ba92_nohash_0.wav,stop,4407ba92,val
DataSet_clean/stop/44715c1c_nohash_0.wav,stop,44715c1c,train
DataSet_clean/stop/44bc77f7_nohash_0.wav,stop,44bc77f7,train
DataSet_clean/stop/44bc77f7_nohash_1.wav,stop,44bc77f7,train
DataSet_clean/stop/44dad20e_nohash_0.wav,stop,44dad20e,train
DataSet_clean/stop/44e9d8d2_nohash_0.wav,stop,44e9d8d2,train
DataSet_clean/stop/44f68a83_nohash_0.wav,stop,44f68a83,train
DataSet_clean/stop/45692b02_nohash_0.wav,stop,45692b02,train
DataSet_clean/stop/45692b02_nohash_1.wav,stop,45692b02,train
DataSet_clean/stop/45692b02_nohash_2.wav,stop,45692b02,train
DataSet_clean/stop/45864319_nohash_0.wav,stop,45864319,train
DataSet_clean/stop/45adf84a_nohash_0.wav,stop,45adf84a,train
DataSet_clean/stop/460209ac_nohash_0.wav,stop,460209ac,val
DataSet_clean/stop/460209ac_nohash_1.wav,stop,460209ac,val
DataSet_clean/stop/460209ac_nohash_2.wav,stop,460209ac,val
DataSet_clean/stop/460209ac_nohash_3.wav,stop,460209ac,val
DataSet_clean/stop/460209ac_nohash_4.wav,stop,460209ac,val
DataSet_clean/stop/46114b4e_nohash_0.wav,stop,46114b4e,test
DataSet_clean/stop/46114b4e_nohash_1.wav,stop,46114b4e,test
DataSet_clean/stop/4620dc14_nohash_0.wav,stop,4620dc14,test
DataSet_clean/stop/462dca36_nohash_0.wav,stop,462dca36,test
DataSet_clean/stop/462dca36_nohash_1.wav,stop,462dca36,test
DataSet_clean/stop/462dca36_nohash_2.wav,stop,462dca36,test
DataSet_clean/stop/462e1919_nohash_0.wav,stop,462e1919,val
DataSet_clean/stop/462e1919_nohash_1.wav,stop,462e1919,val
DataSet_clean/stop/462e1919_nohash_2.wav,stop,462e1919,val
DataSet_clean/stop/4634529e_nohash_0.wav,stop,4634529e,train
DataSet_clean/stop/4634529e_nohash_1.wav,stop,4634529e,train
DataSet_clean/stop/4649256f_nohash_0.wav,stop,4649256f,train
DataSet_clean/stop/4649256f_nohash_1.wav,stop,4649256f,train
DataSet_clean/stop/46a153d8_nohash_0.wav,stop,46a153d8,val
DataSet_clean/stop/46a153d8_nohash_1.wav,stop,46a153d8,val
DataSet_clean/stop/46a153d8_nohash_2.wav,stop,46a153d8,val
DataSet_clean/stop/46a153d8_nohash_3.wav,stop,46a153d8,val
DataSet_clean/stop/471a0925_nohash_0.wav,stop,471a0925,test
DataSet_clean/stop/471a0925_nohash_1.wav,stop,471a0925,test
DataSet_clean/stop/471a0925_nohash_2.wav,stop,471a0925,test
DataSet_clean/stop/471a0925_nohash_3.wav,stop,471a0925,test
DataSet_clean/stop/472b8045_nohash_0.wav,stop,472b8045,train
DataSet_clean/stop/472b8045_nohash_1.wav,stop,472b8045,train
DataSet_clean/stop/472b8045_nohash_2.wav,stop,472b8045,train
DataSet_clean/stop/472b8045_nohash_3.wav,stop,472b8045,train
DataSet_clean/stop/472b8045_nohash_4.wav,stop,472b8045,train
DataSet_clean/stop/47565088_nohash_0.wav,stop,47565088,train
DataSet_clean/stop/47565088_nohash_1.wav,stop,47565088,train
DataSet_clean/stop/475b61f1_nohash_0.wav,stop,475b61f1,train
DataSet_clean/stop/479e64cc_nohash_0.wav,stop,479e64cc,train
DataSet_clean/stop/479e64cc_nohash_1.wav,stop,479e64cc,train
DataSet_clean/stop/47d01978_nohash_0.wav,stop,47d01978,val
DataSet_clean/stop/483e2a6f_nohash_0.wav,stop,483e2a6f,test
DataSet_clean/stop/48463cbc_nohash_0.wav,stop,48463cbc,train
DataSet_clean/stop/48463cbc_nohash_1.wav,stop,48463cbc,train
DataSet_clean/stop/4874a7e9_nohash_0.wav,stop,4874a7e9,train
DataSet_clean/stop/48a8a69d_nohash_0.wav,stop,48a8a69d,test
DataSet_clean/stop/48a9f771_nohash_0.wav,stop,48a9f771,train
DataSet_clean/stop/48a9f771_nohash_1.wav,stop,48a9f771,train
DataSet_clean/stop/48a9f771_nohash_2.wav,stop,48a9f771,train
DataSet_clean/stop/48bdc11c_nohash_0.wav,stop,48bdc11c,train
DataSet_clean/stop/48bfde8e_nohash_0.wav,stop,48bfde8e,train
DataSet_clean/stop/48e8b82a_nohash_0.wav,stop,48e8b82a,val
DataSet_clean/stop/48e8b82a_nohash_1.wav,stop,48e8b82a,val
DataSet_clean/stop/48e8b82a_nohash_2.wav,stop,48e8b82a,val
DataSet_clean/stop/493392c6_nohash_0.wav,stop,493392c6,train
DataSet_clean/stop/4954abe8_nohash_0.wav,stop,4954abe8,train
DataSet_clean/stop/4995d875_nohash_0.wav,stop,4995d875,train
DataSet_clean/stop/4995d875_nohash_1.wav,stop,4995d875,train
DataSet_clean/stop/4995d875_nohash_2.wav,stop,4995d875,train
DataSet_clean/stop/499be02e_nohash_0.wav,stop,499be02e,train
DataSet_clean/stop/499be02e_nohash_1.wav,stop,499be02e,train
DataSet_clean/stop/499be02e_nohash_2.wav,stop,499be02e,train
DataSet_clean/stop/499be02e_nohash_3.wav,stop,499be02e,train
DataSet_clean/stop/499be02e_nohash_4.wav,stop,499be02e,train
DataSet_clean/stop/49f30eed_nohash_0.wav,stop,49f30eed,train
DataSet_clean/stop/4a1e736b_nohash_0.wav,stop,4a1e736b,val
DataSet_clean/stop/4a1e736b_nohash_1.wav,stop,4a1e736b,val
DataSet_clean/stop/4a1e736b_nohash_2.wav,stop,4a1e736b,val
DataSet_clean/stop/4a1e736b_nohash_3.wav,stop,4a1e736b,val
DataSet_clean/stop/4a1e736b_nohash_4.wav,stop,4a1e736b,val
DataSet_clean/stop/4a4e28f1_nohash_0.wav,stop,4a4e28f1,train
DataSet_clean/stop/4abb2400_nohash_0.wav,stop,4abb2400,val
DataSet_clean/stop/4abefdf5_nohash_0.wav,stop,4abefdf5,train
DataSet_clean/stop/4abefdf5_nohash_1.wav,stop,4abefdf5,train
DataSet_clean/stop/4b25f620_nohash_0.wav,stop,4b25f620,train
DataSet_clean/stop/4b39347d_nohash_0.wav,stop,4b39347d,val
DataSet_clean/stop/4b39347d_nohash_1.wav,stop,4b39347d,val
DataSet_clean/stop/4b3a7ad5_nohash_0.wav,stop,4b3a7ad5,val
DataSet_clean/stop/4bb1244f_nohash_0.wav,stop,4bb1244f,train
DataSet_clean/stop/4bb1244f_nohash_1.wav,stop,4bb1244f,train
DataSet_clean/stop/4bba14ce_nohash_0.wav,stop,4bba14ce,train
DataSet_clean/stop/4bc2c2c5_nohash_0.wav,stop,4bc2c2c5,train
DataSet_clean/stop/4bc2c2c5_nohash_1.wav,stop,4bc2c2c5,train
DataSet_clean/stop/4bc2c2c5_nohash_2.wav,stop,4bc2c2c5,train
DataSet_clean/stop/4c13fe25_nohash_0.wav,stop,4c13fe25,train
DataSet_clean/stop/4c13fe25_nohash_1.wav,stop,4c13fe25,train
DataSet_clean/stop/4c3cddb8_nohash_0.wav,stop,4c3cddb8,train
DataSet_clean/stop/4c3cddb8_nohash_1.wav,stop,4c3cddb8,train
DataSet_clean/stop/4c3cddb8_nohash_2.wav,stop,4c3cddb8,train
DataSet_clean/stop/4c3cddb8_nohash_3.wav,stop,4c3cddb8,train
DataSet_clean/stop/4c3cddb8_nohash_4.wav,stop,4c3cddb8,train
DataSet_clean/stop/4c432947_nohash_0.wav,stop,4c432947,train
DataSet_clean/stop/4c432947_nohash_1.wav,stop,4c432947,train
DataSet_clean/stop/4c6167ca_nohash_0.wav,stop,4c6167ca,train
DataSet_clean/stop/4c6167ca_nohash_1.wav,stop,4c6167ca,train
DataSet_clean/stop/4c6167ca_nohash_2.wav,stop,4c6167ca,train
DataSet_clean/stop/4c6167ca_nohash_3.wav,stop,4c6167ca,train
DataSet_clean/stop/4c6167ca_nohash_4.wav,stop,4c6167ca,train
DataSet_clean/stop/4c6167ca_nohash_5.wav,stop,4c6167ca,train
DataSet_clean/stop/4c6167ca_nohash_6.wav,stop,4c6167ca,train
DataSet_clean/stop/4c6944d6_nohash_0.wav,stop,4c6944d6,train
DataSet_clean/stop/4c6944d6_nohash_1.wav,stop,4c6944d6,train
DataSet_clean/stop/4c6944d6_nohash_2.wav,stop,4c6944d6,train
DataSet_clean/stop/4c6944d6_nohash_3.wav,stop,4c6944d6,train
DataSet_clean/stop/4c6944d6_nohash_4.wav,stop,4c6944d6,train
DataSet_clean/stop/4c6944d6_nohash_5.wav,stop,4c6944d6,train
DataSet_clean/stop/4c6944d6_nohash_6.wav,stop,4c6944d6,train
DataSet_clean/stop/4c6944d6_nohash_7.wav,stop,4c6944d6,train
DataSet_clean/stop/4c77947d_nohash_0.wav,stop,4c77947d,train
DataSet_clean/stop/4c77947d_nohash_1.wav,stop,4c77947d,train
DataSet_clean/stop/4c77947d_nohash_2.wav,stop,4c77947d,train
DataSet_clean/stop/4cee0c60_nohash_0.wav,stop,4cee0c60,test
DataSet_clean/stop/4cee0c60_nohash_1.wav,stop,4cee0c60,test
DataSet_clean/stop/4cee0c60_nohash_2.wav,stop,4cee0c60,test
DataSet_clean/stop/4cee0c60_nohash_3.wav,stop,4cee0c60,test
DataSet_clean/stop/4cee0c60_nohash_4.wav,stop,4cee0c60,test
DataSet_clean/stop/4d0d9906_nohash_0.wav,stop,4d0d9906,train
DataSet_clean/stop/4d4e17f5_nohash_0.wav,stop,4d4e17f5,train
DataSet_clean/stop/4d9e07cf_nohash_0.wav,stop,4d9e07cf,test
DataSet_clean/stop/4e6902d0_nohash_0.wav,stop,4e6902d0,train
DataSet_clean/stop/4e6902d0_nohash_1.wav,stop,4e6902d0,train
DataSet_clean/stop/4e6902d0_nohash_2.wav,stop,4e6902d0,train
DataSet_clean/stop/4e6902d0_nohash_3.wav,stop,4e6902d0,train
DataSet_clean/stop/4e6902d0_nohash_4.wav,stop,4e6902d0,train
DataSet_clean/stop/4e8c5516_nohash_0.wav,stop,4e8c5516,train
DataSet_clean/stop/4e99c1b7_nohash_0.wav,stop,4e99c1b7,test
DataSet_clean/stop/4e99c1b7_nohash_1.wav,stop,4e99c1b7,test
DataSet_clean/stop/4e99c1b7_nohash_2.wav,stop,4e99c1b7,test
DataSet_clean/stop/4e99c1b7_nohash_3.wav,stop,4e99c1b7,test
DataSet_clean/stop/4ec7d027_nohash_0.wav,stop,4ec7d027,train
DataSet_clean/stop/4f781a59_nohash_0.wav,stop,4f781a59,val
DataSet_clean/stop/4f8ef132_nohash_0.wav,stop,4f8ef132,train
DataSet_clean/stop/4f8ef132_nohash_1.wav,stop,4f8ef132,train
DataSet_clean/stop/4fce7686_nohash_0.wav,stop,4fce7686,train
DataSet_clean/stop/4fd1443e_nohash_0.wav,stop,4fd1443e,val
DataSet_clean/stop/4fd1443e_nohash_1.wav,stop,4fd1443e,val
DataSet_clean/stop/4fd1443e_nohash_2.wav,stop,4fd1443e,val
DataSet_clean/stop/4fd1443e_nohash_3.wav,stop,4fd1443e,val
DataSet_clean/stop/4fd4d073_nohash_0.wav,stop,4fd4d073,train
DataSet_clean/stop/50033893_nohash_0.wav,stop,50033893,train
DataSet_clean/stop/5087f68b_nohash_0.wav,stop,5087f68b,val
DataSet_clean/stop/508e30ee_nohash_0.wav,stop,508e30ee,test
DataSet_clean/stop/508e30ee_nohash_1.wav,stop,508e30ee,test
DataSet_clean/stop/508e30ee_nohash_2.wav,stop,508e30ee,test
DataSet_clean/stop/50a8ef27_nohash_0.wav,stop,50a8ef27,train
DataSet_clean/stop/50a8ef27_nohash_1.wav,stop,50a8ef27,train
DataSet_clean/stop/5104f2f4_nohash_0.wav,stop,5104f2f4,train
DataSet_clean/stop/51055bda_nohash_0.wav,stop,51055bda,val
DataSet_clean/stop/51055bda_nohash_1.wav,stop,51055bda,val
DataSet_clean/stop/51055bda_nohash_2.wav,stop,51055bda,val
DataSet_clean/stop/51055bda_nohash_3.wav,stop,51055bda,val
DataSet_clean/stop/51055bda_nohash_4.wav,stop,51055bda,val
DataSet_clean/stop/513aeddf_nohash_0.wav,stop,513aeddf,val
DataSet_clean/stop/513aeddf_nohash_1.wav,stop,513aeddf,val
DataSet_clean/stop/513aeddf_nohash_2.wav,stop,513aeddf,val
DataSet_clean/stop/513aeddf_nohash_3.wav,stop,513aeddf,val
DataSet_clean/stop/513aeddf_nohash_4.wav,stop,513aeddf,val
DataSet_clean/stop/5165cf0a_nohash_0.wav,stop,5165cf0a,train
DataSet_clean/stop/5170b77f_nohash_0.wav,stop,5170b77f,train
DataSet_clean/stop/5170b77f_nohash_1.wav,stop,5170b77f,train
DataSet_clean/stop/5170b77f_nohash_2.wav,stop,5170b77f,train
DataSet_clean/stop/5170b77f_nohash_3.wav,stop,5170b77f,train
DataSet_clean/stop/5184ed3e_nohash_0.wav,stop,5184ed3e,test
DataSet_clean/stop/5184ed3e_nohash_1.wav,stop,5184ed3e,test
DataSet_clean/stop/5184ed3e_nohash_2.wav,stop,5184ed3e,test
DataSet_clean/stop/5188de0d_nohash_0.wav,stop,5188de0d,test
DataSet_clean/stop/5188de0d_nohash_1.wav,stop,5188de0d,test
DataSet_clean/stop/5195f0ec_nohash_0.wav,stop,5195f0ec,train
DataSet_clean/stop/5195f0ec_nohash_1.wav,stop,5195f0ec,train
DataSet_clean/stop/51c5601d_nohash_0.wav,stop,51c5601d,train
DataSet_clean/stop/51c5601d_nohash_1.wav,stop,51c5601d,train
DataSet_clean/stop/51c5601d_nohash_2.wav,stop,51c5601d,train
DataSet_clean/stop/51c5601d_nohash_3.wav,stop,51c5601d,train
DataSet_clean/stop/51eefcc6_nohash_0.wav,stop,51eefcc6,val
DataSet_clean/stop/51eefcc6_nohash_1.wav,stop,51eefcc6,val
DataSet_clean/stop/51f4d5b0_nohash_0.wav,stop,51f4d5b0,train
DataSet_clean/stop/51f7a034_nohash_0.wav,stop,51f7a034,train
DataSet_clean/stop/51f7a034_nohash_1.wav,stop,51f7a034,train
DataSet_clean/stop/51f7a034_nohash_2.wav,stop,51f7a034,train
DataSet_clean/stop/520b2c17_nohash_0.wav,stop,520b2c17,train
DataSet_clean/stop/52162b51_nohash_0.wav,stop,52162b51,train
DataSet_clean/stop/52162b51_nohash_1.wav,stop,52162b51,train
DataSet_clean/stop/52162b51_nohash_2.wav,stop,52162b51,train
DataSet_clean/stop/52162b51_nohash_3.wav,stop,52162b51,train
DataSet_clean/stop/5236848b_nohash_0.wav,stop,5236848b,test
DataSet_clean/stop/525eaa62_nohash_0.wav,stop,525eaa62,test
DataSet_clean/stop/525eaa62_nohash_1.wav,stop,525eaa62,test
DataSet_clean/stop/525eaa62_nohash_2.wav,stop,525eaa62,test
DataSet_clean/stop/525eaa62_nohash_3.wav,stop,525eaa62,test
DataSet_clean/stop/525eaa62_nohash_4.wav,stop,525eaa62,test
DataSet_clean/stop/528f9242_nohash_0.wav,stop,528f9242,train
DataSet_clean/stop/529eda42_nohash_0.wav,stop,529eda42,train
DataSet_clean/stop/529eda42_nohash_1.wav,stop,529eda42,train
DataSet_clean/stop/529eda42_nohash_2.wav,stop,529eda42,train
DataSet_clean/stop/52e228e9_nohash_0.wav,stop,52e228e9,train
DataSet_clean/stop/52e228e9_nohash_1.wav,stop,52e228e9,train
DataSet_clean/stop/531a5b8a_nohash_0.wav,stop,531a5b8a,train
DataSet_clean/stop/531a5b8a_nohash_1.wav,stop,531a5b8a,train
DataSet_clean/stop/533c6564_nohash_0.wav,stop,533c6564,train
DataSet_clean/stop/53458368_nohash_0.wav,stop,53458368,test
DataSet_clean/stop/53458368_nohash_1.wav,stop,53458368,test
DataSet_clean/stop/53fd1780_nohash_0.wav,stop,53fd1780,train
DataSet_clean/stop/540d8427_nohash_0.wav,stop,540d8427,train
DataSet_clean/stop/541120c7_nohash_0.wav,stop,541120c7,val
DataSet_clean/stop/541120c7_nohash_1.wav,stop,541120c7,val
DataSet_clean/stop/54ad8f22_nohash_0.wav,stop,54ad8f22,train
DataSet_clean/stop/54ad8f22_nohash_1.wav,stop,54ad8f22,train
DataSet_clean/stop/54ad8f22_nohash_2.wav,stop,54ad8f22,train
DataSet_clean/stop/54ad8f22_nohash_3.wav,stop,54ad8f22,train
DataSet_clean/stop/54aecbd5_nohash_0.wav,stop,54aecbd5,test
DataSet_clean/stop/54aecbd5_nohash_1.wav,stop,54aecbd5,test
DataSet_clean/stop/54aecbd5_nohash_2.wav,stop,54aecbd5,test
DataSet_clean/stop/54aecbd5_nohash_3.wav,stop,54aecbd5,test
DataSet_clean/stop/54aecbd5_nohash_4.wav,stop,54aecbd5,test
DataSet_clean/stop/54b6d355_nohash_0.wav,stop,54b6d355,train
DataSet_clean/stop/54b6d355_nohash_1.wav,stop,54b6d355,train
DataSet_clean/stop/54b6d355_nohash_2.wav,stop,54b6d355,train
DataSet_clean/stop/54b6d355_nohash_3.wav,stop,54b6d355,train
DataSet_clean/stop/54b6d355_nohash_4.wav,stop,54b6d355,train
DataSet_clean/stop/54d9ccb5_nohash_0.wav,stop,54d9ccb5,val
DataSet_clean/stop/54d9ccb5_nohash_1.wav,stop,54d9ccb5,val
DataSet_clean/stop/54d9ccb5_nohash_2.wav,stop,54d9ccb5,val
DataSet_clean/stop/54d9ccb5_nohash_3.wav,stop,54d9ccb5,val
DataSet_clean/stop/551e42e8_nohash_0.wav,stop,551e42e8,train
DataSet_clean/stop/559bc36a_nohash_0.wav,stop,559bc36a,train
DataSet_clean/stop/559bc36a_nohash_1.wav,stop,559bc36a,train
DataSet_clean/stop/55d3725a_nohash_0.wav,stop,55d3725a,train
DataSet_clean/stop/55feffd5_nohash_0.wav,stop,55feffd5,train
DataSet_clean/stop/5628d7b7_nohash_0.wav,stop,5628d7b7,train
DataSet_clean/stop/563aa4e6_nohash_0.wav,stop,563aa4e6,train
DataSet_clean/stop/563aa4e6_nohash_1.wav,stop,563aa4e6,train
DataSet_clean/stop/563aa4e6_nohash_2.wav,stop,563aa4e6,train
DataSet_clean/stop/563aa4e6_nohash_3.wav,stop,563aa4e6,train
DataSet_clean/stop/563aa4e6_nohash_4.wav,stop,563aa4e6,train
DataSet_clean/stop/5677ec77_nohash_0.wav,stop,5677ec77,train
DataSet_clean/stop/5677ec77_nohash_1.wav,stop,5677ec77,train
DataSet_clean/stop/56cd307a_nohash_0.wav,stop,56cd307a,val
DataSet_clean/stop/56cd307a_nohash_1.wav,stop,56cd307a,val
DataSet_clean/stop/56eb74ae_nohash_0.wav,stop,56eb74ae,train
DataSet_clean/stop/56eb74ae_nohash_1.wav,stop,56eb74ae,train
DataSet_clean/stop/56eb74ae_nohash_2.wav,stop,56eb74ae,train
DataSet_clean/stop/56eb74ae_nohash_3.wav,stop,56eb74ae,train
DataSet_clean/stop/56eb74ae_nohash_4.wav,stop,56eb74ae,train
DataSet_clean/stop/57152045_nohash_0.wav,stop,57152045,train
DataSet_clean/stop/57152045_nohash_1.wav,stop,57152045,train
DataSet_clean/stop/57152045_nohash_2.wav,stop,57152045,train
DataSet_clean/stop/57152045_nohash_3.wav,stop,57152045,train
DataSet_clean/stop/57152045_nohash_4.wav,stop,57152045,train
DataSet_clean/stop/57152045_nohash_5.wav,stop,57152045,train
DataSet_clean/stop/57376a4c_nohash_0.wav,stop,57376a4c,train
DataSet_clean/stop/57376a4c_nohash_1.wav,stop,57376a4c,train
DataSet_clean/stop/57376a4c_nohash_2.wav,stop,57376a4c,train
DataSet_clean/stop/573cdb8a_nohash_0.wav,stop,573cdb8a,val
DataSet_clean/stop/573cdb8a_nohash_1.wav,stop,573cdb8a,val
DataSet_clean/stop/573cdb8a_nohash_2.wav,stop,573cdb8a,val
DataSet_clean/stop/5769c5ab_nohash_0.wav,stop,5769c5ab,train
DataSet_clean/stop/5769c5ab_nohash_1.wav,stop,5769c5ab,train
DataSet_clean/stop/5769c5ab_nohash_2.wav,stop,5769c5ab,train
DataSet_clean/stop/5769c5ab_nohash_3.wav,stop,5769c5ab,train
DataSet_clean/stop/5769c5ab_nohash_4.wav,stop,5769c5ab,train
DataSet_clean/stop/578d3efb_nohash_0.wav,stop,578d3efb,train
DataSet_clean/stop/578d3efb_nohash_1.wav,stop,578d3efb,train
DataSet_clean/stop/578d3efb_nohash_2.wav,stop,578d3efb,train
DataSet_clean/stop/578d3efb_nohash_3.wav,stop,578d3efb,train
DataSet_clean/stop/578d3efb_nohash_4.wav,stop,578d3efb,train
DataSet_clean/stop/57b38f48_nohash_0.wav,stop,57b38f48,train
DataSet_clean/stop/57b68383_nohash_0.wav,stop,57b68383,test
DataSet_clean/stop/57cb3575_nohash_0.wav,stop,57cb3575,val
DataSet_clean/stop/57de2379_nohash_0.wav,stop,57de2379,train
DataSet_clean/stop/587f3271_nohash_0.wav,stop,587f3271,train
DataSet_clean/stop/589bce2c_nohash_0.wav,stop,589bce2c,val
DataSet_clean/stop/58df33b5_nohash_0.wav,stop,58df33b5,train
DataSet_clean/stop/58df33b5_nohash_1.wav,stop,58df33b5,train
DataSet_clean/stop/59b98a22_nohash_0.wav,stop,59b98a22,train
DataSet_clean/stop/59c3a7f2_nohash_0.wav,stop,59c3a7f2,test
DataSet_clean/stop/59c3a7f2_nohash_1.wav,stop,59c3a7f2,test
DataSet_clean/stop/59fe87e6_nohash_0.wav,stop,59fe87e6,train
DataSet_clean/stop/59fe87e6_nohash_1.wav,stop,59fe87e6,train
DataSet_clean/stop/5a0bc987_nohash_0.wav,stop,5a0bc987,val
DataSet_clean/stop/5a5721f8_nohash_0.wav,stop,5a5721f8,test
DataSet_clean/stop/5a5721f8_nohash_1.wav,stop,5a5721f8,test
DataSet_clean/stop/5a5721f8_nohash_2.wav,stop,5a5721f8,test
DataSet_clean/stop/5a98d407_nohash_0.wav,stop,5a98d407,train
DataSet_clean/stop/5a98d407_nohash_1.wav,stop,5a98d407,train
DataSet_clean/stop/5a98d407_nohash_2.wav,stop,5a98d407,train
DataSet_clean/stop/5a9f7324_nohash_0.wav,stop,5a9f7324,train
DataSet_clean/stop/5a9f7324_nohash_1.wav,stop,5a9f7324,train
DataSet_clean/stop/5a9f7324_nohash_2.wav,stop,5a9f7324,train
DataSet_clean/stop/5ac04a92_nohash_0.wav,stop,5ac04a92,train
DataSet_clean/stop/5ac04a92_nohash_1.wav,stop,5ac04a92,train
DataSet_clean/stop/5ac04a92_nohash_2.wav,stop,5ac04a92,train
DataSet_clean/stop/5af0ca83_nohash_0.wav,stop,5af0ca83,train
DataSet_clean/stop/5af0ca83_nohash_1.wav,stop,5af0ca83,train
DataSet_clean/stop/5b09db89_nohash_0.wav,stop,5b09db89,train
DataSet_clean/stop/5b09db89_nohash_1.wav,stop,5b09db89,train
DataSet_clean/stop/5b09db89_nohash_2.wav,stop,5b09db89,train
DataSet_clean/stop/5b09db89_nohash_3.wav,stop,5b09db89,train
DataSet_clean/stop/5b09db89_nohash_4.wav,stop,5b09db89,train
DataSet_clean/stop/5b26c81b_nohash_0.wav,stop,5b26c81b,test
DataSet_clean/stop/5b26c81b_nohash_1.wav,stop,5b26c81b,test
DataSet_clean/stop/5b32733e_nohash_0.wav,stop,5b32733e,train
DataSet_clean/stop/5b32733e_nohash_1.wav,stop,5b32733e,train
DataSet_clean/stop/5ba724a7_nohash_0.wav,stop,5ba724a7,train
DataSet_clean/stop/5ba724a7_nohash_1.wav,stop,5ba724a7,train
DataSet_clean/stop/5bf1f1cb_nohash_0.wav,stop,5bf1f1cb,val
DataSet_clean/stop/5c39594f_nohash_0.wav,stop,5c39594f,train
DataSet_clean/stop/5c39594f_nohash_1.wav,stop,5c39594f,train
DataSet_clean/stop/5c39594f_nohash_2.wav,stop,5c39594f,train
DataSet_clean/stop/5c39594f_nohash_3.wav,stop,5c39594f,train
DataSet_clean/stop/5c39594f_nohash_4.wav,stop,5c39594f,train
DataSet_clean/stop/5c8af87a_nohash_0.wav,stop,5c8af87a,train
DataSet_clean/stop/5c8af87a_nohash_1.wav,stop,5c8af87a,train
DataSet_clean/stop/5c8af87a_nohash_2.wav,stop,5c8af87a,train
DataSet_clean/stop/5cf1ecce_nohash_0.wav,stop,5cf1ecce,train
DataSet_clean/stop/5cf1ecce_nohash_1.wav,stop,5cf1ecce,train
DataSet_clean/stop/5cf1ecce_nohash_2.wav,stop,5cf1ecce,train
DataSet_clean/stop/5cf1ecce_nohash_3.wav,stop,5cf1ecce,train
DataSet_clean/stop/5cf1ecce_nohash_4.wav,stop,5cf1ecce,train
DataSet_clean/stop/5d4e3bb8_nohash_0.wav,stop,5d4e3bb8,train
DataSet_clean/stop/5d9bb361_nohash_0.wav,stop,5d9bb361,test
DataSet_clean/stop/5e033479_nohash_0.wav,stop,5e033479,val
DataSet_clean/stop/5e1b34a6_nohash_0.wav,stop,5e1b34a6,train
DataSet_clean/stop/5e3dde6b_nohash_0.wav,stop,5e3dde6b,train
DataSet_clean/stop/5e3dde6b_nohash_1.wav,stop,5e3dde6b,train
DataSet_clean/stop/5e3dde6b_nohash_2.wav,stop,5e3dde6b,train
DataSet_clean/stop/5e3dde6b_nohash_3.wav,stop,5e3dde6b,train
DataSet_clean/stop/5e3dde6b_nohash_4.wav,stop,5e3dde6b,train
DataSet_clean/stop/5eb5fc74_nohash_0.wav,stop,5eb5fc74,train
DataSet_clean/stop/5ebc1cda_nohash_0.wav,stop,5ebc1cda,test
DataSet_clean/stop/5ebc1cda_nohash_1.wav,stop,5ebc1cda,test
DataSet_clean/stop/5ebc1cda_nohash_2.wav,stop,5ebc1cda,test
DataSet_clean/stop/5ebc1cda_nohash_3.wav,stop,5ebc1cda,test
DataSet_clean/stop/5ebc1cda_nohash_4.wav,stop,5ebc1cda,test
DataSet_clean/stop/5ebc1cda_nohash_5.wav,stop,5ebc1cda,test
DataSet_clean/stop/5ebc1cda_nohash_6.wav,stop,5ebc1cda,test
DataSet_clean/stop/5ebc1cda_nohash_7.wav,stop,5ebc1cda,test
DataSet_clean/stop/5efb758c_nohash_0.wav,stop,5efb758c,train
DataSet_clean/stop/5f01c798_nohash_0.wav,stop,5f01c798,test
DataSet_clean/stop/5f1253e9_nohash_0.wav,stop,5f1253e9,train
DataSet_clean/stop/5f1b1051_nohash_0.wav,stop,5f1b1051,test
DataSet_clean/stop/5f1b1051_nohash_1.wav,stop,5f1b1051,test
DataSet_clean/stop/5f5eef60_nohash_0.wav,stop,5f5eef60,train
DataSet_clean/stop/5f5eef60_nohash_1.wav,stop,5f5eef60,train
DataSet_clean/stop/5f5eef60_nohash_2.wav,stop,5f5eef60,train
DataSet_clean/stop/5f5eef60_nohash_3.wav,stop,5f5eef60,train
DataSet_clean/stop/5f5eef60_nohash_4.wav,stop,5f5eef60,train
DataSet_clean/stop/5f8097e1_nohash_0.wav,stop,5f8097e1,test
DataSet_clean/stop/5f8097e1_nohash_1.wav,stop,5f8097e1,test
DataSet_clean/stop/5f8097e1_nohash_2.wav,stop,5f8097e1,test
DataSet_clean/stop/5f8097e1_nohash_3.wav,stop,5f8097e1,test
DataSet_clean/stop/5f814c23_nohash_0.wav,stop,5f814c23,train
DataSet_clean/stop/5f8e50a0_nohash_0.wav,stop,5f8e50a0,test
DataSet_clean/stop/5f9cd2eb_nohash_0.wav,stop,5f9cd2eb,train
DataSet_clean/stop/5f9cd2eb_nohash_1.wav,stop,5f9cd2eb,train
DataSet_clean/stop/5f9cd2eb_nohash_2.wav,stop,5f9cd2eb,train
DataSet_clean/stop/5f9cd2eb_nohash_3.wav,stop,5f9cd2eb,train
DataSet_clean/stop/5f9cd2eb_nohash_4.wav,stop,5f9cd2eb,train
DataSet_clean/stop/5f9cd2eb_nohash_5.wav,stop,5f9cd2eb,train
DataSet_clean/stop/5f9cd2eb_nohash_6.wav,stop,5f9cd2eb,train
DataSet_clean/stop/5fadb538_nohash_0.wav,stop,5fadb538,train
DataSet_clean/stop/5fadb538_nohash_1.wav,stop,5fadb538,train
DataSet_clean/stop/5fadb538_nohash_2.wav,stop,5fadb538,train
DataSet_clean/stop/5fadb538_nohash_3.wav,stop,5fadb538,train
DataSet_clean/stop/5fadb538_nohash_4.wav,stop,5fadb538,train
DataSet_clean/stop/5fc3ed24_nohash_0.wav,stop,5fc3ed24,val
DataSet_clean/stop/5fc3ed24_nohash_1.wav,stop,5fc3ed24,val
DataSet_clean/stop/5fc3ed24_nohash_2.wav,stop,5fc3ed24,val
DataSet_clean/stop/5fe4a278_nohash_0.wav,stop,5fe4a278,train
DataSet_clean/stop/5ff3f9a1_nohash_0.wav,stop,5ff3f9a1,train
DataSet_clean/stop/60402b64_nohash_0.wav,stop,60402b64,train
DataSet_clean/stop/60472d26_nohash_0.wav,stop,60472d26,test
DataSet_clean/stop/605ed0ff_nohash_0.wav,stop,605ed0ff,val
DataSet_clean/stop/6078eb0d_nohash_0.wav,stop,6078eb0d,train
DataSet_clean/stop/6094340e_nohash_0.wav,stop,6094340e,val
DataSet_clean/stop/6094340e_nohash_1.wav,stop,6094340e,val
DataSet_clean/stop/6094340e_nohash_2.wav,stop,6094340e,val
DataSet_clean/stop/611d2b50_nohash_0.wav,stop,611d2b50,train
DataSet_clean/stop/611d2b50_nohash_1.wav,stop,611d2b50,train
DataSet_clean/stop/611d2b50_nohash_2.wav,stop,611d2b50,train
DataSet_clean/stop/611d2b50_nohash_3.wav,stop,611d2b50,train
DataSet_clean/stop/6124b431_nohash_0.wav,stop,6124b431,test
DataSet_clean/stop/6124b431_nohash_1.wav,stop,6124b431,test
DataSet_clean/stop/6124b431_nohash_2.wav,stop,6124b431,test
DataSet_clean/stop/6124b431_nohash_3.wav,stop,6124b431,test
DataSet_clean/stop/61482e52_nohash_0.wav,stop,61482e52,test
DataSet_clean/stop/61482e52_nohash_1.wav,stop,61482e52,test
DataSet_clean/stop/61482e52_nohash_2.wav,stop,61482e52,test
DataSet_clean/stop/61482e52_nohash_3.wav,stop,61482e52,test
DataSet_clean/stop/616420be_nohash_0.wav,stop,616420be,train
DataSet_clean/stop/616420be_nohash_1.wav,stop,616420be,train
DataSet_clean/stop/616420be_nohash_2.wav,stop,616420be,train
DataSet_clean/stop/616420be_nohash_3.wav,stop,616420be,train
DataSet_clean/stop/616420be_nohash_4.wav,stop,616420be,train
DataSet_clean/stop/6166ae21_nohash_0.wav,stop,6166ae21,test
DataSet_clean/stop/617aeb6c_nohash_0.wav,stop,617aeb6c,test
DataSet_clean/stop/617aeb6c_nohash_1.wav,stop,617aeb6c,test
DataSet_clean/stop/617aeb6c_nohash_2.wav,stop,617aeb6c,test
DataSet_clean/stop/617aeb6c_nohash_3.wav,stop,617aeb6c,test
DataSet_clean/stop/617aeb6c_nohash_4.wav,stop,617aeb6c,test
DataSet_clean/stop/617de221_nohash_0.wav,stop,617de221,train
DataSet_clean/stop/617de221_nohash_1.wav,stop,617de221,train
DataSet_clean/stop/617de221_nohash_2.wav,stop,617de221,train
DataSet_clean/stop/617de221_nohash_3.wav,stop,617de221,train
DataSet_clean/stop/617de221_nohash_4.wav,stop,617de221,train
DataSet_clean/stop/619b5164_nohash_0.wav,stop,619b5164,val
DataSet_clean/stop/61a9f72a_nohash_0.wav,stop,61a9f72a,train
DataSet_clean/stop/61ab8fbc_nohash_0.wav,stop,61ab8fbc,test
DataSet_clean/stop/61ab8fbc_nohash_1.wav,stop,61ab8fbc,test
DataSet_clean/stop/61ab8fbc_nohash_2.wav,stop,61ab8fbc,test
DataSet_clean/stop/61ab8fbc_nohash_3.wav,stop,61ab8fbc,test
DataSet_clean/stop/61abbf52_nohash_0.wav,stop,61abbf52,train
DataSet_clean/stop/61abbf52_nohash_1.wav,stop,61abbf52,train
DataSet_clean/stop/61abbf52_nohash_2.wav,stop,61abbf52,train
DataSet_clean/stop/61abbf52_nohash_3.wav,stop,61abbf52,train
DataSet_clean/stop/61abbf52_nohash_4.wav,stop,61abbf52,train
DataSet_clean/stop/61abbf52_nohash_5.wav,stop,61abbf52,train
DataSet_clean/stop/61bcb275_nohash_0.wav,stop,61bcb275,val
DataSet_clean/stop/61d3e51e_nohash_0.wav,stop,61d3e51e,test
DataSet_clean/stop/61e2f74f_nohash_0.wav,stop,61e2f74f,val
DataSet_clean/stop/61e2f74f_nohash_1.wav,stop,61e2f74f,val
DataSet_clean/stop/61e2f74f_nohash_2.wav,stop,61e2f74f,val
DataSet_clean/stop/61e2f74f_nohash_3.wav,stop,61e2f74f,val
DataSet_clean/stop/61e2f74f_nohash_4.wav,stop,61e2f74f,val
DataSet_clean/stop/620ff0fa_nohash_0.wav,stop,620ff0fa,train
DataSet_clean/stop/620ff0fa_nohash_1.wav,stop,620ff0fa,train
DataSet_clean/stop/62581901_nohash_0.wav,stop,62581901,train
DataSet_clean/stop/62581901_nohash_1.wav,stop,62581901,train
DataSet_clean/stop/62605293_nohash_0.wav,stop,62605293,val
DataSet_clean/stop/62605293_nohash_1.wav,stop,62605293,val
DataSet_clean/stop/62641b88_nohash_0.wav,stop,62641b88,train
DataSet_clean/stop/626e323f_nohash_0.wav,stop,626e323f,train
DataSet_clean/stop/626e323f_nohash_1.wav,stop,626e323f,train
DataSet_clean/stop/6272b231_nohash_0.wav,stop,6272b231,train
DataSet_clean/stop/627c0bec_nohash_0.wav,stop,627c0bec,train
DataSet_clean/stop/62b7c848_nohash_0.wav,stop,62b7c848,val
DataSet_clean/stop/62ef962d_nohash_0.wav,stop,62ef962d,val
DataSet_clean/stop/62f05757_nohash_0.wav,stop,62f05757,test
DataSet_clean/stop/62f05757_nohash_1.wav,stop,62f05757,test
DataSet_clean/stop/62f05757_nohash_2.wav,stop,62f05757,test
DataSet_clean/stop/62f05757_nohash_3.wav,stop,62f05757,test
DataSet_clean/stop/6301e683_nohash_0.wav,stop,6301e683,test
DataSet_clean/stop/6347b393_nohash_0.wav,stop,6347b393,train
DataSet_clean/stop/637c702a_nohash_0.wav,stop,637c702a,train
DataSet_clean/stop/637c702a_nohash_1.wav,stop,637c702a,train
DataSet_clean/stop/637c702a_nohash_2.wav,stop,637c702a,train
DataSet_clean/stop/63996b7c_nohash_0.wav,stop,63996b7c,train
DataSet_clean/stop/63996b7c_nohash_1.wav,stop,63996b7c,train
DataSet_clean/stop/63f7a489_nohash_0.wav,stop,63f7a489,val
DataSet_clean/stop/63f7a489_nohash_1.wav,stop,63f7a489,val
DataSet_clean/stop/63f7a489_nohash_2.wav,stop,63f7a489,val
DataSet_clean/stop/63f7a489_nohash_3.wav,stop,63f7a489,val
DataSet_clean/stop/6414258b_nohash_0.wav,stop,6414258b,train
DataSet_clean/stop/64220627_nohash_0.wav,stop,64220627,train
DataSet_clean/stop/64220627_nohash_1.wav,stop,64220627,train
DataSet_clean/stop/64220627_nohash_2.wav,stop,64220627,train
DataSet_clean/stop/645ed69d_nohash_0.wav,stop,645ed69d,val
DataSet_clean/stop/645ed69d_nohash_1.wav,stop,645ed69d,val
DataSet_clean/stop/645ed69d_nohash_2.wav,stop,645ed69d,val
DataSet_clean/stop/645ed69d_nohash_3.wav,stop,645ed69d,val
DataSet_clean/stop/645ed69d_nohash_4.wav,stop,645ed69d,val
DataSet_clean/stop/64a80906_nohash_0.wav,stop,64a80906,train
DataSet_clean/stop/64df20d8_nohash_0.wav,stop,64df20d8,test
DataSet_clean/stop/64df20d8_nohash_1.wav,stop,64df20d8,test
DataSet_clean/stop/64df20d8_nohash_2.wav,stop,64df20d8,test
DataSet_clean/stop/64df20d8_nohash_3.wav,stop,64df20d8,test
DataSet_clean/stop/64e48f55_nohash_0.wav,stop,64e48f55,train
DataSet_clean/stop/64e48f55_nohash_1.wav,stop,64e48f55,train
DataSet_clean/stop/64e48f55_nohash_2.wav,stop,64e48f55,train
DataSet_clean/stop/64f83f0e_nohash_0.wav,stop,64f83f0e,train
DataSet_clean/stop/64f83f0e_nohash_1.wav,stop,64f83f0e,train
DataSet_clean/stop/65040d9b_nohash_0.wav,stop,65040d9b,val
DataSet_clean/stop/650daf8e_nohash_0.wav,stop,650daf8e,train
DataSet_clean/stop/651d108f_nohash_0.wav,stop,651d108f,train
DataSet_clean/stop/652b3da7_nohash_0.wav,stop,652b3da7,train
DataSet_clean/stop/653a48f5_nohash_0.wav,stop,653a48f5,test
DataSet_clean/stop/654772d3_nohash_0.wav,stop,654772d3,train
DataSet_clean/stop/6565a81d_nohash_0.wav,stop,6565a81d,val
DataSet_clean/stop/6565a81d_nohash_1.wav,stop,6565a81d,val
DataSet_clean/stop/6565a81d_nohash_2.wav,stop,6565a81d,val
DataSet_clean/stop/6565a81d_nohash_3.wav,stop,6565a81d,val
DataSet_clean/stop/6565a81d_nohash_4.wav,stop,6565a81d,val
DataSet_clean/stop/656e8bb3_nohash_0.wav,stop,656e8bb3,train
DataSet_clean/stop/65846c5f_nohash_0.wav,stop,65846c5f,train
DataSet_clean/stop/65c73b55_nohash_0.wav,stop,65c73b55,train
DataSet_clean/stop/65d81c54_nohash_0.wav,stop,65d81c54,train
DataSet_clean/stop/66774579_nohash_0.wav,stop,66774579,val
DataSet_clean/stop/66a412a7_nohash_0.wav,stop,66a412a7,train
DataSet_clean/stop/66aa0f29_nohash_0.wav,stop,66aa0f29,train
DataSet_clean/stop/66cbe2b3_nohash_0.wav,stop,66cbe2b3,test
DataSet_clean/stop/66cff190_nohash_0.wav,stop,66cff190,train
DataSet_clean/stop/66cff190_nohash_1.wav,stop,66cff190,train
DataSet_clean/stop/6727b579_nohash_0.wav,stop,6727b579,test
DataSet_clean/stop/6727b579_nohash_1.wav,stop,6727b579,test
DataSet_clean/stop/6727b579_nohash_2.wav,stop,6727b579,test
DataSet_clean/stop/6727b579_nohash_3.wav,stop,6727b579,test
DataSet_clean/stop/6727b579_nohash_4.wav,stop,6727b579,test
DataSet_clean/stop/674ca5ea_nohash_0.wav,stop,674ca5ea,val
DataSet_clean/stop/676f8138_nohash_0.wav,stop,676f8138,train
DataSet_clean/stop/676f8138_nohash_1.wav,stop,676f8138,train
DataSet_clean/stop/676f8138_nohash_2.wav,stop,676f8138,train
DataSet_clean/stop/676f8138_nohash_3.wav,stop,676f8138,train
DataSet_clean/stop/676f8138_nohash_4.wav,stop,676f8138,train
DataSet_clean/stop/679463fc_nohash_0.wav,stop,679463fc,train
DataSet_clean/stop/679463fc_nohash_1.wav,stop,679463fc,train
DataSet_clean/stop/679463fc_nohash_2.wav,stop,679463fc,train
DataSet_clean/stop/679463fc_nohash_3.wav,stop,679463fc,train
DataSet_clean/stop/6794a793_nohash_0.wav,stop,6794a793,train
DataSet_clean/stop/67961766_nohash_0.wav,stop,67961766,train
DataSet_clean/stop/67bdbf56_nohash_0.wav,stop,67bdbf56,train
DataSet_clean/stop/67bdbf56_nohash_1.wav,stop,67bdbf56,train
DataSet_clean/stop/67bdbf56_nohash_2.wav,stop,67bdbf56,train
DataSet_clean/stop/67bdbf56_nohash_3.wav,stop,67bdbf56,train
DataSet_clean/stop/67bdbf56_nohash_4.wav,stop,67bdbf56,train
DataSet_clean/stop/67c7fecb_nohash_0.wav,stop,67c7fecb,val
DataSet_clean/stop/67fcdb05_nohash_0.wav,stop,67fcdb05,train
DataSet_clean/stop/682e1687_nohash_0.wav,stop,682e1687,train
DataSet_clean/stop/6846af18_nohash_0.wav,stop,6846af18,train
DataSet_clean/stop/6846af18_nohash_1.wav,stop,6846af18,train
DataSet_clean/stop/686d030b_nohash_0.wav,stop,686d030b,train
DataSet_clean/stop/686d030b_nohash_1.wav,stop,686d030b,train
DataSet_clean/stop/686d030b_nohash_2.wav,stop,686d030b,train
DataSet_clean/stop/686d030b_nohash_3.wav,stop,686d030b,train
DataSet_clean/stop/686d030b_nohash_4.wav,stop,686d030b,train
DataSet_clean/stop/68dd409e_nohash_0.wav,stop,68dd409e,test
DataSet_clean/stop/68dd409e_nohash_1.wav,stop,68dd409e,test
DataSet_clean/stop/68dd409e_nohash_2.wav,stop,68dd409e,test
DataSet_clean/stop/68effe85_nohash_0.wav,stop,68effe85,train
DataSet_clean/stop/68effe85_nohash_1.wav,stop,68effe85,train
DataSet_clean/stop/6904f0cb_nohash_0.wav,stop,6904f0cb,train
DataSet_clean/stop/6904f0cb_nohash_1.wav,stop,6904f0cb,train
DataSet_clean/stop/6904f0cb_nohash_2.wav,stop,6904f0cb,train
DataSet_clean/stop/692a88e6_nohash_0.wav,stop,692a88e6,train
DataSet_clean/stop/692a88e6_nohash_1.wav,stop,692a88e6,train
DataSet_clean/stop/692a88e6_nohash_2.wav,stop,692a88e6,train
DataSet_clean/stop/692a88e6_nohash_3.wav,stop,692a88e6,train
DataSet_clean/stop/692a88e6_nohash_4.wav,stop,692a88e6,train
DataSet_clean/stop/6940f7f3_nohash_0.wav,stop,6940f7f3,train
DataSet_clean/stop/6969e51a_nohash_0.wav,stop,6969e51a,train
DataSet_clean/stop/6969e51a_nohash_1.wav,stop,6969e51a,train
DataSet_clean/stop/6969e51a_nohash_2.wav,stop,6969e51a,train
DataSet_clean/stop/6969e51a_nohash_3.wav,stop,6969e51a,train
DataSet_clean/stop/6982fc2a_nohash_0.wav,stop,6982fc2a,train
DataSet_clean/stop/69953f48_nohash_0.wav,stop,69953f48,train
DataSet_clean/stop/69953f48_nohash_1.wav,stop,69953f48,train
DataSet_clean/stop/69a1a79f_nohash_0.wav,stop,69a1a79f,train
DataSet_clean/stop/69a1a79f_nohash_1.wav,stop,69a1a79f,train
DataSet_clean/stop/69a1a79f_nohash_2.wav,stop,69a1a79f,train
DataSet_clean/stop/69a1a79f_nohash_3.wav,stop,69a1a79f,train
DataSet_clean/stop/69a1a79f_nohash_4.wav,stop,69a1a79f,train
DataSet_clean/stop/69f609ec_nohash_0.wav,stop,69f609ec,val
DataSet_clean/stop/69f609ec_nohash_1.wav,stop,69f609ec,val
DataSet_clean/stop/69f609ec_nohash_2.wav,stop,69f609ec,val
DataSet_clean/stop/6a014b29_nohash_0.wav,stop,6a014b29,train
DataSet_clean/stop/6a014b29_nohash_1.wav,stop,6a014b29,train
DataSet_clean/stop/6a014b29_nohash_2.wav,stop,6a014b29,train
DataSet_clean/stop/6a27a9bf_nohash_0.wav,stop,6a27a9bf,train
DataSet_clean/stop/6a2fb9a5_nohash_0.wav,stop,6a2fb9a5,val
DataSet_clean/stop/6aa8def4_nohash_0.wav,stop,6aa8def4,train
DataSet_clean/stop/6aa8def4_nohash_1.wav,stop,6aa8def4,train
DataSet_clean/stop/6aa8def4_nohash_2.wav,stop,6aa8def4,train
DataSet_clean/stop/6aa8def4_nohash_3.wav,stop,6aa8def4,train
DataSet_clean/stop/6aafb34f_nohash_0.wav,stop,6aafb34f,train
DataSet_clean/stop/6aafb34f_nohash_1.wav,stop,6aafb34f,train
DataSet_clean/stop/6ace4fe1_nohash_0.wav,stop,6ace4fe1,train
DataSet_clean/stop/6ace4fe1_nohash_1.wav,stop,6ace4fe1,train
DataSet_clean/stop/6ace4fe1_nohash_2.wav,stop,6ace4fe1,train
DataSet_clean/stop/6ace4fe1_nohash_3.wav,stop,6ace4fe1,train
DataSet_clean/stop/6ace4fe1_nohash_4.wav,stop,6ace4fe1,train
DataSet_clean/stop/6adb8ad9_nohash_0.wav,stop,6adb8ad9,test
DataSet_clean/stop/6add0595_nohash_0.wav,stop,6add0595,train
DataSet_clean/stop/6af4aa07_nohash_0.wav,stop,6af4aa07,train
DataSet_clean/stop/6af4aa07_nohash_1.wav,stop,6af4aa07,train
DataSet_clean/stop/6bf5baf3_nohash_0.wav,stop,6bf5baf3,test
DataSet_clean/stop/6bf5baf3_nohash_1.wav,stop,6bf5baf3,test
DataSet_clean/stop/6bf5baf3_nohash_2.wav,stop,6bf5baf3,test
DataSet_clean/stop/6bf5baf3_nohash_3.wav,stop,6bf5baf3,test
DataSet_clean/stop/6c0f6493_nohash_0.wav,stop,6c0f6493,val
DataSet_clean/stop/6c0f6493_nohash_1.wav,stop,6c0f6493,val
DataSet_clean/stop/6c0f6493_nohash_2.wav,stop,6c0f6493,val
DataSet_clean/stop/6c0f6493_nohash_3.wav,stop,6c0f6493,val
DataSet_clean/stop/6c0f6493_nohash_4.wav,stop,6c0f6493,val
DataSet_clean/stop/6c429c7b_nohash_0.wav,stop,6c429c7b,val
DataSet_clean/stop/6c429c7b_nohash_1.wav,stop,6c429c7b,val
DataSet_clean/stop/6c429c7b_nohash_2.wav,stop,6c429c7b,val
DataSet_clean/stop/6c429c7b_nohash_3.wav,stop,6c429c7b,val
DataSet_clean/stop/6c429c7b_nohash_4.wav,stop,6c429c7b,val
DataSet_clean/stop/6c88cf25_nohash_0.wav,stop,6c88cf25,train
DataSet_clean/stop/6c88cf25_nohash_1.wav,stop,6c88cf25,train
DataSet_clean/stop/6c9223bd_nohash_0.wav,stop,6c9223bd,train
DataSet_clean/stop/6c968bd9_nohash_0.wav,stop,6c968bd9,train
DataSet_clean/stop/6c968bd9_nohash_1.wav,stop,6c968bd9,train
DataSet_clean/stop/6c968bd9_nohash_2.wav,stop,6c968bd9,train
DataSet_clean/stop/6c968bd9_nohash_3.wav,stop,6c968bd9,train
DataSet_clean/stop/6c9a1ac2_nohash_0.wav,stop,6c9a1ac2,test
DataSet_clean/stop/6cb6eee7_nohash_0.wav,stop,6cb6eee7,test
DataSet_clean/stop/6ceeb9aa_nohash_0.wav,stop,6ceeb9aa,train
DataSet_clean/stop/6ceeb9aa_nohash_1.wav,stop,6ceeb9aa,train
DataSet_clean/stop/6cf5459b_nohash_0.wav,stop,6cf5459b,train
DataSet_clean/stop/6cf5459b_nohash_1.wav,stop,6cf5459b,train
DataSet_clean/stop/6d1dcca6_nohash_0.wav,stop,6d1dcca6,train
DataSet_clean/stop/6d7af359_nohash_0.wav,stop,6d7af359,train
DataSet_clean/stop/6d818f6c_nohash_0.wav,stop,6d818f6c,test
DataSet_clean/stop/6d818f6c_nohash_1.wav,stop,6d818f6c,test
DataSet_clean/stop/6dfff95a_nohash_0.wav,stop,6dfff95a,train
DataSet_clean/stop/6e2ef3d5_nohash_0.wav,stop,6e2ef3d5,train
DataSet_clean/stop/6e2ef3d5_nohash_1.wav,stop,6e2ef3d5,train
DataSet_clean/stop/6e8b9b7b_nohash_0.wav,stop,6e8b9b7b,train
DataSet_clean/stop/6e8b9b7b_nohash_1.wav,stop,6e8b9b7b,train
DataSet_clean/stop/6ef407da_nohash_0.wav,stop,6ef407da,train
DataSet_clean/stop/6ef407da_nohash_1.wav,stop,6ef407da,train
DataSet_clean/stop/6ef407da_nohash_2.wav,stop,6ef407da,train
DataSet_clean/stop/6ef407da_nohash_3.wav,stop,6ef407da,train
DataSet_clean/stop/6f2c6f7e_nohash_0.wav,stop,6f2c6f7e,train
DataSet_clean/stop/6f2c6f7e_nohash_1.wav,stop,6f2c6f7e,train
DataSet_clean/stop/6f2f57c1_nohash_0.wav,stop,6f2f57c1,train
DataSet_clean/stop/6f342826_nohash_0.wav,stop,6f342826,train
DataSet_clean/stop/6f5eea74_nohash_0.wav,stop,6f5eea74,train
DataSet_clean/stop/6f689791_nohash_0.wav,stop,6f689791,train
DataSet_clean/stop/6f689791_nohash_1.wav,stop,6f689791,train
DataSet_clean/stop/6f689791_nohash_2.wav,stop,6f689791,train
DataSet_clean/stop/6f7724f5_nohash_0.wav,stop,6f7724f5,train
DataSet_clean/stop/6f9088d7_nohash_0.wav,stop,6f9088d7,train
DataSet_clean/stop/6f9088d7_nohash_1.wav,stop,6f9088d7,train
DataSet_clean/stop/6fb3d5a7_nohash_0.wav,stop,6fb3d5a7,train
DataSet_clean/stop/6fb3d5a7_nohash_1.wav,stop,6fb3d5a7,train
DataSet_clean/stop/6fb3d5a7_nohash_2.wav,stop,6fb3d5a7,train
DataSet_clean/stop/6fb3d5a7_nohash_3.wav,stop,6fb3d5a7,train
DataSet_clean/stop/6fca237d_nohash_0.wav,stop,6fca237d,train
DataSet_clean/stop/7014b07e_nohash_0.wav,stop,7014b07e,train
DataSet_clean/stop/7014b07e_nohash_1.wav,stop,7014b07e,train
DataSet_clean/stop/7081436f_nohash_0.wav,stop,7081436f,train
DataSet_clean/stop/708b8d51_nohash_0.wav,stop,708b8d51,test
DataSet_clean/stop/7096522d_nohash_0.wav,stop,7096522d,train
DataSet_clean/stop/7096522d_nohash_1.wav,stop,7096522d,train
DataSet_clean/stop/70a00e98_nohash_0.wav,stop,70a00e98,train
DataSet_clean/stop/70a00e98_nohash_1.wav,stop,70a00e98,train
DataSet_clean/stop/70a00e98_nohash_2.wav,stop,70a00e98,train
DataSet_clean/stop/70a00e98_nohash_3.wav,stop,70a00e98,train
DataSet_clean/stop/70a00e98_nohash_4.wav,stop,70a00e98,train
DataSet_clean/stop/712e4d58_nohash_0.wav,stop,712e4d58,train
DataSet_clean/stop/712e4d58_nohash_1.wav,stop,712e4d58,train
DataSet_clean/stop/712e4d58_nohash_2.wav,stop,712e4d58,train
DataSet_clean/stop/712e4d58_nohash_3.wav,stop,712e4d58,train
DataSet_clean/stop/716757ce_nohash_0.wav,stop,716757ce,val
DataSet_clean/stop/716757ce_nohash_1.wav,stop,716757ce,val
DataSet_clean/stop/71904de3_nohash_0.wav,stop,71904de3,train
DataSet_clean/stop/71904de3_nohash_1.wav,stop,71904de3,train
DataSet_clean/stop/7192fddc_nohash_0.wav,stop,7192fddc,val
DataSet_clean/stop/7195ffa6_nohash_0.wav,stop,7195ffa6,train
DataSet_clean/stop/71bf8f48_nohash_0.wav,stop,71bf8f48,test
DataSet_clean/stop/71d0ded4_nohash_0.wav,stop,71d0ded4,train
DataSet_clean/stop/71d0ded4_nohash_1.wav,stop,71d0ded4,train
DataSet_clean/stop/71d0ded4_nohash_2.wav,stop,71d0ded4,train
DataSet_clean/stop/71d0ded4_nohash_3.wav,stop,71d0ded4,train
DataSet_clean/stop/71d0ded4_nohash_4.wav,stop,71d0ded4,train
DataSet_clean/stop/71e6ab20_nohash_0.wav,stop,71e6ab20,test
DataSet_clean/stop/71e6ab20_nohash_1.wav,stop,71e6ab20,test
DataSet_clean/stop/71e6ab20_nohash_2.wav,stop,71e6ab20,test
DataSet_clean/stop/71e6ab20_nohash_3.wav,stop,71e6ab20,test
DataSet_clean/stop/71f6fed7_nohash_0.wav,stop,71f6fed7,train
DataSet_clean/stop/71f6fed7_nohash_1.wav,stop,71f6fed7,train
DataSet_clean/stop/71f6fed7_nohash_2.wav,stop,71f6fed7,train
DataSet_clean/stop/7211390b_nohash_0.wav,stop,7211390b,train
DataSet_clean/stop/7211390b_nohash_1.wav,stop,7211390b,train
DataSet_clean/stop/7211390b_nohash_2.wav,stop,7211390b,train
DataSet_clean/stop/7211390b_nohash_3.wav,stop,7211390b,train
DataSet_clean/stop/7213ed54_nohash_0.wav,stop,7213ed54,train
DataSet_clean/stop/7213ed54_nohash_1.wav,stop,7213ed54,train
DataSet_clean/stop/7213ed54_nohash_2.wav,stop,7213ed54,train
DataSet_clean/stop/7213ed54_nohash_3.wav,stop,7213ed54,train
DataSet_clean/stop/7213ed54_nohash_4.wav,stop,7213ed54,train
DataSet_clean/stop/721f767c_nohash_0.wav,stop,721f767c,train
DataSet_clean/stop/72242187_nohash_0.wav,stop,72242187,train
DataSet_clean/stop/72242187_nohash_1.wav,stop,72242187,train
DataSet_clean/stop/72242187_nohash_2.wav,stop,72242187,train
DataSet_clean/stop/72242187_nohash_3.wav,stop,72242187,train
DataSet_clean/stop/723efc4c_nohash_0.wav,stop,723efc4c,test
DataSet_clean/stop/7257420c_nohash_0.wav,stop,7257420c,val
DataSet_clean/stop/726382d6_nohash_0.wav,stop,726382d6,train
DataSet_clean/stop/728be664_nohash_0.wav,stop,728be664,train
DataSet_clean/stop/72aa7259_nohash_0.wav,stop,72aa7259,train
DataSet_clean/stop/72aa7259_nohash_1.wav,stop,72aa7259,train
DataSet_clean/stop/72aa7259_nohash_2.wav,stop,72aa7259,train
DataSet_clean/stop/72be9202_nohash_0.wav,stop,72be9202,train
DataSet_clean/stop/72e382bd_nohash_0.wav,stop,72e382bd,test
DataSet_clean/stop/72e382bd_nohash_1.wav,stop,72e382bd,test
DataSet_clean/stop/72e382bd_nohash_2.wav,stop,72e382bd,test
DataSet_clean/stop/72e382bd_nohash_3.wav,stop,72e382bd,test
DataSet_clean/stop/72e382bd_nohash_4.wav,stop,72e382bd,test
DataSet_clean/stop/7303215d_nohash_0.wav,stop,7303215d,train
DataSet_clean/stop/7303215d_nohash_1.wav,stop,7303215d,train
DataSet_clean/stop/73124b26_nohash_0.wav,stop,73124b26,train
DataSet_clean/stop/73124b26_nohash_1.wav,stop,73124b26,train
DataSet_clean/stop/7318280c_nohash_0.wav,stop,7318280c,train
DataSet_clean/stop/735845ab_nohash_0.wav,stop,735845ab,train
DataSet_clean/stop/735845ab_nohash_1.wav,stop,735845ab,train
DataSet_clean/stop/73f0c1f7_nohash_0.wav,stop,73f0c1f7,val
DataSet_clean/stop/73f0c1f7_nohash_1.wav,stop,73f0c1f7,val
DataSet_clean/stop/73f20b00_nohash_0.wav,stop,73f20b00,val
DataSet_clean/stop/73f20b00_nohash_1.wav,stop,73f20b00,val
DataSet_clean/stop/73f20b00_nohash_2.wav,stop,73f20b00,val
DataSet_clean/stop/73f20b00_nohash_3.wav,stop,73f20b00,val
DataSet_clean/stop/74241b28_nohash_0.wav,stop,74241b28,train
DataSet_clean/stop/74241b28_nohash_1.wav,stop,74241b28,train
DataSet_clean/stop/74241b28_nohash_2.wav,stop,74241b28,train
DataSet_clean/stop/74241b28_nohash_3.wav,stop,74241b28,train
DataSet_clean/stop/742d6431_nohash_0.wav,stop,742d6431,train
DataSet_clean/stop/742d6431_nohash_1.wav,stop,742d6431,train
DataSet_clean/stop/742d6431_nohash_2.wav,stop,742d6431,train
DataSet_clean/stop/742d6431_nohash_3.wav,stop,742d6431,train
DataSet_clean/stop/743edf9d_nohash_0.wav,stop,743edf9d,train
DataSet_clean/stop/74551073_nohash_0.wav,stop,74551073,test
DataSet_clean/stop/74551073_nohash_1.wav,stop,74551073,test
DataSet_clean/stop/74551073_nohash_2.wav,stop,74551073,test
DataSet_clean/stop/7464b22e_nohash_0.wav,stop,7464b22e,train
DataSet_clean/stop/747e69fd_nohash_0.wav,stop,747e69fd,train
DataSet_clean/stop/74b73f88_nohash_0.wav,stop,74b73f88,train
DataSet_clean/stop/74b73f88_nohash_1.wav,stop,74b73f88,train
DataSet_clean/stop/7622d95b_nohash_0.wav,stop,7622d95b,train
DataSet_clean/stop/763188c4_nohash_0.wav,stop,763188c4,val
DataSet_clean/stop/763188c4_nohash_1.wav,stop,763188c4,val
DataSet_clean/stop/763188c4_nohash_2.wav,stop,763188c4,val
DataSet_clean/stop/763188c4_nohash_3.wav,stop,763188c4,val
DataSet_clean/stop/76424fa5_nohash_0.wav,stop,76424fa5,train
DataSet_clean/stop/765ffccb_nohash_0.wav,stop,765ffccb,train
DataSet_clean/stop/765ffccb_nohash_1.wav,stop,765ffccb,train
DataSet_clean/stop/76b58705_nohash_0.wav,stop,76b58705,train
DataSet_clean/stop/76e53db9_nohash_0.wav,stop,76e53db9,test
DataSet_clean/stop/772db621_nohash_0.wav,stop,772db621,test
DataSet_clean/stop/772db621_nohash_1.wav,stop,772db621,test
DataSet_clean/stop/773e26f7_nohash_0.wav,stop,773e26f7,train
DataSet_clean/stop/773e26f7_nohash_1.wav,stop,773e26f7,train
DataSet_clean/stop/773e26f7_nohash_2.wav,stop,773e26f7,train
DataSet_clean/stop/773e26f7_nohash_3.wav,stop,773e26f7,train
DataSet_clean/stop/773e26f7_nohash_4.wav,stop,773e26f7,train
DataSet_clean/stop/77655bdf_nohash_0.wav,stop,77655bdf,val
DataSet_clean/stop/77655bdf_nohash_1.wav,stop,77655bdf,val
DataSet_clean/stop/778a4a01_nohash_0.wav,stop,778a4a01,train
DataSet_clean/stop/778a4a01_nohash_1.wav,stop,778a4a01,train
DataSet_clean/stop/7799c9cd_nohash_0.wav,stop,7799c9cd,train
DataSet_clean/stop/779de043_nohash_0.wav,stop,779de043,train
DataSet_clean/stop/779de043_nohash_1.wav,stop,779de043,train
DataSet_clean/stop/779de043_nohash_2.wav,stop,779de043,train
DataSet_clean/stop/779de043_nohash_3.wav,stop,779de043,train
DataSet_clean/stop/779de043_nohash_4.wav,stop,779de043,train
DataSet_clean/stop/77def3ee_nohash_0.wav,stop,77def3ee,val
DataSet_clean/stop/77f185d3_nohash_0.wav,stop,77f185d3,train
DataSet_clean/stop/78030270_nohash_0.wav,stop,78030270,train
DataSet_clean/stop/7846fd85_nohash_0.wav,stop,7846fd85,train
DataSet_clean/stop/7846fd85_nohash_1.wav,stop,7846fd85,train
DataSet_clean/stop/7846fd85_nohash_2.wav,stop,7846fd85,train
DataSet_clean/stop/7846fd85_nohash_3.wav,stop,7846fd85,train
DataSet_clean/stop/7846fd85_nohash_4.wav,stop,7846fd85,train
DataSet_clean/stop/784e281a_nohash_0.wav,stop,784e281a,test
DataSet_clean/stop/784e281a_nohash_1.wav,stop,784e281a,test
DataSet_clean/stop/784e281a_nohash_2.wav,stop,784e281a,test
DataSet_clean/stop/78622c2b_nohash_0.wav,stop,78622c2b,train
DataSet_clean/stop/7910d292_nohash_0.wav,stop,7910d292,train
DataSet_clean/stop/7910d292_nohash_1.wav,stop,7910d292,train
DataSet_clean/stop/7add4c5f_nohash_0.wav,stop,7add4c5f,train
DataSet_clean/stop/7add4c5f_nohash_1.wav,stop,7add4c5f,train
DataSet_clean/stop/7bae88ed_nohash_0.wav,stop,7bae88ed,test
DataSet_clean/stop/7be9f58a_nohash_0.wav,stop,7be9f58a,test
DataSet_clean/stop/7be9f58a_nohash_1.wav,stop,7be9f58a,test
DataSet_clean/stop/7c1d8533_nohash_0.wav,stop,7c1d8533,val
DataSet_clean/stop/7c1d8533_nohash_1.wav,stop,7c1d8533,val
DataSet_clean/stop/7c1d8533_nohash_2.wav,stop,7c1d8533,val
DataSet_clean/stop/7c2a3fa4_nohash_0.wav,stop,7c2a3fa4,test
DataSet_clean/stop/7c2a3fa4_nohash_1.wav,stop,7c2a3fa4,test
DataSet_clean/stop/7c75a504_nohash_0.wav,stop,7c75a504,train
DataSet_clean/stop/7c83c5f6_nohash_0.wav,stop,7c83c5f6,train
DataSet_clean/stop/7c83c5f6_nohash_1.wav,stop,7c83c5f6,train
DataSet_clean/stop/7c83c5f6_nohash_2.wav,stop,7c83c5f6,train
DataSet_clean/stop/7c83c5f6_nohash_3.wav,stop,7c83c5f6,train
DataSet_clean/stop/7c83c5f6_nohash_4.wav,stop,7c83c5f6,train
DataSet_clean/stop/7c9b43f0_nohash_0.wav,stop,7c9b43f0,train
DataSet_clean/stop/7cb5c0b7_nohash_0.wav,stop,7cb5c0b7,train
DataSet_clean/stop/7cbf645a_nohash_0.wav,stop,7cbf645a,test
DataSet_clean/stop/7cf14c54_nohash_0.wav,stop,7cf14c54,train
DataSet_clean/stop/7cf14c54_nohash_1.wav,stop,7cf14c54,train
DataSet_clean/stop/7cf14c54_nohash_2.wav,stop,7cf14c54,train
DataSet_clean/stop/7cf14c54_nohash_3.wav,stop,7cf14c54,train
DataSet_clean/stop/7cf14c54_nohash_4.wav,stop,7cf14c54,train
DataSet_clean/stop/7d149b38_nohash_0.wav,stop,7d149b38,test
DataSet_clean/stop/7d5f87c8_nohash_0.wav,stop,7d5f87c8,test
DataSet_clean/stop/7d6b4b10_nohash_0.wav,stop,7d6b4b10,val
DataSet_clean/stop/7d6b4b10_nohash_1.wav,stop,7d6b4b10,val
DataSet_clean/stop/7d6b4b10_nohash_2.wav,stop,7d6b4b10,val
DataSet_clean/stop/7d6b4b10_nohash_3.wav,stop,7d6b4b10,val
DataSet_clean/stop/7d86b703_nohash_0.wav,stop,7d86b703,train
DataSet_clean/stop/7d86b703_nohash_1.wav,stop,7d86b703,train
DataSet_clean/stop/7d86b703_nohash_2.wav,stop,7d86b703,train
DataSet_clean/stop/7dc50b88_nohash_0.wav,stop,7dc50b88,train
DataSet_clean/stop/7dc95912_nohash_0.wav,stop,7dc95912,train
DataSet_clean/stop/7e2d5caf_nohash_0.wav,stop,7e2d5caf,train
DataSet_clean/stop/7e4fa1d8_nohash_0.wav,stop,7e4fa1d8,train
DataSet_clean/stop/7e6bd776_nohash_0.wav,stop,7e6bd776,train
DataSet_clean/stop/7e6bd776_nohash_1.wav,stop,7e6bd776,train
DataSet_clean/stop/7e6bd776_nohash_2.wav,stop,7e6bd776,train
DataSet_clean/stop/7e7ca854_nohash_0.wav,stop,7e7ca854,test
DataSet_clean/stop/7e7ca854_nohash_1.wav,stop,7e7ca854,test
DataSet_clean/stop/7e7ca854_nohash_2.wav,stop,7e7ca854,test
DataSet_clean/stop/7e843da8_nohash_0.wav,stop,7e843da8,test
DataSet_clean/stop/7ea032f3_nohash_0.wav,stop,7ea032f3,train
DataSet_clean/stop/7ea032f3_nohash_1.wav,stop,7ea032f3,train
DataSet_clean/stop/7ea032f3_nohash_2.wav,stop,7ea032f3,train
DataSet_clean/stop/7ea032f3_nohash_3.wav,stop,7ea032f3,train
DataSet_clean/stop/7eee5973_nohash_0.wav,stop,7eee5973,val
DataSet_clean/stop/7eee5973_nohash_1.wav,stop,7eee5973,val
DataSet_clean/stop/7f208e83_nohash_0.wav,stop,7f208e83,train
DataSet_clean/stop/7f581e94_nohash_0.wav,stop,7f581e94,train
DataSet_clean/stop/7f74626f_nohash_0.wav,stop,7f74626f,train
DataSet_clean/stop/7f74626f_nohash_1.wav,stop,7f74626f,train
DataSet_clean/stop/7f74626f_nohash_2.wav,stop,7f74626f,train
DataSet_clean/stop/7f74626f_nohash_3.wav,stop,7f74626f,train
DataSet_clean/stop/7f74626f_nohash_4.wav,stop,7f74626f,train
DataSet_clean/stop/7f9eb952_nohash_0.wav,stop,7f9eb952,train
DataSet_clean/stop/7f9eb952_nohash_1.wav,stop,7f9eb952,train
DataSet_clean/stop/7f9eb952_nohash_2.wav,stop,7f9eb952,train
DataSet_clean/stop/7f9eb952_nohash_3.wav,stop,7f9eb952,train
DataSet_clean/stop/7f9eb952_nohash_4.wav,stop,7f9eb952,train
DataSet_clean/stop/7fa5fa1f_nohash_0.wav,stop,7fa5fa1f,train
DataSet_clean/stop/7fa5fa1f_nohash_1.wav,stop,7fa5fa1f,train
DataSet_clean/stop/7fb8d703_nohash_0.wav,stop,7fb8d703,test
DataSet_clean/stop/7fb8d703_nohash_1.wav,stop,7fb8d703,test
DataSet_clean/stop/7fb8d703_nohash_2.wav,stop,7fb8d703,test
DataSet_clean/stop/7fb8d703_nohash_3.wav,stop,7fb8d703,test
DataSet_clean/stop/7fb8d703_nohash_4.wav,stop,7fb8d703,test
DataSet_clean/stop/7fd25f7c_nohash_0.wav,stop,7fd25f7c,train
DataSet_clean/stop/7fd25f7c_nohash_1.wav,stop,7fd25f7c,train
DataSet_clean/stop/7fd25f7c_nohash_2.wav,stop,7fd25f7c,train
DataSet_clean/stop/7fd25f7c_nohash_3.wav,stop,7fd25f7c,train
DataSet_clean/stop/7ff085e1_nohash_0.wav,stop,7ff085e1,train
DataSet_clean/stop/7ff4fc72_nohash_0.wav,stop,7ff4fc72,val
DataSet_clean/stop/7ff4fc72_nohash_1.wav,stop,7ff4fc72,val
DataSet_clean/stop/7ff4fc72_nohash_2.wav,stop,7ff4fc72,val
DataSet_clean/stop/8012c69d_nohash_0.wav,stop,8012c69d,test
DataSet_clean/stop/8012c69d_nohash_1.wav,stop,8012c69d,test
DataSet_clean/stop/8012c69d_nohash_2.wav,stop,8012c69d,test
DataSet_clean/stop/8012c69d_nohash_3.wav,stop,8012c69d,test
DataSet_clean/stop/8012c69d_nohash_4.wav,stop,8012c69d,test
DataSet_clean/stop/8056e897_nohash_0.wav,stop,8056e897,test
DataSet_clean/stop/80c45ed6_nohash_0.wav,stop,80c45ed6,val
DataSet_clean/stop/80c45ed6_nohash_1.wav,stop,80c45ed6,val
DataSet_clean/stop/80fe1dc7_nohash_0.wav,stop,80fe1dc7,train
DataSet_clean/stop/81332c92_nohash_0.wav,stop,81332c92,train
DataSet_clean/stop/81332c92_nohash_1.wav,stop,81332c92,train
DataSet_clean/stop/81332c92_nohash_2.wav,stop,81332c92,train
DataSet_clean/stop/81332c92_nohash_3.wav,stop,81332c92,train
DataSet_clean/stop/81332c92_nohash_4.wav,stop,81332c92,train
DataSet_clean/stop/8134f43f_nohash_0.wav,stop,8134f43f,test
DataSet_clean/stop/8134f43f_nohash_1.wav,stop,8134f43f,test
DataSet_clean/stop/8134f43f_nohash_2.wav,stop,8134f43f,test
DataSet_clean/stop/8134f43f_nohash_3.wav,stop,8134f43f,test
DataSet_clean/stop/8134f43f_nohash_4.wav,stop,8134f43f,test
DataSet_clean/stop/815f0f03_nohash_0.wav,stop,815f0f03,test
DataSet_clean/stop/81898f68_nohash_0.wav,stop,81898f68,train
DataSet_clean/stop/81dc4a94_nohash_0.wav,stop,81dc4a94,train
DataSet_clean/stop/821b64cc_nohash_0.wav,stop,821b64cc,train
DataSet_clean/stop/821b64cc_nohash_1.wav,stop,821b64cc,train
DataSet_clean/stop/821b64cc_nohash_2.wav,stop,821b64cc,train
DataSet_clean/stop/823353e5_nohash_0.wav,stop,823353e5,test
DataSet_clean/stop/823353e5_nohash_1.wav,stop,823353e5,test
DataSet_clean/stop/824e8ce5_nohash_0.wav,stop,824e8ce5,train
DataSet_clean/stop/824e8ce5_nohash_1.wav,stop,824e8ce5,train
DataSet_clean/stop/825f450d_nohash_0.wav,stop,825f450d,train
DataSet_clean/stop/825f450d_nohash_1.wav,stop,825f450d,train
DataSet_clean/stop/825f450d_nohash_2.wav,stop,825f450d,train
DataSet_clean/stop/826268f8_nohash_0.wav,stop,826268f8,train
DataSet_clean/stop/8281a2a8_nohash_0.wav,stop,8281a2a8,train
DataSet_clean/stop/8281a2a8_nohash_1.wav,stop,8281a2a8,train
DataSet_clean/stop/8281a2a8_nohash_2.wav,stop,8281a2a8,train
DataSet_clean/stop/8281a2a8_nohash_3.wav,stop,8281a2a8,train
DataSet_clean/stop/82951cf0_nohash_0.wav,stop,82951cf0,train
DataSet_clean/stop/82951cf0_nohash_1.wav,stop,82951cf0,train
DataSet_clean/stop/82b99576_nohash_0.wav,stop,82b99576,train
DataSet_clean/stop/82c6d220_nohash_0.wav,stop,82c6d220,test
DataSet_clean/stop/82c6d220_nohash_1.wav,stop,82c6d220,test
DataSet_clean/stop/82c6d220_nohash_2.wav,stop,82c6d220,test
DataSet_clean/stop/82e7204d_nohash_0.wav,stop,82e7204d,test
DataSet_clean/stop/82e7204d_nohash_1.wav,stop,82e7204d,test
DataSet_clean/stop/8335f893_nohash_0.wav,stop,8335f893,test
DataSet_clean/stop/8335f893_nohash_1.wav,stop,8335f893,test
DataSet_clean/stop/833d9f56_nohash_0.wav,stop,833d9f56,train
DataSet_clean/stop/833d9f56_nohash_1.wav,stop,833d9f56,train
DataSet_clean/stop/833d9f56_nohash_2.wav,stop,833d9f56,train
DataSet_clean/stop/833d9f56_nohash_3.wav,stop,833d9f56,train
DataSet_clean/stop/833d9f56_nohash_4.wav,stop,833d9f56,train
DataSet_clean/stop/834f03fe_nohash_0.wav,stop,834f03fe,val
DataSet_clean/stop/834f03fe_nohash_1.wav,stop,834f03fe,val
DataSet_clean/stop/834f03fe_nohash_2.wav,stop,834f03fe,val
DataSet_clean/stop/834f03fe_nohash_3.wav,stop,834f03fe,val
DataSet_clean/stop/834f03fe_nohash_4.wav,stop,834f03fe,val
DataSet_clean/stop/837a0f64_nohash_0.wav,stop,837a0f64,train
DataSet_clean/stop/837a0f64_nohash_1.wav,stop,837a0f64,train
DataSet_clean/stop/837a0f64_nohash_2.wav,stop,837a0f64,train
DataSet_clean/stop/837a0f64_nohash_3.wav,stop,837a0f64,train
DataSet_clean/stop/837a0f64_nohash_4.wav,stop,837a0f64,train
DataSet_clean/stop/83957201_nohash_0.wav,stop,83957201,train
DataSet_clean/stop/83957201_nohash_1.wav,stop,83957201,train
DataSet_clean/stop/83f9c4ab_nohash_0.wav,stop,83f9c4ab,train
DataSet_clean/stop/840c366d_nohash_0.wav,stop,840c366d,train
DataSet_clean/stop/840eab5a_nohash_0.wav,stop,840eab5a,train
DataSet_clean/stop/840eab5a_nohash_1.wav,stop,840eab5a,train
DataSet_clean/stop/8442ea62_nohash_0.wav,stop,8442ea62,val
DataSet_clean/stop/8442ea62_nohash_1.wav,stop,8442ea62,val
DataSet_clean/stop/8442ea62_nohash_2.wav,stop,8442ea62,val
DataSet_clean/stop/845f8553_nohash_0.wav,stop,845f8553,train
DataSet_clean/stop/845f8553_nohash_1.wav,stop,845f8553,train
DataSet_clean/stop/845f8553_nohash_2.wav,stop,845f8553,train
DataSet_clean/stop/845f8553_nohash_3.wav,stop,845f8553,train
DataSet_clean/stop/845f8553_nohash_4.wav,stop,845f8553,train
DataSet_clean/stop/84999496_nohash_0.wav,stop,84999496,train
DataSet_clean/stop/84bf12ff_nohash_0.wav,stop,84bf12ff,test
DataSet_clean/stop/84bf12ff_nohash_1.wav,stop,84bf12ff,test
DataSet_clean/stop/850e2222_nohash_0.wav,stop,850e2222,train
DataSet_clean/stop/8523766b_nohash_0.wav,stop,8523766b,train
DataSet_clean/stop/8536c82d_nohash_0.wav,stop,8536c82d,train
DataSet_clean/stop/856eb138_nohash_0.wav,stop,856eb138,test
DataSet_clean/stop/856eb138_nohash_1.wav,stop,856eb138,test
DataSet_clean/stop/856eb138_nohash_2.wav,stop,856eb138,test
DataSet_clean/stop/856eb138_nohash_3.wav,stop,856eb138,test
DataSet_clean/stop/856eb138_nohash_4.wav,stop,856eb138,test
DataSet_clean/stop/857366dd_nohash_0.wav,stop,857366dd,train
DataSet_clean/stop/85834399_nohash_0.wav,stop,85834399,train
DataSet_clean/stop/85851131_nohash_0.wav,stop,85851131,test
DataSet_clean/stop/85851131_nohash_1.wav,stop,85851131,test
DataSet_clean/stop/85851131_nohash_2.wav,stop,85851131,test
DataSet_clean/stop/85851131_nohash_3.wav,stop,85851131,test
DataSet_clean/stop/85851131_nohash_4.wav,stop,85851131,test
DataSet_clean/stop/85b877b5_nohash_0.wav,stop,85b877b5,train
DataSet_clean/stop/85c5eaa0_nohash_0.wav,stop,85c5eaa0,train
DataSet_clean/stop/85c5eaa0_nohash_1.wav,stop,85c5eaa0,train
DataSet_clean/stop/8601f33b_nohash_0.wav,stop,8601f33b,test
DataSet_clean/stop/86402da1_nohash_0.wav,stop,86402da1,test
DataSet_clean/stop/86402da1_nohash_1.wav,stop,86402da1,test
DataSet_clean/stop/86478fab_nohash_0.wav,stop,86478fab,train
DataSet_clean/stop/86478fab_nohash_1.wav,stop,86478fab,train
DataSet_clean/stop/86648261_nohash_0.wav,stop,86648261,test
DataSet_clean/stop/86cb59b2_nohash_0.wav,stop,86cb59b2,train
DataSet_clean/stop/87070229_nohash_0.wav,stop,87070229,train
DataSet_clean/stop/87070229_nohash_1.wav,stop,87070229,train
DataSet_clean/stop/87070229_nohash_2.wav,stop,87070229,train
DataSet_clean/stop/87070229_nohash_3.wav,stop,87070229,train
DataSet_clean/stop/87070229_nohash_4.wav,stop,87070229,train
DataSet_clean/stop/8769c34c_nohash_0.wav,stop,8769c34c,train
DataSet_clean/stop/8769c34c_nohash_1.wav,stop,8769c34c,train
DataSet_clean/stop/8769c34c_nohash_2.wav,stop,8769c34c,train
DataSet_clean/stop/8769c34c_nohash_3.wav,stop,8769c34c,train
DataSet_clean/stop/878befa7_nohash_0.wav,stop,878befa7,train
DataSet_clean/stop/878befa7_nohash_1.wav,stop,878befa7,train
DataSet_clean/stop/878befa7_nohash_2.wav,stop,878befa7,train
DataSet_clean/stop/879a2b38_nohash_0.wav,stop,879a2b38,train
DataSet_clean/stop/879a2b38_nohash_1.wav,stop,879a2b38,train
DataSet_clean/stop/879a2b38_nohash_2.wav,stop,879a2b38,train
DataSet_clean/stop/879a2b38_nohash_3.wav,stop,879a2b38,train
DataSet_clean/stop/87c62767_nohash_0.wav,stop,87c62767,train
DataSet_clean/stop/87d5e978_nohash_0.wav,stop,87d5e978,train
DataSet_clean/stop/87d5e978_nohash_1.wav,stop,87d5e978,train
DataSet_clean/stop/87d5e978_nohash_2.wav,stop,87d5e978,train
DataSet_clean/stop/87d5e978_nohash_3.wav,stop,87d5e978,train
DataSet_clean/stop/87eff300_nohash_0.wav,stop,87eff300,train
DataSet_clean/stop/87eff300_nohash_1.wav,stop,87eff300,train
DataSet_clean/stop/88053e92_nohash_0.wav,stop,88053e92,train
DataSet_clean/stop/88053e92_nohash_1.wav,stop,88053e92,train
DataSet_clean/stop/88053e92_nohash_2.wav,stop,88053e92,train
DataSet_clean/stop/88120683_nohash_0.wav,stop,88120683,train
DataSet_clean/stop/884ae8e1_nohash_0.wav,stop,884ae8e1,test
DataSet_clean/stop/884ae8e1_nohash_1.wav,stop,884ae8e1,test
DataSet_clean/stop/888a0c49_nohash_0.wav,stop,888a0c49,train
DataSet_clean/stop/888a0c49_nohash_1.wav,stop,888a0c49,train
DataSet_clean/stop/888a0c49_nohash_2.wav,stop,888a0c49,train
DataSet_clean/stop/888a0c49_nohash_3.wav,stop,888a0c49,train
DataSet_clean/stop/888a0c49_nohash_4.wav,stop,888a0c49,train
DataSet_clean/stop/88a487ce_nohash_0.wav,stop,88a487ce,train
DataSet_clean/stop/88d009d2_nohash_0.wav,stop,88d009d2,test
DataSet_clean/stop/88e85150_nohash_0.wav,stop,88e85150,train
DataSet_clean/stop/88e90bc1_nohash_0.wav,stop,88e90bc1,train
DataSet_clean/stop/88f3719f_nohash_0.wav,stop,88f3719f,val
DataSet_clean/stop/88f3719f_nohash_1.wav,stop,88f3719f,val
DataSet_clean/stop/88f3719f_nohash_2.wav,stop,88f3719f,val
DataSet_clean/stop/88f3719f_nohash_3.wav,stop,88f3719f,val
DataSet_clean/stop/88f8a99c_nohash_0.wav,stop,88f8a99c,test
DataSet_clean/stop/890cc926_nohash_0.wav,stop,890cc926,train
DataSet_clean/stop/890cc926_nohash_1.wav,stop,890cc926,train
DataSet_clean/stop/890cc926_nohash_2.wav,stop,890cc926,train
DataSet_clean/stop/890cc926_nohash_3.wav,stop,890cc926,train
DataSet_clean/stop/890cc926_nohash_4.wav,stop,890cc926,train
DataSet_clean/stop/890e4ee2_nohash_0.wav,stop,890e4ee2,train
DataSet_clean/stop/893705bb_nohash_0.wav,stop,893705bb,test
DataSet_clean/stop/893705bb_nohash_1.wav,stop,893705bb,test
DataSet_clean/stop/893705bb_nohash_10.wav,stop,893705bb,test
DataSet_clean/stop/893705bb_nohash_11.wav,stop,893705bb,test
DataSet_clean/stop/893705bb_nohash_12.wav,stop,893705bb,test
DataSet_clean/stop/893705bb_nohash_13.wav,stop,893705bb,test
DataSet_clean/stop/893705bb_nohash_14.wav,stop,893705bb,test
DataSet_clean/stop/893705bb_nohash_15.wav,stop,893705bb,test
DataSet_clean/stop/893705bb_nohash_16.wav,stop,893705bb,test
DataSet_clean/stop/893705bb_nohash_17.wav,stop,893705bb,test
DataSet_clean/stop/893705bb_nohash_18.wav,stop,893705bb,test
DataSet_clean/stop/893705bb_nohash_19.wav,stop,893705bb,test
DataSet_clean/stop/893705bb_nohash_2.wav,stop,893705bb,test
DataSet_clean/stop/893705bb_nohash_20.wav,stop,893705bb,test
DataSet_clean/stop/893705bb_nohash_21.wav,stop,893705bb,test
DataSet_clean/stop/893705bb_nohash_3.wav,stop,893705bb,test
DataSet_clean/stop/893705bb_nohash_4.wav,stop,893705bb,test
DataSet_clean/stop/893705bb_nohash_5.wav,stop,893705bb,test
DataSet_clean/stop/893705bb_nohash_6.wav,stop,893705bb,test
DataSet_clean/stop/893705bb_nohash_7.wav,stop,893705bb,test
DataSet_clean/stop/893705bb_nohash_8.wav,stop,893705bb,test
DataSet_clean/stop/893705bb_nohash_9.wav,stop,893705bb,test
DataSet_clean/stop/89947bd7_nohash_0.wav,stop,89947bd7,train
DataSet_clean/stop/89947bd7_nohash_1.wav,stop,89947bd7,train
DataSet_clean/stop/89947bd7_nohash_2.wav,stop,89947bd7,train
DataSet_clean/stop/89947bd7_nohash_3.wav,stop,89947bd7,train
DataSet_clean/stop/89e59d18_nohash_0.wav,stop,89e59d18,train
DataSet_clean/stop/89ed36ab_nohash_0.wav,stop,89ed36ab,train
DataSet_clean/stop/89f3ab7d_nohash_0.wav,stop,89f3ab7d,test
DataSet_clean/stop/8a0457c9_nohash_0.wav,stop,8a0457c9,train
DataSet_clean/stop/8a194ee6_nohash_0.wav,stop,8a194ee6,train
DataSet_clean/stop/8a194ee6_nohash_1.wav,stop,8a194ee6,train
DataSet_clean/stop/8a1c449e_nohash_0.wav,stop,8a1c449e,val
DataSet_clean/stop/8a1c449e_nohash_1.wav,stop,8a1c449e,val
DataSet_clean/stop/8a28231e_nohash_0.wav,stop,8a28231e,test
DataSet_clean/stop/8a28231e_nohash_1.wav,stop,8a28231e,test
DataSet_clean/stop/8a56f36e_nohash_0.wav,stop,8a56f36e,train
DataSet_clean/stop/8a5acefd_nohash_0.wav,stop,8a5acefd,train
DataSet_clean/stop/8a90cf67_nohash_0.wav,stop,8a90cf67,train
DataSet_clean/stop/8aa35b0c_nohash_0.wav,stop,8aa35b0c,test
DataSet_clean/stop/8b25410a_nohash_0.wav,stop,8b25410a,train
DataSet_clean/stop/8b25410a_nohash_1.wav,stop,8b25410a,train
DataSet_clean/stop/8b25410a_nohash_2.wav,stop,8b25410a,train
DataSet_clean/stop/8b25410a_nohash_3.wav,stop,8b25410a,train
DataSet_clean/stop/8b25410a_nohash_4.wav,stop,8b25410a,train
DataSet_clean/stop/8b775397_nohash_0.wav,stop,8b775397,train
DataSet_clean/stop/8bf6acb9_nohash_0.wav,stop,8bf6acb9,train
DataSet_clean/stop/8bf6acb9_nohash_1.wav,stop,8bf6acb9,train
DataSet_clean/stop/8c0e5970_nohash_0.wav,stop,8c0e5970,train
DataSet_clean/stop/8c0e5970_nohash_1.wav,stop,8c0e5970,train
DataSet_clean/stop/8c3c4715_nohash_0.wav,stop,8c3c4715,train
DataSet_clean/stop/8c4854bc_nohash_0.wav,stop,8c4854bc,test
DataSet_clean/stop/8c780627_nohash_0.wav,stop,8c780627,train
DataSet_clean/stop/8c888bbb_nohash_0.wav,stop,8c888bbb,train
DataSet_clean/stop/8ca3b1db_nohash_0.wav,stop,8ca3b1db,train
DataSet_clean/stop/8ca3b1db_nohash_1.wav,stop,8ca3b1db,train
DataSet_clean/stop/8d5d076d_nohash_0.wav,stop,8d5d076d,test
DataSet_clean/stop/8d5d076d_nohash_1.wav,stop,8d5d076d,test
DataSet_clean/stop/8d5e1dc0_nohash_0.wav,stop,8d5e1dc0,train
DataSet_clean/stop/8d8d9855_nohash_0.wav,stop,8d8d9855,val
DataSet_clean/stop/8d9cc260_nohash_0.wav,stop,8d9cc260,test
DataSet_clean/stop/8d9cc260_nohash_1.wav,stop,8d9cc260,test
DataSet_clean/stop/8dc18a75_nohash_0.wav,stop,8dc18a75,test
DataSet_clean/stop/8dc18a75_nohash_1.wav,stop,8dc18a75,test
DataSet_clean/stop/8dc18a75_nohash_2.wav,stop,8dc18a75,test
DataSet_clean/stop/8dc18a75_nohash_3.wav,stop,8dc18a75,test
DataSet_clean/stop/8dc26a15_nohash_0.wav,stop,8dc26a15,train
DataSet_clean/stop/8dc26a15_nohash_1.wav,stop,8dc26a15,train
DataSet_clean/stop/8dd24423_nohash_0.wav,stop,8dd24423,test
DataSet_clean/stop/8dd788d8_nohash_0.wav,stop,8dd788d8,train
DataSet_clean/stop/8dd788d8_nohash_1.wav,stop,8dd788d8,train
DataSet_clean/stop/8dd788d8_nohash_2.wav,stop,8dd788d8,train
DataSet_clean/stop/8e05039f_nohash_0.wav,stop,8e05039f,val
DataSet_clean/stop/8e05039f_nohash_1.wav,stop,8e05039f,val
DataSet_clean/stop/8e05039f_nohash_2.wav,stop,8e05039f,val
DataSet_clean/stop/8e05039f_nohash_3.wav,stop,8e05039f,val
DataSet_clean/stop/8e05039f_nohash_4.wav,stop,8e05039f,val
DataSet_clean/stop/8e523821_nohash_0.wav,stop,8e523821,train
DataSet_clean/stop/8e523821_nohash_1.wav,stop,8e523821,train
DataSet_clean/stop/8e523821_nohash_2.wav,stop,8e523821,train
DataSet_clean/stop/8e523821_nohash_3.wav,stop,8e523821,train
DataSet_clean/stop/8e523821_nohash_4.wav,stop,8e523821,train
DataSet_clean/stop/8e69dc2f_nohash_0.wav,stop,8e69dc2f,train
DataSet_clean/stop/8ea6dec6_nohash_0.wav,stop,8ea6dec6,train
DataSet_clean/stop/8eb4a1bf_nohash_0.wav,stop,8eb4a1bf,train
DataSet_clean/stop/8eb4a1bf_nohash_1.wav,stop,8eb4a1bf,train
DataSet_clean/stop/8eb4a1bf_nohash_2.wav,stop,8eb4a1bf,train
DataSet_clean/stop/8eb4a1bf_nohash_3.wav,stop,8eb4a1bf,train
DataSet_clean/stop/8ec6dab6_nohash_0.wav,stop,8ec6dab6,train
DataSet_clean/stop/8f3f252c_nohash_0.wav,stop,8f3f252c,train
DataSet_clean/stop/8f3f252c_nohash_1.wav,stop,8f3f252c,train
DataSet_clean/stop/8f4c551f_nohash_0.wav,stop,8f4c551f,train
DataSet_clean/stop/8f4c551f_nohash_1.wav,stop,8f4c551f,train
DataSet_clean/stop/8f4c551f_nohash_2.wav,stop,8f4c551f,train
DataSet_clean/stop/8fce59ff_nohash_0.wav,stop,8fce59ff,train
DataSet_clean/stop/8fce59ff_nohash_1.wav,stop,8fce59ff,train
DataSet_clean/stop/8fe52b97_nohash_0.wav,stop,8fe52b97,test
DataSet_clean/stop/8fe67225_nohash_0.wav,stop,8fe67225,train
DataSet_clean/stop/8fe67225_nohash_1.wav,stop,8fe67225,train
DataSet_clean/stop/8fe67225_nohash_2.wav,stop,8fe67225,train
DataSet_clean/stop/8fe67225_nohash_3.wav,stop,8fe67225,train
DataSet_clean/stop/8fe67225_nohash_4.wav,stop,8fe67225,train
DataSet_clean/stop/8ff44869_nohash_0.wav,stop,8ff44869,train
DataSet_clean/stop/8ff44869_nohash_1.wav,stop,8ff44869,train
DataSet_clean/stop/90804775_nohash_0.wav,stop,90804775,train
DataSet_clean/stop/90804775_nohash_1.wav,stop,90804775,train
DataSet_clean/stop/90804775_nohash_2.wav,stop,90804775,train
DataSet_clean/stop/90e72357_nohash_0.wav,stop,90e72357,val
DataSet_clean/stop/90e72357_nohash_1.wav,stop,90e72357,val
DataSet_clean/stop/90e72357_nohash_2.wav,stop,90e72357,val
DataSet_clean/stop/9151f184_nohash_0.wav,stop,9151f184,test
DataSet_clean/stop/9151f184_nohash_1.wav,stop,9151f184,test
DataSet_clean/stop/9151f184_nohash_2.wav,stop,9151f184,test
DataSet_clean/stop/91942e89_nohash_0.wav,stop,91942e89,val
DataSet_clean/stop/919d3c0e_nohash_0.wav,stop,919d3c0e,train
DataSet_clean/stop/91b03183_nohash_0.wav,stop,91b03183,train
DataSet_clean/stop/91b03183_nohash_1.wav,stop,91b03183,train
DataSet_clean/stop/91b03183_nohash_2.wav,stop,91b03183,train
DataSet_clean/stop/91bed2e0_nohash_0.wav,stop,91bed2e0,train
DataSet_clean/stop/91ffb786_nohash_0.wav,stop,91ffb786,train
DataSet_clean/stop/91ffb786_nohash_1.wav,stop,91ffb786,train
DataSet_clean/stop/92521ccc_nohash_0.wav,stop,92521ccc,val
DataSet_clean/stop/92a9c5e6_nohash_0.wav,stop,92a9c5e6,train
DataSet_clean/stop/92a9c5e6_nohash_1.wav,stop,92a9c5e6,train
DataSet_clean/stop/92a9c5e6_nohash_2.wav,stop,92a9c5e6,train
DataSet_clean/stop/92a9c5e6_nohash_3.wav,stop,92a9c5e6,train
DataSet_clean/stop/92b0a735_nohash_0.wav,stop,92b0a735,val
DataSet_clean/stop/92b2bf59_nohash_0.wav,stop,92b2bf59,train
DataSet_clean/stop/92e17cc4_nohash_0.wav,stop,92e17cc4,val
DataSet_clean/stop/92e17cc4_nohash_1.wav,stop,92e17cc4,val
DataSet_clean/stop/92e17cc4_nohash_2.wav,stop,92e17cc4,val
DataSet_clean/stop/9307154f_nohash_0.wav,stop,9307154f,train
DataSet_clean/stop/9385508d_nohash_0.wav,stop,9385508d,val
DataSet_clean/stop/93cf902e_nohash_0.wav,stop,93cf902e,train
DataSet_clean/stop/94403ad3_nohash_0.wav,stop,94403ad3,test
DataSet_clean/stop/9448c397_nohash_0.wav,stop,9448c397,val
DataSet_clean/stop/9448c397_nohash_1.wav,stop,9448c397,val
DataSet_clean/stop/9448c397_nohash_2.wav,stop,9448c397,val
DataSet_clean/stop/9448c397_nohash_3.wav,stop,9448c397,val
DataSet_clean/stop/9448c397_nohash_4.wav,stop,9448c397,val
DataSet_clean/stop/94d370bf_nohash_0.wav,stop,94d370bf,train
DataSet_clean/stop/94d370bf_nohash_1.wav,stop,94d370bf,train
DataSet_clean/stop/94d370bf_nohash_2.wav,stop,94d370bf,train
DataSet_clean/stop/94d370bf_nohash_3.wav,stop,94d370bf,train
DataSet_clean/stop/94d370bf_nohash_4.wav,stop,94d370bf,train
DataSet_clean/stop/94de6a6a_nohash_0.wav,stop,94de6a6a,val
DataSet_clean/stop/94de6a6a_nohash_1.wav,stop,94de6a6a,val
DataSet_clean/stop/94de6a6a_nohash_2.wav,stop,94de6a6a,val
DataSet_clean/stop/94de6a6a_nohash_3.wav,stop,94de6a6a,val
DataSet_clean/stop/94de6a6a_nohash_4.wav,stop,94de6a6a,val
DataSet_clean/stop/951cac20_nohash_0.wav,stop,951cac20,train
DataSet_clean/stop/953fe1ad_nohash_0.wav,stop,953fe1ad,train
DataSet_clean/stop/953fe1ad_nohash_1.wav,stop,953fe1ad,train
DataSet_clean/stop/953fe1ad_nohash_2.wav,stop,953fe1ad,train
DataSet_clean/stop/953fe1ad_nohash_3.wav,stop,953fe1ad,train
DataSet_clean/stop/953fe1ad_nohash_4.wav,stop,953fe1ad,train
DataSet_clean/stop/95458fae_nohash_0.wav,stop,95458fae,test
DataSet_clean/stop/954f190f_nohash_0.wav,stop,954f190f,train
DataSet_clean/stop/954f190f_nohash_1.wav,stop,954f190f,train
DataSet_clean/stop/954f190f_nohash_2.wav,stop,954f190f,train
DataSet_clean/stop/9587481f_nohash_0.wav,stop,9587481f,val
DataSet_clean/stop/9587481f_nohash_1.wav,stop,9587481f,val
DataSet_clean/stop/95fd5a0f_nohash_0.wav,stop,95fd5a0f,val
DataSet_clean/stop/95fd5a0f_nohash_1.wav,stop,95fd5a0f,val
DataSet_clean/stop/95fd5a0f_nohash_2.wav,stop,95fd5a0f,val
DataSet_clean/stop/96105282_nohash_0.wav,stop,96105282,val
DataSet_clean/stop/962f27eb_nohash_0.wav,stop,962f27eb,train
DataSet_clean/stop/964e8cfd_nohash_0.wav,stop,964e8cfd,train
DataSet_clean/stop/964e8cfd_nohash_1.wav,stop,964e8cfd,train
DataSet_clean/stop/964e8cfd_nohash_2.wav,stop,964e8cfd,train
DataSet_clean/stop/964e8cfd_nohash_3.wav,stop,964e8cfd,train
DataSet_clean/stop/964e8cfd_nohash_4.wav,stop,964e8cfd,train
DataSet_clean/stop/96a48d28_nohash_0.wav,stop,96a48d28,train
DataSet_clean/stop/96a48d28_nohash_1.wav,stop,96a48d28,train
DataSet_clean/stop/96a48d28_nohash_2.wav,stop,96a48d28,train
DataSet_clean/stop/96a48d28_nohash_3.wav,stop,96a48d28,train
DataSet_clean/stop/96a48d28_nohash_4.wav,stop,96a48d28,train
DataSet_clean/stop/96c66ab7_nohash_0.wav,stop,96c66ab7,train
DataSet_clean/stop/96c66ab7_nohash_1.wav,stop,96c66ab7,train
DataSet_clean/stop/96d5276f_nohash_0.wav,stop,96d5276f,train
DataSet_clean/stop/96d5276f_nohash_1.wav,stop,96d5276f,train
DataSet_clean/stop/96d8bb6f_nohash_0.wav,stop,96d8bb6f,train
DataSet_clean/stop/96d8bb6f_nohash_1.wav,stop,96d8bb6f,train
DataSet_clean/stop/96d8bb6f_nohash_2.wav,stop,96d8bb6f,train
DataSet_clean/stop/96d8bb6f_nohash_3.wav,stop,96d8bb6f,train
DataSet_clean/stop/97101ef3_nohash_0.wav,stop,97101ef3,test
DataSet_clean/stop/9735764a_nohash_0.wav,stop,9735764a,val
DataSet_clean/stop/9735764a_nohash_1.wav,stop,9735764a,val
DataSet_clean/stop/9735764a_nohash_2.wav,stop,9735764a,val
DataSet_clean/stop/977a3be4_nohash_0.wav,stop,977a3be4,test
DataSet_clean/stop/978240e1_nohash_0.wav,stop,978240e1,test
DataSet_clean/stop/978240e1_nohash_1.wav,stop,978240e1,test
DataSet_clean/stop/978240e1_nohash_2.wav,stop,978240e1,test
DataSet_clean/stop/978240e1_nohash_3.wav,stop,978240e1,test
DataSet_clean/stop/978240e1_nohash_4.wav,stop,978240e1,test
DataSet_clean/stop/97addd88_nohash_0.wav,stop,97addd88,test
DataSet_clean/stop/97addd88_nohash_1.wav,stop,97addd88,test
DataSet_clean/stop/97addd88_nohash_2.wav,stop,97addd88,test
DataSet_clean/stop/97ae8b25_nohash_0.wav,stop,97ae8b25,train
DataSet_clean/stop/97e0c576_nohash_0.wav,stop,97e0c576,train
DataSet_clean/stop/97f493b9_nohash_0.wav,stop,97f493b9,train
DataSet_clean/stop/97f493b9_nohash_1.wav,stop,97f493b9,train
DataSet_clean/stop/97f4c236_nohash_0.wav,stop,97f4c236,train
DataSet_clean/stop/97f4c236_nohash_1.wav,stop,97f4c236,train
DataSet_clean/stop/97f4c236_nohash_2.wav,stop,97f4c236,train
DataSet_clean/stop/97f4c236_nohash_3.wav,stop,97f4c236,train
DataSet_clean/stop/97f4c236_nohash_4.wav,stop,97f4c236,train
DataSet_clean/stop/982babaf_nohash_0.wav,stop,982babaf,test
DataSet_clean/stop/982babaf_nohash_1.wav,stop,982babaf,test
DataSet_clean/stop/982babaf_nohash_2.wav,stop,982babaf,test
DataSet_clean/stop/982babaf_nohash_3.wav,stop,982babaf,test
DataSet_clean/stop/98447c43_nohash_0.wav,stop,98447c43,train
DataSet_clean/stop/98447c43_nohash_1.wav,stop,98447c43,train
DataSet_clean/stop/9886d8bf_nohash_0.wav,stop,9886d8bf,train
DataSet_clean/stop/9886d8bf_nohash_1.wav,stop,9886d8bf,train
DataSet_clean/stop/9886d8bf_nohash_2.wav,stop,9886d8bf,train
DataSet_clean/stop/9886d8bf_nohash_3.wav,stop,9886d8bf,train
DataSet_clean/stop/9886d8bf_nohash_4.wav,stop,9886d8bf,train
DataSet_clean/stop/98ea0818_nohash_0.wav,stop,98ea0818,test
DataSet_clean/stop/98ea0818_nohash_1.wav,stop,98ea0818,test
DataSet_clean/stop/98ea0818_nohash_2.wav,stop,98ea0818,test
DataSet_clean/stop/98ea0818_nohash_3.wav,stop,98ea0818,test
DataSet_clean/stop/98ea0818_nohash_4.wav,stop,98ea0818,test
DataSet_clean/stop/98ea0818_nohash_5.wav,stop,98ea0818,test
DataSet_clean/stop/99e6cab8_nohash_0.wav,stop,99e6cab8,val
DataSet_clean/stop/99fad6a0_nohash_0.wav,stop,99fad6a0,test
DataSet_clean/stop/9a2e5b3c_nohash_0.wav,stop,9a2e5b3c,train
DataSet_clean/stop/9a2e5b3c_nohash_1.wav,stop,9a2e5b3c,train
DataSet_clean/stop/9a356ab9_nohash_0.wav,stop,9a356ab9,train
DataSet_clean/stop/9a69672b_nohash_0.wav,stop,9a69672b,test
DataSet_clean/stop/9a69672b_nohash_1.wav,stop,9a69672b,test
DataSet_clean/stop/9a69672b_nohash_2.wav,stop,9a69672b,test
DataSet_clean/stop/9a69672b_nohash_3.wav,stop,9a69672b,test
DataSet_clean/stop/9a69672b_nohash_4.wav,stop,9a69672b,test
DataSet_clean/stop/9a76f8c3_nohash_0.wav,stop,9a76f8c3,test
DataSet_clean/stop/9a76f8c3_nohash_1.wav,stop,9a76f8c3,test
DataSet_clean/stop/9a76f8c3_nohash_2.wav,stop,9a76f8c3,test
DataSet_clean/stop/9a76f8c3_nohash_3.wav,stop,9a76f8c3,test
DataSet_clean/stop/9a76f8c3_nohash_4.wav,stop,9a76f8c3,test
DataSet_clean/stop/9a7c1f83_nohash_0.wav,stop,9a7c1f83,train
DataSet_clean/stop/9a7c1f83_nohash_1.wav,stop,9a7c1f83,train
DataSet_clean/stop/9a7c1f83_nohash_2.wav,stop,9a7c1f83,train
DataSet_clean/stop/9a7c1f83_nohash_3.wav,stop,9a7c1f83,train
DataSet_clean/stop/9a7c1f83_nohash_4.wav,stop,9a7c1f83,train
DataSet_clean/stop/9a7c1f83_nohash_5.wav,stop,9a7c1f83,train
DataSet_clean/stop/9a8d8d34_nohash_0.wav,stop,9a8d8d34,train
DataSet_clean/stop/9a8d8d34_nohash_1.wav,stop,9a8d8d34,train
DataSet_clean/stop/9a8d8d34_nohash_2.wav,stop,9a8d8d34,train
DataSet_clean/stop/9a8d8d34_nohash_3.wav,stop,9a8d8d34,train
DataSet_clean/stop/9aa21fa9_nohash_0.wav,stop,9aa21fa9,train
DataSet_clean/stop/9aa21fa9_nohash_1.wav,stop,9aa21fa9,train
DataSet_clean/stop/9aa21fa9_nohash_2.wav,stop,9aa21fa9,train
DataSet_clean/stop/9aa21fa9_nohash_3.wav,stop,9aa21fa9,train
DataSet_clean/stop/9aa21fa9_nohash_4.wav,stop,9aa21fa9,train
DataSet_clean/stop/9ab86dd0_nohash_0.wav,stop,9ab86dd0,train
DataSet_clean/stop/9ab86dd0_nohash_1.wav,stop,9ab86dd0,train
DataSet_clean/stop/9acd0254_nohash_0.wav,stop,9acd0254,train
DataSet_clean/stop/9acd0254_nohash_1.wav,stop,9acd0254,train
DataSet_clean/stop/9acd0254_nohash_2.wav,stop,9acd0254,train
DataSet_clean/stop/9b02d503_nohash_0.wav,stop,9b02d503,train
DataSet_clean/stop/9b02d503_nohash_1.wav,stop,9b02d503,train
DataSet_clean/stop/9b02d503_nohash_2.wav,stop,9b02d503,train
DataSet_clean/stop/9b02d503_nohash_3.wav,stop,9b02d503,train
DataSet_clean/stop/9b3ea809_nohash_0.wav,stop,9b3ea809,train
DataSet_clean/stop/9b402bc2_nohash_0.wav,stop,9b402bc2,train
DataSet_clean/stop/9b6c08ba_nohash_0.wav,stop,9b6c08ba,train
DataSet_clean/stop/9b8a7439_nohash_0.wav,stop,9b8a7439,train
DataSet_clean/stop/9b8a7439_nohash_1.wav,stop,9b8a7439,train
DataSet_clean/stop/9b8a7439_nohash_2.wav,stop,9b8a7439,train
DataSet_clean/stop/9b8a7439_nohash_3.wav,stop,9b8a7439,train
DataSet_clean/stop/9b8a7439_nohash_4.wav,stop,9b8a7439,train
DataSet_clean/stop/9be15e93_nohash_0.wav,stop,9be15e93,val
DataSet_clean/stop/9be15e93_nohash_1.wav,stop,9be15e93,val
DataSet_clean/stop/9be15e93_nohash_2.wav,stop,9be15e93,val
DataSet_clean/stop/9be15e93_nohash_3.wav,stop,9be15e93,val
DataSet_clean/stop/9be15e93_nohash_4.wav,stop,9be15e93,val
DataSet_clean/stop/9c06a3f3_nohash_0.wav,stop,9c06a3f3,train
DataSet_clean/stop/9c24bc76_nohash_0.wav,stop,9c24bc76,train
DataSet_clean/stop/9d050657_nohash_0.wav,stop,9d050657,train
DataSet_clean/stop/9d050657_nohash_1.wav,stop,9d050657,train
DataSet_clean/stop/9d171fee_nohash_0.wav,stop,9d171fee,val
DataSet_clean/stop/9d4bab4f_nohash_0.wav,stop,9d4bab4f,train
DataSet_clean/stop/9d4bab4f_nohash_1.wav,stop,9d4bab4f,train
DataSet_clean/stop/9d7036f9_nohash_0.wav,stop,9d7036f9,train
DataSet_clean/stop/9d7036f9_nohash_1.wav,stop,9d7036f9,train
DataSet_clean/stop/9db2bfe9_nohash_0.wav,stop,9db2bfe9,val
DataSet_clean/stop/9db2bfe9_nohash_1.wav,stop,9db2bfe9,val
DataSet_clean/stop/9db2bfe9_nohash_2.wav,stop,9db2bfe9,val
DataSet_clean/stop/9dc1889e_nohash_0.wav,stop,9dc1889e,train
DataSet_clean/stop/9dc1889e_nohash_1.wav,stop,9dc1889e,train
DataSet_clean/stop/9dc1889e_nohash_2.wav,stop,9dc1889e,train
DataSet_clean/stop/9dcfba4b_nohash_0.wav,stop,9dcfba4b,train
DataSet_clean/stop/9e075bf1_nohash_0.wav,stop,9e075bf1,train
DataSet_clean/stop/9e075bf1_nohash_1.wav,stop,9e075bf1,train
DataSet_clean/stop/9e2ce5e3_nohash_0.wav,stop,9e2ce5e3,train
DataSet_clean/stop/9e42ae25_nohash_0.wav,stop,9e42ae25,test
DataSet_clean/stop/9e6bb505_nohash_0.wav,stop,9e6bb505,test
DataSet_clean/stop/9e92ef0c_nohash_0.wav,stop,9e92ef0c,train
DataSet_clean/stop/9e92ef0c_nohash_1.wav,stop,9e92ef0c,train
DataSet_clean/stop/9e92ef0c_nohash_2.wav,stop,9e92ef0c,train
DataSet_clean/stop/9e92ef0c_nohash_3.wav,stop,9e92ef0c,train
DataSet_clean/stop/9e92ef0c_nohash_4.wav,stop,9e92ef0c,train
DataSet_clean/stop/9f22307d_nohash_0.wav,stop,9f22307d,train
DataSet_clean/stop/9f4098cb_nohash_0.wav,stop,9f4098cb,val
DataSet_clean/stop/9f4098cb_nohash_1.wav,stop,9f4098cb,val
DataSet_clean/stop/9f63152b_nohash_0.wav,stop,9f63152b,train
DataSet_clean/stop/9f63152b_nohash_1.wav,stop,9f63152b,train
DataSet_clean/stop/9f63152b_nohash_2.wav,stop,9f63152b,train
DataSet_clean/stop/9f7079fe_nohash_0.wav,stop,9f7079fe,train
DataSet_clean/stop/9f7079fe_nohash_1.wav,stop,9f7079fe,train
DataSet_clean/stop/9f869f70_nohash_0.wav,stop,9f869f70,train
DataSet_clean/stop/9f92fb7c_nohash_0.wav,stop,9f92fb7c,train
DataSet_clean/stop/9f92fb7c_nohash_1.wav,stop,9f92fb7c,train
DataSet_clean/stop/9f93e408_nohash_0.wav,stop,9f93e408,val
DataSet_clean/stop/9f93e408_nohash_1.wav,stop,9f93e408,val
DataSet_clean/stop/9fa86a74_nohash_0.wav,stop,9fa86a74,train
DataSet_clean/stop/9fac5701_nohash_0.wav,stop,9fac5701,val
DataSet_clean/stop/9fac5701_nohash_1.wav,stop,9fac5701,val
DataSet_clean/stop/9ff1b8b6_nohash_0.wav,stop,9ff1b8b6,test
DataSet_clean/stop/9ff2d2f4_nohash_0.wav,stop,9ff2d2f4,train
DataSet_clean/stop/9ff2d2f4_nohash_1.wav,stop,9ff2d2f4,train
DataSet_clean/stop/9ff2d2f4_nohash_2.wav,stop,9ff2d2f4,train
DataSet_clean/stop/9ff2d2f4_nohash_3.wav,stop,9ff2d2f4,train
DataSet_clean/stop/a045368c_nohash_0.wav,stop,a045368c,train
DataSet_clean/stop/a045368c_nohash_1.wav,stop,a045368c,train
DataSet_clean/stop/a045368c_nohash_2.wav,stop,a045368c,train
DataSet_clean/stop/a045368c_nohash_3.wav,stop,a045368c,train
DataSet_clean/stop/a045368c_nohash_4.wav,stop,a045368c,train
DataSet_clean/stop/a04817c2_nohash_0.wav,stop,a04817c2,train
DataSet_clean/stop/a04817c2_nohash_1.wav,stop,a04817c2,train
DataSet_clean/stop/a04817c2_nohash_2.wav,stop,a04817c2,train
DataSet_clean/stop/a04817c2_nohash_3.wav,stop,a04817c2,train
DataSet_clean/stop/a04817c2_nohash_4.wav,stop,a04817c2,train
DataSet_clean/stop/a05a90c1_nohash_0.wav,stop,a05a90c1,test
DataSet_clean/stop/a05a90c1_nohash_1.wav,stop,a05a90c1,test
DataSet_clean/stop/a05a90c1_nohash_2.wav,stop,a05a90c1,test
DataSet_clean/stop/a05a90c1_nohash_3.wav,stop,a05a90c1,test
DataSet_clean/stop/a108341b_nohash_0.wav,stop,a108341b,train
DataSet_clean/stop/a1533da4_nohash_0.wav,stop,a1533da4,train
DataSet_clean/stop/a1533da4_nohash_1.wav,stop,a1533da4,train
DataSet_clean/stop/a16013b7_nohash_0.wav,stop,a16013b7,train
DataSet_clean/stop/a16013b7_nohash_1.wav,stop,a16013b7,train
DataSet_clean/stop/a16013b7_nohash_2.wav,stop,a16013b7,train
DataSet_clean/stop/a16013b7_nohash_3.wav,stop,a16013b7,train
DataSet_clean/stop/a16013b7_nohash_4.wav,stop,a16013b7,train
DataSet_clean/stop/a16b3102_nohash_0.wav,stop,a16b3102,train
DataSet_clean/stop/a19452d5_nohash_0.wav,stop,a19452d5,train
DataSet_clean/stop/a1a59b72_nohash_0.wav,stop,a1a59b72,train
DataSet_clean/stop/a1a59b72_nohash_1.wav,stop,a1a59b72,train
DataSet_clean/stop/a1c63f25_nohash_0.wav,stop,a1c63f25,train
DataSet_clean/stop/a1c63f25_nohash_1.wav,stop,a1c63f25,train
DataSet_clean/stop/a1cff772_nohash_0.wav,stop,a1cff772,test
DataSet_clean/stop/a1cff772_nohash_1.wav,stop,a1cff772,test
DataSet_clean/stop/a1cff772_nohash_2.wav,stop,a1cff772,test
DataSet_clean/stop/a1cff772_nohash_3.wav,stop,a1cff772,test
DataSet_clean/stop/a1cff772_nohash_4.wav,stop,a1cff772,test
DataSet_clean/stop/a1cff772_nohash_5.wav,stop,a1cff772,test
DataSet_clean/stop/a1dd919f_nohash_0.wav,stop,a1dd919f,val
DataSet_clean/stop/a1e71565_nohash_0.wav,stop,a1e71565,train
DataSet_clean/stop/a1e71565_nohash_1.wav,stop,a1e71565,train
DataSet_clean/stop/a1e71565_nohash_2.wav,stop,a1e71565,train
DataSet_clean/stop/a1e71565_nohash_3.wav,stop,a1e71565,train
DataSet_clean/stop/a24582a0_nohash_0.wav,stop,a24582a0,test
DataSet_clean/stop/a2473d62_nohash_0.wav,stop,a2473d62,train
DataSet_clean/stop/a2473d62_nohash_1.wav,stop,a2473d62,train
DataSet_clean/stop/a2473d62_nohash_2.wav,stop,a2473d62,train
DataSet_clean/stop/a24cf51c_nohash_0.wav,stop,a24cf51c,train
DataSet_clean/stop/a2b16113_nohash_0.wav,stop,a2b16113,train
DataSet_clean/stop/a2cc5444_nohash_0.wav,stop,a2cc5444,val
DataSet_clean/stop/a2cc5444_nohash_1.wav,stop,a2cc5444,val
DataSet_clean/stop/a2cc5444_nohash_2.wav,stop,a2cc5444,val
DataSet_clean/stop/a2cc5444_nohash_3.wav,stop,a2cc5444,val
DataSet_clean/stop/a2fefcb4_nohash_0.wav,stop,a2fefcb4,train
DataSet_clean/stop/a3255f5c_nohash_0.wav,stop,a3255f5c,test
DataSet_clean/stop/a331d9cb_nohash_0.wav,stop,a331d9cb,train
DataSet_clean/stop/a42a88ff_nohash_0.wav,stop,a42a88ff,train
DataSet_clean/stop/a434d52e_nohash_0.wav,stop,a434d52e,train
DataSet_clean/stop/a434d52e_nohash_1.wav,stop,a434d52e,train
DataSet_clean/stop/a4383927_nohash_0.wav,stop,a4383927,train
DataSet_clean/stop/a4383927_nohash_1.wav,stop,a4383927,train
DataSet_clean/stop/a489191a_nohash_0.wav,stop,a489191a,train
DataSet_clean/stop/a489191a_nohash_1.wav,stop,a489191a,train
DataSet_clean/stop/a489191a_nohash_2.wav,stop,a489191a,train
DataSet_clean/stop/a489191a_nohash_3.wav,stop,a489191a,train
DataSet_clean/stop/a489191a_nohash_4.wav,stop,a489191a,train
DataSet_clean/stop/a4b21cbc_nohash_0.wav,stop,a4b21cbc,test
DataSet_clean/stop/a4baac4e_nohash_0.wav,stop,a4baac4e,train
DataSet_clean/stop/a4ca3afe_nohash_0.wav,stop,a4ca3afe,train
DataSet_clean/stop/a4ca3afe_nohash_1.wav,stop,a4ca3afe,train
DataSet_clean/stop/a4e8a997_nohash_0.wav,stop,a4e8a997,train
DataSet_clean/stop/a4e8a997_nohash_1.wav,stop,a4e8a997,train
DataSet_clean/stop/a4effc43_nohash_0.wav,stop,a4effc43,test
DataSet_clean/stop/a4effc43_nohash_1.wav,stop,a4effc43,test
DataSet_clean/stop/a518d1cf_nohash_0.wav,stop,a518d1cf,train
DataSet_clean/stop/a518d1cf_nohash_1.wav,stop,a518d1cf,train
DataSet_clean/stop/a55105d0_nohash_0.wav,stop,a55105d0,train
DataSet_clean/stop/a55105d0_nohash_1.wav,stop,a55105d0,train
DataSet_clean/stop/a55105d0_nohash_2.wav,stop,a55105d0,train
DataSet_clean/stop/a55105d0_nohash_3.wav,stop,a55105d0,train
DataSet_clean/stop/a5a16097_nohash_0.wav,stop,a5a16097,train
DataSet_clean/stop/a5d1becc_nohash_0.wav,stop,a5d1becc,test
DataSet_clean/stop/a5d1becc_nohash_1.wav,stop,a5d1becc,test
DataSet_clean/stop/a5d1becc_nohash_2.wav,stop,a5d1becc,test
DataSet_clean/stop/a5d485dc_nohash_0.wav,stop,a5d485dc,val
DataSet_clean/stop/a6d586b7_nohash_0.wav,stop,a6d586b7,train
DataSet_clean/stop/a6d586b7_nohash_1.wav,stop,a6d586b7,train
DataSet_clean/stop/a6d586b7_nohash_2.wav,stop,a6d586b7,train
DataSet_clean/stop/a6d586b7_nohash_3.wav,stop,a6d586b7,train
DataSet_clean/stop/a6d586b7_nohash_4.wav,stop,a6d586b7,train
DataSet_clean/stop/a6f2fd71_nohash_0.wav,stop,a6f2fd71,train
DataSet_clean/stop/a6f2fd71_nohash_1.wav,stop,a6f2fd71,train
DataSet_clean/stop/a6f2fd71_nohash_2.wav,stop,a6f2fd71,train
DataSet_clean/stop/a6f2fd71_nohash_3.wav,stop,a6f2fd71,train
DataSet_clean/stop/a6f2fd71_nohash_4.wav,stop,a6f2fd71,train
DataSet_clean/stop/a7200079_nohash_0.wav,stop,a7200079,test
DataSet_clean/stop/a7200079_nohash_1.wav,stop,a7200079,test
DataSet_clean/stop/a7200079_nohash_2.wav,stop,a7200079,test
DataSet_clean/stop/a7200079_nohash_3.wav,stop,a7200079,test
DataSet_clean/stop/a7200079_nohash_4.wav,stop,a7200079,test
DataSet_clean/stop/a7216980_nohash_0.wav,stop,a7216980,train
DataSet_clean/stop/a7216980_nohash_1.wav,stop,a7216980,train
DataSet_clean/stop/a7216980_nohash_2.wav,stop,a7216980,train
DataSet_clean/stop/a7216980_nohash_3.wav,stop,a7216980,train
DataSet_clean/stop/a7216980_nohash_4.wav,stop,a7216980,train
DataSet_clean/stop/a74f3917_nohash_0.wav,stop,a74f3917,train
DataSet_clean/stop/a74f3917_nohash_1.wav,stop,a74f3917,train
DataSet_clean/stop/a77fbcfd_nohash_0.wav,stop,a77fbcfd,train
DataSet_clean/stop/a77fbcfd_nohash_1.wav,stop,a77fbcfd,train
DataSet_clean/stop/a77fbcfd_nohash_2.wav,stop,a77fbcfd,train
DataSet_clean/stop/a77fbcfd_nohash_3.wav,stop,a77fbcfd,train
DataSet_clean/stop/a77fbcfd_nohash_4.wav,stop,a77fbcfd,train
DataSet_clean/stop/a7acbbeb_nohash_0.wav,stop,a7acbbeb,train
DataSet_clean/stop/a7acbbeb_nohash_1.wav,stop,a7acbbeb,train
DataSet_clean/stop/a7acbbeb_nohash_2.wav,stop,a7acbbeb,train
DataSet_clean/stop/a7dd45cf_nohash_0.wav,stop,a7dd45cf,val
DataSet_clean/stop/a827e3a1_nohash_0.wav,stop,a827e3a1,test
DataSet_clean/stop/a827e3a1_nohash_1.wav,stop,a827e3a1,test
DataSet_clean/stop/a827e3a1_nohash_2.wav,stop,a827e3a1,test
DataSet_clean/stop/a827e3a1_nohash_3.wav,stop,a827e3a1,test
DataSet_clean/stop/a8688b67_nohash_0.wav,stop,a8688b67,train
DataSet_clean/stop/a8cb6dda_nohash_0.wav,stop,a8cb6dda,test
DataSet_clean/stop/a8cb6dda_nohash_1.wav,stop,a8cb6dda,test
DataSet_clean/stop/a8cf01bc_nohash_0.wav,stop,a8cf01bc,train
DataSet_clean/stop/a8e25ebb_nohash_0.wav,stop,a8e25ebb,train
DataSet_clean/stop/a8e25ebb_nohash_1.wav,stop,a8e25ebb,train
DataSet_clean/stop/a902ce9b_nohash_0.wav,stop,a902ce9b,train
DataSet_clean/stop/a902ce9b_nohash_1.wav,stop,a902ce9b,train
DataSet_clean/stop/a902ce9b_nohash_2.wav,stop,a902ce9b,train
DataSet_clean/stop/a929f9b9_nohash_0.wav,stop,a929f9b9,val
DataSet_clean/stop/a929f9b9_nohash_1.wav,stop,a929f9b9,val
DataSet_clean/stop/a929f9b9_nohash_2.wav,stop,a929f9b9,val
DataSet_clean/stop/a929f9b9_nohash_3.wav,stop,a929f9b9,val
DataSet_clean/stop/a929f9b9_nohash_4.wav,stop,a929f9b9,val
DataSet_clean/stop/a95dbfd4_nohash_0.wav,stop,a95dbfd4,val
DataSet_clean/stop/a95dbfd4_nohash_1.wav,stop,a95dbfd4,val
DataSet_clean/stop/a996cf66_nohash_0.wav,stop,a996cf66,train
DataSet_clean/stop/a9abc695_nohash_0.wav,stop,a9abc695,train
DataSet_clean/stop/a9abc695_nohash_1.wav,stop,a9abc695,train
DataSet_clean/stop/a9b574b3_nohash_0.wav,stop,a9b574b3,val
DataSet_clean/stop/a9ca1818_nohash_0.wav,stop,a9ca1818,train
DataSet_clean/stop/a9ca1818_nohash_1.wav,stop,a9ca1818,train
DataSet_clean/stop/a9ca1818_nohash_2.wav,stop,a9ca1818,train
DataSet_clean/stop/a9ca1818_nohash_3.wav,stop,a9ca1818,train
DataSet_clean/stop/a9ca1818_nohash_4.wav,stop,a9ca1818,train
DataSet_clean/stop/aa109cfb_nohash_0.wav,stop,aa109cfb,train
DataSet_clean/stop/aa48c94a_nohash_0.wav,stop,aa48c94a,val
DataSet_clean/stop/aa62fdad_nohash_0.wav,stop,aa62fdad,test
DataSet_clean/stop/aa80f517_nohash_0.wav,stop,aa80f517,train
DataSet_clean/stop/aa80f517_nohash_1.wav,stop,aa80f517,train
DataSet_clean/stop/aa80f517_nohash_2.wav,stop,aa80f517,train
DataSet_clean/stop/aa80f517_nohash_3.wav,stop,aa80f517,train
DataSet_clean/stop/aa80f517_nohash_4.wav,stop,aa80f517,train
DataSet_clean/stop/aac5b7c1_nohash_0.wav,stop,aac5b7c1,val
DataSet_clean/stop/ab00c4b2_nohash_0.wav,stop,ab00c4b2,test
DataSet_clean/stop/ab00c4b2_nohash_1.wav,stop,ab00c4b2,test
DataSet_clean/stop/ab1299bb_nohash_0.wav,stop,ab1299bb,train
DataSet_clean/stop/ab46af55_nohash_0.wav,stop,ab46af55,test
DataSet_clean/stop/ab46af55_nohash_1.wav,stop,ab46af55,test
DataSet_clean/stop/ab46af55_nohash_2.wav,stop,ab46af55,test
DataSet_clean/stop/ab46af55_nohash_3.wav,stop,ab46af55,test
DataSet_clean/stop/ab46af55_nohash_4.wav,stop,ab46af55,test
DataSet_clean/stop/ab46af55_nohash_5.wav,stop,ab46af55,test
DataSet_clean/stop/ab46af55_nohash_6.wav,stop,ab46af55,test
DataSet_clean/stop/ab46af55_nohash_7.wav,stop,ab46af55,test
DataSet_clean/stop/ab5ae445_nohash_0.wav,stop,ab5ae445,val
DataSet_clean/stop/ab5ae445_nohash_1.wav,stop,ab5ae445,val
DataSet_clean/stop/ab5ae445_nohash_2.wav,stop,ab5ae445,val
DataSet_clean/stop/ab5d7179_nohash_0.wav,stop,ab5d7179,train
DataSet_clean/stop/ab71c9a7_nohash_0.wav,stop,ab71c9a7,val
DataSet_clean/stop/ab76ac76_nohash_0.wav,stop,ab76ac76,train
DataSet_clean/stop/ab9b93e4_nohash_0.wav,stop,ab9b93e4,train
DataSet_clean/stop/ab9b93e4_nohash_1.wav,stop,ab9b93e4,train
DataSet_clean/stop/ab9b93e4_nohash_2.wav,stop,ab9b93e4,train
DataSet_clean/stop/ab9b93e4_nohash_3.wav,stop,ab9b93e4,train
DataSet_clean/stop/abbfc3b4_nohash_0.wav,stop,abbfc3b4,test
DataSet_clean/stop/abbfc3b4_nohash_1.wav,stop,abbfc3b4,test
DataSet_clean/stop/ac4b3fc3_nohash_0.wav,stop,ac4b3fc3,test
DataSet_clean/stop/ac4b3fc3_nohash_1.wav,stop,ac4b3fc3,test
DataSet_clean/stop/ac9dee0e_nohash_0.wav,stop,ac9dee0e,train
DataSet_clean/stop/ac9dee0e_nohash_1.wav,stop,ac9dee0e,train
DataSet_clean/stop/ac9dee0e_nohash_2.wav,stop,ac9dee0e,train
DataSet_clean/stop/ac9dee0e_nohash_3.wav,stop,ac9dee0e,train
DataSet_clean/stop/acde7e73_nohash_0.wav,stop,acde7e73,train
DataSet_clean/stop/ace072ba_nohash_0.wav,stop,ace072ba,val
DataSet_clean/stop/ace072ba_nohash_1.wav,stop,ace072ba,val
DataSet_clean/stop/ace072ba_nohash_2.wav,stop,ace072ba,val
DataSet_clean/stop/ace072ba_nohash_3.wav,stop,ace072ba,val
DataSet_clean/stop/acfd3bc3_nohash_0.wav,stop,acfd3bc3,train
DataSet_clean/stop/acfd3bc3_nohash_1.wav,stop,acfd3bc3,train
DataSet_clean/stop/acfd3bc3_nohash_2.wav,stop,acfd3bc3,train
DataSet_clean/stop/acfd3bc3_nohash_3.wav,stop,acfd3bc3,train
DataSet_clean/stop/acfd5b5e_nohash_0.wav,stop,acfd5b5e,train
DataSet_clean/stop/acfd5b5e_nohash_1.wav,stop,acfd5b5e,train
DataSet_clean/stop/acfd5b5e_nohash_2.wav,stop,acfd5b5e,train
DataSet_clean/stop/ad1429cf_nohash_0.wav,stop,ad1429cf,train
DataSet_clean/stop/ad1429cf_nohash_1.wav,stop,ad1429cf,train
DataSet_clean/stop/ad63d93c_nohash_0.wav,stop,ad63d93c,train
DataSet_clean/stop/ad63d93c_nohash_1.wav,stop,ad63d93c,train
DataSet_clean/stop/ad63d93c_nohash_2.wav,stop,ad63d93c,train
DataSet_clean/stop/ad63d93c_nohash_3.wav,stop,ad63d93c,train
DataSet_clean/stop/ad63d93c_nohash_4.wav,stop,ad63d93c,train
DataSet_clean/stop/ad89eb1e_nohash_0.wav,stop,ad89eb1e,val
DataSet_clean/stop/adc216c5_nohash_0.wav,stop,adc216c5,train
DataSet_clean/stop/adec6a94_nohash_0.wav,stop,adec6a94,train
DataSet_clean/stop/ae04cdbe_nohash_0.wav,stop,ae04cdbe,train
DataSet_clean/stop/ae32324a_nohash_0.wav,stop,ae32324a,val
DataSet_clean/stop/ae82c78c_nohash_0.wav,stop,ae82c78c,train
DataSet_clean/stop/ae927455_nohash_0.wav,stop,ae927455,val
DataSet_clean/stop/aeb99b1c_nohash_0.wav,stop,aeb99b1c,train
DataSet_clean/stop/aef8dcf5_nohash_0.wav,stop,aef8dcf5,train
DataSet_clean/stop/aef8dcf5_nohash_1.wav,stop,aef8dcf5,train
DataSet_clean/stop/aef8dcf5_nohash_2.wav,stop,aef8dcf5,train
DataSet_clean/stop/af130f12_nohash_0.wav,stop,af130f12,train
DataSet_clean/stop/af30314d_nohash_0.wav,stop,af30314d,train
DataSet_clean/stop/af6fbbf5_nohash_0.wav,stop,af6fbbf5,val
DataSet_clean/stop/af6fbbf5_nohash_1.wav,stop,af6fbbf5,val
DataSet_clean/stop/af790082_nohash_0.wav,stop,af790082,train
DataSet_clean/stop/af790082_nohash_1.wav,stop,af790082,train
DataSet_clean/stop/af790082_nohash_2.wav,stop,af790082,train
DataSet_clean/stop/af790082_nohash_3.wav,stop,af790082,train
DataSet_clean/stop/afabfa0e_nohash_0.wav,stop,afabfa0e,train
DataSet_clean/stop/afb9e62e_nohash_0.wav,stop,afb9e62e,train
DataSet_clean/stop/afd53389_nohash_0.wav,stop,afd53389,train
DataSet_clean/stop/afe0b87d_nohash_0.wav,stop,afe0b87d,train
DataSet_clean/stop/aff582a1_nohash_0.wav,stop,aff582a1,test
DataSet_clean/stop/aff582a1_nohash_1.wav,stop,aff582a1,test
DataSet_clean/stop/aff582a1_nohash_2.wav,stop,aff582a1,test
DataSet_clean/stop/aff582a1_nohash_3.wav,stop,aff582a1,test
DataSet_clean/stop/b00dff7e_nohash_0.wav,stop,b00dff7e,test
DataSet_clean/stop/b06c19b0_nohash_0.wav,stop,b06c19b0,test
DataSet_clean/stop/b089169d_nohash_0.wav,stop,b089169d,train
DataSet_clean/stop/b0ae6326_nohash_0.wav,stop,b0ae6326,train
DataSet_clean/stop/b0ae6326_nohash_1.wav,stop,b0ae6326,train
DataSet_clean/stop/b0ae6326_nohash_2.wav,stop,b0ae6326,train
DataSet_clean/stop/b0ae6326_nohash_3.wav,stop,b0ae6326,train
DataSet_clean/stop/b0f24c9b_nohash_0.wav,stop,b0f24c9b,train
DataSet_clean/stop/b0f24c9b_nohash_1.wav,stop,b0f24c9b,train
DataSet_clean/stop/b0f5b16d_nohash_0.wav,stop,b0f5b16d,train
DataSet_clean/stop/b0f5b16d_nohash_1.wav,stop,b0f5b16d,train
DataSet_clean/stop/b0f5b16d_nohash_2.wav,stop,b0f5b16d,train
DataSet_clean/stop/b0f5b16d_nohash_3.wav,stop,b0f5b16d,train
DataSet_clean/stop/b0f5b16d_nohash_4.wav,stop,b0f5b16d,train
DataSet_clean/stop/b10b0654_nohash_0.wav,stop,b10b0654,train
DataSet_clean/stop/b1114e4f_nohash_0.wav,stop,b1114e4f,val
DataSet_clean/stop/b1426003_nohash_0.wav,stop,b1426003,train
DataSet_clean/stop/b1426003_nohash_1.wav,stop,b1426003,train
DataSet_clean/stop/b15fc37d_nohash_0.wav,stop,b15fc37d,train
DataSet_clean/stop/b17f5ba0_nohash_0.wav,stop,b17f5ba0,train
DataSet_clean/stop/b1f8326d_nohash_0.wav,stop,b1f8326d,test
DataSet_clean/stop/b21f0fa4_nohash_0.wav,stop,b21f0fa4,train
DataSet_clean/stop/b26343e9_nohash_0.wav,stop,b26343e9,val
DataSet_clean/stop/b26343e9_nohash_1.wav,stop,b26343e9,val
DataSet_clean/stop/b29f8b23_nohash_0.wav,stop,b29f8b23,train
DataSet_clean/stop/b29f8b23_nohash_1.wav,stop,b29f8b23,train
DataSet_clean/stop/b29f8b23_nohash_2.wav,stop,b29f8b23,train
DataSet_clean/stop/b2ae3928_nohash_0.wav,stop,b2ae3928,train
DataSet_clean/stop/b2ae3928_nohash_1.wav,stop,b2ae3928,train
DataSet_clean/stop/b2ae3928_nohash_2.wav,stop,b2ae3928,train
DataSet_clean/stop/b2ae3928_nohash_3.wav,stop,b2ae3928,train
DataSet_clean/stop/b2ae3928_nohash_4.wav,stop,b2ae3928,train
DataSet_clean/stop/b2e2773a_nohash_0.wav,stop,b2e2773a,train
DataSet_clean/stop/b2e2773a_nohash_1.wav,stop,b2e2773a,train
DataSet_clean/stop/b308773d_nohash_0.wav,stop,b308773d,test
DataSet_clean/stop/b308773d_nohash_1.wav,stop,b308773d,test
DataSet_clean/stop/b308773d_nohash_2.wav,stop,b308773d,test
DataSet_clean/stop/b308773d_nohash_3.wav,stop,b308773d,test
DataSet_clean/stop/b308773d_nohash_4.wav,stop,b308773d,test
DataSet_clean/stop/b3327675_nohash_0.wav,stop,b3327675,train
DataSet_clean/stop/b3327675_nohash_1.wav,stop,b3327675,train
DataSet_clean/stop/b3327675_nohash_2.wav,stop,b3327675,train
DataSet_clean/stop/b36c27c2_nohash_0.wav,stop,b36c27c2,val
DataSet_clean/stop/b3bdded5_nohash_0.wav,stop,b3bdded5,val
DataSet_clean/stop/b3bdded5_nohash_1.wav,stop,b3bdded5,val
DataSet_clean/stop/b3bdded5_nohash_2.wav,stop,b3bdded5,val
DataSet_clean/stop/b414c653_nohash_0.wav,stop,b414c653,train
DataSet_clean/stop/b414c653_nohash_1.wav,stop,b414c653,train
DataSet_clean/stop/b414c653_nohash_2.wav,stop,b414c653,train
DataSet_clean/stop/b414c653_nohash_3.wav,stop,b414c653,train
DataSet_clean/stop/b414c653_nohash_4.wav,stop,b414c653,train
DataSet_clean/stop/b433332a_nohash_0.wav,stop,b433332a,train
DataSet_clean/stop/b43c8f2f_nohash_0.wav,stop,b43c8f2f,train
DataSet_clean/stop/b43c8f2f_nohash_1.wav,stop,b43c8f2f,train
DataSet_clean/stop/b43de700_nohash_0.wav,stop,b43de700,test
DataSet_clean/stop/b44007bc_nohash_0.wav,stop,b44007bc,train
DataSet_clean/stop/b4604db4_nohash_0.wav,stop,b4604db4,train
DataSet_clean/stop/b4604db4_nohash_1.wav,stop,b4604db4,train
DataSet_clean/stop/b46e8153_nohash_0.wav,stop,b46e8153,train
DataSet_clean/stop/b49caed3_nohash_0.wav,stop,b49caed3,train
DataSet_clean/stop/b49caed3_nohash_1.wav,stop,b49caed3,train
DataSet_clean/stop/b49caed3_nohash_2.wav,stop,b49caed3,train
DataSet_clean/stop/b49caed3_nohash_3.wav,stop,b49caed3,train
DataSet_clean/stop/b49caed3_nohash_4.wav,stop,b49caed3,train
DataSet_clean/stop/b4aa9fef_nohash_0.wav,stop,b4aa9fef,train
DataSet_clean/stop/b4aa9fef_nohash_1.wav,stop,b4aa9fef,train
DataSet_clean/stop/b4aa9fef_nohash_2.wav,stop,b4aa9fef,train
DataSet_clean/stop/b4aa9fef_nohash_3.wav,stop,b4aa9fef,train
DataSet_clean/stop/b4bef564_nohash_0.wav,stop,b4bef564,train
DataSet_clean/stop/b4bef564_nohash_1.wav,stop,b4bef564,train
DataSet_clean/stop/b4ea0d9a_nohash_0.wav,stop,b4ea0d9a,test
DataSet_clean/stop/b4ea0d9a_nohash_1.wav,stop,b4ea0d9a,test
DataSet_clean/stop/b4ea0d9a_nohash_2.wav,stop,b4ea0d9a,test
DataSet_clean/stop/b4ea0d9a_nohash_3.wav,stop,b4ea0d9a,test
DataSet_clean/stop/b4ea0d9a_nohash_4.wav,stop,b4ea0d9a,test
DataSet_clean/stop/b4ea0d9a_nohash_5.wav,stop,b4ea0d9a,test
DataSet_clean/stop/b4ea0d9a_nohash_6.wav,stop,b4ea0d9a,test
DataSet_clean/stop/b528edb3_nohash_0.wav,stop,b528edb3,train
DataSet_clean/stop/b528edb3_nohash_1.wav,stop,b528edb3,train
DataSet_clean/stop/b528edb3_nohash_2.wav,stop,b528edb3,train
DataSet_clean/stop/b528edb3_nohash_3.wav,stop,b528edb3,train
DataSet_clean/stop/b528edb3_nohash_4.wav,stop,b528edb3,train
DataSet_clean/stop/b52bd596_nohash_0.wav,stop,b52bd596,train
DataSet_clean/stop/b544d4fd_nohash_0.wav,stop,b544d4fd,train
DataSet_clean/stop/b544d4fd_nohash_1.wav,stop,b544d4fd,train
DataSet_clean/stop/b5552931_nohash_0.wav,stop,b5552931,train
DataSet_clean/stop/b5552931_nohash_1.wav,stop,b5552931,train
DataSet_clean/stop/b5552931_nohash_2.wav,stop,b5552931,train
DataSet_clean/stop/b5552931_nohash_3.wav,stop,b5552931,train
DataSet_clean/stop/b5552931_nohash_4.wav,stop,b5552931,train
DataSet_clean/stop/b55a09be_nohash_0.wav,stop,b55a09be,train
DataSet_clean/stop/b55a09be_nohash_1.wav,stop,b55a09be,train
DataSet_clean/stop/b55a09be_nohash_2.wav,stop,b55a09be,train
DataSet_clean/stop/b59fa113_nohash_0.wav,stop,b59fa113,train
DataSet_clean/stop/b5cf6ea8_nohash_0.wav,stop,b5cf6ea8,train
DataSet_clean/stop/b5cf6ea8_nohash_1.wav,stop,b5cf6ea8,train
DataSet_clean/stop/b5cf6ea8_nohash_2.wav,stop,b5cf6ea8,train
DataSet_clean/stop/b5cf6ea8_nohash_3.wav,stop,b5cf6ea8,train
DataSet_clean/stop/b5cf6ea8_nohash_4.wav,stop,b5cf6ea8,train
DataSet_clean/stop/b5cf6ea8_nohash_5.wav,stop,b5cf6ea8,train
DataSet_clean/stop/b5cf6ea8_nohash_6.wav,stop,b5cf6ea8,train
DataSet_clean/stop/b63fea9e_nohash_0.wav,stop,b63fea9e,train
DataSet_clean/stop/b65f6015_nohash_0.wav,stop,b65f6015,val
DataSet_clean/stop/b65f6015_nohash_1.wav,stop,b65f6015,val
DataSet_clean/stop/b665723d_nohash_0.wav,stop,b665723d,train
DataSet_clean/stop/b66f4f93_nohash_0.wav,stop,b66f4f93,val
DataSet_clean/stop/b66f4f93_nohash_1.wav,stop,b66f4f93,val
DataSet_clean/stop/b66f4f93_nohash_2.wav,stop,b66f4f93,val
DataSet_clean/stop/b66f4f93_nohash_3.wav,stop,b66f4f93,val
DataSet_clean/stop/b66f4f93_nohash_4.wav,stop,b66f4f93,val
DataSet_clean/stop/b66f4f93_nohash_5.wav,stop,b66f4f93,val
DataSet_clean/stop/b66f4f93_nohash_6.wav,stop,b66f4f93,val
DataSet_clean/stop/b66f4f93_nohash_7.wav,stop,b66f4f93,val
DataSet_clean/stop/b66f4f93_nohash_8.wav,stop,b66f4f93,val
DataSet_clean/stop/b69002d4_nohash_0.wav,stop,b69002d4,val
DataSet_clean/stop/b69002d4_nohash_1.wav,stop,b69002d4,val
DataSet_clean/stop/b69002d4_nohash_2.wav,stop,b69002d4,val
DataSet_clean/stop/b69002d4_nohash_3.wav,stop,b69002d4,val
DataSet_clean/stop/b69002d4_nohash_4.wav,stop,b69002d4,val
DataSet_clean/stop/b69fe0e2_nohash_0.wav,stop,b69fe0e2,train
DataSet_clean/stop/b69fe0e2_nohash_1.wav,stop,b69fe0e2,train
DataSet_clean/stop/b69fe0e2_nohash_2.wav,stop,b69fe0e2,train
DataSet_clean/stop/b69fe0e2_nohash_3.wav,stop,b69fe0e2,train
DataSet_clean/stop/b6d11c9b_nohash_0.wav,stop,b6d11c9b,test
DataSet_clean/stop/b6e6aa2e_nohash_0.wav,stop,b6e6aa2e,val
DataSet_clean/stop/b6e6aa2e_nohash_1.wav,stop,b6e6aa2e,val
DataSet_clean/stop/b6ebe225_nohash_0.wav,stop,b6ebe225,val
DataSet_clean/stop/b7016c27_nohash_0.wav,stop,b7016c27,test
DataSet_clean/stop/b71ebf79_nohash_0.wav,stop,b71ebf79,train
DataSet_clean/stop/b72e58c9_nohash_0.wav,stop,b72e58c9,train
DataSet_clean/stop/b72e58c9_nohash_1.wav,stop,b72e58c9,train
DataSet_clean/stop/b76f6088_nohash_0.wav,stop,b76f6088,train
DataSet_clean/stop/b76f6088_nohash_1.wav,stop,b76f6088,train
DataSet_clean/stop/b76f6088_nohash_2.wav,stop,b76f6088,train
DataSet_clean/stop/b76f6088_nohash_3.wav,stop,b76f6088,train
DataSet_clean/stop/b76f6088_nohash_4.wav,stop,b76f6088,train
DataSet_clean/stop/b7a0754f_nohash_0.wav,stop,b7a0754f,train
DataSet_clean/stop/b7a0754f_nohash_1.wav,stop,b7a0754f,train
DataSet_clean/stop/b7a0754f_nohash_2.wav,stop,b7a0754f,train
DataSet_clean/stop/b7a0754f_nohash_3.wav,stop,b7a0754f,train
DataSet_clean/stop/b7a0754f_nohash_4.wav,stop,b7a0754f,train
DataSet_clean/stop/b80d6c5e_nohash_0.wav,stop,b80d6c5e,train
DataSet_clean/stop/b80d6c5e_nohash_1.wav,stop,b80d6c5e,train
DataSet_clean/stop/b83c1acf_nohash_0.wav,stop,b83c1acf,test
DataSet_clean/stop/b83c1acf_nohash_1.wav,stop,b83c1acf,test
DataSet_clean/stop/b83c1acf_nohash_2.wav,stop,b83c1acf,test
DataSet_clean/stop/b83c1acf_nohash_3.wav,stop,b83c1acf,test
DataSet_clean/stop/b83c1acf_nohash_4.wav,stop,b83c1acf,test
DataSet_clean/stop/b843de62_nohash_0.wav,stop,b843de62,train
DataSet_clean/stop/b84f83d2_nohash_0.wav,stop,b84f83d2,train
DataSet_clean/stop/b87bdb22_nohash_0.wav,stop,b87bdb22,val
DataSet_clean/stop/b87bdb22_nohash_1.wav,stop,b87bdb22,val
DataSet_clean/stop/b87bdb22_nohash_2.wav,stop,b87bdb22,val
DataSet_clean/stop/b87bdb22_nohash_3.wav,stop,b87bdb22,val
DataSet_clean/stop/b8874962_nohash_0.wav,stop,b8874962,train
DataSet_clean/stop/b8874962_nohash_1.wav,stop,b8874962,train
DataSet_clean/stop/b8874962_nohash_2.wav,stop,b8874962,train
DataSet_clean/stop/b8874962_nohash_3.wav,stop,b8874962,train
DataSet_clean/stop/b8874962_nohash_4.wav,stop,b8874962,train
DataSet_clean/stop/b8b8cb52_nohash_0.wav,stop,b8b8cb52,train
DataSet_clean/stop/b91b718c_nohash_0.wav,stop,b91b718c,train
DataSet_clean/stop/b91b718c_nohash_1.wav,stop,b91b718c,train
DataSet_clean/stop/b91b718c_nohash_2.wav,stop,b91b718c,train
DataSet_clean/stop/b91b718c_nohash_3.wav,stop,b91b718c,train
DataSet_clean/stop/b93528e3_nohash_0.wav,stop,b93528e3,val
DataSet_clean/stop/b93528e3_nohash_1.wav,stop,b93528e3,val
DataSet_clean/stop/b93528e3_nohash_2.wav,stop,b93528e3,val
DataSet_clean/stop/b9515bf3_nohash_0.wav,stop,b9515bf3,train
DataSet_clean/stop/b9515bf3_nohash_1.wav,stop,b9515bf3,train
DataSet_clean/stop/b9515bf3_nohash_2.wav,stop,b9515bf3,train
DataSet_clean/stop/b9515bf3_nohash_3.wav,stop,b9515bf3,train
DataSet_clean/stop/b959cd0c_nohash_0.wav,stop,b959cd0c,train
DataSet_clean/stop/b959cd0c_nohash_1.wav,stop,b959cd0c,train
DataSet_clean/stop/b959cd0c_nohash_2.wav,stop,b959cd0c,train
DataSet_clean/stop/b97c9f77_nohash_0.wav,stop,b97c9f77,train
DataSet_clean/stop/b97c9f77_nohash_1.wav,stop,b97c9f77,train
DataSet_clean/stop/b97c9f77_nohash_2.wav,stop,b97c9f77,train
DataSet_clean/stop/b97c9f77_nohash_3.wav,stop,b97c9f77,train
DataSet_clean/stop/b97c9f77_nohash_4.wav,stop,b97c9f77,train
DataSet_clean/stop/b9cccd01_nohash_0.wav,stop,b9cccd01,train
DataSet_clean/stop/b9f46737_nohash_0.wav,stop,b9f46737,test
DataSet_clean/stop/b9f46737_nohash_1.wav,stop,b9f46737,test
DataSet_clean/stop/b9f46737_nohash_2.wav,stop,b9f46737,test
DataSet_clean/stop/b9f46737_nohash_3.wav,stop,b9f46737,test
DataSet_clean/stop/b9f46737_nohash_4.wav,stop,b9f46737,test
DataSet_clean/stop/ba676390_nohash_0.wav,stop,ba676390,train
DataSet_clean/stop/bab36420_nohash_0.wav,stop,bab36420,test
DataSet_clean/stop/bab36420_nohash_1.wav,stop,bab36420,test
DataSet_clean/stop/bab36420_nohash_2.wav,stop,bab36420,test
DataSet_clean/stop/bab36420_nohash_3.wav,stop,bab36420,test
DataSet_clean/stop/bab36420_nohash_4.wav,stop,bab36420,test
DataSet_clean/stop/baeac2ba_nohash_0.wav,stop,baeac2ba,train
DataSet_clean/stop/baf01c1f_nohash_0.wav,stop,baf01c1f,train
DataSet_clean/stop/baf01c1f_nohash_1.wav,stop,baf01c1f,train
DataSet_clean/stop/bb05582b_nohash_0.wav,stop,bb05582b,train
DataSet_clean/stop/bb05582b_nohash_1.wav,stop,bb05582b,train
DataSet_clean/stop/bb05582b_nohash_2.wav,stop,bb05582b,train
DataSet_clean/stop/bb05582b_nohash_3.wav,stop,bb05582b,train
DataSet_clean/stop/bb05582b_nohash_4.wav,stop,bb05582b,train
DataSet_clean/stop/bb31b82b_nohash_0.wav,stop,bb31b82b,train
DataSet_clean/stop/bb31b82b_nohash_1.wav,stop,bb31b82b,train
DataSet_clean/stop/bb6d4301_nohash_0.wav,stop,bb6d4301,train
DataSet_clean/stop/bb6d4301_nohash_1.wav,stop,bb6d4301,train
DataSet_clean/stop/bb6d4301_nohash_2.wav,stop,bb6d4301,train
DataSet_clean/stop/bb6d4301_nohash_3.wav,stop,bb6d4301,train
DataSet_clean/stop/bbaa7946_nohash_0.wav,stop,bbaa7946,train
DataSet_clean/stop/bbb2eb5b_nohash_0.wav,stop,bbb2eb5b,train
DataSet_clean/stop/bbb2eb5b_nohash_1.wav,stop,bbb2eb5b,train
DataSet_clean/stop/bbbf4fbd_nohash_0.wav,stop,bbbf4fbd,train
DataSet_clean/stop/bbc30633_nohash_0.wav,stop,bbc30633,train
DataSet_clean/stop/bbc30633_nohash_1.wav,stop,bbc30633,train
DataSet_clean/stop/bbc30633_nohash_2.wav,stop,bbc30633,train
DataSet_clean/stop/bbc30633_nohash_3.wav,stop,bbc30633,train
DataSet_clean/stop/bbc30633_nohash_4.wav,stop,bbc30633,train
DataSet_clean/stop/bbd0bbd0_nohash_0.wav,stop,bbd0bbd0,val
DataSet_clean/stop/bbd0bbd0_nohash_1.wav,stop,bbd0bbd0,val
DataSet_clean/stop/bbd0bbd0_nohash_2.wav,stop,bbd0bbd0,val
DataSet_clean/stop/bbd0bbd0_nohash_3.wav,stop,bbd0bbd0,val
DataSet_clean/stop/bbd0bbd0_nohash_4.wav,stop,bbd0bbd0,val
DataSet_clean/stop/bbf38549_nohash_0.wav,stop,bbf38549,val
DataSet_clean/stop/bbf38549_nohash_1.wav,stop,bbf38549,val
DataSet_clean/stop/bbf38549_nohash_2.wav,stop,bbf38549,val
DataSet_clean/stop/bbf38549_nohash_3.wav,stop,bbf38549,val
DataSet_clean/stop/bc065a17_nohash_0.wav,stop,bc065a17,train
DataSet_clean/stop/bc065a17_nohash_1.wav,stop,bc065a17,train
DataSet_clean/stop/bc196f81_nohash_0.wav,stop,bc196f81,train
DataSet_clean/stop/bc196f81_nohash_1.wav,stop,bc196f81,train
DataSet_clean/stop/bcf614a2_nohash_0.wav,stop,bcf614a2,train
DataSet_clean/stop/bcf614a2_nohash_1.wav,stop,bcf614a2,train
DataSet_clean/stop/bcf614a2_nohash_2.wav,stop,bcf614a2,train
DataSet_clean/stop/bcf614a2_nohash_3.wav,stop,bcf614a2,train
DataSet_clean/stop/bd11a2e7_nohash_0.wav,stop,bd11a2e7,train
DataSet_clean/stop/bd11c654_nohash_0.wav,stop,bd11c654,train
DataSet_clean/stop/bd11c654_nohash_1.wav,stop,bd11c654,train
DataSet_clean/stop/bd76a7fd_nohash_0.wav,stop,bd76a7fd,train
DataSet_clean/stop/bd76a7fd_nohash_1.wav,stop,bd76a7fd,train
DataSet_clean/stop/bd76a7fd_nohash_2.wav,stop,bd76a7fd,train
DataSet_clean/stop/bd76a7fd_nohash_3.wav,stop,bd76a7fd,train
DataSet_clean/stop/bd76a7fd_nohash_4.wav,stop,bd76a7fd,train
DataSet_clean/stop/bd8412df_nohash_0.wav,stop,bd8412df,train
DataSet_clean/stop/bd8412df_nohash_1.wav,stop,bd8412df,train
DataSet_clean/stop/bdd22e4d_nohash_0.wav,stop,bdd22e4d,val
DataSet_clean/stop/bdd22e4d_nohash_1.wav,stop,bdd22e4d,val
DataSet_clean/stop/bdd22e4d_nohash_2.wav,stop,bdd22e4d,val
DataSet_clean/stop/bde0f20a_nohash_0.wav,stop,bde0f20a,test
DataSet_clean/stop/bde0f20a_nohash_1.wav,stop,bde0f20a,test
DataSet_clean/stop/bde0f20a_nohash_2.wav,stop,bde0f20a,test
DataSet_clean/stop/bde0f20a_nohash_3.wav,stop,bde0f20a,test
DataSet_clean/stop/bdee441c_nohash_0.wav,stop,bdee441c,val
DataSet_clean/stop/bdee441c_nohash_1.wav,stop,bdee441c,val
DataSet_clean/stop/bdee441c_nohash_2.wav,stop,bdee441c,val
DataSet_clean/stop/bdee441c_nohash_3.wav,stop,bdee441c,val
DataSet_clean/stop/bdee441c_nohash_4.wav,stop,bdee441c,val
DataSet_clean/stop/be7a5b2d_nohash_0.wav,stop,be7a5b2d,train
DataSet_clean/stop/be7a5b2d_nohash_1.wav,stop,be7a5b2d,train
DataSet_clean/stop/be7a5b2d_nohash_2.wav,stop,be7a5b2d,train
DataSet_clean/stop/be7a5b2d_nohash_3.wav,stop,be7a5b2d,train
DataSet_clean/stop/be7a5b2d_nohash_4.wav,stop,be7a5b2d,train
DataSet_clean/stop/be91a00a_nohash_0.wav,stop,be91a00a,train
DataSet_clean/stop/beb458a4_nohash_0.wav,stop,beb458a4,train
DataSet_clean/stop/beb458a4_nohash_1.wav,stop,beb458a4,train
DataSet_clean/stop/beb458a4_nohash_2.wav,stop,beb458a4,train
DataSet_clean/stop/beb458a4_nohash_3.wav,stop,beb458a4,train
DataSet_clean/stop/bed06fac_nohash_0.wav,stop,bed06fac,train
DataSet_clean/stop/bf70feda_nohash_0.wav,stop,bf70feda,train
DataSet_clean/stop/bf70feda_nohash_1.wav,stop,bf70feda,train
DataSet_clean/stop/bf8d5617_nohash_0.wav,stop,bf8d5617,train
DataSet_clean/stop/bf8d5617_nohash_1.wav,stop,bf8d5617,train
DataSet_clean/stop/bfaf2000_nohash_0.wav,stop,bfaf2000,train
DataSet_clean/stop/bfb10243_nohash_0.wav,stop,bfb10243,train
DataSet_clean/stop/bfd26d6b_nohash_0.wav,stop,bfd26d6b,train
DataSet_clean/stop/bfd26d6b_nohash_1.wav,stop,bfd26d6b,train
DataSet_clean/stop/bfd26d6b_nohash_2.wav,stop,bfd26d6b,train
DataSet_clean/stop/bfd26d6b_nohash_3.wav,stop,bfd26d6b,train
DataSet_clean/stop/bfd26d6b_nohash_4.wav,stop,bfd26d6b,train
DataSet_clean/stop/bfdb9801_nohash_0.wav,stop,bfdb9801,train
DataSet_clean/stop/c0445658_nohash_0.wav,stop,c0445658,train
DataSet_clean/stop/c0445658_nohash_1.wav,stop,c0445658,train
DataSet_clean/stop/c0445658_nohash_2.wav,stop,c0445658,train
DataSet_clean/stop/c0445658_nohash_3.wav,stop,c0445658,train
DataSet_clean/stop/c08e5058_nohash_0.wav,stop,c08e5058,test
DataSet_clean/stop/c0c0d87d_nohash_0.wav,stop,c0c0d87d,train
DataSet_clean/stop/c0c0d87d_nohash_1.wav,stop,c0c0d87d,train
DataSet_clean/stop/c0fb6812_nohash_0.wav,stop,c0fb6812,test
DataSet_clean/stop/c0fb6812_nohash_1.wav,stop,c0fb6812,test
DataSet_clean/stop/c120e80e_nohash_0.wav,stop,c120e80e,val
DataSet_clean/stop/c120e80e_nohash_1.wav,stop,c120e80e,val
DataSet_clean/stop/c120e80e_nohash_2.wav,stop,c120e80e,val
DataSet_clean/stop/c120e80e_nohash_3.wav,stop,c120e80e,val
DataSet_clean/stop/c120e80e_nohash_4.wav,stop,c120e80e,val
DataSet_clean/stop/c120e80e_nohash_5.wav,stop,c120e80e,val
DataSet_clean/stop/c1cc6e95_nohash_0.wav,stop,c1cc6e95,train
DataSet_clean/stop/c1d39ce8_nohash_0.wav,stop,c1d39ce8,test
DataSet_clean/stop/c1d39ce8_nohash_1.wav,stop,c1d39ce8,test
DataSet_clean/stop/c1d39ce8_nohash_2.wav,stop,c1d39ce8,test
DataSet_clean/stop/c1d39ce8_nohash_3.wav,stop,c1d39ce8,test
DataSet_clean/stop/c1d39ce8_nohash_4.wav,stop,c1d39ce8,test
DataSet_clean/stop/c1d39ce8_nohash_5.wav,stop,c1d39ce8,test
DataSet_clean/stop/c1d39ce8_nohash_6.wav,stop,c1d39ce8,test
DataSet_clean/stop/c1d39ce8_nohash_7.wav,stop,c1d39ce8,test
DataSet_clean/stop/c1d39ce8_nohash_8.wav,stop,c1d39ce8,test
DataSet_clean/stop/c1d39ce8_nohash_9.wav,stop,c1d39ce8,test
DataSet_clean/stop/c1e0e8e3_nohash_0.wav,stop,c1e0e8e3,train
DataSet_clean/stop/c1e0e8e3_nohash_1.wav,stop,c1e0e8e3,train
DataSet_clean/stop/c1e0e8e3_nohash_2.wav,stop,c1e0e8e3,train
DataSet_clean/stop/c1e0e8e3_nohash_3.wav,stop,c1e0e8e3,train
DataSet_clean/stop/c1e0e8e3_nohash_4.wav,stop,c1e0e8e3,train
DataSet_clean/stop/c22d3f18_nohash_0.wav,stop,c22d3f18,train
DataSet_clean/stop/c22d3f18_nohash_1.wav,stop,c22d3f18,train
DataSet_clean/stop/c22d3f18_nohash_2.wav,stop,c22d3f18,train
DataSet_clean/stop/c22d3f18_nohash_3.wav,stop,c22d3f18,train
DataSet_clean/stop/c22d3f18_nohash_4.wav,stop,c22d3f18,train
DataSet_clean/stop/c22ebf46_nohash_0.wav,stop,c22ebf46,train
DataSet_clean/stop/c22ebf46_nohash_1.wav,stop,c22ebf46,train
DataSet_clean/stop/c22ebf46_nohash_2.wav,stop,c22ebf46,train
DataSet_clean/stop/c22ebf46_nohash_3.wav,stop,c22ebf46,train
DataSet_clean/stop/c22ebf46_nohash_4.wav,stop,c22ebf46,train
DataSet_clean/stop/c245d3d7_nohash_0.wav,stop,c245d3d7,test
DataSet_clean/stop/c24d96eb_nohash_0.wav,stop,c24d96eb,train
DataSet_clean/stop/c25a032b_nohash_0.wav,stop,c25a032b,val
DataSet_clean/stop/c2aeb59d_nohash_0.wav,stop,c2aeb59d,train
DataSet_clean/stop/c2bc4489_nohash_0.wav,stop,c2bc4489,val
DataSet_clean/stop/c2d74084_nohash_0.wav,stop,c2d74084,train
DataSet_clean/stop/c2dccf38_nohash_0.wav,stop,c2dccf38,test
DataSet_clean/stop/c2dccf38_nohash_1.wav,stop,c2dccf38,test
DataSet_clean/stop/c2dccf38_nohash_2.wav,stop,c2dccf38,test
DataSet_clean/stop/c2dccf38_nohash_3.wav,stop,c2dccf38,test
DataSet_clean/stop/c2dccf38_nohash_4.wav,stop,c2dccf38,test
DataSet_clean/stop/c2dccf38_nohash_5.wav,stop,c2dccf38,test
DataSet_clean/stop/c33682f0_nohash_0.wav,stop,c33682f0,train
DataSet_clean/stop/c33682f0_nohash_1.wav,stop,c33682f0,train
DataSet_clean/stop/c351e611_nohash_0.wav,stop,c351e611,train
DataSet_clean/stop/c351e611_nohash_1.wav,stop,c351e611,train
DataSet_clean/stop/c351e611_nohash_2.wav,stop,c351e611,train
DataSet_clean/stop/c351e611_nohash_3.wav,stop,c351e611,train
DataSet_clean/stop/c351e611_nohash_4.wav,stop,c351e611,train
DataSet_clean/stop/c38720cb_nohash_0.wav,stop,c38720cb,train
DataSet_clean/stop/c392e01d_nohash_0.wav,stop,c392e01d,train
DataSet_clean/stop/c39703ec_nohash_0.wav,stop,c39703ec,train
DataSet_clean/stop/c39703ec_nohash_1.wav,stop,c39703ec,train
DataSet_clean/stop/c39703ec_nohash_2.wav,stop,c39703ec,train
DataSet_clean/stop/c39703ec_nohash_3.wav,stop,c39703ec,train
DataSet_clean/stop/c44d2a58_nohash_0.wav,stop,c44d2a58,train
DataSet_clean/stop/c44d2a58_nohash_1.wav,stop,c44d2a58,train
DataSet_clean/stop/c4500713_nohash_0.wav,stop,c4500713,train
DataSet_clean/stop/c4a7a867_nohash_0.wav,stop,c4a7a867,train
DataSet_clean/stop/c4e00ee9_nohash_0.wav,stop,c4e00ee9,train
DataSet_clean/stop/c4e00ee9_nohash_1.wav,stop,c4e00ee9,train
DataSet_clean/stop/c4e00ee9_nohash_2.wav,stop,c4e00ee9,train
DataSet_clean/stop/c4e00ee9_nohash_3.wav,stop,c4e00ee9,train
DataSet_clean/stop/c4e00ee9_nohash_4.wav,stop,c4e00ee9,train
DataSet_clean/stop/c4e1f6e0_nohash_0.wav,stop,c4e1f6e0,train
DataSet_clean/stop/c50f55b8_nohash_0.wav,stop,c50f55b8,train
DataSet_clean/stop/c50f55b8_nohash_1.wav,stop,c50f55b8,train
DataSet_clean/stop/c50f55b8_nohash_10.wav,stop,c50f55b8,train
DataSet_clean/stop/c50f55b8_nohash_11.wav,stop,c50f55b8,train
DataSet_clean/stop/c50f55b8_nohash_12.wav,stop,c50f55b8,train
DataSet_clean/stop/c50f55b8_nohash_13.wav,stop,c50f55b8,train
DataSet_clean/stop/c50f55b8_nohash_14.wav,stop,c50f55b8,train
DataSet_clean/stop/c50f55b8_nohash_15.wav,stop,c50f55b8,train
DataSet_clean/stop/c50f55b8_nohash_16.wav,stop,c50f55b8,train
DataSet_clean/stop/c50f55b8_nohash_2.wav,stop,c50f55b8,train
DataSet_clean/stop/c50f55b8_nohash_3.wav,stop,c50f55b8,train
DataSet_clean/stop/c50f55b8_nohash_4.wav,stop,c50f55b8,train
DataSet_clean/stop/c50f55b8_nohash_5.wav,stop,c50f55b8,train
DataSet_clean/stop/c50f55b8_nohash_6.wav,stop,c50f55b8,train
DataSet_clean/stop/c50f55b8_nohash_7.wav,stop,c50f55b8,train
DataSet_clean/stop/c50f55b8_nohash_8.wav,stop,c50f55b8,train
DataSet_clean/stop/c50f55b8_nohash_9.wav,stop,c50f55b8,train
DataSet_clean/stop/c518d1b1_nohash_0.wav,stop,c518d1b1,test
DataSet_clean/stop/c518d1b1_nohash_1.wav,stop,c518d1b1,test
DataSet_clean/stop/c53b335a_nohash_0.wav,stop,c53b335a,test
DataSet_clean/stop/c5570933_nohash_0.wav,stop,c5570933,train
DataSet_clean/stop/c5a1e46c_nohash_0.wav,stop,c5a1e46c,train
DataSet_clean/stop/c5a1e46c_nohash_1.wav,stop,c5a1e46c,train
DataSet_clean/stop/c5c60d8d_nohash_0.wav,stop,c5c60d8d,train
DataSet_clean/stop/c5e3817f_nohash_0.wav,stop,c5e3817f,train
DataSet_clean/stop/c633a455_nohash_0.wav,stop,c633a455,train
DataSet_clean/stop/c634a189_nohash_0.wav,stop,c634a189,train
DataSet_clean/stop/c634a189_nohash_1.wav,stop,c634a189,train
DataSet_clean/stop/c634a189_nohash_2.wav,stop,c634a189,train
DataSet_clean/stop/c634a189_nohash_3.wav,stop,c634a189,train
DataSet_clean/stop/c634a189_nohash_4.wav,stop,c634a189,train
DataSet_clean/stop/c6389ab0_nohash_0.wav,stop,c6389ab0,train
DataSet_clean/stop/c6389ab0_nohash_1.wav,stop,c6389ab0,train
DataSet_clean/stop/c661be6e_nohash_0.wav,stop,c661be6e,train
DataSet_clean/stop/c661be6e_nohash_1.wav,stop,c661be6e,train
DataSet_clean/stop/c661be6e_nohash_2.wav,stop,c661be6e,train
DataSet_clean/stop/c68cf200_nohash_0.wav,stop,c68cf200,train
DataSet_clean/stop/c6a23ff5_nohash_0.wav,stop,c6a23ff5,val
DataSet_clean/stop/c6ee87a7_nohash_0.wav,stop,c6ee87a7,train
DataSet_clean/stop/c6ee87a7_nohash_1.wav,stop,c6ee87a7,train
DataSet_clean/stop/c6ee87a7_nohash_2.wav,stop,c6ee87a7,train
DataSet_clean/stop/c6ee87a7_nohash_3.wav,stop,c6ee87a7,train
DataSet_clean/stop/c6ee87a7_nohash_4.wav,stop,c6ee87a7,train
DataSet_clean/stop/c7124b73_nohash_0.wav,stop,c7124b73,train
DataSet_clean/stop/c71e3acc_nohash_0.wav,stop,c71e3acc,train
DataSet_clean/stop/c79159aa_nohash_0.wav,stop,c79159aa,train
DataSet_clean/stop/c79159aa_nohash_1.wav,stop,c79159aa,train
DataSet_clean/stop/c79159aa_nohash_2.wav,stop,c79159aa,train
DataSet_clean/stop/c79159aa_nohash_3.wav,stop,c79159aa,train
DataSet_clean/stop/c79159aa_nohash_4.wav,stop,c79159aa,train
DataSet_clean/stop/c7aa72e6_nohash_0.wav,stop,c7aa72e6,train
DataSet_clean/stop/c7dc7278_nohash_0.wav,stop,c7dc7278,test
DataSet_clean/stop/c7dc7278_nohash_1.wav,stop,c7dc7278,test
DataSet_clean/stop/c7dc7278_nohash_2.wav,stop,c7dc7278,test
DataSet_clean/stop/c7dc7278_nohash_3.wav,stop,c7dc7278,test
DataSet_clean/stop/c86d4fd4_nohash_0.wav,stop,c86d4fd4,train
DataSet_clean/stop/c8771f88_nohash_0.wav,stop,c8771f88,train
DataSet_clean/stop/c885a039_nohash_0.wav,stop,c885a039,train
DataSet_clean/stop/c93d5e22_nohash_0.wav,stop,c93d5e22,test
DataSet_clean/stop/c93d5e22_nohash_1.wav,stop,c93d5e22,test
DataSet_clean/stop/c93d5e22_nohash_2.wav,stop,c93d5e22,test
DataSet_clean/stop/c93d5e22_nohash_3.wav,stop,c93d5e22,test
DataSet_clean/stop/c948d727_nohash_0.wav,stop,c948d727,train
DataSet_clean/stop/c948d727_nohash_1.wav,stop,c948d727,train
DataSet_clean/stop/c948d727_nohash_2.wav,stop,c948d727,train
DataSet_clean/stop/c948d727_nohash_3.wav,stop,c948d727,train
DataSet_clean/stop/c948d727_nohash_4.wav,stop,c948d727,train
DataSet_clean/stop/c98bbbd3_nohash_0.wav,stop,c98bbbd3,train
DataSet_clean/stop/c98bbbd3_nohash_1.wav,stop,c98bbbd3,train
DataSet_clean/stop/c9b5ff26_nohash_0.wav,stop,c9b5ff26,train
DataSet_clean/stop/c9b5ff26_nohash_1.wav,stop,c9b5ff26,train
DataSet_clean/stop/c9b5ff26_nohash_2.wav,stop,c9b5ff26,train
DataSet_clean/stop/c9b5ff26_nohash_3.wav,stop,c9b5ff26,train
DataSet_clean/stop/c9b5ff26_nohash_4.wav,stop,c9b5ff26,train
DataSet_clean/stop/c9b653a0_nohash_0.wav,stop,c9b653a0,train
DataSet_clean/stop/c9b653a0_nohash_1.wav,stop,c9b653a0,train
DataSet_clean/stop/c9b653a0_nohash_2.wav,stop,c9b653a0,train
DataSet_clean/stop/c9b653a0_nohash_3.wav,stop,c9b653a0,train
DataSet_clean/stop/c9b653a0_nohash_4.wav,stop,c9b653a0,train
DataSet_clean/stop/c9e251d2_nohash_0.wav,stop,c9e251d2,test
DataSet_clean/stop/ca48dc76_nohash_0.wav,stop,ca48dc76,train
DataSet_clean/stop/ca4912b6_nohash_0.wav,stop,ca4912b6,train
DataSet_clean/stop/ca4912b6_nohash_1.wav,stop,ca4912b6,train
DataSet_clean/stop/ca4912b6_nohash_2.wav,stop,ca4912b6,train
DataSet_clean/stop/ca4912b6_nohash_3.wav,stop,ca4912b6,train
DataSet_clean/stop/ca4912b6_nohash_4.wav,stop,ca4912b6,train
DataSet_clean/stop/ca4d5368_nohash_0.wav,stop,ca4d5368,val
DataSet_clean/stop/ca4d5368_nohash_1.wav,stop,ca4d5368,val
DataSet_clean/stop/ca4d5368_nohash_2.wav,stop,ca4d5368,val
DataSet_clean/stop/ca4d5368_nohash_3.wav,stop,ca4d5368,val
DataSet_clean/stop/ca4d5368_nohash_4.wav,stop,ca4d5368,val
DataSet_clean/stop/ca4eeab0_nohash_0.wav,stop,ca4eeab0,train
DataSet_clean/stop/ca6d5cd1_nohash_0.wav,stop,ca6d5cd1,train
DataSet_clean/stop/caa4779f_nohash_0.wav,stop,caa4779f,train
DataSet_clean/stop/caa4779f_nohash_1.wav,stop,caa4779f,train
DataSet_clean/stop/caa4779f_nohash_2.wav,stop,caa4779f,train
DataSet_clean/stop/caa7feaf_nohash_0.wav,stop,caa7feaf,train
DataSet_clean/stop/cae62f38_nohash_0.wav,stop,cae62f38,train
DataSet_clean/stop/caedb73a_nohash_0.wav,stop,caedb73a,train
DataSet_clean/stop/caf1803e_nohash_0.wav,stop,caf1803e,train
DataSet_clean/stop/caf1803e_nohash_1.wav,stop,caf1803e,train
DataSet_clean/stop/cb164eea_nohash_0.wav,stop,cb164eea,val
DataSet_clean/stop/cb164eea_nohash_1.wav,stop,cb164eea,val
DataSet_clean/stop/cb2929ce_nohash_0.wav,stop,cb2929ce,train
DataSet_clean/stop/cb2929ce_nohash_1.wav,stop,cb2929ce,train
DataSet_clean/stop/cb5d2c6e_nohash_0.wav,stop,cb5d2c6e,train
DataSet_clean/stop/cb62dbf1_nohash_0.wav,stop,cb62dbf1,test
DataSet_clean/stop/cb62dbf1_nohash_1.wav,stop,cb62dbf1,test
DataSet_clean/stop/cb62dbf1_nohash_2.wav,stop,cb62dbf1,test
DataSet_clean/stop/cb62dbf1_nohash_3.wav,stop,cb62dbf1,test
DataSet_clean/stop/cb62dbf1_nohash_4.wav,stop,cb62dbf1,test
DataSet_clean/stop/cb72dfb6_nohash_0.wav,stop,cb72dfb6,train
DataSet_clean/stop/cb72dfb6_nohash_1.wav,stop,cb72dfb6,train
DataSet_clean/stop/cb72dfb6_nohash_2.wav,stop,cb72dfb6,train
DataSet_clean/stop/cb72dfb6_nohash_3.wav,stop,cb72dfb6,train
DataSet_clean/stop/cb72dfb6_nohash_4.wav,stop,cb72dfb6,train
DataSet_clean/stop/cc3b5b62_nohash_0.wav,stop,cc3b5b62,train
DataSet_clean/stop/cc3b5b62_nohash_1.wav,stop,cc3b5b62,train
DataSet_clean/stop/cc3b5b62_nohash_2.wav,stop,cc3b5b62,train
DataSet_clean/stop/cc3b5b62_nohash_3.wav,stop,cc3b5b62,train
DataSet_clean/stop/cc3d1613_nohash_0.wav,stop,cc3d1613,train
DataSet_clean/stop/cc4f9250_nohash_0.wav,stop,cc4f9250,train
DataSet_clean/stop/cc4f9250_nohash_1.wav,stop,cc4f9250,train
DataSet_clean/stop/cc4f9250_nohash_2.wav,stop,cc4f9250,train
DataSet_clean/stop/cc4f9250_nohash_3.wav,stop,cc4f9250,train
DataSet_clean/stop/cc554de3_nohash_0.wav,stop,cc554de3,val
DataSet_clean/stop/cc592808_nohash_0.wav,stop,cc592808,train
DataSet_clean/stop/cc592808_nohash_1.wav,stop,cc592808,train
DataSet_clean/stop/cc6ee39b_nohash_0.wav,stop,cc6ee39b,train
DataSet_clean/stop/cc6ee39b_nohash_1.wav,stop,cc6ee39b,train
DataSet_clean/stop/cc6ee39b_nohash_2.wav,stop,cc6ee39b,train
DataSet_clean/stop/cc6ee39b_nohash_3.wav,stop,cc6ee39b,train
DataSet_clean/stop/cc6ee39b_nohash_4.wav,stop,cc6ee39b,train
DataSet_clean/stop/cc71bada_nohash_0.wav,stop,cc71bada,train
DataSet_clean/stop/cc71bada_nohash_1.wav,stop,cc71bada,train
DataSet_clean/stop/cc8b3228_nohash_0.wav,stop,cc8b3228,train
DataSet_clean/stop/cc8b3228_nohash_1.wav,stop,cc8b3228,train
DataSet_clean/stop/cc8b3228_nohash_2.wav,stop,cc8b3228,train
DataSet_clean/stop/cc8b3228_nohash_3.wav,stop,cc8b3228,train
DataSet_clean/stop/cc8b3228_nohash_4.wav,stop,cc8b3228,train
DataSet_clean/stop/ccca5655_nohash_0.wav,stop,ccca5655,train
DataSet_clean/stop/ccca5655_nohash_1.wav,stop,ccca5655,train
DataSet_clean/stop/ccca5655_nohash_2.wav,stop,ccca5655,train
DataSet_clean/stop/ccca5655_nohash_3.wav,stop,ccca5655,train
DataSet_clean/stop/cce17a61_nohash_0.wav,stop,cce17a61,train
DataSet_clean/stop/cce7416f_nohash_0.wav,stop,cce7416f,train
DataSet_clean/stop/cce7416f_nohash_1.wav,stop,cce7416f,train
DataSet_clean/stop/cce7416f_nohash_10.wav,stop,cce7416f,train
DataSet_clean/stop/cce7416f_nohash_2.wav,stop,cce7416f,train
DataSet_clean/stop/cce7416f_nohash_3.wav,stop,cce7416f,train
DataSet_clean/stop/cce7416f_nohash_4.wav,stop,cce7416f,train
DataSet_clean/stop/cce7416f_nohash_5.wav,stop,cce7416f,train
DataSet_clean/stop/cce7416f_nohash_6.wav,stop,cce7416f,train
DataSet_clean/stop/cce7416f_nohash_7.wav,stop,cce7416f,train
DataSet_clean/stop/cce7416f_nohash_8.wav,stop,cce7416f,train
DataSet_clean/stop/cce7416f_nohash_9.wav,stop,cce7416f,train
DataSet_clean/stop/cd671b5f_nohash_0.wav,stop,cd671b5f,train
DataSet_clean/stop/cd671b5f_nohash_1.wav,stop,cd671b5f,train
DataSet_clean/stop/cd671b5f_nohash_2.wav,stop,cd671b5f,train
DataSet_clean/stop/cd671b5f_nohash_3.wav,stop,cd671b5f,train
DataSet_clean/stop/cd671b5f_nohash_4.wav,stop,cd671b5f,train
DataSet_clean/stop/cd68e997_nohash_0.wav,stop,cd68e997,train
DataSet_clean/stop/cd7f8c1b_nohash_0.wav,stop,cd7f8c1b,train
DataSet_clean/stop/cd7f8c1b_nohash_1.wav,stop,cd7f8c1b,train
DataSet_clean/stop/cd7f8c1b_nohash_2.wav,stop,cd7f8c1b,train
DataSet_clean/stop/cd7f8c1b_nohash_3.wav,stop,cd7f8c1b,train
DataSet_clean/stop/cd7f8c1b_nohash_4.wav,stop,cd7f8c1b,train
DataSet_clean/stop/cd85758f_nohash_0.wav,stop,cd85758f,train
DataSet_clean/stop/cd85758f_nohash_1.wav,stop,cd85758f,train
DataSet_clean/stop/cd85758f_nohash_2.wav,stop,cd85758f,train
DataSet_clean/stop/cd85758f_nohash_3.wav,stop,cd85758f,train
DataSet_clean/stop/cd85758f_nohash_4.wav,stop,cd85758f,train
DataSet_clean/stop/cdbd6969_nohash_0.wav,stop,cdbd6969,train
DataSet_clean/stop/cdee383b_nohash_0.wav,stop,cdee383b,train
DataSet_clean/stop/cdee383b_nohash_1.wav,stop,cdee383b,train
DataSet_clean/stop/cdee383b_nohash_2.wav,stop,cdee383b,train
DataSet_clean/stop/cdee383b_nohash_3.wav,stop,cdee383b,train
DataSet_clean/stop/cdfbbe75_nohash_0.wav,stop,cdfbbe75,train
DataSet_clean/stop/ce0cb033_nohash_0.wav,stop,ce0cb033,train
DataSet_clean/stop/ce0cb033_nohash_1.wav,stop,ce0cb033,train
DataSet_clean/stop/ce0cb033_nohash_2.wav,stop,ce0cb033,train
DataSet_clean/stop/ce0cb033_nohash_3.wav,stop,ce0cb033,train
DataSet_clean/stop/ce0cb033_nohash_4.wav,stop,ce0cb033,train
DataSet_clean/stop/ce49cb60_nohash_0.wav,stop,ce49cb60,test
DataSet_clean/stop/ce7a8e92_nohash_0.wav,stop,ce7a8e92,train
DataSet_clean/stop/ce7a8e92_nohash_1.wav,stop,ce7a8e92,train
DataSet_clean/stop/ce7a8e92_nohash_2.wav,stop,ce7a8e92,train
DataSet_clean/stop/ce9410da_nohash_0.wav,stop,ce9410da,train
DataSet_clean/stop/ce9410da_nohash_1.wav,stop,ce9410da,train
DataSet_clean/stop/ceaadb24_nohash_0.wav,stop,ceaadb24,train
DataSet_clean/stop/ceaadb24_nohash_1.wav,stop,ceaadb24,train
DataSet_clean/stop/ceaadb24_nohash_2.wav,stop,ceaadb24,train
DataSet_clean/stop/ced4e2a1_nohash_0.wav,stop,ced4e2a1,train
DataSet_clean/stop/ced4e2a1_nohash_1.wav,stop,ced4e2a1,train
DataSet_clean/stop/ced4e2a1_nohash_2.wav,stop,ced4e2a1,train
DataSet_clean/stop/cee22275_nohash_0.wav,stop,cee22275,train
DataSet_clean/stop/cee22275_nohash_1.wav,stop,cee22275,train
DataSet_clean/stop/ceef6d96_nohash_0.wav,stop,ceef6d96,train
DataSet_clean/stop/ceef6d96_nohash_1.wav,stop,ceef6d96,train
DataSet_clean/stop/ceef6d96_nohash_2.wav,stop,ceef6d96,train
DataSet_clean/stop/cf68fad2_nohash_0.wav,stop,cf68fad2,train
DataSet_clean/stop/cf68fad2_nohash_1.wav,stop,cf68fad2,train
DataSet_clean/stop/cf87b736_nohash_0.wav,stop,cf87b736,train
DataSet_clean/stop/cf8d91cf_nohash_0.wav,stop,cf8d91cf,test
DataSet_clean/stop/cfbedff9_nohash_0.wav,stop,cfbedff9,val
DataSet_clean/stop/cfbedff9_nohash_1.wav,stop,cfbedff9,val
DataSet_clean/stop/cfbedff9_nohash_2.wav,stop,cfbedff9,val
DataSet_clean/stop/cfbedff9_nohash_3.wav,stop,cfbedff9,val
DataSet_clean/stop/cfde27ba_nohash_0.wav,stop,cfde27ba,train
DataSet_clean/stop/d0426d63_nohash_0.wav,stop,d0426d63,train
DataSet_clean/stop/d0426d63_nohash_1.wav,stop,d0426d63,train
DataSet_clean/stop/d070ea86_nohash_0.wav,stop,d070ea86,train
DataSet_clean/stop/d070ea86_nohash_1.wav,stop,d070ea86,train
DataSet_clean/stop/d070ea86_nohash_2.wav,stop,d070ea86,train
DataSet_clean/stop/d070ea86_nohash_3.wav,stop,d070ea86,train
DataSet_clean/stop/d0745d72_nohash_0.wav,stop,d0745d72,test
DataSet_clean/stop/d0745d72_nohash_1.wav,stop,d0745d72,test
DataSet_clean/stop/d0858dce_nohash_0.wav,stop,d0858dce,train
DataSet_clean/stop/d0f7bef5_nohash_0.wav,stop,d0f7bef5,train
DataSet_clean/stop/d0faf7e4_nohash_0.wav,stop,d0faf7e4,test
DataSet_clean/stop/d0faf7e4_nohash_1.wav,stop,d0faf7e4,test
DataSet_clean/stop/d0faf7e4_nohash_2.wav,stop,d0faf7e4,test
DataSet_clean/stop/d0faf7e4_nohash_3.wav,stop,d0faf7e4,test
DataSet_clean/stop/d0fb9ff4_nohash_0.wav,stop,d0fb9ff4,val
DataSet_clean/stop/d1214f15_nohash_0.wav,stop,d1214f15,train
DataSet_clean/stop/d1453a87_nohash_0.wav,stop,d1453a87,val
DataSet_clean/stop/d1a4fb3f_nohash_0.wav,stop,d1a4fb3f,train
DataSet_clean/stop/d1d3e64d_nohash_0.wav,stop,d1d3e64d,train
DataSet_clean/stop/d1d3e64d_nohash_1.wav,stop,d1d3e64d,train
DataSet_clean/stop/d1d3e64d_nohash_2.wav,stop,d1d3e64d,train
DataSet_clean/stop/d1dd03ed_nohash_0.wav,stop,d1dd03ed,train
DataSet_clean/stop/d1dd03ed_nohash_1.wav,stop,d1dd03ed,train
DataSet_clean/stop/d1dd03ed_nohash_2.wav,stop,d1dd03ed,train
DataSet_clean/stop/d1dd03ed_nohash_3.wav,stop,d1dd03ed,train
DataSet_clean/stop/d21fd169_nohash_0.wav,stop,d21fd169,train
DataSet_clean/stop/d21fd169_nohash_1.wav,stop,d21fd169,train
DataSet_clean/stop/d21fd169_nohash_2.wav,stop,d21fd169,train
DataSet_clean/stop/d21fd169_nohash_3.wav,stop,d21fd169,train
DataSet_clean/stop/d264f7b6_nohash_0.wav,stop,d264f7b6,test
DataSet_clean/stop/d264f7b6_nohash_1.wav,stop,d264f7b6,test
DataSet_clean/stop/d264f7b6_nohash_2.wav,stop,d264f7b6,test
DataSet_clean/stop/d264f7b6_nohash_3.wav,stop,d264f7b6,test
DataSet_clean/stop/d264f7b6_nohash_4.wav,stop,d264f7b6,test
DataSet_clean/stop/d264f7b6_nohash_5.wav,stop,d264f7b6,test
DataSet_clean/stop/d278d8ef_nohash_0.wav,stop,d278d8ef,train
DataSet_clean/stop/d278d8ef_nohash_1.wav,stop,d278d8ef,train
DataSet_clean/stop/d278d8ef_nohash_2.wav,stop,d278d8ef,train
DataSet_clean/stop/d278d8ef_nohash_3.wav,stop,d278d8ef,train
DataSet_clean/stop/d278d8ef_nohash_4.wav,stop,d278d8ef,train
DataSet_clean/stop/d2eae23d_nohash_0.wav,stop,d2eae23d,train
DataSet_clean/stop/d2f4f431_nohash_0.wav,stop,d2f4f431,val
DataSet_clean/stop/d2f4f431_nohash_1.wav,stop,d2f4f431,val
DataSet_clean/stop/d31d8dd7_nohash_0.wav,stop,d31d8dd7,test
DataSet_clean/stop/d37e4bf1_nohash_0.wav,stop,d37e4bf1,val
DataSet_clean/stop/d3831f6a_nohash_0.wav,stop,d3831f6a,val
DataSet_clean/stop/d3831f6a_nohash_1.wav,stop,d3831f6a,val
DataSet_clean/stop/d3831f6a_nohash_2.wav,stop,d3831f6a,val
DataSet_clean/stop/d3831f6a_nohash_3.wav,stop,d3831f6a,val
DataSet_clean/stop/d3831f6a_nohash_4.wav,stop,d3831f6a,val
DataSet_clean/stop/d394ef8e_nohash_0.wav,stop,d394ef8e,train
DataSet_clean/stop/d394ef8e_nohash_1.wav,stop,d394ef8e,train
DataSet_clean/stop/d394ef8e_nohash_2.wav,stop,d394ef8e,train
DataSet_clean/stop/d3a18257_nohash_0.wav,stop,d3a18257,train
DataSet_clean/stop/d3a18257_nohash_1.wav,stop,d3a18257,train
DataSet_clean/stop/d3d8fcd0_nohash_0.wav,stop,d3d8fcd0,train
DataSet_clean/stop/d3d8fcd0_nohash_1.wav,stop,d3d8fcd0,train
DataSet_clean/stop/d3f22f0e_nohash_0.wav,stop,d3f22f0e,test
DataSet_clean/stop/d3f22f0e_nohash_1.wav,stop,d3f22f0e,test
DataSet_clean/stop/d4082f3e_nohash_0.wav,stop,d4082f3e,val
DataSet_clean/stop/d486fb84_nohash_0.wav,stop,d486fb84,train
DataSet_clean/stop/d4dddb92_nohash_0.wav,stop,d4dddb92,train
DataSet_clean/stop/d4dddb92_nohash_1.wav,stop,d4dddb92,train
DataSet_clean/stop/d5356b9a_nohash_0.wav,stop,d5356b9a,train
DataSet_clean/stop/d571f9d7_nohash_0.wav,stop,d571f9d7,train
DataSet_clean/stop/d57febf0_nohash_0.wav,stop,d57febf0,train
DataSet_clean/stop/d5b963aa_nohash_0.wav,stop,d5b963aa,train
DataSet_clean/stop/d5b963aa_nohash_1.wav,stop,d5b963aa,train
DataSet_clean/stop/d5b963aa_nohash_2.wav,stop,d5b963aa,train
DataSet_clean/stop/d5ca80c6_nohash_0.wav,stop,d5ca80c6,val
DataSet_clean/stop/d5dd88da_nohash_0.wav,stop,d5dd88da,train
DataSet_clean/stop/d6b155a5_nohash_0.wav,stop,d6b155a5,train
DataSet_clean/stop/d71ad617_nohash_0.wav,stop,d71ad617,train
DataSet_clean/stop/d7467392_nohash_0.wav,stop,d7467392,train
DataSet_clean/stop/d7467392_nohash_1.wav,stop,d7467392,train
DataSet_clean/stop/d7529c0c_nohash_0.wav,stop,d7529c0c,val
DataSet_clean/stop/d7529c0c_nohash_1.wav,stop,d7529c0c,val
DataSet_clean/stop/d7559b2d_nohash_0.wav,stop,d7559b2d,test
DataSet_clean/stop/d78858d9_nohash_0.wav,stop,d78858d9,train
DataSet_clean/stop/d78858d9_nohash_1.wav,stop,d78858d9,train
DataSet_clean/stop/d78858d9_nohash_2.wav,stop,d78858d9,train
DataSet_clean/stop/d84829e0_nohash_0.wav,stop,d84829e0,train
DataSet_clean/stop/d874a786_nohash_0.wav,stop,d874a786,train
DataSet_clean/stop/d8ee4734_nohash_0.wav,stop,d8ee4734,train
DataSet_clean/stop/d91a159e_nohash_0.wav,stop,d91a159e,train
DataSet_clean/stop/d933bf5e_nohash_0.wav,stop,d933bf5e,train
DataSet_clean/stop/d933bf5e_nohash_1.wav,stop,d933bf5e,train
DataSet_clean/stop/d933bf5e_nohash_2.wav,stop,d933bf5e,train
DataSet_clean/stop/d962e5ac_nohash_0.wav,stop,d962e5ac,train
DataSet_clean/stop/d962e5ac_nohash_1.wav,stop,d962e5ac,train
DataSet_clean/stop/d962e5ac_nohash_2.wav,stop,d962e5ac,train
DataSet_clean/stop/d962e5ac_nohash_3.wav,stop,d962e5ac,train
DataSet_clean/stop/d962e5ac_nohash_4.wav,stop,d962e5ac,train
DataSet_clean/stop/d98dd124_nohash_0.wav,stop,d98dd124,train
DataSet_clean/stop/d98dd124_nohash_1.wav,stop,d98dd124,train
DataSet_clean/stop/d98dd124_nohash_2.wav,stop,d98dd124,train
DataSet_clean/stop/d98dd124_nohash_3.wav,stop,d98dd124,train
DataSet_clean/stop/d9aa8c90_nohash_0.wav,stop,d9aa8c90,test
DataSet_clean/stop/d9aa8c90_nohash_1.wav,stop,d9aa8c90,test
DataSet_clean/stop/d9aa8c90_nohash_2.wav,stop,d9aa8c90,test
DataSet_clean/stop/d9aa8c90_nohash_3.wav,stop,d9aa8c90,test
DataSet_clean/stop/d9aa8c90_nohash_4.wav,stop,d9aa8c90,test
DataSet_clean/stop/d9ae8983_nohash_0.wav,stop,d9ae8983,val
DataSet_clean/stop/d9b50b8b_nohash_0.wav,stop,d9b50b8b,train
DataSet_clean/stop/d9b50b8b_nohash_1.wav,stop,d9b50b8b,train
DataSet_clean/stop/d9b8fab2_nohash_0.wav,stop,d9b8fab2,val
DataSet_clean/stop/d9b8fab2_nohash_1.wav,stop,d9b8fab2,val
DataSet_clean/stop/d9d6559e_nohash_0.wav,stop,d9d6559e,train
DataSet_clean/stop/da040491_nohash_0.wav,stop,da040491,train
DataSet_clean/stop/da040491_nohash_1.wav,stop,da040491,train
DataSet_clean/stop/da040491_nohash_2.wav,stop,da040491,train
DataSet_clean/stop/da040491_nohash_3.wav,stop,da040491,train
DataSet_clean/stop/da15e796_nohash_0.wav,stop,da15e796,val
DataSet_clean/stop/da1d320c_nohash_0.wav,stop,da1d320c,train
DataSet_clean/stop/da27460c_nohash_0.wav,stop,da27460c,train
DataSet_clean/stop/da27460c_nohash_1.wav,stop,da27460c,train
DataSet_clean/stop/da27460c_nohash_2.wav,stop,da27460c,train
DataSet_clean/stop/da2c5f1b_nohash_0.wav,stop,da2c5f1b,train
DataSet_clean/stop/da584bc0_nohash_0.wav,stop,da584bc0,train
DataSet_clean/stop/da584bc0_nohash_1.wav,stop,da584bc0,train
DataSet_clean/stop/da584bc0_nohash_2.wav,stop,da584bc0,train
DataSet_clean/stop/da584bc0_nohash_3.wav,stop,da584bc0,train
DataSet_clean/stop/da584bc0_nohash_4.wav,stop,da584bc0,train
DataSet_clean/stop/da7689f1_nohash_0.wav,stop,da7689f1,train
DataSet_clean/stop/da8fa823_nohash_0.wav,stop,da8fa823,train
DataSet_clean/stop/da8fa823_nohash_1.wav,stop,da8fa823,train
DataSet_clean/stop/dabd70c2_nohash_0.wav,stop,dabd70c2,train
DataSet_clean/stop/dabf67d9_nohash_0.wav,stop,dabf67d9,train
DataSet_clean/stop/dae01802_nohash_0.wav,stop,dae01802,test
DataSet_clean/stop/dae01802_nohash_1.wav,stop,dae01802,test
DataSet_clean/stop/dae01802_nohash_2.wav,stop,dae01802,test
DataSet_clean/stop/dae01802_nohash_3.wav,stop,dae01802,test
DataSet_clean/stop/dae01802_nohash_4.wav,stop,dae01802,test
DataSet_clean/stop/daf230ac_nohash_0.wav,stop,daf230ac,train
DataSet_clean/stop/db24628d_nohash_0.wav,stop,db24628d,train
DataSet_clean/stop/db24628d_nohash_1.wav,stop,db24628d,train
DataSet_clean/stop/db24628d_nohash_2.wav,stop,db24628d,train
DataSet_clean/stop/db24628d_nohash_3.wav,stop,db24628d,train
DataSet_clean/stop/db43cd03_nohash_0.wav,stop,db43cd03,train
DataSet_clean/stop/db79a764_nohash_0.wav,stop,db79a764,train
DataSet_clean/stop/db79a764_nohash_1.wav,stop,db79a764,train
DataSet_clean/stop/db7c95b0_nohash_0.wav,stop,db7c95b0,train
DataSet_clean/stop/db7c95b0_nohash_1.wav,stop,db7c95b0,train
DataSet_clean/stop/db9d52d2_nohash_0.wav,stop,db9d52d2,val
DataSet_clean/stop/dbaf8fc6_nohash_0.wav,stop,dbaf8fc6,train
DataSet_clean/stop/dbaf8fc6_nohash_1.wav,stop,dbaf8fc6,train
DataSet_clean/stop/dc269564_nohash_0.wav,stop,dc269564,val
DataSet_clean/stop/dc6e9c04_nohash_0.wav,stop,dc6e9c04,train
DataSet_clean/stop/dc7ec25b_nohash_0.wav,stop,dc7ec25b,train
DataSet_clean/stop/dca2797e_nohash_0.wav,stop,dca2797e,val
DataSet_clean/stop/dca2797e_nohash_1.wav,stop,dca2797e,val
DataSet_clean/stop/dca2797e_nohash_2.wav,stop,dca2797e,val
DataSet_clean/stop/dca2797e_nohash_3.wav,stop,dca2797e,val
DataSet_clean/stop/dca2797e_nohash_4.wav,stop,dca2797e,val
DataSet_clean/stop/dcc012ec_nohash_0.wav,stop,dcc012ec,test
DataSet_clean/stop/dd664d92_nohash_0.wav,stop,dd664d92,val
DataSet_clean/stop/ddedba85_nohash_0.wav,stop,ddedba85,test
DataSet_clean/stop/ddedba85_nohash_1.wav,stop,ddedba85,test
DataSet_clean/stop/ddedba85_nohash_2.wav,stop,ddedba85,test
DataSet_clean/stop/ddedba85_nohash_3.wav,stop,ddedba85,test
DataSet_clean/stop/ddedba85_nohash_4.wav,stop,ddedba85,test
DataSet_clean/stop/de040337_nohash_0.wav,stop,de040337,train
DataSet_clean/stop/de08912f_nohash_0.wav,stop,de08912f,val
DataSet_clean/stop/de3fe344_nohash_0.wav,stop,de3fe344,test
DataSet_clean/stop/de3fe344_nohash_1.wav,stop,de3fe344,test
DataSet_clean/stop/de3fe344_nohash_2.wav,stop,de3fe344,test
DataSet_clean/stop/de3fe344_nohash_3.wav,stop,de3fe344,test
DataSet_clean/stop/de3fe344_nohash_4.wav,stop,de3fe344,test
DataSet_clean/stop/de41f895_nohash_0.wav,stop,de41f895,train
DataSet_clean/stop/de41f895_nohash_1.wav,stop,de41f895,train
DataSet_clean/stop/de4f7798_nohash_0.wav,stop,de4f7798,train
DataSet_clean/stop/de650823_nohash_0.wav,stop,de650823,train
DataSet_clean/stop/de89e2ca_nohash_0.wav,stop,de89e2ca,train
DataSet_clean/stop/de89e2ca_nohash_1.wav,stop,de89e2ca,train
DataSet_clean/stop/de89e2ca_nohash_2.wav,stop,de89e2ca,train
DataSet_clean/stop/de89e2ca_nohash_3.wav,stop,de89e2ca,train
DataSet_clean/stop/de89e2ca_nohash_4.wav,stop,de89e2ca,train
DataSet_clean/stop/dea820ce_nohash_0.wav,stop,dea820ce,test
DataSet_clean/stop/dea820ce_nohash_1.wav,stop,dea820ce,test
DataSet_clean/stop/dea820ce_nohash_2.wav,stop,dea820ce,test
DataSet_clean/stop/df038de4_nohash_0.wav,stop,df038de4,train
DataSet_clean/stop/df1d5024_nohash_0.wav,stop,df1d5024,train
DataSet_clean/stop/df1d5024_nohash_1.wav,stop,df1d5024,train
DataSet_clean/stop/df1d5024_nohash_2.wav,stop,df1d5024,train
DataSet_clean/stop/df1d5024_nohash_3.wav,stop,df1d5024,train
DataSet_clean/stop/df280250_nohash_0.wav,stop,df280250,train
DataSet_clean/stop/df280250_nohash_1.wav,stop,df280250,train
DataSet_clean/stop/df280250_nohash_2.wav,stop,df280250,train
DataSet_clean/stop/dfb6450b_nohash_0.wav,stop,dfb6450b,train
DataSet_clean/stop/dfdabe19_nohash_0.wav,stop,dfdabe19,test
DataSet_clean/stop/dff327c5_nohash_0.wav,stop,dff327c5,train
DataSet_clean/stop/dff327c5_nohash_1.wav,stop,dff327c5,train
DataSet_clean/stop/e0315cf6_nohash_0.wav,stop,e0315cf6,train
DataSet_clean/stop/e0315cf6_nohash_1.wav,stop,e0315cf6,train
DataSet_clean/stop/e0315cf6_nohash_2.wav,stop,e0315cf6,train
DataSet_clean/stop/e0315cf6_nohash_3.wav,stop,e0315cf6,train
DataSet_clean/stop/e04d7130_nohash_0.wav,stop,e04d7130,val
DataSet_clean/stop/e04d7130_nohash_1.wav,stop,e04d7130,val
DataSet_clean/stop/e04d7130_nohash_2.wav,stop,e04d7130,val
DataSet_clean/stop/e0611c84_nohash_0.wav,stop,e0611c84,train
DataSet_clean/stop/e07dd7d4_nohash_0.wav,stop,e07dd7d4,test
DataSet_clean/stop/e0c782d5_nohash_0.wav,stop,e0c782d5,val
DataSet_clean/stop/e0c782d5_nohash_1.wav,stop,e0c782d5,val
DataSet_clean/stop/e0c782d5_nohash_2.wav,stop,e0c782d5,val
DataSet_clean/stop/e0c782d5_nohash_3.wav,stop,e0c782d5,val
DataSet_clean/stop/e0c782d5_nohash_4.wav,stop,e0c782d5,val
DataSet_clean/stop/e0ff1e9c_nohash_0.wav,stop,e0ff1e9c,test
DataSet_clean/stop/e0ff1e9c_nohash_1.wav,stop,e0ff1e9c,test
DataSet_clean/stop/e0ff1e9c_nohash_2.wav,stop,e0ff1e9c,test
DataSet_clean/stop/e102119e_nohash_0.wav,stop,e102119e,train
DataSet_clean/stop/e11fbc6e_nohash_0.wav,stop,e11fbc6e,train
DataSet_clean/stop/e11fbc6e_nohash_1.wav,stop,e11fbc6e,train
DataSet_clean/stop/e11fbc6e_nohash_2.wav,stop,e11fbc6e,train
DataSet_clean/stop/e11fbc6e_nohash_3.wav,stop,e11fbc6e,train
DataSet_clean/stop/e11fbc6e_nohash_4.wav,stop,e11fbc6e,train
DataSet_clean/stop/e1469561_nohash_0.wav,stop,e1469561,val
DataSet_clean/stop/e1469561_nohash_1.wav,stop,e1469561,val
DataSet_clean/stop/e1469561_nohash_2.wav,stop,e1469561,val
DataSet_clean/stop/e1469561_nohash_3.wav,stop,e1469561,val
DataSet_clean/stop/e1469561_nohash_4.wav,stop,e1469561,val
DataSet_clean/stop/e14d3db8_nohash_0.wav,stop,e14d3db8,test
DataSet_clean/stop/e1936ce8_nohash_0.wav,stop,e1936ce8,test
DataSet_clean/stop/e1936ce8_nohash_1.wav,stop,e1936ce8,test
DataSet_clean/stop/e1aa22e4_nohash_0.wav,stop,e1aa22e4,val
DataSet_clean/stop/e1aa22e4_nohash_1.wav,stop,e1aa22e4,val
DataSet_clean/stop/e1aa22e4_nohash_2.wav,stop,e1aa22e4,val
DataSet_clean/stop/e2008f39_nohash_0.wav,stop,e2008f39,train
DataSet_clean/stop/e20be42a_nohash_0.wav,stop,e20be42a,train
DataSet_clean/stop/e20be42a_nohash_1.wav,stop,e20be42a,train
DataSet_clean/stop/e20be42a_nohash_2.wav,stop,e20be42a,train
DataSet_clean/stop/e2286c18_nohash_0.wav,stop,e2286c18,train
DataSet_clean/stop/e2286c18_nohash_1.wav,stop,e2286c18,train
DataSet_clean/stop/e2286c18_nohash_2.wav,stop,e2286c18,train
DataSet_clean/stop/e2362167_nohash_0.wav,stop,e2362167,val
DataSet_clean/stop/e2362167_nohash_1.wav,stop,e2362167,val
DataSet_clean/stop/e2362167_nohash_2.wav,stop,e2362167,val
DataSet_clean/stop/e2b7d6d6_nohash_0.wav,stop,e2b7d6d6,test
DataSet_clean/stop/e2b7d6d6_nohash_1.wav,stop,e2b7d6d6,test
DataSet_clean/stop/e2b7d6d6_nohash_2.wav,stop,e2b7d6d6,test
DataSet_clean/stop/e32ff49d_nohash_0.wav,stop,e32ff49d,test
DataSet_clean/stop/e32ff49d_nohash_1.wav,stop,e32ff49d,test
DataSet_clean/stop/e32ff49d_nohash_2.wav,stop,e32ff49d,test
DataSet_clean/stop/e3b64217_nohash_0.wav,stop,e3b64217,test
DataSet_clean/stop/e3e0f145_nohash_0.wav,stop,e3e0f145,train
DataSet_clean/stop/e3e0f145_nohash_1.wav,stop,e3e0f145,train
DataSet_clean/stop/e3e0f145_nohash_2.wav,stop,e3e0f145,train
DataSet_clean/stop/e3e0f145_nohash_3.wav,stop,e3e0f145,train
DataSet_clean/stop/e3e0f145_nohash_4.wav,stop,e3e0f145,train
DataSet_clean/stop/e41a903b_nohash_0.wav,stop,e41a903b,val
DataSet_clean/stop/e41a903b_nohash_1.wav,stop,e41a903b,val
DataSet_clean/stop/e41a903b_nohash_2.wav,stop,e41a903b,val
DataSet_clean/stop/e41a903b_nohash_3.wav,stop,e41a903b,val
DataSet_clean/stop/e41a903b_nohash_4.wav,stop,e41a903b,val
DataSet_clean/stop/e4200516_nohash_0.wav,stop,e4200516,val
DataSet_clean/stop/e48a80ed_nohash_0.wav,stop,e48a80ed,train
DataSet_clean/stop/e4b02540_nohash_0.wav,stop,e4b02540,train
DataSet_clean/stop/e4be0cf6_nohash_0.wav,stop,e4be0cf6,train
DataSet_clean/stop/e4be0cf6_nohash_1.wav,stop,e4be0cf6,train
DataSet_clean/stop/e4be0cf6_nohash_2.wav,stop,e4be0cf6,train
DataSet_clean/stop/e4be0cf6_nohash_3.wav,stop,e4be0cf6,train
DataSet_clean/stop/e53139ad_nohash_0.wav,stop,e53139ad,train
DataSet_clean/stop/e53139ad_nohash_1.wav,stop,e53139ad,train
DataSet_clean/stop/e53139ad_nohash_2.wav,stop,e53139ad,train
DataSet_clean/stop/e53139ad_nohash_3.wav,stop,e53139ad,train
DataSet_clean/stop/e53139ad_nohash_4.wav,stop,e53139ad,train
DataSet_clean/stop/e54a0f16_nohash_0.wav,stop,e54a0f16,test
DataSet_clean/stop/e54a0f16_nohash_1.wav,stop,e54a0f16,test
DataSet_clean/stop/e54a0f16_nohash_2.wav,stop,e54a0f16,test
DataSet_clean/stop/e54a0f16_nohash_3.wav,stop,e54a0f16,test
DataSet_clean/stop/e55a2b20_nohash_0.wav,stop,e55a2b20,train
DataSet_clean/stop/e55a2b20_nohash_1.wav,stop,e55a2b20,train
DataSet_clean/stop/e5afa9b0_nohash_0.wav,stop,e5afa9b0,train
DataSet_clean/stop/e5afa9b0_nohash_1.wav,stop,e5afa9b0,train
DataSet_clean/stop/e5d2e09d_nohash_0.wav,stop,e5d2e09d,train
DataSet_clean/stop/e5d2e09d_nohash_1.wav,stop,e5d2e09d,train
DataSet_clean/stop/e5d2e09d_nohash_2.wav,stop,e5d2e09d,train
DataSet_clean/stop/e5d2e09d_nohash_3.wav,stop,e5d2e09d,train
DataSet_clean/stop/e5d2e09d_nohash_4.wav,stop,e5d2e09d,train
DataSet_clean/stop/e5e54cee_nohash_0.wav,stop,e5e54cee,test
DataSet_clean/stop/e62056e2_nohash_0.wav,stop,e62056e2,train
DataSet_clean/stop/e6327279_nohash_0.wav,stop,e6327279,train
DataSet_clean/stop/e6327279_nohash_1.wav,stop,e6327279,train
DataSet_clean/stop/e6327279_nohash_2.wav,stop,e6327279,train
DataSet_clean/stop/e63b69c5_nohash_0.wav,stop,e63b69c5,val
DataSet_clean/stop/e63b69c5_nohash_1.wav,stop,e63b69c5,val
DataSet_clean/stop/e6515415_nohash_0.wav,stop,e6515415,train
DataSet_clean/stop/e6515415_nohash_1.wav,stop,e6515415,train
DataSet_clean/stop/e6e29c47_nohash_0.wav,stop,e6e29c47,train
DataSet_clean/stop/e7117d00_nohash_0.wav,stop,e7117d00,train
DataSet_clean/stop/e71a9381_nohash_0.wav,stop,e71a9381,train
DataSet_clean/stop/e71a9381_nohash_1.wav,stop,e71a9381,train
DataSet_clean/stop/e71a9381_nohash_2.wav,stop,e71a9381,train
DataSet_clean/stop/e71a9381_nohash_3.wav,stop,e71a9381,train
DataSet_clean/stop/e71a9381_nohash_4.wav,stop,e71a9381,train
DataSet_clean/stop/e71b4ce6_nohash_0.wav,stop,e71b4ce6,train
DataSet_clean/stop/e71b4ce6_nohash_1.wav,stop,e71b4ce6,train
DataSet_clean/stop/e72aa705_nohash_0.wav,stop,e72aa705,val
DataSet_clean/stop/e72aa705_nohash_1.wav,stop,e72aa705,val
DataSet_clean/stop/e7334395_nohash_0.wav,stop,e7334395,train
DataSet_clean/stop/e77d88fc_nohash_0.wav,stop,e77d88fc,train
DataSet_clean/stop/e77d88fc_nohash_1.wav,stop,e77d88fc,train
DataSet_clean/stop/e7bcee8a_nohash_0.wav,stop,e7bcee8a,train
DataSet_clean/stop/e7bcee8a_nohash_1.wav,stop,e7bcee8a,train
DataSet_clean/stop/e7bcee8a_nohash_2.wav,stop,e7bcee8a,train
DataSet_clean/stop/e7bcee8a_nohash_3.wav,stop,e7bcee8a,train
DataSet_clean/stop/e7d0eb3f_nohash_0.wav,stop,e7d0eb3f,val
DataSet_clean/stop/e7ea8b76_nohash_0.wav,stop,e7ea8b76,train
DataSet_clean/stop/e7ea8b76_nohash_1.wav,stop,e7ea8b76,train
DataSet_clean/stop/e7ea8b76_nohash_2.wav,stop,e7ea8b76,train
DataSet_clean/stop/e7ea8b76_nohash_3.wav,stop,e7ea8b76,train
DataSet_clean/stop/e7ea8b76_nohash_4.wav,stop,e7ea8b76,train
DataSet_clean/stop/e7ebf59c_nohash_0.wav,stop,e7ebf59c,test
DataSet_clean/stop/e805a617_nohash_0.wav,stop,e805a617,train
DataSet_clean/stop/e805a617_nohash_1.wav,stop,e805a617,train
DataSet_clean/stop/e882abb2_nohash_0.wav,stop,e882abb2,train
DataSet_clean/stop/e882abb2_nohash_1.wav,stop,e882abb2,train
DataSet_clean/stop/e882abb2_nohash_2.wav,stop,e882abb2,train
DataSet_clean/stop/e882abb2_nohash_3.wav,stop,e882abb2,train
DataSet_clean/stop/e8b6f6fe_nohash_0.wav,stop,e8b6f6fe,test
DataSet_clean/stop/e8d562ca_nohash_0.wav,stop,e8d562ca,train
DataSet_clean/stop/e8e960fd_nohash_0.wav,stop,e8e960fd,train
DataSet_clean/stop/e900b652_nohash_0.wav,stop,e900b652,test
DataSet_clean/stop/e9287461_nohash_0.wav,stop,e9287461,test
DataSet_clean/stop/e9287461_nohash_1.wav,stop,e9287461,test
DataSet_clean/stop/e9287461_nohash_2.wav,stop,e9287461,test
DataSet_clean/stop/e9323bd9_nohash_0.wav,stop,e9323bd9,test
DataSet_clean/stop/e9323bd9_nohash_1.wav,stop,e9323bd9,test
DataSet_clean/stop/e9901cf0_nohash_0.wav,stop,e9901cf0,train
DataSet_clean/stop/e99d36c8_nohash_0.wav,stop,e99d36c8,train
DataSet_clean/stop/e99d36c8_nohash_1.wav,stop,e99d36c8,train
DataSet_clean/stop/e9abfe31_nohash_0.wav,stop,e9abfe31,train
DataSet_clean/stop/e9b61425_nohash_0.wav,stop,e9b61425,test
DataSet_clean/stop/e9b61425_nohash_1.wav,stop,e9b61425,test
DataSet_clean/stop/e9bc5cc2_nohash_0.wav,stop,e9bc5cc2,val
DataSet_clean/stop/e9bc5cc2_nohash_1.wav,stop,e9bc5cc2,val
DataSet_clean/stop/e9bc5cc2_nohash_2.wav,stop,e9bc5cc2,val
DataSet_clean/stop/e9bc5cc2_nohash_3.wav,stop,e9bc5cc2,val
DataSet_clean/stop/e9bc5cc2_nohash_4.wav,stop,e9bc5cc2,val
DataSet_clean/stop/ea0cf37f_nohash_0.wav,stop,ea0cf37f,test
DataSet_clean/stop/ea0cf37f_nohash_1.wav,stop,ea0cf37f,test
DataSet_clean/stop/ea0cf37f_nohash_2.wav,stop,ea0cf37f,test
DataSet_clean/stop/ea1f888c_nohash_0.wav,stop,ea1f888c,train
DataSet_clean/stop/ea1f888c_nohash_1.wav,stop,ea1f888c,train
DataSet_clean/stop/ea356919_nohash_0.wav,stop,ea356919,test
DataSet_clean/stop/ea356919_nohash_1.wav,stop,ea356919,test
DataSet_clean/stop/ea9f8e11_nohash_0.wav,stop,ea9f8e11,train
DataSet_clean/stop/ea9f8e11_nohash_1.wav,stop,ea9f8e11,train
DataSet_clean/stop/eaa83485_nohash_0.wav,stop,eaa83485,train
DataSet_clean/stop/eaa83485_nohash_1.wav,stop,eaa83485,train
DataSet_clean/stop/eaa83485_nohash_2.wav,stop,eaa83485,train
DataSet_clean/stop/eaa83485_nohash_3.wav,stop,eaa83485,train
DataSet_clean/stop/eaa83485_nohash_4.wav,stop,eaa83485,train
DataSet_clean/stop/ead2934a_nohash_0.wav,stop,ead2934a,train
DataSet_clean/stop/ead2934a_nohash_1.wav,stop,ead2934a,train
DataSet_clean/stop/ead2934a_nohash_2.wav,stop,ead2934a,train
DataSet_clean/stop/eb0676ec_nohash_0.wav,stop,eb0676ec,train
DataSet_clean/stop/eb0676ec_nohash_1.wav,stop,eb0676ec,train
DataSet_clean/stop/eb0676ec_nohash_2.wav,stop,eb0676ec,train
DataSet_clean/stop/eb0676ec_nohash_3.wav,stop,eb0676ec,train
DataSet_clean/stop/eb0676ec_nohash_4.wav,stop,eb0676ec,train
DataSet_clean/stop/eb0857c0_nohash_0.wav,stop,eb0857c0,val
DataSet_clean/stop/eb0857c0_nohash_1.wav,stop,eb0857c0,val
DataSet_clean/stop/eb3d8eb1_nohash_0.wav,stop,eb3d8eb1,test
DataSet_clean/stop/eb3f7d82_nohash_0.wav,stop,eb3f7d82,train
DataSet_clean/stop/eb3f7d82_nohash_1.wav,stop,eb3f7d82,train
DataSet_clean/stop/eb3f7d82_nohash_2.wav,stop,eb3f7d82,train
DataSet_clean/stop/eb3f7d82_nohash_3.wav,stop,eb3f7d82,train
DataSet_clean/stop/eb3f7d82_nohash_4.wav,stop,eb3f7d82,train
DataSet_clean/stop/eb3f7d82_nohash_5.wav,stop,eb3f7d82,train
DataSet_clean/stop/eb609143_nohash_0.wav,stop,eb609143,val
DataSet_clean/stop/eb67fcbc_nohash_0.wav,stop,eb67fcbc,test
DataSet_clean/stop/eb67fcbc_nohash_1.wav,stop,eb67fcbc,test
DataSet_clean/stop/eb67fcbc_nohash_2.wav,stop,eb67fcbc,test
DataSet_clean/stop/eb67fcbc_nohash_3.wav,stop,eb67fcbc,test
DataSet_clean/stop/eb6dab4a_nohash_0.wav,stop,eb6dab4a,train
DataSet_clean/stop/eb6dab4a_nohash_1.wav,stop,eb6dab4a,train
DataSet_clean/stop/eb76bc68_nohash_0.wav,stop,eb76bc68,val
DataSet_clean/stop/eb76bc68_nohash_1.wav,stop,eb76bc68,val
DataSet_clean/stop/ebdd0f59_nohash_0.wav,stop,ebdd0f59,val
DataSet_clean/stop/ebdd0f59_nohash_1.wav,stop,ebdd0f59,val
DataSet_clean/stop/ec201020_nohash_0.wav,stop,ec201020,train
DataSet_clean/stop/ec201020_nohash_1.wav,stop,ec201020,train
DataSet_clean/stop/ec201020_nohash_2.wav,stop,ec201020,train
DataSet_clean/stop/ec21c46b_nohash_0.wav,stop,ec21c46b,train
DataSet_clean/stop/ec32860c_nohash_0.wav,stop,ec32860c,train
DataSet_clean/stop/ec32860c_nohash_1.wav,stop,ec32860c,train
DataSet_clean/stop/ec545975_nohash_0.wav,stop,ec545975,test
DataSet_clean/stop/ec989d6d_nohash_0.wav,stop,ec989d6d,train
DataSet_clean/stop/ec989d6d_nohash_1.wav,stop,ec989d6d,train
DataSet_clean/stop/ec989d6d_nohash_2.wav,stop,ec989d6d,train
DataSet_clean/stop/ec989d6d_nohash_3.wav,stop,ec989d6d,train
DataSet_clean/stop/ec989d6d_nohash_4.wav,stop,ec989d6d,train
DataSet_clean/stop/ec989d6d_nohash_5.wav,stop,ec989d6d,train
DataSet_clean/stop/ec9b830b_nohash_0.wav,stop,ec9b830b,train
DataSet_clean/stop/ecbd8d66_nohash_0.wav,stop,ecbd8d66,train
DataSet_clean/stop/ecbd8d66_nohash_1.wav,stop,ecbd8d66,train
DataSet_clean/stop/ecef25ba_nohash_0.wav,stop,ecef25ba,train
DataSet_clean/stop/ecef25ba_nohash_1.wav,stop,ecef25ba,train
DataSet_clean/stop/ed032775_nohash_0.wav,stop,ed032775,train
DataSet_clean/stop/ed032775_nohash_1.wav,stop,ed032775,train
DataSet_clean/stop/ed032775_nohash_2.wav,stop,ed032775,train
DataSet_clean/stop/ed032775_nohash_3.wav,stop,ed032775,train
DataSet_clean/stop/ed032775_nohash_4.wav,stop,ed032775,train
DataSet_clean/stop/ed3c2d05_nohash_0.wav,stop,ed3c2d05,train
DataSet_clean/stop/ed3c2d05_nohash_1.wav,stop,ed3c2d05,train
DataSet_clean/stop/ede2f4ee_nohash_0.wav,stop,ede2f4ee,train
DataSet_clean/stop/ee07dcb9_nohash_0.wav,stop,ee07dcb9,train
DataSet_clean/stop/ee07dcb9_nohash_1.wav,stop,ee07dcb9,train
DataSet_clean/stop/ee07dcb9_nohash_2.wav,stop,ee07dcb9,train
DataSet_clean/stop/ee1d8d49_nohash_0.wav,stop,ee1d8d49,train
DataSet_clean/stop/ee1d8d49_nohash_1.wav,stop,ee1d8d49,train
DataSet_clean/stop/ee1d8d49_nohash_2.wav,stop,ee1d8d49,train
DataSet_clean/stop/ee1d8d49_nohash_3.wav,stop,ee1d8d49,train
DataSet_clean/stop/ee6163d5_nohash_0.wav,stop,ee6163d5,train
DataSet_clean/stop/ee6163d5_nohash_1.wav,stop,ee6163d5,train
DataSet_clean/stop/eeaf97c3_nohash_0.wav,stop,eeaf97c3,train
DataSet_clean/stop/eeaf97c3_nohash_1.wav,stop,eeaf97c3,train
DataSet_clean/stop/eeaf97c3_nohash_2.wav,stop,eeaf97c3,train
DataSet_clean/stop/eeaf97c3_nohash_3.wav,stop,eeaf97c3,train
DataSet_clean/stop/eeaf97c3_nohash_4.wav,stop,eeaf97c3,train
DataSet_clean/stop/eee5e541_nohash_0.wav,stop,eee5e541,test
DataSet_clean/stop/eefd26f3_nohash_0.wav,stop,eefd26f3,train
DataSet_clean/stop/eefd26f3_nohash_1.wav,stop,eefd26f3,train
DataSet_clean/stop/ef2578c0_nohash_0.wav,stop,ef2578c0,train
DataSet_clean/stop/ef2a3cfb_nohash_0.wav,stop,ef2a3cfb,train
DataSet_clean/stop/ef3367d9_nohash_0.wav,stop,ef3367d9,train
DataSet_clean/stop/ef3367d9_nohash_1.wav,stop,ef3367d9,train
DataSet_clean/stop/ef3367d9_nohash_2.wav,stop,ef3367d9,train
DataSet_clean/stop/ef3367d9_nohash_3.wav,stop,ef3367d9,train
DataSet_clean/stop/ef3367d9_nohash_4.wav,stop,ef3367d9,train
DataSet_clean/stop/ef3367d9_nohash_5.wav,stop,ef3367d9,train
DataSet_clean/stop/ef3367d9_nohash_6.wav,stop,ef3367d9,train
DataSet_clean/stop/ef3367d9_nohash_7.wav,stop,ef3367d9,train
DataSet_clean/stop/ef77b778_nohash_0.wav,stop,ef77b778,val
DataSet_clean/stop/ef77b778_nohash_1.wav,stop,ef77b778,val
DataSet_clean/stop/ef77b778_nohash_2.wav,stop,ef77b778,val
DataSet_clean/stop/ef77b778_nohash_3.wav,stop,ef77b778,val
DataSet_clean/stop/efa16ffd_nohash_0.wav,stop,efa16ffd,train
DataSet_clean/stop/efab2cbd_nohash_0.wav,stop,efab2cbd,test
DataSet_clean/stop/efab2cbd_nohash_1.wav,stop,efab2cbd,test
DataSet_clean/stop/efbc3952_nohash_0.wav,stop,efbc3952,test
DataSet_clean/stop/efbc3952_nohash_1.wav,stop,efbc3952,test
DataSet_clean/stop/efc5e569_nohash_0.wav,stop,efc5e569,val
DataSet_clean/stop/f00180d0_nohash_0.wav,stop,f00180d0,val
DataSet_clean/stop/f01a0d63_nohash_0.wav,stop,f01a0d63,test
DataSet_clean/stop/f01a0d63_nohash_1.wav,stop,f01a0d63,test
DataSet_clean/stop/f01a0d63_nohash_2.wav,stop,f01a0d63,test
DataSet_clean/stop/f01a0d63_nohash_3.wav,stop,f01a0d63,test
DataSet_clean/stop/f01a0d63_nohash_4.wav,stop,f01a0d63,test
DataSet_clean/stop/f035e2ea_nohash_0.wav,stop,f035e2ea,train
DataSet_clean/stop/f035e2ea_nohash_1.wav,stop,f035e2ea,train
DataSet_clean/stop/f035e2ea_nohash_2.wav,stop,f035e2ea,train
DataSet_clean/stop/f035e2ea_nohash_3.wav,stop,f035e2ea,train
DataSet_clean/stop/f035e2ea_nohash_4.wav,stop,f035e2ea,train
DataSet_clean/stop/f0522ff4_nohash_0.wav,stop,f0522ff4,val
DataSet_clean/stop/f0522ff4_nohash_1.wav,stop,f0522ff4,val
DataSet_clean/stop/f0522ff4_nohash_2.wav,stop,f0522ff4,val
DataSet_clean/stop/f0522ff4_nohash_3.wav,stop,f0522ff4,val
DataSet_clean/stop/f0522ff4_nohash_4.wav,stop,f0522ff4,val
DataSet_clean/stop/f06190c1_nohash_0.wav,stop,f06190c1,train
DataSet_clean/stop/f06190c1_nohash_1.wav,stop,f06190c1,train
DataSet_clean/stop/f0659908_nohash_0.wav,stop,f0659908,train
DataSet_clean/stop/f0659908_nohash_1.wav,stop,f0659908,train
DataSet_clean/stop/f0659908_nohash_2.wav,stop,f0659908,train
DataSet_clean/stop/f0659908_nohash_3.wav,stop,f0659908,train
DataSet_clean/stop/f0659908_nohash_4.wav,stop,f0659908,train
DataSet_clean/stop/f0ac2522_nohash_0.wav,stop,f0ac2522,train
DataSet_clean/stop/f0ae7203_nohash_0.wav,stop,f0ae7203,train
DataSet_clean/stop/f0ebef1b_nohash_0.wav,stop,f0ebef1b,test
DataSet_clean/stop/f104f742_nohash_0.wav,stop,f104f742,train
DataSet_clean/stop/f15a354c_nohash_0.wav,stop,f15a354c,val
DataSet_clean/stop/f15a354c_nohash_1.wav,stop,f15a354c,val
DataSet_clean/stop/f19c1390_nohash_0.wav,stop,f19c1390,val
DataSet_clean/stop/f19c1390_nohash_1.wav,stop,f19c1390,val
DataSet_clean/stop/f19c1390_nohash_2.wav,stop,f19c1390,val
DataSet_clean/stop/f19c1390_nohash_3.wav,stop,f19c1390,val
DataSet_clean/stop/f1b35ace_nohash_0.wav,stop,f1b35ace,train
DataSet_clean/stop/f216055e_nohash_0.wav,stop,f216055e,train
DataSet_clean/stop/f21893dc_nohash_0.wav,stop,f21893dc,train
DataSet_clean/stop/f250345e_nohash_0.wav,stop,f250345e,train
DataSet_clean/stop/f264e0df_nohash_0.wav,stop,f264e0df,train
DataSet_clean/stop/f2898d06_nohash_0.wav,stop,f2898d06,train
DataSet_clean/stop/f2898d06_nohash_1.wav,stop,f2898d06,train
DataSet_clean/stop/f2898d06_nohash_2.wav,stop,f2898d06,train
DataSet_clean/stop/f2898d06_nohash_3.wav,stop,f2898d06,train
DataSet_clean/stop/f2898d06_nohash_4.wav,stop,f2898d06,train
DataSet_clean/stop/f292725f_nohash_0.wav,stop,f292725f,test
DataSet_clean/stop/f297e878_nohash_0.wav,stop,f297e878,train
DataSet_clean/stop/f297e878_nohash_1.wav,stop,f297e878,train
DataSet_clean/stop/f297e878_nohash_2.wav,stop,f297e878,train
DataSet_clean/stop/f2a90886_nohash_0.wav,stop,f2a90886,train
DataSet_clean/stop/f2a90886_nohash_1.wav,stop,f2a90886,train
DataSet_clean/stop/f2b8fc18_nohash_0.wav,stop,f2b8fc18,test
DataSet_clean/stop/f2dd248e_nohash_0.wav,stop,f2dd248e,test
DataSet_clean/stop/f2e59fea_nohash_0.wav,stop,f2e59fea,train
DataSet_clean/stop/f2e59fea_nohash_1.wav,stop,f2e59fea,train
DataSet_clean/stop/f2e59fea_nohash_2.wav,stop,f2e59fea,train
DataSet_clean/stop/f2e59fea_nohash_3.wav,stop,f2e59fea,train
DataSet_clean/stop/f2e9b610_nohash_0.wav,stop,f2e9b610,train
DataSet_clean/stop/f2e9b610_nohash_1.wav,stop,f2e9b610,train
DataSet_clean/stop/f2e9b610_nohash_2.wav,stop,f2e9b610,train
DataSet_clean/stop/f2e9b610_nohash_3.wav,stop,f2e9b610,train
DataSet_clean/stop/f2e9b610_nohash_4.wav,stop,f2e9b610,train
DataSet_clean/stop/f2f0d244_nohash_0.wav,stop,f2f0d244,val
DataSet_clean/stop/f2f0d244_nohash_1.wav,stop,f2f0d244,val
DataSet_clean/stop/f2f0d244_nohash_2.wav,stop,f2f0d244,val
DataSet_clean/stop/f30285c8_nohash_0.wav,stop,f30285c8,train
DataSet_clean/stop/f30285c8_nohash_1.wav,stop,f30285c8,train
DataSet_clean/stop/f30285c8_nohash_2.wav,stop,f30285c8,train
DataSet_clean/stop/f30285c8_nohash_3.wav,stop,f30285c8,train
DataSet_clean/stop/f30285c8_nohash_4.wav,stop,f30285c8,train
DataSet_clean/stop/f33660af_nohash_0.wav,stop,f33660af,val
DataSet_clean/stop/f33660af_nohash_1.wav,stop,f33660af,val
DataSet_clean/stop/f34e6f44_nohash_0.wav,stop,f34e6f44,val
DataSet_clean/stop/f35eedd7_nohash_0.wav,stop,f35eedd7,train
DataSet_clean/stop/f3d06008_nohash_0.wav,stop,f3d06008,test
DataSet_clean/stop/f3d06008_nohash_1.wav,stop,f3d06008,test
DataSet_clean/stop/f428ca69_nohash_0.wav,stop,f428ca69,train
DataSet_clean/stop/f42e234b_nohash_0.wav,stop,f42e234b,train
DataSet_clean/stop/f4386675_nohash_0.wav,stop,f4386675,train
DataSet_clean/stop/f44f440f_nohash_0.wav,stop,f44f440f,val
DataSet_clean/stop/f44f440f_nohash_1.wav,stop,f44f440f,val
DataSet_clean/stop/f4504600_nohash_0.wav,stop,f4504600,train
DataSet_clean/stop/f4504600_nohash_1.wav,stop,f4504600,train
DataSet_clean/stop/f45fcf9a_nohash_0.wav,stop,f45fcf9a,train
DataSet_clean/stop/f47d644e_nohash_0.wav,stop,f47d644e,train
DataSet_clean/stop/f47d644e_nohash_1.wav,stop,f47d644e,train
DataSet_clean/stop/f4cae173_nohash_0.wav,stop,f4cae173,test
DataSet_clean/stop/f4cae173_nohash_1.wav,stop,f4cae173,test
DataSet_clean/stop/f5341341_nohash_0.wav,stop,f5341341,val
DataSet_clean/stop/f5341341_nohash_1.wav,stop,f5341341,val
DataSet_clean/stop/f5341341_nohash_2.wav,stop,f5341341,val
DataSet_clean/stop/f5341341_nohash_3.wav,stop,f5341341,val
DataSet_clean/stop/f5341341_nohash_4.wav,stop,f5341341,val
DataSet_clean/stop/f5496439_nohash_0.wav,stop,f5496439,val
DataSet_clean/stop/f5496439_nohash_1.wav,stop,f5496439,val
DataSet_clean/stop/f5626af6_nohash_0.wav,stop,f5626af6,train
DataSet_clean/stop/f5626af6_nohash_1.wav,stop,f5626af6,train
DataSet_clean/stop/f5626af6_nohash_2.wav,stop,f5626af6,train
DataSet_clean/stop/f5626af6_nohash_3.wav,stop,f5626af6,train
DataSet_clean/stop/f568162b_nohash_0.wav,stop,f568162b,val
DataSet_clean/stop/f568162b_nohash_1.wav,stop,f568162b,val
DataSet_clean/stop/f568162b_nohash_2.wav,stop,f568162b,val
DataSet_clean/stop/f568162b_nohash_3.wav,stop,f568162b,val
DataSet_clean/stop/f568162b_nohash_4.wav,stop,f568162b,val
DataSet_clean/stop/f5733968_nohash_0.wav,stop,f5733968,train
DataSet_clean/stop/f5733968_nohash_1.wav,stop,f5733968,train
DataSet_clean/stop/f5733968_nohash_2.wav,stop,f5733968,train
DataSet_clean/stop/f5733968_nohash_3.wav,stop,f5733968,train
DataSet_clean/stop/f5733968_nohash_4.wav,stop,f5733968,train
DataSet_clean/stop/f575faf3_nohash_0.wav,stop,f575faf3,test
DataSet_clean/stop/f575faf3_nohash_1.wav,stop,f575faf3,test
DataSet_clean/stop/f575faf3_nohash_2.wav,stop,f575faf3,test
DataSet_clean/stop/f575faf3_nohash_3.wav,stop,f575faf3,test
DataSet_clean/stop/f575faf3_nohash_4.wav,stop,f575faf3,test
DataSet_clean/stop/f59d0771_nohash_0.wav,stop,f59d0771,val
DataSet_clean/stop/f5c3de1b_nohash_0.wav,stop,f5c3de1b,train
DataSet_clean/stop/f5c3de1b_nohash_1.wav,stop,f5c3de1b,train
DataSet_clean/stop/f5d09ebd_nohash_0.wav,stop,f5d09ebd,train
DataSet_clean/stop/f5e44d34_nohash_0.wav,stop,f5e44d34,train
DataSet_clean/stop/f5e44d34_nohash_1.wav,stop,f5e44d34,train
DataSet_clean/stop/f5e5e8b0_nohash_0.wav,stop,f5e5e8b0,train
DataSet_clean/stop/f632210f_nohash_0.wav,stop,f632210f,train
DataSet_clean/stop/f632210f_nohash_1.wav,stop,f632210f,train
DataSet_clean/stop/f6617a86_nohash_0.wav,stop,f6617a86,train
DataSet_clean/stop/f6617a86_nohash_1.wav,stop,f6617a86,train
DataSet_clean/stop/f68160c0_nohash_0.wav,stop,f68160c0,train
DataSet_clean/stop/f68160c0_nohash_1.wav,stop,f68160c0,train
DataSet_clean/stop/f68160c0_nohash_2.wav,stop,f68160c0,train
DataSet_clean/stop/f68160c0_nohash_3.wav,stop,f68160c0,train
DataSet_clean/stop/f68160c0_nohash_4.wav,stop,f68160c0,train
DataSet_clean/stop/f6af2457_nohash_0.wav,stop,f6af2457,val
DataSet_clean/stop/f6af2457_nohash_1.wav,stop,f6af2457,val
DataSet_clean/stop/f6af2457_nohash_2.wav,stop,f6af2457,val
DataSet_clean/stop/f736ab63_nohash_0.wav,stop,f736ab63,train
DataSet_clean/stop/f736ab63_nohash_1.wav,stop,f736ab63,train
DataSet_clean/stop/f736ab63_nohash_2.wav,stop,f736ab63,train
DataSet_clean/stop/f736ab63_nohash_3.wav,stop,f736ab63,train
DataSet_clean/stop/f7879738_nohash_0.wav,stop,f7879738,train
DataSet_clean/stop/f7879738_nohash_1.wav,stop,f7879738,train
DataSet_clean/stop/f798ac78_nohash_0.wav,stop,f798ac78,train
DataSet_clean/stop/f798ac78_nohash_1.wav,stop,f798ac78,train
DataSet_clean/stop/f798ac78_nohash_2.wav,stop,f798ac78,train
DataSet_clean/stop/f798ac78_nohash_3.wav,stop,f798ac78,train
DataSet_clean/stop/f798ac78_nohash_4.wav,stop,f798ac78,train
DataSet_clean/stop/f804cbb3_nohash_0.wav,stop,f804cbb3,val
DataSet_clean/stop/f804cbb3_nohash_1.wav,stop,f804cbb3,val
DataSet_clean/stop/f804cbb3_nohash_2.wav,stop,f804cbb3,val
DataSet_clean/stop/f804cbb3_nohash_3.wav,stop,f804cbb3,val
DataSet_clean/stop/f816db77_nohash_0.wav,stop,f816db77,train
DataSet_clean/stop/f822b9bf_nohash_0.wav,stop,f822b9bf,train
DataSet_clean/stop/f822b9bf_nohash_1.wav,stop,f822b9bf,train
DataSet_clean/stop/f822b9bf_nohash_2.wav,stop,f822b9bf,train
DataSet_clean/stop/f822b9bf_nohash_3.wav,stop,f822b9bf,train
DataSet_clean/stop/f822b9bf_nohash_4.wav,stop,f822b9bf,train
DataSet_clean/stop/f852895b_nohash_0.wav,stop,f852895b,train
DataSet_clean/stop/f875f965_nohash_0.wav,stop,f875f965,train
DataSet_clean/stop/f88f97a7_nohash_0.wav,stop,f88f97a7,val
DataSet_clean/stop/f8ad3941_nohash_0.wav,stop,f8ad3941,val
DataSet_clean/stop/f8ad3941_nohash_1.wav,stop,f8ad3941,val
DataSet_clean/stop/f8ba7c0e_nohash_0.wav,stop,f8ba7c0e,train
DataSet_clean/stop/f8ba7c0e_nohash_1.wav,stop,f8ba7c0e,train
DataSet_clean/stop/f8ba7c0e_nohash_2.wav,stop,f8ba7c0e,train
DataSet_clean/stop/f8ba7c0e_nohash_3.wav,stop,f8ba7c0e,train
DataSet_clean/stop/f8ba7c0e_nohash_4.wav,stop,f8ba7c0e,train
DataSet_clean/stop/f8f60f59_nohash_0.wav,stop,f8f60f59,train
DataSet_clean/stop/f8f60f59_nohash_1.wav,stop,f8f60f59,train
DataSet_clean/stop/f8f60f59_nohash_2.wav,stop,f8f60f59,train
DataSet_clean/stop/f9273a21_nohash_0.wav,stop,f9273a21,test
DataSet_clean/stop/f9273a21_nohash_1.wav,stop,f9273a21,test
DataSet_clean/stop/f9318c93_nohash_0.wav,stop,f9318c93,train
DataSet_clean/stop/f953e1af_nohash_0.wav,stop,f953e1af,train
DataSet_clean/stop/f953e1af_nohash_1.wav,stop,f953e1af,train
DataSet_clean/stop/f953e1af_nohash_2.wav,stop,f953e1af,train
DataSet_clean/stop/f953e1af_nohash_3.wav,stop,f953e1af,train
DataSet_clean/stop/f953e1af_nohash_4.wav,stop,f953e1af,train
DataSet_clean/stop/f9643d42_nohash_0.wav,stop,f9643d42,train
DataSet_clean/stop/f9643d42_nohash_1.wav,stop,f9643d42,train
DataSet_clean/stop/f9643d42_nohash_2.wav,stop,f9643d42,train
DataSet_clean/stop/f9643d42_nohash_3.wav,stop,f9643d42,train
DataSet_clean/stop/f97e1fcd_nohash_0.wav,stop,f97e1fcd,test
DataSet_clean/stop/f9af0887_nohash_0.wav,stop,f9af0887,val
DataSet_clean/stop/f9af0887_nohash_1.wav,stop,f9af0887,val
DataSet_clean/stop/f9af0887_nohash_2.wav,stop,f9af0887,val
DataSet_clean/stop/f9af823e_nohash_0.wav,stop,f9af823e,train
DataSet_clean/stop/f9bdf10e_nohash_0.wav,stop,f9bdf10e,val
DataSet_clean/stop/f9bdf10e_nohash_1.wav,stop,f9bdf10e,val
DataSet_clean/stop/f9f9751d_nohash_0.wav,stop,f9f9751d,train
DataSet_clean/stop/fa446c16_nohash_0.wav,stop,fa446c16,train
DataSet_clean/stop/fa446c16_nohash_1.wav,stop,fa446c16,train
DataSet_clean/stop/fa446c16_nohash_2.wav,stop,fa446c16,train
DataSet_clean/stop/fa446c16_nohash_3.wav,stop,fa446c16,train
DataSet_clean/stop/fa44fcf5_nohash_0.wav,stop,fa44fcf5,val
DataSet_clean/stop/fa44fcf5_nohash_1.wav,stop,fa44fcf5,val
DataSet_clean/stop/fa52ddf6_nohash_0.wav,stop,fa52ddf6,train
DataSet_clean/stop/fa52ddf6_nohash_1.wav,stop,fa52ddf6,train
DataSet_clean/stop/fa52ddf6_nohash_2.wav,stop,fa52ddf6,train
DataSet_clean/stop/fa52ddf6_nohash_3.wav,stop,fa52ddf6,train
DataSet_clean/stop/fa52ddf6_nohash_4.wav,stop,fa52ddf6,train
DataSet_clean/stop/fa57ab3b_nohash_0.wav,stop,fa57ab3b,val
DataSet_clean/stop/fa57ab3b_nohash_1.wav,stop,fa57ab3b,val
DataSet_clean/stop/fa57ab3b_nohash_2.wav,stop,fa57ab3b,val
DataSet_clean/stop/fa57ab3b_nohash_3.wav,stop,fa57ab3b,val
DataSet_clean/stop/fa57ab3b_nohash_4.wav,stop,fa57ab3b,val
DataSet_clean/stop/fa7895de_nohash_0.wav,stop,fa7895de,train
DataSet_clean/stop/fa7895de_nohash_1.wav,stop,fa7895de,train
DataSet_clean/stop/facd97c0_nohash_0.wav,stop,facd97c0,train
DataSet_clean/stop/facd97c0_nohash_1.wav,stop,facd97c0,train
DataSet_clean/stop/fad7a69a_nohash_0.wav,stop,fad7a69a,train
DataSet_clean/stop/fb24c826_nohash_0.wav,stop,fb24c826,val
DataSet_clean/stop/fb727898_nohash_0.wav,stop,fb727898,train
DataSet_clean/stop/fb727898_nohash_1.wav,stop,fb727898,train
DataSet_clean/stop/fb727898_nohash_2.wav,stop,fb727898,train
DataSet_clean/stop/fb727898_nohash_3.wav,stop,fb727898,train
DataSet_clean/stop/fb727898_nohash_4.wav,stop,fb727898,train
DataSet_clean/stop/fb7c9b3b_nohash_0.wav,stop,fb7c9b3b,train
DataSet_clean/stop/fb7eb481_nohash_0.wav,stop,fb7eb481,train
DataSet_clean/stop/fb7eb481_nohash_1.wav,stop,fb7eb481,train
DataSet_clean/stop/fb7eb481_nohash_2.wav,stop,fb7eb481,train
DataSet_clean/stop/fb7eb481_nohash_3.wav,stop,fb7eb481,train
DataSet_clean/stop/fb7eb481_nohash_4.wav,stop,fb7eb481,train
DataSet_clean/stop/fb8c31a9_nohash_0.wav,stop,fb8c31a9,test
DataSet_clean/stop/fb8c31a9_nohash_1.wav,stop,fb8c31a9,test
DataSet_clean/stop/fb8c31a9_nohash_2.wav,stop,fb8c31a9,test
DataSet_clean/stop/fb8c31a9_nohash_3.wav,stop,fb8c31a9,test
DataSet_clean/stop/fbb2f6cc_nohash_0.wav,stop,fbb2f6cc,train
DataSet_clean/stop/fbb2f6cc_nohash_1.wav,stop,fbb2f6cc,train
DataSet_clean/stop/fbb56351_nohash_0.wav,stop,fbb56351,val
DataSet_clean/stop/fbb56351_nohash_1.wav,stop,fbb56351,val
DataSet_clean/stop/fbb56351_nohash_2.wav,stop,fbb56351,val
DataSet_clean/stop/fbb56351_nohash_3.wav,stop,fbb56351,val
DataSet_clean/stop/fbb56351_nohash_4.wav,stop,fbb56351,val
DataSet_clean/stop/fbe51750_nohash_0.wav,stop,fbe51750,train
DataSet_clean/stop/fc2411fe_nohash_0.wav,stop,fc2411fe,test
DataSet_clean/stop/fc2411fe_nohash_1.wav,stop,fc2411fe,test
DataSet_clean/stop/fc2411fe_nohash_2.wav,stop,fc2411fe,test
DataSet_clean/stop/fc28c8d8_nohash_0.wav,stop,fc28c8d8,test
DataSet_clean/stop/fc3ba625_nohash_0.wav,stop,fc3ba625,train
DataSet_clean/stop/fc3ba625_nohash_1.wav,stop,fc3ba625,train
DataSet_clean/stop/fc3ba625_nohash_2.wav,stop,fc3ba625,train
DataSet_clean/stop/fc3ba625_nohash_3.wav,stop,fc3ba625,train
DataSet_clean/stop/fc3ba625_nohash_4.wav,stop,fc3ba625,train
DataSet_clean/stop/fc94edb0_nohash_0.wav,stop,fc94edb0,train
DataSet_clean/stop/fcb25a78_nohash_0.wav,stop,fcb25a78,train
DataSet_clean/stop/fcb25a78_nohash_1.wav,stop,fcb25a78,train
DataSet_clean/stop/fce65496_nohash_0.wav,stop,fce65496,train
DataSet_clean/stop/fce96bac_nohash_0.wav,stop,fce96bac,test
DataSet_clean/stop/fd32732a_nohash_0.wav,stop,fd32732a,train
DataSet_clean/stop/fd5ccd39_nohash_0.wav,stop,fd5ccd39,train
DataSet_clean/stop/fd5ccd39_nohash_1.wav,stop,fd5ccd39,train
DataSet_clean/stop/fd5ccd39_nohash_2.wav,stop,fd5ccd39,train
DataSet_clean/stop/fd5ccd39_nohash_3.wav,stop,fd5ccd39,train
DataSet_clean/stop/fda46b78_nohash_0.wav,stop,fda46b78,train
DataSet_clean/stop/fdb5155e_nohash_0.wav,stop,fdb5155e,test
DataSet_clean/stop/fdb5155e_nohash_1.wav,stop,fdb5155e,test
DataSet_clean/stop/fde2dee7_nohash_0.wav,stop,fde2dee7,train
DataSet_clean/stop/fe1916ba_nohash_0.wav,stop,fe1916ba,val
DataSet_clean/stop/fe291fa9_nohash_0.wav,stop,fe291fa9,train
DataSet_clean/stop/fe5c4a7a_nohash_0.wav,stop,fe5c4a7a,train
DataSet_clean/stop/feb1d305_nohash_0.wav,stop,feb1d305,train
DataSet_clean/stop/ff0e27c3_nohash_0.wav,stop,ff0e27c3,train
DataSet_clean/stop/ff2b842e_nohash_0.wav,stop,ff2b842e,val
DataSet_clean/stop/ff2b842e_nohash_1.wav,stop,ff2b842e,val
DataSet_clean/stop/ff2b842e_nohash_2.wav,stop,ff2b842e,val
DataSet_clean/stop/ff4ed4f3_nohash_0.wav,stop,ff4ed4f3,test
DataSet_clean/stop/ff4ed4f3_nohash_1.wav,stop,ff4ed4f3,test
DataSet_clean/stop/ff4ed4f3_nohash_2.wav,stop,ff4ed4f3,test
DataSet_clean/stop/ff4ed4f3_nohash_3.wav,stop,ff4ed4f3,test
DataSet_clean/stop/ffa76c4a_nohash_0.wav,stop,ffa76c4a,train
DataSet_clean/stop/ffa76c4a_nohash_1.wav,stop,ffa76c4a,train
DataSet_clean/stop/ffb86d3c_nohash_0.wav,stop,ffb86d3c,train
DataSet_clean/stop/ffb86d3c_nohash_1.wav,stop,ffb86d3c,train
DataSet_clean/stop/ffb86d3c_nohash_2.wav,stop,ffb86d3c,train
DataSet_clean/stop/ffb86d3c_nohash_3.wav,stop,ffb86d3c,train
DataSet_clean/stop/ffbb695d_nohash_0.wav,stop,ffbb695d,val
DataSet_clean/stop/ffbb695d_nohash_1.wav,stop,ffbb695d,val
DataSet_clean/stop/ffd2ba2f_nohash_0.wav,stop,ffd2ba2f,train
DataSet_clean/stop/ffd2ba2f_nohash_1.wav,stop,ffd2ba2f,train
DataSet_clean/stop/ffd2ba2f_nohash_2.wav,stop,ffd2ba2f,train
DataSet_clean/stop/ffd2ba2f_nohash_3.wav,stop,ffd2ba2f,train
DataSet_clean/stop/fffcabd1_nohash_0.wav,stop,fffcabd1,train
DataSet_clean/stop/fffcabd1_nohash_1.wav,stop,fffcabd1,train
DataSet_clean/go/004ae714_nohash_0.wav,go,004ae714,train
DataSet_clean/go/004ae714_nohash_1.wav,go,004ae714,train
DataSet_clean/go/00b01445_nohash_0.wav,go,00b01445,train
DataSet_clean/go/00f0204f_nohash_0.wav,go,00f0204f,train
DataSet_clean/go/00f0204f_nohash_1.wav,go,00f0204f,train
DataSet_clean/go/01bb6a2a_nohash_0.wav,go,01bb6a2a,train
DataSet_clean/go/01bb6a2a_nohash_1.wav,go,01bb6a2a,train
DataSet_clean/go/01bb6a2a_nohash_2.wav,go,01bb6a2a,train
DataSet_clean/go/01bcfc0c_nohash_0.wav,go,01bcfc0c,train
DataSet_clean/go/01d22d03_nohash_0.wav,go,01d22d03,train
DataSet_clean/go/01d22d03_nohash_1.wav,go,01d22d03,train
DataSet_clean/go/01d22d03_nohash_2.wav,go,01d22d03,train
DataSet_clean/go/02ade946_nohash_0.wav,go,02ade946,val
DataSet_clean/go/02ade946_nohash_1.wav,go,02ade946,val
DataSet_clean/go/02ade946_nohash_2.wav,go,02ade946,val
DataSet_clean/go/02ade946_nohash_3.wav,go,02ade946,val
DataSet_clean/go/02fcd241_nohash_0.wav,go,02fcd241,train
DataSet_clean/go/03c96658_nohash_0.wav,go,03c96658,train
DataSet_clean/go/0a196374_nohash_0.wav,go,0a196374,train
DataSet_clean/go/0a196374_nohash_1.wav,go,0a196374,train
DataSet_clean/go/0a196374_nohash_2.wav,go,0a196374,train
DataSet_clean/go/0a196374_nohash_3.wav,go,0a196374,train
DataSet_clean/go/0a196374_nohash_4.wav,go,0a196374,train
DataSet_clean/go/0a2b400e_nohash_0.wav,go,0a2b400e,train
DataSet_clean/go/0a2b400e_nohash_1.wav,go,0a2b400e,train
DataSet_clean/go/0a2b400e_nohash_2.wav,go,0a2b400e,train
DataSet_clean/go/0a2b400e_nohash_3.wav,go,0a2b400e,train
DataSet_clean/go/0a2b400e_nohash_4.wav,go,0a2b400e,train
DataSet_clean/go/0a5636ca_nohash_0.wav,go,0a5636ca,train
DataSet_clean/go/0a9f9af7_nohash_0.wav,go,0a9f9af7,train
DataSet_clean/go/0a9f9af7_nohash_1.wav,go,0a9f9af7,train
DataSet_clean/go/0ab3b47d_nohash_0.wav,go,0ab3b47d,val
DataSet_clean/go/0ab3b47d_nohash_1.wav,go,0ab3b47d,val
DataSet_clean/go/0ac15fe9_nohash_0.wav,go,0ac15fe9,train
DataSet_clean/go/0ac15fe9_nohash_1.wav,go,0ac15fe9,train
DataSet_clean/go/0b56bcfe_nohash_0.wav,go,0b56bcfe,train
DataSet_clean/go/0b77ee66_nohash_0.wav,go,0b77ee66,train
DataSet_clean/go/0b77ee66_nohash_1.wav,go,0b77ee66,train
DataSet_clean/go/0b7ee1a0_nohash_0.wav,go,0b7ee1a0,val
DataSet_clean/go/0b7ee1a0_nohash_1.wav,go,0b7ee1a0,val
DataSet_clean/go/0b7ee1a0_nohash_2.wav,go,0b7ee1a0,val
DataSet_clean/go/0b7ee1a0_nohash_3.wav,go,0b7ee1a0,val
DataSet_clean/go/0b7ee1a0_nohash_4.wav,go,0b7ee1a0,val
DataSet_clean/go/0ba018fc_nohash_0.wav,go,0ba018fc,train
DataSet_clean/go/0ba018fc_nohash_1.wav,go,0ba018fc,train
DataSet_clean/go/0ba018fc_nohash_2.wav,go,0ba018fc,train
DataSet_clean/go/0ba018fc_nohash_3.wav,go,0ba018fc,train
DataSet_clean/go/0ba018fc_nohash_4.wav,go,0ba018fc,train
DataSet_clean/go/0bac8a71_nohash_0.wav,go,0bac8a71,test
DataSet_clean/go/0bde966a_nohash_0.wav,go,0bde966a,train
DataSet_clean/go/0bfec55f_nohash_0.wav,go,0bfec55f,train
DataSet_clean/go/0c09f202_nohash_0.wav,go,0c09f202,train
DataSet_clean/go/0c09f202_nohash_1.wav,go,0c09f202,train
DataSet_clean/go/0c2ca723_nohash_0.wav,go,0c2ca723,val
DataSet_clean/go/0c2ca723_nohash_1.wav,go,0c2ca723,val
DataSet_clean/go/0c2ca723_nohash_2.wav,go,0c2ca723,val
DataSet_clean/go/0c2d2ffa_nohash_0.wav,go,0c2d2ffa,train
DataSet_clean/go/0c40e715_nohash_0.wav,go,0c40e715,train
DataSet_clean/go/0c40e715_nohash_1.wav,go,0c40e715,train
DataSet_clean/go/0c5027de_nohash_0.wav,go,0c5027de,train
DataSet_clean/go/0cb74144_nohash_0.wav,go,0cb74144,train
DataSet_clean/go/0cb74144_nohash_1.wav,go,0cb74144,train
DataSet_clean/go/0cb74144_nohash_2.wav,go,0cb74144,train
DataSet_clean/go/0cb74144_nohash_3.wav,go,0cb74144,train
DataSet_clean/go/0cb74144_nohash_4.wav,go,0cb74144,train
DataSet_clean/go/0cd323ec_nohash_0.wav,go,0cd323ec,test
DataSet_clean/go/0d2bcf9d_nohash_0.wav,go,0d2bcf9d,train
DataSet_clean/go/0d393936_nohash_0.wav,go,0d393936,train
DataSet_clean/go/0d393936_nohash_1.wav,go,0d393936,train
DataSet_clean/go/0d53e045_nohash_0.wav,go,0d53e045,train
DataSet_clean/go/0d53e045_nohash_1.wav,go,0d53e045,train
DataSet_clean/go/0d6d7360_nohash_0.wav,go,0d6d7360,test
DataSet_clean/go/0d6d7360_nohash_1.wav,go,0d6d7360,test
DataSet_clean/go/0d6d7360_nohash_2.wav,go,0d6d7360,test
DataSet_clean/go/0d6d7360_nohash_3.wav,go,0d6d7360,test
DataSet_clean/go/0d82fd99_nohash_0.wav,go,0d82fd99,train
DataSet_clean/go/0d82fd99_nohash_1.wav,go,0d82fd99,train
DataSet_clean/go/0d82fd99_nohash_2.wav,go,0d82fd99,train
DataSet_clean/go/0d82fd99_nohash_3.wav,go,0d82fd99,train
DataSet_clean/go/0d82fd99_nohash_4.wav,go,0d82fd99,train
DataSet_clean/go/0d90d8e1_nohash_0.wav,go,0d90d8e1,train
DataSet_clean/go/0d90d8e1_nohash_1.wav,go,0d90d8e1,train
DataSet_clean/go/0d90d8e1_nohash_2.wav,go,0d90d8e1,train
DataSet_clean/go/0d90d8e1_nohash_3.wav,go,0d90d8e1,train
DataSet_clean/go/0e5193e6_nohash_0.wav,go,0e5193e6,train
DataSet_clean/go/0e6e36c9_nohash_0.wav,go,0e6e36c9,train
DataSet_clean/go/0e6e36c9_nohash_1.wav,go,0e6e36c9,train
DataSet_clean/go/0e6e36c9_nohash_2.wav,go,0e6e36c9,train
DataSet_clean/go/0ea0e2f4_nohash_0.wav,go,0ea0e2f4,train
DataSet_clean/go/0ea0e2f4_nohash_1.wav,go,0ea0e2f4,train
DataSet_clean/go/0ea9c8ce_nohash_0.wav,go,0ea9c8ce,train
DataSet_clean/go/0ea9c8ce_nohash_1.wav,go,0ea9c8ce,train
DataSet_clean/go/0ea9c8ce_nohash_2.wav,go,0ea9c8ce,train
DataSet_clean/go/0ea9c8ce_nohash_3.wav,go,0ea9c8ce,train
DataSet_clean/go/0eb48e10_nohash_0.wav,go,0eb48e10,train
DataSet_clean/go/0eb48e10_nohash_1.wav,go,0eb48e10,train
DataSet_clean/go/0eb48e10_nohash_2.wav,go,0eb48e10,train
DataSet_clean/go/0f2442b6_nohash_0.wav,go,0f2442b6,val
DataSet_clean/go/0f250098_nohash_0.wav,go,0f250098,train
DataSet_clean/go/0f46028a_nohash_0.wav,go,0f46028a,train
DataSet_clean/go/0f46028a_nohash_1.wav,go,0f46028a,train
DataSet_clean/go/0f46028a_nohash_2.wav,go,0f46028a,train
DataSet_clean/go/0f46028a_nohash_3.wav,go,0f46028a,train
DataSet_clean/go/0f46028a_nohash_4.wav,go,0f46028a,train
DataSet_clean/go/0f7266cf_nohash_0.wav,go,0f7266cf,train
DataSet_clean/go/0f7266cf_nohash_1.wav,go,0f7266cf,train
DataSet_clean/go/0f7266cf_nohash_2.wav,go,0f7266cf,train
DataSet_clean/go/0f7266cf_nohash_3.wav,go,0f7266cf,train
DataSet_clean/go/0f7266cf_nohash_4.wav,go,0f7266cf,train
DataSet_clean/go/0f7dc557_nohash_0.wav,go,0f7dc557,train
DataSet_clean/go/0f7dc557_nohash_1.wav,go,0f7dc557,train
DataSet_clean/go/0fa1e7a9_nohash_0.wav,go,0fa1e7a9,test
DataSet_clean/go/0fa1e7a9_nohash_1.wav,go,0fa1e7a9,test
DataSet_clean/go/0ff728b5_nohash_0.wav,go,0ff728b5,train
DataSet_clean/go/0ff728b5_nohash_1.wav,go,0ff728b5,train
DataSet_clean/go/0ff728b5_nohash_2.wav,go,0ff728b5,train
DataSet_clean/go/0ff728b5_nohash_3.wav,go,0ff728b5,train
DataSet_clean/go/1a4259c3_nohash_0.wav,go,1a4259c3,test
DataSet_clean/go/1a5b9ca4_nohash_0.wav,go,1a5b9ca4,train
DataSet_clean/go/1a5b9ca4_nohash_1.wav,go,1a5b9ca4,train
DataSet_clean/go/1a673010_nohash_0.wav,go,1a673010,train
DataSet_clean/go/1a6eca98_nohash_0.wav,go,1a6eca98,val
DataSet_clean/go/1a994c9f_nohash_0.wav,go,1a994c9f,train
DataSet_clean/go/1a994c9f_nohash_1.wav,go,1a994c9f,train
DataSet_clean/go/1a994c9f_nohash_2.wav,go,1a994c9f,train
DataSet_clean/go/1acc97de_nohash_0.wav,go,1acc97de,train
DataSet_clean/go/1acc97de_nohash_1.wav,go,1acc97de,train
DataSet_clean/go/1acc97de_nohash_2.wav,go,1acc97de,train
DataSet_clean/go/1acc97de_nohash_3.wav,go,1acc97de,train
DataSet_clean/go/1acc97de_nohash_4.wav,go,1acc97de,train
DataSet_clean/go/1aed7c6d_nohash_0.wav,go,1aed7c6d,train
DataSet_clean/go/1aeef15e_nohash_0.wav,go,1aeef15e,train
DataSet_clean/go/1b18600d_nohash_0.wav,go,1b18600d,train
DataSet_clean/go/1b18600d_nohash_1.wav,go,1b18600d,train
DataSet_clean/go/1b42b551_nohash_0.wav,go,1b42b551,train
DataSet_clean/go/1b42b551_nohash_1.wav,go,1b42b551,train
DataSet_clean/go/1b42b551_nohash_2.wav,go,1b42b551,train
DataSet_clean/go/1b459024_nohash_0.wav,go,1b459024,train
DataSet_clean/go/1b4c9b89_nohash_0.wav,go,1b4c9b89,val
DataSet_clean/go/1b4c9b89_nohash_1.wav,go,1b4c9b89,val
DataSet_clean/go/1b4c9b89_nohash_2.wav,go,1b4c9b89,val
DataSet_clean/go/1b4c9b89_nohash_3.wav,go,1b4c9b89,val
DataSet_clean/go/1b4c9b89_nohash_4.wav,go,1b4c9b89,val
DataSet_clean/go/1b5ba788_nohash_0.wav,go,1b5ba788,train
DataSet_clean/go/1b5ba788_nohash_1.wav,go,1b5ba788,train
DataSet_clean/go/1b627376_nohash_0.wav,go,1b627376,train
DataSet_clean/go/1b63157b_nohash_0.wav,go,1b63157b,val
DataSet_clean/go/1b835b87_nohash_0.wav,go,1b835b87,train
DataSet_clean/go/1ba20be2_nohash_0.wav,go,1ba20be2,train
DataSet_clean/go/1ba20be2_nohash_1.wav,go,1ba20be2,train
DataSet_clean/go/1ba20be2_nohash_2.wav,go,1ba20be2,train
DataSet_clean/go/1bb574f9_nohash_0.wav,go,1bb574f9,train
DataSet_clean/go/1bb574f9_nohash_1.wav,go,1bb574f9,train
DataSet_clean/go/1bb6ed89_nohash_0.wav,go,1bb6ed89,train
DataSet_clean/go/1bb6ed89_nohash_1.wav,go,1bb6ed89,train
DataSet_clean/go/1c1060b1_nohash_0.wav,go,1c1060b1,val
DataSet_clean/go/1c6e5447_nohash_0.wav,go,1c6e5447,test
DataSet_clean/go/1c6e5447_nohash_1.wav,go,1c6e5447,test
DataSet_clean/go/1c6e5447_nohash_2.wav,go,1c6e5447,test
DataSet_clean/go/1c76f5f3_nohash_0.wav,go,1c76f5f3,train
DataSet_clean/go/1c76f5f3_nohash_1.wav,go,1c76f5f3,train
DataSet_clean/go/1c84a139_nohash_0.wav,go,1c84a139,train
DataSet_clean/go/1c84a139_nohash_1.wav,go,1c84a139,train
DataSet_clean/go/1c84a139_nohash_2.wav,go,1c84a139,train
DataSet_clean/go/1c84a139_nohash_3.wav,go,1c84a139,train
DataSet_clean/go/1cc80e39_nohash_0.wav,go,1cc80e39,train
DataSet_clean/go/1cc80e39_nohash_1.wav,go,1cc80e39,train
DataSet_clean/go/1cc80e39_nohash_2.wav,go,1cc80e39,train
DataSet_clean/go/1cec8d71_nohash_0.wav,go,1cec8d71,train
DataSet_clean/go/1cec8d71_nohash_1.wav,go,1cec8d71,train
DataSet_clean/go/1d1fe0a0_nohash_0.wav,go,1d1fe0a0,train
DataSet_clean/go/1d919a90_nohash_0.wav,go,1d919a90,val
DataSet_clean/go/1dc86f91_nohash_0.wav,go,1dc86f91,val
DataSet_clean/go/1dc86f91_nohash_1.wav,go,1dc86f91,val
DataSet_clean/go/1dc86f91_nohash_2.wav,go,1dc86f91,val
DataSet_clean/go/1dc86f91_nohash_3.wav,go,1dc86f91,val
DataSet_clean/go/1dc86f91_nohash_4.wav,go,1dc86f91,val
DataSet_clean/go/1e02ffc5_nohash_0.wav,go,1e02ffc5,train
DataSet_clean/go/1e02ffc5_nohash_1.wav,go,1e02ffc5,train
DataSet_clean/go/1e02ffc5_nohash_2.wav,go,1e02ffc5,train
DataSet_clean/go/1e02ffc5_nohash_3.wav,go,1e02ffc5,train
DataSet_clean/go/1e02ffc5_nohash_4.wav,go,1e02ffc5,train
DataSet_clean/go/1e31353f_nohash_0.wav,go,1e31353f,train
DataSet_clean/go/1e412fac_nohash_0.wav,go,1e412fac,val
DataSet_clean/go/1e412fac_nohash_1.wav,go,1e412fac,val
DataSet_clean/go/1e9b215e_nohash_0.wav,go,1e9b215e,train
DataSet_clean/go/1e9b215e_nohash_1.wav,go,1e9b215e,train
DataSet_clean/go/1e9b215e_nohash_2.wav,go,1e9b215e,train
DataSet_clean/go/1e9b215e_nohash_3.wav,go,1e9b215e,train
DataSet_clean/go/1e9b215e_nohash_4.wav,go,1e9b215e,train
DataSet_clean/go/1e9e6bdd_nohash_0.wav,go,1e9e6bdd,train
DataSet_clean/go/1e9e6bdd_nohash_1.wav,go,1e9e6bdd,train
DataSet_clean/go/1e9e6bdd_nohash_2.wav,go,1e9e6bdd,train
DataSet_clean/go/1e9e6bdd_nohash_3.wav,go,1e9e6bdd,train
DataSet_clean/go/1e9e6bdd_nohash_4.wav,go,1e9e6bdd,train
DataSet_clean/go/1ecfb537_nohash_0.wav,go,1ecfb537,val
DataSet_clean/go/1ecfb537_nohash_1.wav,go,1ecfb537,val
DataSet_clean/go/1ecfb537_nohash_2.wav,go,1ecfb537,val
DataSet_clean/go/1ed0b13d_nohash_0.wav,go,1ed0b13d,train
DataSet_clean/go/1ed0b13d_nohash_1.wav,go,1ed0b13d,train
DataSet_clean/go/1ed0b13d_nohash_2.wav,go,1ed0b13d,train
DataSet_clean/go/1ed0b13d_nohash_3.wav,go,1ed0b13d,train
DataSet_clean/go/1ed557b9_nohash_0.wav,go,1ed557b9,train
DataSet_clean/go/1f3bece8_nohash_0.wav,go,1f3bece8,train
DataSet_clean/go/1fc04a13_nohash_0.wav,go,1fc04a13,train
DataSet_clean/go/1fc04a13_nohash_1.wav,go,1fc04a13,train
DataSet_clean/go/1fd85ee4_nohash_0.wav,go,1fd85ee4,train
DataSet_clean/go/1fd85ee4_nohash_1.wav,go,1fd85ee4,train
DataSet_clean/go/1ffd513b_nohash_0.wav,go,1ffd513b,train
DataSet_clean/go/2a1f4853_nohash_0.wav,go,2a1f4853,train
DataSet_clean/go/2a1f4853_nohash_1.wav,go,2a1f4853,train
DataSet_clean/go/2a1f4853_nohash_2.wav,go,2a1f4853,train
DataSet_clean/go/2a1f4853_nohash_3.wav,go,2a1f4853,train
DataSet_clean/go/2a1f4853_nohash_4.wav,go,2a1f4853,train
DataSet_clean/go/2a89ad5c_nohash_0.wav,go,2a89ad5c,train
DataSet_clean/go/2aca1e72_nohash_0.wav,go,2aca1e72,train
DataSet_clean/go/2aca1e72_nohash_1.wav,go,2aca1e72,train
DataSet_clean/go/2aca1e72_nohash_2.wav,go,2aca1e72,train
DataSet_clean/go/2aca1e72_nohash_3.wav,go,2aca1e72,train
DataSet_clean/go/2aca1e72_nohash_4.wav,go,2aca1e72,train
DataSet_clean/go/2aca1e72_nohash_5.wav,go,2aca1e72,train
DataSet_clean/go/2aca1e72_nohash_6.wav,go,2aca1e72,train
DataSet_clean/go/2aca1e72_nohash_7.wav,go,2aca1e72,train
DataSet_clean/go/2aca1e72_nohash_8.wav,go,2aca1e72,train
DataSet_clean/go/2aca1e72_nohash_9.wav,go,2aca1e72,train
DataSet_clean/go/2aec99ec_nohash_0.wav,go,2aec99ec,test
DataSet_clean/go/2aec99ec_nohash_1.wav,go,2aec99ec,test
DataSet_clean/go/2b5e346d_nohash_0.wav,go,2b5e346d,train
DataSet_clean/go/2b5e346d_nohash_1.wav,go,2b5e346d,train
DataSet_clean/go/2b5e346d_nohash_2.wav,go,2b5e346d,train
DataSet_clean/go/2b5e346d_nohash_3.wav,go,2b5e346d,train
DataSet_clean/go/2b5e346d_nohash_4.wav,go,2b5e346d,train
DataSet_clean/go/2bd2cad5_nohash_0.wav,go,2bd2cad5,test
DataSet_clean/go/2bd2cad5_nohash_1.wav,go,2bd2cad5,test
DataSet_clean/go/2bdbe5f7_nohash_0.wav,go,2bdbe5f7,train
DataSet_clean/go/2bdbe5f7_nohash_1.wav,go,2bdbe5f7,train
DataSet_clean/go/2bdbe5f7_nohash_2.wav,go,2bdbe5f7,train
DataSet_clean/go/2bdbe5f7_nohash_3.wav,go,2bdbe5f7,train
DataSet_clean/go/2be08ce4_nohash_0.wav,go,2be08ce4,train
DataSet_clean/go/2bfe70ef_nohash_0.wav,go,2bfe70ef,train
DataSet_clean/go/2c727642_nohash_0.wav,go,2c727642,train
DataSet_clean/go/2c7c33e8_nohash_0.wav,go,2c7c33e8,val
DataSet_clean/go/2ce7534c_nohash_0.wav,go,2ce7534c,test
DataSet_clean/go/2ce7534c_nohash_1.wav,go,2ce7534c,test
DataSet_clean/go/2cf28b70_nohash_0.wav,go,2cf28b70,train
DataSet_clean/go/2cf28b70_nohash_1.wav,go,2cf28b70,train
DataSet_clean/go/2d3c8dcb_nohash_0.wav,go,2d3c8dcb,train
DataSet_clean/go/2d82a556_nohash_0.wav,go,2d82a556,val
DataSet_clean/go/2da58b32_nohash_0.wav,go,2da58b32,train
DataSet_clean/go/2da58b32_nohash_1.wav,go,2da58b32,train
DataSet_clean/go/2da58b32_nohash_2.wav,go,2da58b32,train
DataSet_clean/go/2da58b32_nohash_3.wav,go,2da58b32,train
DataSet_clean/go/2da58b32_nohash_4.wav,go,2da58b32,train
DataSet_clean/go/2dc4f05d_nohash_0.wav,go,2dc4f05d,train
DataSet_clean/go/2dc4f05d_nohash_1.wav,go,2dc4f05d,train
DataSet_clean/go/2dc4f05d_nohash_2.wav,go,2dc4f05d,train
DataSet_clean/go/2dc4f05d_nohash_3.wav,go,2dc4f05d,train
DataSet_clean/go/2dce72b3_nohash_0.wav,go,2dce72b3,train
DataSet_clean/go/2e75d37a_nohash_0.wav,go,2e75d37a,val
DataSet_clean/go/2e75d37a_nohash_1.wav,go,2e75d37a,val
DataSet_clean/go/2e75d37a_nohash_2.wav,go,2e75d37a,val
DataSet_clean/go/2f0a410b_nohash_0.wav,go,2f0a410b,train
DataSet_clean/go/2f0a410b_nohash_1.wav,go,2f0a410b,train
DataSet_clean/go/2f0ce4d9_nohash_0.wav,go,2f0ce4d9,train
DataSet_clean/go/2f0ce4d9_nohash_1.wav,go,2f0ce4d9,train
DataSet_clean/go/2f0ce4d9_nohash_2.wav,go,2f0ce4d9,train
DataSet_clean/go/2f813234_nohash_0.wav,go,2f813234,train
DataSet_clean/go/2f813234_nohash_1.wav,go,2f813234,train
DataSet_clean/go/2f813234_nohash_2.wav,go,2f813234,train
DataSet_clean/go/2fa39636_nohash_0.wav,go,2fa39636,train
DataSet_clean/go/2fcb6397_nohash_0.wav,go,2fcb6397,test
DataSet_clean/go/2fcb6397_nohash_1.wav,go,2fcb6397,test
DataSet_clean/go/2fcb6397_nohash_2.wav,go,2fcb6397,test
DataSet_clean/go/2fcb6397_nohash_3.wav,go,2fcb6397,test
DataSet_clean/go/2fcb6397_nohash_4.wav,go,2fcb6397,test
DataSet_clean/go/2fee065a_nohash_0.wav,go,2fee065a,train
DataSet_clean/go/2fee065a_nohash_1.wav,go,2fee065a,train
DataSet_clean/go/2fee065a_nohash_2.wav,go,2fee065a,train
DataSet_clean/go/2fee065a_nohash_3.wav,go,2fee065a,train
DataSet_clean/go/2fee065a_nohash_4.wav,go,2fee065a,train
DataSet_clean/go/3a182c98_nohash_0.wav,go,3a182c98,test
DataSet_clean/go/3a182c98_nohash_1.wav,go,3a182c98,test
DataSet_clean/go/3a3ee7ed_nohash_0.wav,go,3a3ee7ed,train
DataSet_clean/go/3a3ee7ed_nohash_1.wav,go,3a3ee7ed,train
DataSet_clean/go/3a3ee7ed_nohash_2.wav,go,3a3ee7ed,train
DataSet_clean/go/3a3ee7ed_nohash_3.wav,go,3a3ee7ed,train
DataSet_clean/go/3a69f765_nohash_0.wav,go,3a69f765,val
DataSet_clean/go/3a69f765_nohash_1.wav,go,3a69f765,val
DataSet_clean/go/3a69f765_nohash_2.wav,go,3a69f765,val
DataSet_clean/go/3a69f765_nohash_3.wav,go,3a69f765,val
DataSet_clean/go/3a70ab7f_nohash_0.wav,go,3a70ab7f,val
DataSet_clean/go/3a789a0d_nohash_0.wav,go,3a789a0d,val
DataSet_clean/go/3a929277_nohash_0.wav,go,3a929277,val
DataSet_clean/go/3a929277_nohash_1.wav,go,3a929277,val
DataSet_clean/go/3a929277_nohash_2.wav,go,3a929277,val
DataSet_clean/go/3a929277_nohash_3.wav,go,3a929277,val
DataSet_clean/go/3a929277_nohash_4.wav,go,3a929277,val
DataSet_clean/go/3aa6f4e2_nohash_0.wav,go,3aa6f4e2,train
DataSet_clean/go/3aa6f4e2_nohash_1.wav,go,3aa6f4e2,train
DataSet_clean/go/3b195250_nohash_0.wav,go,3b195250,test
DataSet_clean/go/3b195250_nohash_1.wav,go,3b195250,test
DataSet_clean/go/3b195250_nohash_2.wav,go,3b195250,test
DataSet_clean/go/3b195250_nohash_3.wav,go,3b195250,test
DataSet_clean/go/3b195250_nohash_4.wav,go,3b195250,test
DataSet_clean/go/3b3d2f59_nohash_0.wav,go,3b3d2f59,test
DataSet_clean/go/3b3d2f59_nohash_1.wav,go,3b3d2f59,test
DataSet_clean/go/3b3d2f59_nohash_2.wav,go,3b3d2f59,test
DataSet_clean/go/3b3d2f59_nohash_3.wav,go,3b3d2f59,test
DataSet_clean/go/3b3d2f59_nohash_4.wav,go,3b3d2f59,test
DataSet_clean/go/3b4f8f24_nohash_0.wav,go,3b4f8f24,val
DataSet_clean/go/3b4f8f24_nohash_1.wav,go,3b4f8f24,val
DataSet_clean/go/3b4f8f24_nohash_2.wav,go,3b4f8f24,val
DataSet_clean/go/3b4f8f24_nohash_3.wav,go,3b4f8f24,val
DataSet_clean/go/3b4f8f24_nohash_4.wav,go,3b4f8f24,val
DataSet_clean/go/3b852f6f_nohash_0.wav,go,3b852f6f,train
DataSet_clean/go/3b853f44_nohash_0.wav,go,3b853f44,train
DataSet_clean/go/3bb68054_nohash_0.wav,go,3bb68054,train
DataSet_clean/go/3bb68054_nohash_1.wav,go,3bb68054,train
DataSet_clean/go/3bb68054_nohash_2.wav,go,3bb68054,train
DataSet_clean/go/3bc21161_nohash_0.wav,go,3bc21161,train
DataSet_clean/go/3bc21161_nohash_1.wav,go,3bc21161,train
DataSet_clean/go/3bc21161_nohash_2.wav,go,3bc21161,train
DataSet_clean/go/3bc21161_nohash_3.wav,go,3bc21161,train
DataSet_clean/go/3bc21161_nohash_4.wav,go,3bc21161,train
DataSet_clean/go/3bdf05d3_nohash_0.wav,go,3bdf05d3,val
DataSet_clean/go/3bdf05d3_nohash_1.wav,go,3bdf05d3,val
DataSet_clean/go/3bfd30e6_nohash_0.wav,go,3bfd30e6,train
DataSet_clean/go/3bfd30e6_nohash_1.wav,go,3bfd30e6,train
DataSet_clean/go/3bfd30e6_nohash_2.wav,go,3bfd30e6,train
DataSet_clean/go/3bfd30e6_nohash_3.wav,go,3bfd30e6,train
DataSet_clean/go/3bfd30e6_nohash_4.wav,go,3bfd30e6,train
DataSet_clean/go/3c1e12cf_nohash_0.wav,go,3c1e12cf,test
DataSet_clean/go/3c257192_nohash_0.wav,go,3c257192,val
DataSet_clean/go/3c257192_nohash_1.wav,go,3c257192,val
DataSet_clean/go/3c257192_nohash_2.wav,go,3c257192,val
DataSet_clean/go/3c257192_nohash_3.wav,go,3c257192,val
DataSet_clean/go/3c257192_nohash_4.wav,go,3c257192,val
DataSet_clean/go/3c4aa5ef_nohash_0.wav,go,3c4aa5ef,train
DataSet_clean/go/3c4aa5ef_nohash_1.wav,go,3c4aa5ef,train
DataSet_clean/go/3c4aa5ef_nohash_2.wav,go,3c4aa5ef,train
DataSet_clean/go/3c4aa5ef_nohash_3.wav,go,3c4aa5ef,train
DataSet_clean/go/3c4aa5ef_nohash_4.wav,go,3c4aa5ef,train
DataSet_clean/go/3c6d55b3_nohash_0.wav,go,3c6d55b3,train
DataSet_clean/go/3c6d55b3_nohash_1.wav,go,3c6d55b3,train
DataSet_clean/go/3c6d55b3_nohash_2.wav,go,3c6d55b3,train
DataSet_clean/go/3c8836dc_nohash_0.wav,go,3c8836dc,train
DataSet_clean/go/3c8836dc_nohash_1.wav,go,3c8836dc,train
DataSet_clean/go/3ca784ec_nohash_0.wav,go,3ca784ec,train
DataSet_clean/go/3cc595de_nohash_0.wav,go,3cc595de,test
DataSet_clean/go/3cc595de_nohash_1.wav,go,3cc595de,test
DataSet_clean/go/3cc595de_nohash_2.wav,go,3cc595de,test
DataSet_clean/go/3cc595de_nohash_3.wav,go,3cc595de,test
DataSet_clean/go/3cdecb0b_nohash_0.wav,go,3cdecb0b,train
DataSet_clean/go/3ce4910e_nohash_0.wav,go,3ce4910e,train
DataSet_clean/go/3ce4910e_nohash_1.wav,go,3ce4910e,train
DataSet_clean/go/3ce4910e_nohash_2.wav,go,3ce4910e,train
DataSet_clean/go/3ce4910e_nohash_3.wav,go,3ce4910e,train
DataSet_clean/go/3ce4910e_nohash_4.wav,go,3ce4910e,train
DataSet_clean/go/3cfc6b3a_nohash_0.wav,go,3cfc6b3a,train
DataSet_clean/go/3d53244b_nohash_0.wav,go,3d53244b,train
DataSet_clean/go/3d53244b_nohash_1.wav,go,3d53244b,train
DataSet_clean/go/3d53244b_nohash_2.wav,go,3d53244b,train
DataSet_clean/go/3d53244b_nohash_3.wav,go,3d53244b,train
DataSet_clean/go/3d6bee47_nohash_0.wav,go,3d6bee47,train
DataSet_clean/go/3d6bee47_nohash_1.wav,go,3d6bee47,train
DataSet_clean/go/3d794813_nohash_0.wav,go,3d794813,train
DataSet_clean/go/3d794813_nohash_1.wav,go,3d794813,train
DataSet_clean/go/3d794813_nohash_2.wav,go,3d794813,train
DataSet_clean/go/3d794813_nohash_3.wav,go,3d794813,train
DataSet_clean/go/3d794813_nohash_4.wav,go,3d794813,train
DataSet_clean/go/3d86b69a_nohash_0.wav,go,3d86b69a,train
DataSet_clean/go/3d86b69a_nohash_1.wav,go,3d86b69a,train
DataSet_clean/go/3d86b69a_nohash_2.wav,go,3d86b69a,train
DataSet_clean/go/3d86b69a_nohash_3.wav,go,3d86b69a,train
DataSet_clean/go/3d9200b9_nohash_0.wav,go,3d9200b9,test
DataSet_clean/go/3d9bbe2d_nohash_0.wav,go,3d9bbe2d,val
DataSet_clean/go/3d9bbe2d_nohash_1.wav,go,3d9bbe2d,val
DataSet_clean/go/3d9bbe2d_nohash_2.wav,go,3d9bbe2d,val
DataSet_clean/go/3d9bbe2d_nohash_3.wav,go,3d9bbe2d,val
DataSet_clean/go/3d9bbe2d_nohash_4.wav,go,3d9bbe2d,val
DataSet_clean/go/3de53d23_nohash_0.wav,go,3de53d23,train
DataSet_clean/go/3df9a3d4_nohash_0.wav,go,3df9a3d4,train
DataSet_clean/go/3df9a3d4_nohash_1.wav,go,3df9a3d4,train
DataSet_clean/go/3e31dffe_nohash_0.wav,go,3e31dffe,test
DataSet_clean/go/3e31dffe_nohash_1.wav,go,3e31dffe,test
DataSet_clean/go/3e31dffe_nohash_2.wav,go,3e31dffe,test
DataSet_clean/go/3e31dffe_nohash_3.wav,go,3e31dffe,test
DataSet_clean/go/3e31dffe_nohash_4.wav,go,3e31dffe,test
DataSet_clean/go/3e3fa7fd_nohash_0.wav,go,3e3fa7fd,train
DataSet_clean/go/3e3fa7fd_nohash_1.wav,go,3e3fa7fd,train
DataSet_clean/go/3e549219_nohash_0.wav,go,3e549219,train
DataSet_clean/go/3e549219_nohash_1.wav,go,3e549219,train
DataSet_clean/go/3e549219_nohash_2.wav,go,3e549219,train
DataSet_clean/go/3eb8764c_nohash_0.wav,go,3eb8764c,test
DataSet_clean/go/3ed3e49a_nohash_0.wav,go,3ed3e49a,train
DataSet_clean/go/3efa7ec4_nohash_0.wav,go,3efa7ec4,train
DataSet_clean/go/3efa7ec4_nohash_1.wav,go,3efa7ec4,train
DataSet_clean/go/3f45a0cf_nohash_0.wav,go,3f45a0cf,train
DataSet_clean/go/3f45a0cf_nohash_1.wav,go,3f45a0cf,train
DataSet_clean/go/3f45a0cf_nohash_2.wav,go,3f45a0cf,train
DataSet_clean/go/3f45a0cf_nohash_3.wav,go,3f45a0cf,train
DataSet_clean/go/3fb8c268_nohash_0.wav,go,3fb8c268,train
DataSet_clean/go/3fb8c268_nohash_1.wav,go,3fb8c268,train
DataSet_clean/go/3ffa3457_nohash_0.wav,go,3ffa3457,test
DataSet_clean/go/4a1e736b_nohash_0.wav,go,4a1e736b,val
DataSet_clean/go/4a1e736b_nohash_1.wav,go,4a1e736b,val
DataSet_clean/go/4a1e736b_nohash_2.wav,go,4a1e736b,val
DataSet_clean/go/4a1e736b_nohash_3.wav,go,4a1e736b,val
DataSet_clean/go/4a294341_nohash_0.wav,go,4a294341,train
DataSet_clean/go/4a4e28f1_nohash_0.wav,go,4a4e28f1,train
DataSet_clean/go/4a4e28f1_nohash_1.wav,go,4a4e28f1,train
DataSet_clean/go/4a671512_nohash_0.wav,go,4a671512,train
DataSet_clean/go/4abb2400_nohash_0.wav,go,4abb2400,val
DataSet_clean/go/4abefdf5_nohash_0.wav,go,4abefdf5,train
DataSet_clean/go/4b25f620_nohash_0.wav,go,4b25f620,train
DataSet_clean/go/4b39347d_nohash_0.wav,go,4b39347d,val
DataSet_clean/go/4b3a7ad5_nohash_0.wav,go,4b3a7ad5,val
DataSet_clean/go/4bba14ce_nohash_0.wav,go,4bba14ce,train
DataSet_clean/go/4bc2c2c5_nohash_0.wav,go,4bc2c2c5,train
DataSet_clean/go/4bc2c2c5_nohash_1.wav,go,4bc2c2c5,train
DataSet_clean/go/4bc2c2c5_nohash_2.wav,go,4bc2c2c5,train
DataSet_clean/go/4bc2c2c5_nohash_3.wav,go,4bc2c2c5,train
DataSet_clean/go/4beff0c5_nohash_0.wav,go,4beff0c5,train
DataSet_clean/go/4c13fe25_nohash_0.wav,go,4c13fe25,train
DataSet_clean/go/4c3cddb8_nohash_0.wav,go,4c3cddb8,train
DataSet_clean/go/4c3cddb8_nohash_1.wav,go,4c3cddb8,train
DataSet_clean/go/4c3cddb8_nohash_2.wav,go,4c3cddb8,train
DataSet_clean/go/4c3cddb8_nohash_3.wav,go,4c3cddb8,train
DataSet_clean/go/4c3cddb8_nohash_4.wav,go,4c3cddb8,train
DataSet_clean/go/4c594e0f_nohash_0.wav,go,4c594e0f,train
DataSet_clean/go/4c6167ca_nohash_0.wav,go,4c6167ca,train
DataSet_clean/go/4c6167ca_nohash_1.wav,go,4c6167ca,train
DataSet_clean/go/4c6167ca_nohash_2.wav,go,4c6167ca,train
DataSet_clean/go/4c6167ca_nohash_3.wav,go,4c6167ca,train
DataSet_clean/go/4c6167ca_nohash_4.wav,go,4c6167ca,train
DataSet_clean/go/4c6167ca_nohash_5.wav,go,4c6167ca,train
DataSet_clean/go/4c6167ca_nohash_6.wav,go,4c6167ca,train
DataSet_clean/go/4c6167ca_nohash_7.wav,go,4c6167ca,train
DataSet_clean/go/4c6944d6_nohash_0.wav,go,4c6944d6,train
DataSet_clean/go/4c6944d6_nohash_1.wav,go,4c6944d6,train
DataSet_clean/go/4c6944d6_nohash_2.wav,go,4c6944d6,train
DataSet_clean/go/4c6944d6_nohash_3.wav,go,4c6944d6,train
DataSet_clean/go/4c6944d6_nohash_4.wav,go,4c6944d6,train
DataSet_clean/go/4c6944d6_nohash_5.wav,go,4c6944d6,train
DataSet_clean/go/4c77947d_nohash_0.wav,go,4c77947d,train
DataSet_clean/go/4cb874bb_nohash_0.wav,go,4cb874bb,train
DataSet_clean/go/4cb874bb_nohash_1.wav,go,4cb874bb,train
DataSet_clean/go/4cee0c60_nohash_0.wav,go,4cee0c60,test
DataSet_clean/go/4cee0c60_nohash_1.wav,go,4cee0c60,test
DataSet_clean/go/4cee0c60_nohash_2.wav,go,4cee0c60,test
DataSet_clean/go/4cee0c60_nohash_3.wav,go,4cee0c60,test
DataSet_clean/go/4def68db_nohash_0.wav,go,4def68db,train
DataSet_clean/go/4e02d62d_nohash_0.wav,go,4e02d62d,train
DataSet_clean/go/4e02d62d_nohash_1.wav,go,4e02d62d,train
DataSet_clean/go/4e02d62d_nohash_2.wav,go,4e02d62d,train
DataSet_clean/go/4e6902d0_nohash_0.wav,go,4e6902d0,train
DataSet_clean/go/4e6902d0_nohash_1.wav,go,4e6902d0,train
DataSet_clean/go/4e6902d0_nohash_2.wav,go,4e6902d0,train
DataSet_clean/go/4e6902d0_nohash_3.wav,go,4e6902d0,train
DataSet_clean/go/4e6902d0_nohash_4.wav,go,4e6902d0,train
DataSet_clean/go/4e99c1b7_nohash_0.wav,go,4e99c1b7,test
DataSet_clean/go/4e99c1b7_nohash_1.wav,go,4e99c1b7,test
DataSet_clean/go/4e99c1b7_nohash_2.wav,go,4e99c1b7,test
DataSet_clean/go/4ec7d027_nohash_0.wav,go,4ec7d027,train
DataSet_clean/go/4ec7d027_nohash_1.wav,go,4ec7d027,train
DataSet_clean/go/4f086393_nohash_0.wav,go,4f086393,train
DataSet_clean/go/4f2be90f_nohash_0.wav,go,4f2be90f,train
DataSet_clean/go/4f5c0b28_nohash_0.wav,go,4f5c0b28,test
DataSet_clean/go/4f5c0b28_nohash_1.wav,go,4f5c0b28,test
DataSet_clean/go/4fd1443e_nohash_0.wav,go,4fd1443e,val
DataSet_clean/go/4fd1443e_nohash_1.wav,go,4fd1443e,val
DataSet_clean/go/4fd1443e_nohash_2.wav,go,4fd1443e,val
DataSet_clean/go/4fd1443e_nohash_3.wav,go,4fd1443e,val
DataSet_clean/go/4fd4d073_nohash_0.wav,go,4fd4d073,train
DataSet_clean/go/4fd4d073_nohash_1.wav,go,4fd4d073,train
DataSet_clean/go/4fd4d073_nohash_2.wav,go,4fd4d073,train
DataSet_clean/go/5a0bc987_nohash_0.wav,go,5a0bc987,val
DataSet_clean/go/5a0bc987_nohash_1.wav,go,5a0bc987,val
DataSet_clean/go/5a3712c9_nohash_0.wav,go,5a3712c9,train
DataSet_clean/go/5a3fc246_nohash_0.wav,go,5a3fc246,train
DataSet_clean/go/5a5721f8_nohash_0.wav,go,5a5721f8,test
DataSet_clean/go/5a5721f8_nohash_1.wav,go,5a5721f8,test
DataSet_clean/go/5a5721f8_nohash_2.wav,go,5a5721f8,test
DataSet_clean/go/5a5721f8_nohash_3.wav,go,5a5721f8,test
DataSet_clean/go/5a5721f8_nohash_4.wav,go,5a5721f8,test
DataSet_clean/go/5a98d407_nohash_0.wav,go,5a98d407,train
DataSet_clean/go/5a98d407_nohash_1.wav,go,5a98d407,train
DataSet_clean/go/5a98d407_nohash_2.wav,go,5a98d407,train
DataSet_clean/go/5a98d407_nohash_3.wav,go,5a98d407,train
DataSet_clean/go/5a98d407_nohash_4.wav,go,5a98d407,train
DataSet_clean/go/5a9f7324_nohash_0.wav,go,5a9f7324,train
DataSet_clean/go/5aac2efa_nohash_0.wav,go,5aac2efa,train
DataSet_clean/silence/doing_the_dishes_0000.wav,silence,doing_the_dishes,train
DataSet_clean/silence/doing_the_dishes_0001.wav,silence,doing_the_dishes,train
DataSet_clean/silence/doing_the_dishes_0002.wav,silence,doing_the_dishes,train
DataSet_clean/silence/doing_the_dishes_0003.wav,silence,doing_the_dishes,train
DataSet_clean/silence/doing_the_dishes_0004.wav,silence,doing_the_dishes,train
DataSet_clean/silence/doing_the_dishes_0005.wav,silence,doing_the_dishes,train
DataSet_clean/silence/doing_the_dishes_0006.wav,silence,doing_the_dishes,train
DataSet_clean/silence/doing_the_dishes_0007.wav,silence,doing_the_dishes,train
DataSet_clean/silence/doing_the_dishes_0008.wav,silence,doing_the_dishes,train
DataSet_clean/silence/doing_the_dishes_0009.wav,silence,doing_the_dishes,train
DataSet_clean/silence/doing_the_dishes_0010.wav,silence,doing_the_dishes,train
DataSet_clean/silence/doing_the_dishes_0011.wav,silence,doing_the_dishes,train
DataSet_clean/silence/doing_the_dishes_0012.wav,silence,doing_the_dishes,train
DataSet_clean/silence/doing_the_dishes_0013.wav,silence,doing_the_dishes,train
DataSet_clean/silence/doing_the_dishes_0014.wav,silence,doing_the_dishes,train
DataSet_clean/silence/doing_the_dishes_0015.wav,silence,doing_the_dishes,train
DataSet_clean/silence/doing_the_dishes_0016.wav,silence,doing_the_dishes,train
DataSet_clean/silence/doing_the_dishes_0017.wav,silence,doing_the_dishes,train
DataSet_clean/silence/doing_the_dishes_0018.wav,silence,doing_the_dishes,train
DataSet_clean/silence/doing_the_dishes_0019.wav,silence,doing_the_dishes,train
DataSet_clean/silence/doing_the_dishes_0020.wav,silence,doing_the_dishes,train
DataSet_clean/silence/doing_the_dishes_0021.wav,silence,doing_the_dishes,train
DataSet_clean/silence/doing_the_dishes_0022.wav,silence,doing_the_dishes,train
DataSet_clean/silence/doing_the_dishes_0023.wav,silence,doing_the_dishes,train
DataSet_clean/silence/doing_the_dishes_0024.wav,silence,doing_the_dishes,train
DataSet_clean/silence/doing_the_dishes_0025.wav,silence,doing_the_dishes,train
DataSet_clean/silence/doing_the_dishes_0026.wav,silence,doing_the_dishes,train
DataSet_clean/silence/doing_the_dishes_0027.wav,silence,doing_the_dishes,train
DataSet_clean/silence/doing_the_dishes_0028.wav,silence,doing_the_dishes,train
DataSet_clean/silence/doing_the_dishes_0029.wav,silence,doing_the_dishes,train
DataSet_clean/silence/doing_the_dishes_0030.wav,silence,doing_the_dishes,train
DataSet_clean/silence/doing_the_dishes_0031.wav,silence,doing_the_dishes,train
DataSet_clean/silence/doing_the_dishes_0032.wav,silence,doing_the_dishes,train
DataSet_clean/silence/doing_the_dishes_0033.wav,silence,doing_the_dishes,train
DataSet_clean/silence/doing_the_dishes_0034.wav,silence,doing_the_dishes,train
DataSet_clean/silence/doing_the_dishes_0035.wav,silence,doing_the_dishes,train
DataSet_clean/silence/doing_the_dishes_0036.wav,silence,doing_the_dishes,train
DataSet_clean/silence/doing_the_dishes_0037.wav,silence,doing_the_dishes,train
DataSet_clean/silence/doing_the_dishes_0038.wav,silence,doing_the_dishes,train
DataSet_clean/silence/doing_the_dishes_0039.wav,silence,doing_the_dishes,train
DataSet_clean/silence/doing_the_dishes_0040.wav,silence,doing_the_dishes,train
DataSet_clean/silence/doing_the_dishes_0041.wav,silence,doing_the_dishes,train
DataSet_clean/silence/doing_the_dishes_0042.wav,silence,doing_the_dishes,train
DataSet_clean/silence/doing_the_dishes_0043.wav,silence,doing_the_dishes,train
DataSet_clean/silence/doing_the_dishes_0044.wav,silence,doing_the_dishes,train
DataSet_clean/silence/doing_the_dishes_0045.wav,silence,doing_the_dishes,train
DataSet_clean/silence/doing_the_dishes_0046.wav,silence,doing_the_dishes,train
DataSet_clean/silence/doing_the_dishes_0047.wav,silence,doing_the_dishes,train
DataSet_clean/silence/doing_the_dishes_0048.wav,silence,doing_the_dishes,train
DataSet_clean/silence/doing_the_dishes_0049.wav,silence,doing_the_dishes,train
DataSet_clean/silence/doing_the_dishes_0050.wav,silence,doing_the_dishes,train
DataSet_clean/silence/doing_the_dishes_0051.wav,silence,doing_the_dishes,train
DataSet_clean/silence/doing_the_dishes_0052.wav,silence,doing_the_dishes,train
DataSet_clean/silence/doing_the_dishes_0053.wav,silence,doing_the_dishes,train
DataSet_clean/silence/doing_the_dishes_0054.wav,silence,doing_the_dishes,train
DataSet_clean/silence/doing_the_dishes_0055.wav,silence,doing_the_dishes,train
DataSet_clean/silence/doing_the_dishes_0056.wav,silence,doing_the_dishes,train
DataSet_clean/silence/doing_the_dishes_0057.wav,silence,doing_the_dishes,train
DataSet_clean/silence/doing_the_dishes_0058.wav,silence,doing_the_dishes,train
DataSet_clean/silence/doing_the_dishes_0059.wav,silence,doing_the_dishes,train
DataSet_clean/silence/doing_the_dishes_0060.wav,silence,doing_the_dishes,train
DataSet_clean/silence/doing_the_dishes_0061.wav,silence,doing_the_dishes,train
DataSet_clean/silence/doing_the_dishes_0062.wav,silence,doing_the_dishes,train
DataSet_clean/silence/doing_the_dishes_0063.wav,silence,doing_the_dishes,train
DataSet_clean/silence/doing_the_dishes_0064.wav,silence,doing_the_dishes,train
DataSet_clean/silence/doing_the_dishes_0065.wav,silence,doing_the_dishes,train
DataSet_clean/silence/doing_the_dishes_0066.wav,silence,doing_the_dishes,train
DataSet_clean/silence/doing_the_dishes_0067.wav,silence,doing_the_dishes,train
DataSet_clean/silence/doing_the_dishes_0068.wav,silence,doing_the_dishes,train
DataSet_clean/silence/doing_the_dishes_0069.wav,silence,doing_the_dishes,train
DataSet_clean/silence/doing_the_dishes_0070.wav,silence,doing_the_dishes,train
DataSet_clean/silence/doing_the_dishes_0071.wav,silence,doing_the_dishes,train
DataSet_clean/silence/doing_the_dishes_0072.wav,silence,doing_the_dishes,train
DataSet_clean/silence/doing_the_dishes_0073.wav,silence,doing_the_dishes,train
DataSet_clean/silence/doing_the_dishes_0074.wav,silence,doing_the_dishes,train
DataSet_clean/silence/doing_the_dishes_0075.wav,silence,doing_the_dishes,train
DataSet_clean/silence/doing_the_dishes_0076.wav,silence,doing_the_dishes,train
DataSet_clean/silence/doing_the_dishes_0077.wav,silence,doing_the_dishes,train
DataSet_clean/silence/doing_the_dishes_0078.wav,silence,doing_the_dishes,train
DataSet_clean/silence/doing_the_dishes_0079.wav,silence,doing_the_dishes,train
DataSet_clean/silence/doing_the_dishes_0080.wav,silence,doing_the_dishes,train
DataSet_clean/silence/doing_the_dishes_0081.wav,silence,doing_the_dishes,train
DataSet_clean/silence/doing_the_dishes_0082.wav,silence,doing_the_dishes,train
DataSet_clean/silence/doing_the_dishes_0083.wav,silence,doing_the_dishes,train
DataSet_clean/silence/doing_the_dishes_0084.wav,silence,doing_the_dishes,train
DataSet_clean/silence/doing_the_dishes_0085.wav,silence,doing_the_dishes,train
DataSet_clean/silence/doing_the_dishes_0086.wav,silence,doing_the_dishes,train
DataSet_clean/silence/doing_the_dishes_0087.wav,silence,doing_the_dishes,train
DataSet_clean/silence/doing_the_dishes_0088.wav,silence,doing_the_dishes,train
DataSet_clean/silence/doing_the_dishes_0089.wav,silence,doing_the_dishes,train
DataSet_clean/silence/doing_the_dishes_0090.wav,silence,doing_the_dishes,train
DataSet_clean/silence/doing_the_dishes_0091.wav,silence,doing_the_dishes,train
DataSet_clean/silence/doing_the_dishes_0092.wav,silence,doing_the_dishes,train
DataSet_clean/silence/doing_the_dishes_0093.wav,silence,doing_the_dishes,train
DataSet_clean/silence/doing_the_dishes_0094.wav,silence,doing_the_dishes,train
DataSet_clean/silence/doing_the_dishes_0095.wav,silence,doing_the_dishes,train
DataSet_clean/silence/doing_the_dishes_0096.wav,silence,doing_the_dishes,train
DataSet_clean/silence/doing_the_dishes_0097.wav,silence,doing_the_dishes,train
DataSet_clean/silence/doing_the_dishes_0098.wav,silence,doing_the_dishes,train
DataSet_clean/silence/doing_the_dishes_0099.wav,silence,doing_the_dishes,train
DataSet_clean/silence/doing_the_dishes_0100.wav,silence,doing_the_dishes,train
DataSet_clean/silence/doing_the_dishes_0101.wav,silence,doing_the_dishes,train
DataSet_clean/silence/doing_the_dishes_0102.wav,silence,doing_the_dishes,train
DataSet_clean/silence/doing_the_dishes_0103.wav,silence,doing_the_dishes,train
DataSet_clean/silence/doing_the_dishes_0104.wav,silence,doing_the_dishes,train
DataSet_clean/silence/doing_the_dishes_0105.wav,silence,doing_the_dishes,train
DataSet_clean/silence/doing_the_dishes_0106.wav,silence,doing_the_dishes,train
DataSet_clean/silence/doing_the_dishes_0107.wav,silence,doing_the_dishes,train
DataSet_clean/silence/doing_the_dishes_0108.wav,silence,doing_the_dishes,train
DataSet_clean/silence/doing_the_dishes_0109.wav,silence,doing_the_dishes,train
DataSet_clean/silence/doing_the_dishes_0110.wav,silence,doing_the_dishes,train
DataSet_clean/silence/doing_the_dishes_0111.wav,silence,doing_the_dishes,train
DataSet_clean/silence/doing_the_dishes_0112.wav,silence,doing_the_dishes,train
DataSet_clean/silence/doing_the_dishes_0113.wav,silence,doing_the_dishes,train
DataSet_clean/silence/doing_the_dishes_0114.wav,silence,doing_the_dishes,train
DataSet_clean/silence/doing_the_dishes_0115.wav,silence,doing_the_dishes,train
DataSet_clean/silence/doing_the_dishes_0116.wav,silence,doing_the_dishes,train
DataSet_clean/silence/doing_the_dishes_0117.wav,silence,doing_the_dishes,train
DataSet_clean/silence/doing_the_dishes_0118.wav,silence,doing_the_dishes,train
DataSet_clean/silence/doing_the_dishes_0119.wav,silence,doing_the_dishes,train
DataSet_clean/silence/doing_the_dishes_0120.wav,silence,doing_the_dishes,train
DataSet_clean/silence/doing_the_dishes_0121.wav,silence,doing_the_dishes,train
DataSet_clean/silence/doing_the_dishes_0122.wav,silence,doing_the_dishes,train
DataSet_clean/silence/doing_the_dishes_0123.wav,silence,doing_the_dishes,train
DataSet_clean/silence/doing_the_dishes_0124.wav,silence,doing_the_dishes,train
DataSet_clean/silence/doing_the_dishes_0125.wav,silence,doing_the_dishes,train
DataSet_clean/silence/doing_the_dishes_0126.wav,silence,doing_the_dishes,train
DataSet_clean/silence/doing_the_dishes_0127.wav,silence,doing_the_dishes,train
DataSet_clean/silence/doing_the_dishes_0128.wav,silence,doing_the_dishes,train
DataSet_clean/silence/doing_the_dishes_0129.wav,silence,doing_the_dishes,train
DataSet_clean/silence/doing_the_dishes_0130.wav,silence,doing_the_dishes,train
DataSet_clean/silence/doing_the_dishes_0131.wav,silence,doing_the_dishes,train
DataSet_clean/silence/doing_the_dishes_0134.wav,silence,doing_the_dishes,val
DataSet_clean/silence/doing_the_dishes_0135.wav,silence,doing_the_dishes,val
DataSet_clean/silence/doing_the_dishes_0136.wav,silence,doing_the_dishes,val
DataSet_clean/silence/doing_the_dishes_0137.wav,silence,doing_the_dishes,val
DataSet_clean/silence/doing_the_dishes_0138.wav,silence,doing_the_dishes,val
DataSet_clean/silence/doing_the_dishes_0139.wav,silence,doing_the_dishes,val
DataSet_clean/silence/doing_the_dishes_0140.wav,silence,doing_the_dishes,val
DataSet_clean/silence/doing_the_dishes_0141.wav,silence,doing_the_dishes,val
DataSet_clean/silence/doing_the_dishes_0142.wav,silence,doing_the_dishes,val
DataSet_clean/silence/doing_the_dishes_0143.wav,silence,doing_the_dishes,val
DataSet_clean/silence/doing_the_dishes_0144.wav,silence,doing_the_dishes,val
DataSet_clean/silence/doing_the_dishes_0145.wav,silence,doing_the_dishes,val
DataSet_clean/silence/doing_the_dishes_0146.wav,silence,doing_the_dishes,val
DataSet_clean/silence/doing_the_dishes_0147.wav,silence,doing_the_dishes,val
DataSet_clean/silence/doing_the_dishes_0148.wav,silence,doing_the_dishes,val
DataSet_clean/silence/doing_the_dishes_0149.wav,silence,doing_the_dishes,val
DataSet_clean/silence/doing_the_dishes_0150.wav,silence,doing_the_dishes,val
DataSet_clean/silence/doing_the_dishes_0151.wav,silence,doing_the_dishes,val
DataSet_clean/silence/doing_the_dishes_0152.wav,silence,doing_the_dishes,val
DataSet_clean/silence/doing_the_dishes_0153.wav,silence,doing_the_dishes,val
DataSet_clean/silence/doing_the_dishes_0154.wav,silence,doing_the_dishes,val
DataSet_clean/silence/doing_the_dishes_0155.wav,silence,doing_the_dishes,val
DataSet_clean/silence/doing_the_dishes_0156.wav,silence,doing_the_dishes,val
DataSet_clean/silence/doing_the_dishes_0157.wav,silence,doing_the_dishes,val
DataSet_clean/silence/doing_the_dishes_0158.wav,silence,doing_the_dishes,val
DataSet_clean/silence/doing_the_dishes_0159.wav,silence,doing_the_dishes,val
DataSet_clean/silence/doing_the_dishes_0162.wav,silence,doing_the_dishes,test
DataSet_clean/silence/doing_the_dishes_0163.wav,silence,doing_the_dishes,test
DataSet_clean/silence/doing_the_dishes_0164.wav,silence,doing_the_dishes,test
DataSet_clean/silence/doing_the_dishes_0165.wav,silence,doing_the_dishes,test
DataSet_clean/silence/doing_the_dishes_0166.wav,silence,doing_the_dishes,test
DataSet_clean/silence/doing_the_dishes_0167.wav,silence,doing_the_dishes,test
DataSet_clean/silence/doing_the_dishes_0168.wav,silence,doing_the_dishes,test
DataSet_clean/silence/doing_the_dishes_0169.wav,silence,doing_the_dishes,test
DataSet_clean/silence/doing_the_dishes_0170.wav,silence,doing_the_dishes,test
DataSet_clean/silence/doing_the_dishes_0171.wav,silence,doing_the_dishes,test
DataSet_clean/silence/doing_the_dishes_0172.wav,silence,doing_the_dishes,test
DataSet_clean/silence/doing_the_dishes_0173.wav,silence,doing_the_dishes,test
DataSet_clean/silence/doing_the_dishes_0174.wav,silence,doing_the_dishes,test
DataSet_clean/silence/doing_the_dishes_0175.wav,silence,doing_the_dishes,test
DataSet_clean/silence/doing_the_dishes_0176.wav,silence,doing_the_dishes,test
DataSet_clean/silence/doing_the_dishes_0177.wav,silence,doing_the_dishes,test
DataSet_clean/silence/doing_the_dishes_0178.wav,silence,doing_the_dishes,test
DataSet_clean/silence/doing_the_dishes_0179.wav,silence,doing_the_dishes,test
DataSet_clean/silence/doing_the_dishes_0180.wav,silence,doing_the_dishes,test
DataSet_clean/silence/doing_the_dishes_0181.wav,silence,doing_the_dishes,test
DataSet_clean/silence/doing_the_dishes_0182.wav,silence,doing_the_dishes,test
DataSet_clean/silence/doing_the_dishes_0183.wav,silence,doing_the_dishes,test
DataSet_clean/silence/doing_the_dishes_0184.wav,silence,doing_the_dishes,test
DataSet_clean/silence/doing_the_dishes_0185.wav,silence,doing_the_dishes,test
DataSet_clean/silence/doing_the_dishes_0186.wav,silence,doing_the_dishes,test
DataSet_clean/silence/doing_the_dishes_0187.wav,silence,doing_the_dishes,test
DataSet_clean/silence/doing_the_dishes_0188.wav,silence,doing_the_dishes,test
DataSet_clean/silence/dude_miaowing_0000.wav,silence,dude_miaowing,train
DataSet_clean/silence/dude_miaowing_0001.wav,silence,dude_miaowing,train
DataSet_clean/silence/dude_miaowing_0002.wav,silence,dude_miaowing,train
DataSet_clean/silence/dude_miaowing_0003.wav,silence,dude_miaowing,train
DataSet_clean/silence/dude_miaowing_0004.wav,silence,dude_miaowing,train
DataSet_clean/silence/dude_miaowing_0005.wav,silence,dude_miaowing,train
DataSet_clean/silence/dude_miaowing_0006.wav,silence,dude_miaowing,train
DataSet_clean/silence/dude_miaowing_0007.wav,silence,dude_miaowing,train
DataSet_clean/silence/dude_miaowing_0008.wav,silence,dude_miaowing,train
DataSet_clean/silence/dude_miaowing_0009.wav,silence,dude_miaowing,train
DataSet_clean/silence/dude_miaowing_0010.wav,silence,dude_miaowing,train
DataSet_clean/silence/dude_miaowing_0011.wav,silence,dude_miaowing,train
DataSet_clean/silence/dude_miaowing_0012.wav,silence,dude_miaowing,train
DataSet_clean/silence/dude_miaowing_0013.wav,silence,dude_miaowing,train
DataSet_clean/silence/dude_miaowing_0014.wav,silence,dude_miaowing,train
DataSet_clean/silence/dude_miaowing_0015.wav,silence,dude_miaowing,train
DataSet_clean/silence/dude_miaowing_0016.wav,silence,dude_miaowing,train
DataSet_clean/silence/dude_miaowing_0017.wav,silence,dude_miaowing,train
DataSet_clean/silence/dude_miaowing_0018.wav,silence,dude_miaowing,train
DataSet_clean/silence/dude_miaowing_0019.wav,silence,dude_miaowing,train
DataSet_clean/silence/dude_miaowing_0020.wav,silence,dude_miaowing,train
DataSet_clean/silence/dude_miaowing_0021.wav,silence,dude_miaowing,train
DataSet_clean/silence/dude_miaowing_0022.wav,silence,dude_miaowing,train
DataSet_clean/silence/dude_miaowing_0023.wav,silence,dude_miaowing,train
DataSet_clean/silence/dude_miaowing_0024.wav,silence,dude_miaowing,train
DataSet_clean/silence/dude_miaowing_0025.wav,silence,dude_miaowing,train
DataSet_clean/silence/dude_miaowing_0026.wav,silence,dude_miaowing,train
DataSet_clean/silence/dude_miaowing_0027.wav,silence,dude_miaowing,train
DataSet_clean/silence/dude_miaowing_0028.wav,silence,dude_miaowing,train
DataSet_clean/silence/dude_miaowing_0029.wav,silence,dude_miaowing,train
DataSet_clean/silence/dude_miaowing_0030.wav,silence,dude_miaowing,train
DataSet_clean/silence/dude_miaowing_0031.wav,silence,dude_miaowing,train
DataSet_clean/silence/dude_miaowing_0032.wav,silence,dude_miaowing,train
DataSet_clean/silence/dude_miaowing_0033.wav,silence,dude_miaowing,train
DataSet_clean/silence/dude_miaowing_0034.wav,silence,dude_miaowing,train
DataSet_clean/silence/dude_miaowing_0035.wav,silence,dude_miaowing,train
DataSet_clean/silence/dude_miaowing_0036.wav,silence,dude_miaowing,train
DataSet_clean/silence/dude_miaowing_0037.wav,silence,dude_miaowing,train
DataSet_clean/silence/dude_miaowing_0038.wav,silence,dude_miaowing,train
DataSet_clean/silence/dude_miaowing_0039.wav,silence,dude_miaowing,train
DataSet_clean/silence/dude_miaowing_0040.wav,silence,dude_miaowing,train
DataSet_clean/silence/dude_miaowing_0041.wav,silence,dude_miaowing,train
DataSet_clean/silence/dude_miaowing_0042.wav,silence,dude_miaowing,train
DataSet_clean/silence/dude_miaowing_0043.wav,silence,dude_miaowing,train
DataSet_clean/silence/dude_miaowing_0044.wav,silence,dude_miaowing,train
DataSet_clean/silence/dude_miaowing_0045.wav,silence,dude_miaowing,train
DataSet_clean/silence/dude_miaowing_0046.wav,silence,dude_miaowing,train
DataSet_clean/silence/dude_miaowing_0047.wav,silence,dude_miaowing,train
DataSet_clean/silence/dude_miaowing_0048.wav,silence,dude_miaowing,train
DataSet_clean/silence/dude_miaowing_0049.wav,silence,dude_miaowing,train
DataSet_clean/silence/dude_miaowing_0050.wav,silence,dude_miaowing,train
DataSet_clean/silence/dude_miaowing_0051.wav,silence,dude_miaowing,train
DataSet_clean/silence/dude_miaowing_0052.wav,silence,dude_miaowing,train
DataSet_clean/silence/dude_miaowing_0053.wav,silence,dude_miaowing,train
DataSet_clean/silence/dude_miaowing_0054.wav,silence,dude_miaowing,train
DataSet_clean/silence/dude_miaowing_0055.wav,silence,dude_miaowing,train
DataSet_clean/silence/dude_miaowing_0056.wav,silence,dude_miaowing,train
DataSet_clean/silence/dude_miaowing_0057.wav,silence,dude_miaowing,train
DataSet_clean/silence/dude_miaowing_0058.wav,silence,dude_miaowing,train
DataSet_clean/silence/dude_miaowing_0059.wav,silence,dude_miaowing,train
DataSet_clean/silence/dude_miaowing_0060.wav,silence,dude_miaowing,train
DataSet_clean/silence/dude_miaowing_0061.wav,silence,dude_miaowing,train
DataSet_clean/silence/dude_miaowing_0062.wav,silence,dude_miaowing,train
DataSet_clean/silence/dude_miaowing_0063.wav,silence,dude_miaowing,train
DataSet_clean/silence/dude_miaowing_0064.wav,silence,dude_miaowing,train
DataSet_clean/silence/dude_miaowing_0065.wav,silence,dude_miaowing,train
DataSet_clean/silence/dude_miaowing_0066.wav,silence,dude_miaowing,train
DataSet_clean/silence/dude_miaowing_0067.wav,silence,dude_miaowing,train
DataSet_clean/silence/dude_miaowing_0068.wav,silence,dude_miaowing,train
DataSet_clean/silence/dude_miaowing_0069.wav,silence,dude_miaowing,train
DataSet_clean/silence/dude_miaowing_0070.wav,silence,dude_miaowing,train
DataSet_clean/silence/dude_miaowing_0071.wav,silence,dude_miaowing,train
DataSet_clean/silence/dude_miaowing_0072.wav,silence,dude_miaowing,train
DataSet_clean/silence/dude_miaowing_0073.wav,silence,dude_miaowing,train
DataSet_clean/silence/dude_miaowing_0074.wav,silence,dude_miaowing,train
DataSet_clean/silence/dude_miaowing_0075.wav,silence,dude_miaowing,train
DataSet_clean/silence/dude_miaowing_0076.wav,silence,dude_miaowing,train
DataSet_clean/silence/dude_miaowing_0077.wav,silence,dude_miaowing,train
DataSet_clean/silence/dude_miaowing_0078.wav,silence,dude_miaowing,train
DataSet_clean/silence/dude_miaowing_0079.wav,silence,dude_miaowing,train
DataSet_clean/silence/dude_miaowing_0080.wav,silence,dude_miaowing,train
DataSet_clean/silence/dude_miaowing_0081.wav,silence,dude_miaowing,train
DataSet_clean/silence/dude_miaowing_0082.wav,silence,dude_miaowing,train
DataSet_clean/silence/dude_miaowing_0083.wav,silence,dude_miaowing,train
DataSet_clean/silence/dude_miaowing_0084.wav,silence,dude_miaowing,train
DataSet_clean/silence/dude_miaowing_0087.wav,silence,dude_miaowing,val
DataSet_clean/silence/dude_miaowing_0088.wav,silence,dude_miaowing,val
DataSet_clean/silence/dude_miaowing_0089.wav,silence,dude_miaowing,val
DataSet_clean/silence/dude_miaowing_0090.wav,silence,dude_miaowing,val
DataSet_clean/silence/dude_miaowing_0091.wav,silence,dude_miaowing,val
DataSet_clean/silence/dude_miaowing_0092.wav,silence,dude_miaowing,val
DataSet_clean/silence/dude_miaowing_0093.wav,silence,dude_miaowing,val
DataSet_clean/silence/dude_miaowing_0094.wav,silence,dude_miaowing,val
DataSet_clean/silence/dude_miaowing_0095.wav,silence,dude_miaowing,val
DataSet_clean/silence/dude_miaowing_0096.wav,silence,dude_miaowing,val
DataSet_clean/silence/dude_miaowing_0097.wav,silence,dude_miaowing,val
DataSet_clean/silence/dude_miaowing_0098.wav,silence,dude_miaowing,val
DataSet_clean/silence/dude_miaowing_0099.wav,silence,dude_miaowing,val
DataSet_clean/silence/dude_miaowing_0100.wav,silence,dude_miaowing,val
DataSet_clean/silence/dude_miaowing_0101.wav,silence,dude_miaowing,val
DataSet_clean/silence/dude_miaowing_0102.wav,silence,dude_miaowing,val
DataSet_clean/silence/dude_miaowing_0103.wav,silence,dude_miaowing,val
DataSet_clean/silence/dude_miaowing_0106.wav,silence,dude_miaowing,test
DataSet_clean/silence/dude_miaowing_0107.wav,silence,dude_miaowing,test
DataSet_clean/silence/dude_miaowing_0108.wav,silence,dude_miaowing,test
DataSet_clean/silence/dude_miaowing_0109.wav,silence,dude_miaowing,test
DataSet_clean/silence/dude_miaowing_0110.wav,silence,dude_miaowing,test
DataSet_clean/silence/dude_miaowing_0111.wav,silence,dude_miaowing,test
DataSet_clean/silence/dude_miaowing_0112.wav,silence,dude_miaowing,test
DataSet_clean/silence/dude_miaowing_0113.wav,silence,dude_miaowing,test
DataSet_clean/silence/dude_miaowing_0114.wav,silence,dude_miaowing,test
DataSet_clean/silence/dude_miaowing_0115.wav,silence,dude_miaowing,test
DataSet_clean/silence/dude_miaowing_0116.wav,silence,dude_miaowing,test
DataSet_clean/silence/dude_miaowing_0117.wav,silence,dude_miaowing,test
DataSet_clean/silence/dude_miaowing_0118.wav,silence,dude_miaowing,test
DataSet_clean/silence/dude_miaowing_0119.wav,silence,dude_miaowing,test
DataSet_clean/silence/dude_miaowing_0120.wav,silence,dude_miaowing,test
DataSet_clean/silence/dude_miaowing_0121.wav,silence,dude_miaowing,test
DataSet_clean/silence/exercise_bike_0000.wav,silence,exercise_bike,train
DataSet_clean/silence/exercise_bike_0001.wav,silence,exercise_bike,train
DataSet_clean/silence/exercise_bike_0002.wav,silence,exercise_bike,train
DataSet_clean/silence/exercise_bike_0003.wav,silence,exercise_bike,train
DataSet_clean/silence/exercise_bike_0004.wav,silence,exercise_bike,train
DataSet_clean/silence/exercise_bike_0005.wav,silence,exercise_bike,train
DataSet_clean/silence/exercise_bike_0006.wav,silence,exercise_bike,train
DataSet_clean/silence/exercise_bike_0007.wav,silence,exercise_bike,train
DataSet_clean/silence/exercise_bike_0008.wav,silence,exercise_bike,train
DataSet_clean/silence/exercise_bike_0009.wav,silence,exercise_bike,train
DataSet_clean/silence/exercise_bike_0010.wav,silence,exercise_bike,train
DataSet_clean/silence/exercise_bike_0011.wav,silence,exercise_bike,train
DataSet_clean/silence/exercise_bike_0012.wav,silence,exercise_bike,train
DataSet_clean/silence/exercise_bike_0013.wav,silence,exercise_bike,train
DataSet_clean/silence/exercise_bike_0014.wav,silence,exercise_bike,train
DataSet_clean/silence/exercise_bike_0015.wav,silence,exercise_bike,train
DataSet_clean/silence/exercise_bike_0016.wav,silence,exercise_bike,train
DataSet_clean/silence/exercise_bike_0017.wav,silence,exercise_bike,train
DataSet_clean/silence/exercise_bike_0018.wav,silence,exercise_bike,train
DataSet_clean/silence/exercise_bike_0019.wav,silence,exercise_bike,train
DataSet_clean/silence/exercise_bike_0020.wav,silence,exercise_bike,train
DataSet_clean/silence/exercise_bike_0021.wav,silence,exercise_bike,train
DataSet_clean/silence/exercise_bike_0022.wav,silence,exercise_bike,train
DataSet_clean/silence/exercise_bike_0023.wav,silence,exercise_bike,train
DataSet_clean/silence/exercise_bike_0024.wav,silence,exercise_bike,train
DataSet_clean/silence/exercise_bike_0025.wav,silence,exercise_bike,train
DataSet_clean/silence/exercise_bike_0026.wav,silence,exercise_bike,train
DataSet_clean/silence/exercise_bike_0027.wav,silence,exercise_bike,train
DataSet_clean/silence/exercise_bike_0028.wav,silence,exercise_bike,train
DataSet_clean/silence/exercise_bike_0029.wav,silence,exercise_bike,train
DataSet_clean/silence/exercise_bike_0030.wav,silence,exercise_bike,train
DataSet_clean/silence/exercise_bike_0031.wav,silence,exercise_bike,train
DataSet_clean/silence/exercise_bike_0032.wav,silence,exercise_bike,train
DataSet_clean/silence/exercise_bike_0033.wav,silence,exercise_bike,train
DataSet_clean/silence/exercise_bike_0034.wav,silence,exercise_bike,train
DataSet_clean/silence/exercise_bike_0035.wav,silence,exercise_bike,train
DataSet_clean/silence/exercise_bike_0036.wav,silence,exercise_bike,train
DataSet_clean/silence/exercise_bike_0037.wav,silence,exercise_bike,train
DataSet_clean/silence/exercise_bike_0038.wav,silence,exercise_bike,train
DataSet_clean/silence/exercise_bike_0039.wav,silence,exercise_bike,train
DataSet_clean/silence/exercise_bike_0040.wav,silence,exercise_bike,train
DataSet_clean/silence/exercise_bike_0041.wav,silence,exercise_bike,train
DataSet_clean/silence/exercise_bike_0042.wav,silence,exercise_bike,train
DataSet_clean/silence/exercise_bike_0043.wav,silence,exercise_bike,train
DataSet_clean/silence/exercise_bike_0044.wav,silence,exercise_bike,train
DataSet_clean/silence/exercise_bike_0045.wav,silence,exercise_bike,train
DataSet_clean/silence/exercise_bike_0046.wav,silence,exercise_bike,train
DataSet_clean/silence/exercise_bike_0047.wav,silence,exercise_bike,train
DataSet_clean/silence/exercise_bike_0048.wav,silence,exercise_bike,train
DataSet_clean/silence/exercise_bike_0049.wav,silence,exercise_bike,train
DataSet_clean/silence/exercise_bike_0050.wav,silence,exercise_bike,train
DataSet_clean/silence/exercise_bike_0051.wav,silence,exercise_bike,train
DataSet_clean/silence/exercise_bike_0052.wav,silence,exercise_bike,train
DataSet_clean/silence/exercise_bike_0053.wav,silence,exercise_bike,train
DataSet_clean/silence/exercise_bike_0054.wav,silence,exercise_bike,train
DataSet_clean/silence/exercise_bike_0055.wav,silence,exercise_bike,train
DataSet_clean/silence/exercise_bike_0056.wav,silence,exercise_bike,train
DataSet_clean/silence/exercise_bike_0057.wav,silence,exercise_bike,train
DataSet_clean/silence/exercise_bike_0058.wav,silence,exercise_bike,train
DataSet_clean/silence/exercise_bike_0059.wav,silence,exercise_bike,train
DataSet_clean/silence/exercise_bike_0060.wav,silence,exercise_bike,train
DataSet_clean/silence/exercise_bike_0061.wav,silence,exercise_bike,train
DataSet_clean/silence/exercise_bike_0062.wav,silence,exercise_bike,train
DataSet_clean/silence/exercise_bike_0063.wav,silence,exercise_bike,train
DataSet_clean/silence/exercise_bike_0064.wav,silence,exercise_bike,train
DataSet_clean/silence/exercise_bike_0065.wav,silence,exercise_bike,train
DataSet_clean/silence/exercise_bike_0066.wav,silence,exercise_bike,train
DataSet_clean/silence/exercise_bike_0067.wav,silence,exercise_bike,train
DataSet_clean/silence/exercise_bike_0068.wav,silence,exercise_bike,train
DataSet_clean/silence/exercise_bike_0069.wav,silence,exercise_bike,train
DataSet_clean/silence/exercise_bike_0070.wav,silence,exercise_bike,train
DataSet_clean/silence/exercise_bike_0071.wav,silence,exercise_bike,train
DataSet_clean/silence/exercise_bike_0072.wav,silence,exercise_bike,train
DataSet_clean/silence/exercise_bike_0073.wav,silence,exercise_bike,train
DataSet_clean/silence/exercise_bike_0074.wav,silence,exercise_bike,train
DataSet_clean/silence/exercise_bike_0075.wav,silence,exercise_bike,train
DataSet_clean/silence/exercise_bike_0076.wav,silence,exercise_bike,train
DataSet_clean/silence/exercise_bike_0077.wav,silence,exercise_bike,train
DataSet_clean/silence/exercise_bike_0078.wav,silence,exercise_bike,train
DataSet_clean/silence/exercise_bike_0079.wav,silence,exercise_bike,train
DataSet_clean/silence/exercise_bike_0080.wav,silence,exercise_bike,train
DataSet_clean/silence/exercise_bike_0081.wav,silence,exercise_bike,train
DataSet_clean/silence/exercise_bike_0082.wav,silence,exercise_bike,train
DataSet_clean/silence/exercise_bike_0083.wav,silence,exercise_bike,train
DataSet_clean/silence/exercise_bike_0086.wav,silence,exercise_bike,val
DataSet_clean/silence/exercise_bike_0087.wav,silence,exercise_bike,val
DataSet_clean/silence/exercise_bike_0088.wav,silence,exercise_bike,val
DataSet_clean/silence/exercise_bike_0089.wav,silence,exercise_bike,val
DataSet_clean/silence/exercise_bike_0090.wav,silence,exercise_bike,val
DataSet_clean/silence/exercise_bike_0091.wav,silence,exercise_bike,val
DataSet_clean/silence/exercise_bike_0092.wav,silence,exercise_bike,val
DataSet_clean/silence/exercise_bike_0093.wav,silence,exercise_bike,val
DataSet_clean/silence/exercise_bike_0094.wav,silence,exercise_bike,val
DataSet_clean/silence/exercise_bike_0095.wav,silence,exercise_bike,val
DataSet_clean/silence/exercise_bike_0096.wav,silence,exercise_bike,val
DataSet_clean/silence/exercise_bike_0097.wav,silence,exercise_bike,val
DataSet_clean/silence/exercise_bike_0098.wav,silence,exercise_bike,val
DataSet_clean/silence/exercise_bike_0099.wav,silence,exercise_bike,val
DataSet_clean/silence/exercise_bike_0100.wav,silence,exercise_bike,val
DataSet_clean/silence/exercise_bike_0101.wav,silence,exercise_bike,val
DataSet_clean/silence/exercise_bike_0102.wav,silence,exercise_bike,val
DataSet_clean/silence/exercise_bike_0105.wav,silence,exercise_bike,test
DataSet_clean/silence/exercise_bike_0106.wav,silence,exercise_bike,test
DataSet_clean/silence/exercise_bike_0107.wav,silence,exercise_bike,test
DataSet_clean/silence/exercise_bike_0108.wav,silence,exercise_bike,test
DataSet_clean/silence/exercise_bike_0109.wav,silence,exercise_bike,test
DataSet_clean/silence/exercise_bike_0110.wav,silence,exercise_bike,test
DataSet_clean/silence/exercise_bike_0111.wav,silence,exercise_bike,test
DataSet_clean/silence/exercise_bike_0112.wav,silence,exercise_bike,test
DataSet_clean/silence/exercise_bike_0113.wav,silence,exercise_bike,test
DataSet_clean/silence/exercise_bike_0114.wav,silence,exercise_bike,test
DataSet_clean/silence/exercise_bike_0115.wav,silence,exercise_bike,test
DataSet_clean/silence/exercise_bike_0116.wav,silence,exercise_bike,test
DataSet_clean/silence/exercise_bike_0117.wav,silence,exercise_bike,test
DataSet_clean/silence/exercise_bike_0118.wav,silence,exercise_bike,test
DataSet_clean/silence/exercise_bike_0119.wav,silence,exercise_bike,test
DataSet_clean/silence/exercise_bike_0120.wav,silence,exercise_bike,test
DataSet_clean/silence/pink_noise_0000.wav,silence,pink_noise,train
DataSet_clean/silence/pink_noise_0001.wav,silence,pink_noise,train
DataSet_clean/silence/pink_noise_0002.wav,silence,pink_noise,train
DataSet_clean/silence/pink_noise_0003.wav,silence,pink_noise,train
DataSet_clean/silence/pink_noise_0004.wav,silence,pink_noise,train
DataSet_clean/silence/pink_noise_0005.wav,silence,pink_noise,train
DataSet_clean/silence/pink_noise_0006.wav,silence,pink_noise,train
DataSet_clean/silence/pink_noise_0007.wav,silence,pink_noise,train
DataSet_clean/silence/pink_noise_0008.wav,silence,pink_noise,train
DataSet_clean/silence/pink_noise_0009.wav,silence,pink_noise,train
DataSet_clean/silence/pink_noise_0010.wav,silence,pink_noise,train
DataSet_clean/silence/pink_noise_0011.wav,silence,pink_noise,train
DataSet_clean/silence/pink_noise_0012.wav,silence,pink_noise,train
DataSet_clean/silence/pink_noise_0013.wav,silence,pink_noise,train
DataSet_clean/silence/pink_noise_0014.wav,silence,pink_noise,train
DataSet_clean/silence/pink_noise_0015.wav,silence,pink_noise,train
DataSet_clean/silence/pink_noise_0016.wav,silence,pink_noise,train
DataSet_clean/silence/pink_noise_0017.wav,silence,pink_noise,train
DataSet_clean/silence/pink_noise_0018.wav,silence,pink_noise,train
DataSet_clean/silence/pink_noise_0019.wav,silence,pink_noise,train
DataSet_clean/silence/pink_noise_0020.wav,silence,pink_noise,train
DataSet_clean/silence/pink_noise_0021.wav,silence,pink_noise,train
DataSet_clean/silence/pink_noise_0022.wav,silence,pink_noise,train
DataSet_clean/silence/pink_noise_0023.wav,silence,pink_noise,train
DataSet_clean/silence/pink_noise_0024.wav,silence,pink_noise,train
DataSet_clean/silence/pink_noise_0025.wav,silence,pink_noise,train
DataSet_clean/silence/pink_noise_0026.wav,silence,pink_noise,train
DataSet_clean/silence/pink_noise_0027.wav,silence,pink_noise,train
DataSet_clean/silence/pink_noise_0028.wav,silence,pink_noise,train
DataSet_clean/silence/pink_noise_0029.wav,silence,pink_noise,train
DataSet_clean/silence/pink_noise_0030.wav,silence,pink_noise,train
DataSet_clean/silence/pink_noise_0031.wav,silence,pink_noise,train
DataSet_clean/silence/pink_noise_0032.wav,silence,pink_noise,train
DataSet_clean/silence/pink_noise_0033.wav,silence,pink_noise,train
DataSet_clean/silence/pink_noise_0034.wav,silence,pink_noise,train
DataSet_clean/silence/pink_noise_0035.wav,silence,pink_noise,train
DataSet_clean/silence/pink_noise_0036.wav,silence,pink_noise,train
DataSet_clean/silence/pink_noise_0037.wav,silence,pink_noise,train
DataSet_clean/silence/pink_noise_0038.wav,silence,pink_noise,train
DataSet_clean/silence/pink_noise_0039.wav,silence,pink_noise,train
DataSet_clean/silence/pink_noise_0040.wav,silence,pink_noise,train
DataSet_clean/silence/pink_noise_0041.wav,silence,pink_noise,train
DataSet_clean/silence/pink_noise_0042.wav,silence,pink_noise,train
DataSet_clean/silence/pink_noise_0043.wav,silence,pink_noise,train
DataSet_clean/silence/pink_noise_0044.wav,silence,pink_noise,train
DataSet_clean/silence/pink_noise_0045.wav,silence,pink_noise,train
DataSet_clean/silence/pink_noise_0046.wav,silence,pink_noise,train
DataSet_clean/silence/pink_noise_0047.wav,silence,pink_noise,train
DataSet_clean/silence/pink_noise_0048.wav,silence,pink_noise,train
DataSet_clean/silence/pink_noise_0049.wav,silence,pink_noise,train
DataSet_clean/silence/pink_noise_0050.wav,silence,pink_noise,train
DataSet_clean/silence/pink_noise_0051.wav,silence,pink_noise,train
DataSet_clean/silence/pink_noise_0052.wav,silence,pink_noise,train
DataSet_clean/silence/pink_noise_0053.wav,silence,pink_noise,train
DataSet_clean/silence/pink_noise_0054.wav,silence,pink_noise,train
DataSet_clean/silence/pink_noise_0055.wav,silence,pink_noise,train
DataSet_clean/silence/pink_noise_0056.wav,silence,pink_noise,train
DataSet_clean/silence/pink_noise_0057.wav,silence,pink_noise,train
DataSet_clean/silence/pink_noise_0058.wav,silence,pink_noise,train
DataSet_clean/silence/pink_noise_0059.wav,silence,pink_noise,train
DataSet_clean/silence/pink_noise_0060.wav,silence,pink_noise,train
DataSet_clean/silence/pink_noise_0061.wav,silence,pink_noise,train
DataSet_clean/silence/pink_noise_0062.wav,silence,pink_noise,train
DataSet_clean/silence/pink_noise_0063.wav,silence,pink_noise,train
DataSet_clean/silence/pink_noise_0064.wav,silence,pink_noise,train
DataSet_clean/silence/pink_noise_0065.wav,silence,pink_noise,train
DataSet_clean/silence/pink_noise_0066.wav,silence,pink_noise,train
DataSet_clean/silence/pink_noise_0067.wav,silence,pink_noise,train
DataSet_clean/silence/pink_noise_0068.wav,silence,pink_noise,train
DataSet_clean/silence/pink_noise_0069.wav,silence,pink_noise,train
DataSet_clean/silence/pink_noise_0070.wav,silence,pink_noise,train
DataSet_clean/silence/pink_noise_0071.wav,silence,pink_noise,train
DataSet_clean/silence/pink_noise_0072.wav,silence,pink_noise,train
DataSet_clean/silence/pink_noise_0073.wav,silence,pink_noise,train
DataSet_clean/silence/pink_noise_0074.wav,silence,pink_noise,train
DataSet_clean/silence/pink_noise_0075.wav,silence,pink_noise,train
DataSet_clean/silence/pink_noise_0076.wav,silence,pink_noise,train
DataSet_clean/silence/pink_noise_0077.wav,silence,pink_noise,train
DataSet_clean/silence/pink_noise_0078.wav,silence,pink_noise,train
DataSet_clean/silence/pink_noise_0079.wav,silence,pink_noise,train
DataSet_clean/silence/pink_noise_0080.wav,silence,pink_noise,train
DataSet_clean/silence/pink_noise_0081.wav,silence,pink_noise,train
DataSet_clean/silence/pink_noise_0082.wav,silence,pink_noise,train
DataSet_clean/silence/pink_noise_0084.wav,silence,pink_noise,val
DataSet_clean/silence/pink_noise_0085.wav,silence,pink_noise,val
DataSet_clean/silence/pink_noise_0086.wav,silence,pink_noise,val
DataSet_clean/silence/pink_noise_0087.wav,silence,pink_noise,val
DataSet_clean/silence/pink_noise_0088.wav,silence,pink_noise,val
DataSet_clean/silence/pink_noise_0089.wav,silence,pink_noise,val
DataSet_clean/silence/pink_noise_0090.wav,silence,pink_noise,val
DataSet_clean/silence/pink_noise_0091.wav,silence,pink_noise,val
DataSet_clean/silence/pink_noise_0092.wav,silence,pink_noise,val
DataSet_clean/silence/pink_noise_0093.wav,silence,pink_noise,val
DataSet_clean/silence/pink_noise_0094.wav,silence,pink_noise,val
DataSet_clean/silence/pink_noise_0095.wav,silence,pink_noise,val
DataSet_clean/silence/pink_noise_0096.wav,silence,pink_noise,val
DataSet_clean/silence/pink_noise_0097.wav,silence,pink_noise,val
DataSet_clean/silence/pink_noise_0098.wav,silence,pink_noise,val
DataSet_clean/silence/pink_noise_0099.wav,silence,pink_noise,val
DataSet_clean/silence/pink_noise_0100.wav,silence,pink_noise,val
DataSet_clean/silence/pink_noise_0102.wav,silence,pink_noise,test
DataSet_clean/silence/pink_noise_0103.wav,silence,pink_noise,test
DataSet_clean/silence/pink_noise_0104.wav,silence,pink_noise,test
DataSet_clean/silence/pink_noise_0105.wav,silence,pink_noise,test
DataSet_clean/silence/pink_noise_0106.wav,silence,pink_noise,test
DataSet_clean/silence/pink_noise_0107.wav,silence,pink_noise,test
DataSet_clean/silence/pink_noise_0108.wav,silence,pink_noise,test
DataSet_clean/silence/pink_noise_0109.wav,silence,pink_noise,test
DataSet_clean/silence/pink_noise_0110.wav,silence,pink_noise,test
DataSet_clean/silence/pink_noise_0111.wav,silence,pink_noise,test
DataSet_clean/silence/pink_noise_0112.wav,silence,pink_noise,test
DataSet_clean/silence/pink_noise_0113.wav,silence,pink_noise,test
DataSet_clean/silence/pink_noise_0114.wav,silence,pink_noise,test
DataSet_clean/silence/pink_noise_0115.wav,silence,pink_noise,test
DataSet_clean/silence/pink_noise_0116.wav,silence,pink_noise,test
DataSet_clean/silence/pink_noise_0117.wav,silence,pink_noise,test
DataSet_clean/silence/pink_noise_0118.wav,silence,pink_noise,test
DataSet_clean/silence/running_tap_0000.wav,silence,running_tap,train
DataSet_clean/silence/running_tap_0001.wav,silence,running_tap,train
DataSet_clean/silence/running_tap_0002.wav,silence,running_tap,train
DataSet_clean/silence/running_tap_0003.wav,silence,running_tap,train
DataSet_clean/silence/running_tap_0004.wav,silence,running_tap,train
DataSet_clean/silence/running_tap_0005.wav,silence,running_tap,train
DataSet_clean/silence/running_tap_0006.wav,silence,running_tap,train
DataSet_clean/silence/running_tap_0007.wav,silence,running_tap,train
DataSet_clean/silence/running_tap_0008.wav,silence,running_tap,train
DataSet_clean/silence/running_tap_0009.wav,silence,running_tap,train
DataSet_clean/silence/running_tap_0010.wav,silence,running_tap,train
DataSet_clean/silence/running_tap_0011.wav,silence,running_tap,train
DataSet_clean/silence/running_tap_0012.wav,silence,running_tap,train
DataSet_clean/silence/running_tap_0013.wav,silence,running_tap,train
DataSet_clean/silence/running_tap_0014.wav,silence,running_tap,train
DataSet_clean/silence/running_tap_0015.wav,silence,running_tap,train
DataSet_clean/silence/running_tap_0016.wav,silence,running_tap,train
DataSet_clean/silence/running_tap_0017.wav,silence,running_tap,train
DataSet_clean/silence/running_tap_0018.wav,silence,running_tap,train
DataSet_clean/silence/running_tap_0019.wav,silence,running_tap,train
DataSet_clean/silence/running_tap_0020.wav,silence,running_tap,train
DataSet_clean/silence/running_tap_0021.wav,silence,running_tap,train
DataSet_clean/silence/running_tap_0022.wav,silence,running_tap,train
DataSet_clean/silence/running_tap_0023.wav,silence,running_tap,train
DataSet_clean/silence/running_tap_0024.wav,silence,running_tap,train
DataSet_clean/silence/running_tap_0025.wav,silence,running_tap,train
DataSet_clean/silence/running_tap_0026.wav,silence,running_tap,train
DataSet_clean/silence/running_tap_0027.wav,silence,running_tap,train
DataSet_clean/silence/running_tap_0028.wav,silence,running_tap,train
DataSet_clean/silence/running_tap_0029.wav,silence,running_tap,train
DataSet_clean/silence/running_tap_0030.wav,silence,running_tap,train
DataSet_clean/silence/running_tap_0031.wav,silence,running_tap,train
DataSet_clean/silence/running_tap_0032.wav,silence,running_tap,train
DataSet_clean/silence/running_tap_0033.wav,silence,running_tap,train
DataSet_clean/silence/running_tap_0034.wav,silence,running_tap,train
DataSet_clean/silence/running_tap_0035.wav,silence,running_tap,train
DataSet_clean/silence/running_tap_0036.wav,silence,running_tap,train
DataSet_clean/silence/running_tap_0037.wav,silence,running_tap,train
DataSet_clean/silence/running_tap_0038.wav,silence,running_tap,train
DataSet_clean/silence/running_tap_0039.wav,silence,running_tap,train
DataSet_clean/silence/running_tap_0040.wav,silence,running_tap,train
DataSet_clean/silence/running_tap_0041.wav,silence,running_tap,train
DataSet_clean/silence/running_tap_0042.wav,silence,running_tap,train
DataSet_clean/silence/running_tap_0043.wav,silence,running_tap,train
DataSet_clean/silence/running_tap_0044.wav,silence,running_tap,train
DataSet_clean/silence/running_tap_0045.wav,silence,running_tap,train
DataSet_clean/silence/running_tap_0046.wav,silence,running_tap,train
DataSet_clean/silence/running_tap_0047.wav,silence,running_tap,train
DataSet_clean/silence/running_tap_0048.wav,silence,running_tap,train
DataSet_clean/silence/running_tap_0049.wav,silence,running_tap,train
DataSet_clean/silence/running_tap_0050.wav,silence,running_tap,train
DataSet_clean/silence/running_tap_0051.wav,silence,running_tap,train
DataSet_clean/silence/running_tap_0052.wav,silence,running_tap,train
DataSet_clean/silence/running_tap_0053.wav,silence,running_tap,train
DataSet_clean/silence/running_tap_0054.wav,silence,running_tap,train
DataSet_clean/silence/running_tap_0055.wav,silence,running_tap,train
DataSet_clean/silence/running_tap_0056.wav,silence,running_tap,train
DataSet_clean/silence/running_tap_0057.wav,silence,running_tap,train
DataSet_clean/silence/running_tap_0058.wav,silence,running_tap,train
DataSet_clean/silence/running_tap_0059.wav,silence,running_tap,train
DataSet_clean/silence/running_tap_0060.wav,silence,running_tap,train
DataSet_clean/silence/running_tap_0061.wav,silence,running_tap,train
DataSet_clean/silence/running_tap_0062.wav,silence,running_tap,train
DataSet_clean/silence/running_tap_0063.wav,silence,running_tap,train
DataSet_clean/silence/running_tap_0064.wav,silence,running_tap,train
DataSet_clean/silence/running_tap_0065.wav,silence,running_tap,train
DataSet_clean/silence/running_tap_0066.wav,silence,running_tap,train
DataSet_clean/silence/running_tap_0067.wav,silence,running_tap,train
DataSet_clean/silence/running_tap_0068.wav,silence,running_tap,train
DataSet_clean/silence/running_tap_0069.wav,silence,running_tap,train
DataSet_clean/silence/running_tap_0070.wav,silence,running_tap,train
DataSet_clean/silence/running_tap_0071.wav,silence,running_tap,train
DataSet_clean/silence/running_tap_0072.wav,silence,running_tap,train
DataSet_clean/silence/running_tap_0073.wav,silence,running_tap,train
DataSet_clean/silence/running_tap_0074.wav,silence,running_tap,train
DataSet_clean/silence/running_tap_0075.wav,silence,running_tap,train
DataSet_clean/silence/running_tap_0076.wav,silence,running_tap,train
DataSet_clean/silence/running_tap_0077.wav,silence,running_tap,train
DataSet_clean/silence/running_tap_0078.wav,silence,running_tap,train
DataSet_clean/silence/running_tap_0079.wav,silence,running_tap,train
DataSet_clean/silence/running_tap_0080.wav,silence,running_tap,train
DataSet_clean/silence/running_tap_0081.wav,silence,running_tap,train
DataSet_clean/silence/running_tap_0082.wav,silence,running_tap,train
DataSet_clean/silence/running_tap_0083.wav,silence,running_tap,train
DataSet_clean/silence/running_tap_0086.wav,silence,running_tap,val
DataSet_clean/silence/running_tap_0087.wav,silence,running_tap,val
DataSet_clean/silence/running_tap_0088.wav,silence,running_tap,val
DataSet_clean/silence/running_tap_0089.wav,silence,running_tap,val
DataSet_clean/silence/running_tap_0090.wav,silence,running_tap,val
DataSet_clean/silence/running_tap_0091.wav,silence,running_tap,val
DataSet_clean/silence/running_tap_0092.wav,silence,running_tap,val
DataSet_clean/silence/running_tap_0093.wav,silence,running_tap,val
DataSet_clean/silence/running_tap_0094.wav,silence,running_tap,val
DataSet_clean/silence/running_tap_0095.wav,silence,running_tap,val
DataSet_clean/silence/running_tap_0096.wav,silence,running_tap,val
DataSet_clean/silence/running_tap_0097.wav,silence,running_tap,val
DataSet_clean/silence/running_tap_0098.wav,silence,running_tap,val
DataSet_clean/silence/running_tap_0099.wav,silence,running_tap,val
DataSet_clean/silence/running_tap_0100.wav,silence,running_tap,val
DataSet_clean/silence/running_tap_0101.wav,silence,running_tap,val
DataSet_clean/silence/running_tap_0104.wav,silence,running_tap,test
DataSet_clean/silence/running_tap_0105.wav,silence,running_tap,test
DataSet_clean/silence/running_tap_0106.wav,silence,running_tap,test
DataSet_clean/silence/running_tap_0107.wav,silence,running_tap,test
DataSet_clean/silence/running_tap_0108.wav,silence,running_tap,test
DataSet_clean/silence/running_tap_0109.wav,silence,running_tap,test
DataSet_clean/silence/running_tap_0110.wav,silence,running_tap,test
DataSet_clean/silence/running_tap_0111.wav,silence,running_tap,test
DataSet_clean/silence/running_tap_0112.wav,silence,running_tap,test
DataSet_clean/silence/running_tap_0113.wav,silence,running_tap,test
DataSet_clean/silence/running_tap_0114.wav,silence,running_tap,test
DataSet_clean/silence/running_tap_0115.wav,silence,running_tap,test
DataSet_clean/silence/running_tap_0116.wav,silence,running_tap,test
DataSet_clean/silence/running_tap_0117.wav,silence,running_tap,test
DataSet_clean/silence/running_tap_0118.wav,silence,running_tap,test
DataSet_clean/silence/running_tap_0119.wav,silence,running_tap,test
DataSet_clean/silence/running_tap_0120.wav,silence,running_tap,test
DataSet_clean/silence/white_noise_0000.wav,silence,white_noise,train
DataSet_clean/silence/white_noise_0001.wav,silence,white_noise,train
DataSet_clean/silence/white_noise_0002.wav,silence,white_noise,train
DataSet_clean/silence/white_noise_0003.wav,silence,white_noise,train
DataSet_clean/silence/white_noise_0004.wav,silence,white_noise,train
DataSet_clean/silence/white_noise_0005.wav,silence,white_noise,train
DataSet_clean/silence/white_noise_0006.wav,silence,white_noise,train
DataSet_clean/silence/white_noise_0007.wav,silence,white_noise,train
DataSet_clean/silence/white_noise_0008.wav,silence,white_noise,train
DataSet_clean/silence/white_noise_0009.wav,silence,white_noise,train
DataSet_clean/silence/white_noise_0010.wav,silence,white_noise,train
DataSet_clean/silence/white_noise_0011.wav,silence,white_noise,train
DataSet_clean/silence/white_noise_0012.wav,silence,white_noise,train
DataSet_clean/silence/white_noise_0013.wav,silence,white_noise,train
DataSet_clean/silence/white_noise_0014.wav,silence,white_noise,train
DataSet_clean/silence/white_noise_0015.wav,silence,white_noise,train
DataSet_clean/silence/white_noise_0016.wav,silence,white_noise,train
DataSet_clean/silence/white_noise_0017.wav,silence,white_noise,train
DataSet_clean/silence/white_noise_0018.wav,silence,white_noise,train
DataSet_clean/silence/white_noise_0019.wav,silence,white_noise,train
DataSet_clean/silence/white_noise_0020.wav,silence,white_noise,train
DataSet_clean/silence/white_noise_0021.wav,silence,white_noise,train
DataSet_clean/silence/white_noise_0022.wav,silence,white_noise,train
DataSet_clean/silence/white_noise_0023.wav,silence,white_noise,train
DataSet_clean/silence/white_noise_0024.wav,silence,white_noise,train
DataSet_clean/silence/white_noise_0025.wav,silence,white_noise,train
DataSet_clean/silence/white_noise_0026.wav,silence,white_noise,train
DataSet_clean/silence/white_noise_0027.wav,silence,white_noise,train
DataSet_clean/silence/white_noise_0028.wav,silence,white_noise,train
DataSet_clean/silence/white_noise_0029.wav,silence,white_noise,train
DataSet_clean/silence/white_noise_0030.wav,silence,white_noise,train
DataSet_clean/silence/white_noise_0031.wav,silence,white_noise,train
DataSet_clean/silence/white_noise_0032.wav,silence,white_noise,train
DataSet_clean/silence/white_noise_0033.wav,silence,white_noise,train
DataSet_clean/silence/white_noise_0034.wav,silence,white_noise,train
DataSet_clean/silence/white_noise_0035.wav,silence,white_noise,train
DataSet_clean/silence/white_noise_0036.wav,silence,white_noise,train
DataSet_clean/silence/white_noise_0037.wav,silence,white_noise,train
DataSet_clean/silence/white_noise_0038.wav,silence,white_noise,train
DataSet_clean/silence/white_noise_0039.wav,silence,white_noise,train
DataSet_clean/silence/white_noise_0040.wav,silence,white_noise,train
DataSet_clean/silence/white_noise_0041.wav,silence,white_noise,train
DataSet_clean/silence/white_noise_0042.wav,silence,white_noise,train
DataSet_clean/silence/white_noise_0043.wav,silence,white_noise,train
DataSet_clean/silence/white_noise_0044.wav,silence,white_noise,train
DataSet_clean/silence/white_noise_0045.wav,silence,white_noise,train
DataSet_clean/silence/white_noise_0046.wav,silence,white_noise,train
DataSet_clean/silence/white_noise_0047.wav,silence,white_noise,train
DataSet_clean/silence/white_noise_0048.wav,silence,white_noise,train
DataSet_clean/silence/white_noise_0049.wav,silence,white_noise,train
DataSet_clean/silence/white_noise_0050.wav,silence,white_noise,train
DataSet_clean/silence/white_noise_0051.wav,silence,white_noise,train
DataSet_clean/silence/white_noise_0052.wav,silence,white_noise,train
DataSet_clean/silence/white_noise_0053.wav,silence,white_noise,train
DataSet_clean/silence/white_noise_0054.wav,silence,white_noise,train
DataSet_clean/silence/white_noise_0055.wav,silence,white_noise,train
DataSet_clean/silence/white_noise_0056.wav,silence,white_noise,train
DataSet_clean/silence/white_noise_0057.wav,silence,white_noise,train
DataSet_clean/silence/white_noise_0058.wav,silence,white_noise,train
DataSet_clean/silence/white_noise_0059.wav,silence,white_noise,train
DataSet_clean/silence/white_noise_0060.wav,silence,white_noise,train
DataSet_clean/silence/white_noise_0061.wav,silence,white_noise,train
DataSet_clean/silence/white_noise_0062.wav,silence,white_noise,train
DataSet_clean/silence/white_noise_0063.wav,silence,white_noise,train
DataSet_clean/silence/white_noise_0064.wav,silence,white_noise,train
DataSet_clean/silence/white_noise_0065.wav,silence,white_noise,train
DataSet_clean/silence/white_noise_0066.wav,silence,white_noise,train
DataSet_clean/silence/white_noise_0067.wav,silence,white_noise,train
DataSet_clean/silence/white_noise_0068.wav,silence,white_noise,train
DataSet_clean/silence/white_noise_0069.wav,silence,white_noise,train
DataSet_clean/silence/white_noise_0070.wav,silence,white_noise,train
DataSet_clean/silence/white_noise_0071.wav,silence,white_noise,train
DataSet_clean/silence/white_noise_0072.wav,silence,white_noise,train
DataSet_clean/silence/white_noise_0073.wav,silence,white_noise,train
DataSet_clean/silence/white_noise_0074.wav,silence,white_noise,train
DataSet_clean/silence/white_noise_0075.wav,silence,white_noise,train
DataSet_clean/silence/white_noise_0076.wav,silence,white_noise,train
DataSet_clean/silence/white_noise_0077.wav,silence,white_noise,train
DataSet_clean/silence/white_noise_0078.wav,silence,white_noise,train
DataSet_clean/silence/white_noise_0079.wav,silence,white_noise,train
DataSet_clean/silence/white_noise_0080.wav,silence,white_noise,train
DataSet_clean/silence/white_noise_0081.wav,silence,white_noise,train
DataSet_clean/silence/white_noise_0082.wav,silence,white_noise,train
DataSet_clean/silence/white_noise_0084.wav,silence,white_noise,val
DataSet_clean/silence/white_noise_0085.wav,silence,white_noise,val
DataSet_clean/silence/white_noise_0086.wav,silence,white_noise,val
DataSet_clean/silence/white_noise_0087.wav,silence,white_noise,val
DataSet_clean/silence/white_noise_0088.wav,silence,white_noise,val
DataSet_clean/silence/white_noise_0089.wav,silence,white_noise,val
DataSet_clean/silence/white_noise_0090.wav,silence,white_noise,val
DataSet_clean/silence/white_noise_0091.wav,silence,white_noise,val
DataSet_clean/silence/white_noise_0092.wav,silence,white_noise,val
DataSet_clean/silence/white_noise_0093.wav,silence,white_noise,val
DataSet_clean/silence/white_noise_0094.wav,silence,white_noise,val
DataSet_clean/silence/white_noise_0095.wav,silence,white_noise,val
DataSet_clean/silence/white_noise_0096.wav,silence,white_noise,val
DataSet_clean/silence/white_noise_0097.wav,silence,white_noise,val
DataSet_clean/silence/white_noise_0098.wav,silence,white_noise,val
DataSet_clean/silence/white_noise_0099.wav,silence,white_noise,val
DataSet_clean/silence/white_noise_0100.wav,silence,white_noise,val
DataSet_clean/silence/white_noise_0102.wav,silence,white_noise,test
DataSet_clean/silence/white_noise_0103.wav,silence,white_noise,test
DataSet_clean/silence/white_noise_0104.wav,silence,white_noise,test
DataSet_clean/silence/white_noise_0105.wav,silence,white_noise,test
DataSet_clean/silence/white_noise_0106.wav,silence,white_noise,test
DataSet_clean/silence/white_noise_0107.wav,silence,white_noise,test
DataSet_clean/silence/white_noise_0108.wav,silence,white_noise,test
DataSet_clean/silence/white_noise_0109.wav,silence,white_noise,test
DataSet_clean/silence/white_noise_0110.wav,silence,white_noise,test
DataSet_clean/silence/white_noise_0111.wav,silence,white_noise,test
DataSet_clean/silence/white_noise_0112.wav,silence,white_noise,test
DataSet_clean/silence/white_noise_0113.wav,silence,white_noise,test
DataSet_clean/silence/white_noise_0114.wav,silence,white_noise,test
DataSet_clean/silence/white_noise_0115.wav,silence,white_noise,test
DataSet_clean/silence/white_noise_0116.wav,silence,white_noise,test
DataSet_clean/silence/white_noise_0117.wav,silence,white_noise,test
DataSet_clean/silence/white_noise_0118.wav,silence,white_noise,test
DataSet_clean/silence/quiet_000.wav,silence,quiet,train
DataSet_clean/silence/quiet_001.wav,silence,quiet,train
DataSet_clean/silence/quiet_002.wav,silence,quiet,train
DataSet_clean/silence/quiet_003.wav,silence,quiet,train
DataSet_clean/silence/quiet_004.wav,silence,quiet,train
DataSet_clean/silence/quiet_005.wav,silence,quiet,train
DataSet_clean/silence/quiet_006.wav,silence,quiet,train
DataSet_clean/silence/quiet_007.wav,silence,quiet,train
DataSet_clean/silence/quiet_008.wav,silence,quiet,train
DataSet_clean/silence/quiet_009.wav,silence,quiet,train
DataSet_clean/silence/quiet_010.wav,silence,quiet,train
DataSet_clean/silence/quiet_011.wav,silence,quiet,train
DataSet_clean/silence/quiet_012.wav,silence,quiet,train
DataSet_clean/silence/quiet_013.wav,silence,quiet,train
DataSet_clean/silence/quiet_014.wav,silence,quiet,train
DataSet_clean/silence/quiet_015.wav,silence,quiet,train
DataSet_clean/silence/quiet_016.wav,silence,quiet,train
DataSet_clean/silence/quiet_017.wav,silence,quiet,train
DataSet_clean/silence/quiet_018.wav,silence,quiet,train
DataSet_clean/silence/quiet_019.wav,silence,quiet,train
DataSet_clean/silence/quiet_020.wav,silence,quiet,train
DataSet_clean/silence/quiet_021.wav,silence,quiet,train
DataSet_clean/silence/quiet_022.wav,silence,quiet,train
DataSet_clean/silence/quiet_023.wav,silence,quiet,train
DataSet_clean/silence/quiet_024.wav,silence,quiet,train
DataSet_clean/silence/quiet_025.wav,silence,quiet,train
DataSet_clean/silence/quiet_026.wav,silence,quiet,train
DataSet_clean/silence/quiet_027.wav,silence,quiet,train
DataSet_clean/silence/quiet_028.wav,silence,quiet,train
DataSet_clean/silence/quiet_029.wav,silence,quiet,train
DataSet_clean/silence/quiet_030.wav,silence,quiet,train
DataSet_clean/silence/quiet_031.wav,silence,quiet,train
DataSet_clean/silence/quiet_032.wav,silence,quiet,train
DataSet_clean/silence/quiet_033.wav,silence,quiet,train
DataSet_clean/silence/quiet_034.wav,silence,quiet,train
DataSet_clean/silence/quiet_035.wav,silence,quiet,train
DataSet_clean/silence/quiet_036.wav,silence,quiet,train
DataSet_clean/silence/quiet_037.wav,silence,quiet,train
DataSet_clean/silence/quiet_038.wav,silence,quiet,train
DataSet_clean/silence/quiet_039.wav,silence,quiet,train
DataSet_clean/silence/quiet_040.wav,silence,quiet,train
DataSet_clean/silence/quiet_041.wav,silence,quiet,train
DataSet_clean/silence/quiet_042.wav,silence,quiet,val
DataSet_clean/silence/quiet_043.wav,silence,quiet,val
DataSet_clean/silence/quiet_044.wav,silence,quiet,val
DataSet_clean/silence/quiet_045.wav,silence,quiet,val
DataSet_clean/silence/quiet_046.wav,silence,quiet,val
DataSet_clean/silence/quiet_047.wav,silence,quiet,val
DataSet_clean/silence/quiet_048.wav,silence,quiet,val
DataSet_clean/silence/quiet_049.wav,silence,quiet,val
DataSet_clean/silence/quiet_050.wav,silence,quiet,val
DataSet_clean/silence/quiet_051.wav,silence,quiet,test
DataSet_clean/silence/quiet_052.wav,silence,quiet,test
DataSet_clean/silence/quiet_053.wav,silence,quiet,test
DataSet_clean/silence/quiet_054.wav,silence,quiet,test
DataSet_clean/silence/quiet_055.wav,silence,quiet,test
DataSet_clean/silence/quiet_056.wav,silence,quiet,test
DataSet_clean/silence/quiet_057.wav,silence,quiet,test
DataSet_clean/silence/quiet_058.wav,silence,quiet,test
DataSet_clean/silence/quiet_059.wav,silence,quiet,test
