filename,label
DataSet/yes/004ae714_nohash_0.wav,yes
DataSet/yes/004ae714_nohash_1.wav,yes
DataSet/yes/00970ce1_nohash_0.wav,yes
DataSet/yes/00f0204f_nohash_0.wav,yes
DataSet/yes/00f0204f_nohash_1.wav,yes
DataSet/yes/00f0204f_nohash_2.wav,yes
DataSet/yes/012c8314_nohash_0.wav,yes
DataSet/yes/0132a06d_nohash_0.wav,yes
DataSet/yes/0132a06d_nohash_1.wav,yes
DataSet/yes/0132a06d_nohash_2.wav,yes
DataSet/yes/0132a06d_nohash_3.wav,yes
DataSet/yes/0132a06d_nohash_4.wav,yes
DataSet/yes/0135f3f2_nohash_0.wav,yes
DataSet/yes/0135f3f2_nohash_1.wav,yes
DataSet/yes/0137b3f4_nohash_0.wav,yes
DataSet/yes/0137b3f4_nohash_1.wav,yes
DataSet/yes/0137b3f4_nohash_2.wav,yes
DataSet/yes/0137b3f4_nohash_3.wav,yes
DataSet/yes/0137b3f4_nohash_4.wav,yes
DataSet/yes/01648c51_nohash_0.wav,yes
DataSet/yes/01648c51_nohash_1.wav,yes
DataSet/yes/016e2c6d_nohash_0.wav,yes
DataSet/yes/017c4098_nohash_0.wav,yes
DataSet/yes/017c4098_nohash_1.wav,yes
DataSet/yes/017c4098_nohash_2.wav,yes
DataSet/yes/017c4098_nohash_3.wav,yes
DataSet/yes/019fa366_nohash_0.wav,yes
DataSet/yes/019fa366_nohash_1.wav,yes
DataSet/yes/01bb6a2a_nohash_0.wav,yes
DataSet/yes/01bb6a2a_nohash_1.wav,yes
DataSet/yes/01bb6a2a_nohash_2.wav,yes
DataSet/yes/01bb6a2a_nohash_3.wav,yes
DataSet/yes/01bcfc0c_nohash_0.wav,yes
DataSet/yes/01d22d03_nohash_0.wav,yes
DataSet/yes/01d22d03_nohash_1.wav,yes
DataSet/yes/01d22d03_nohash_2.wav,yes
DataSet/yes/022cd682_nohash_0.wav,yes
DataSet/yes/023808be_nohash_0.wav,yes
DataSet/yes/023a61ad_nohash_0.wav,yes
DataSet/yes/023a61ad_nohash_1.wav,yes
DataSet/yes/023a61ad_nohash_2.wav,yes
DataSet/yes/026290a7_nohash_0.wav,yes
DataSet/yes/02ade946_nohash_0.wav,yes
DataSet/yes/02ade946_nohash_1.wav,yes
DataSet/yes/02ade946_nohash_2.wav,yes
DataSet/yes/02ade946_nohash_3.wav,yes
DataSet/yes/02ade946_nohash_4.wav,yes
DataSet/yes/02fcd241_nohash_0.wav,yes
DataSet/yes/03401e93_nohash_0.wav,yes
DataSet/yes/03431e13_nohash_0.wav,yes
DataSet/yes/035de8fe_nohash_0.wav,yes
DataSet/yes/0362539c_nohash_0.wav,yes
DataSet/yes/0397ecda_nohash_0.wav,yes
DataSet/yes/03c96658_nohash_0.wav,yes
DataSet/yes/03cf93b1_nohash_0.wav,yes
DataSet/yes/03cf93b1_nohash_1.wav,yes
DataSet/yes/042186b8_nohash_0.wav,yes
DataSet/yes/042186b8_nohash_1.wav,yes
DataSet/yes/042186b8_nohash_2.wav,yes
DataSet/yes/042186b8_nohash_3.wav,yes
DataSet/yes/042a8dde_nohash_0.wav,yes
DataSet/yes/042a8dde_nohash_1.wav,yes
DataSet/yes/042a8dde_nohash_2.wav,yes
DataSet/yes/042a8dde_nohash_3.wav,yes
DataSet/yes/042ea76c_nohash_0.wav,yes
DataSet/yes/042ea76c_nohash_1.wav,yes
DataSet/yes/0474c92a_nohash_0.wav,yes
DataSet/yes/050170cb_nohash_0.wav,yes
DataSet/yes/050170cb_nohash_1.wav,yes
DataSet/yes/050170cb_nohash_2.wav,yes
DataSet/yes/050170cb_nohash_3.wav,yes
DataSet/yes/05739450_nohash_0.wav,yes
DataSet/yes/0585b66d_nohash_0.wav,yes
DataSet/yes/0585b66d_nohash_1.wav,yes
DataSet/yes/0585b66d_nohash_2.wav,yes
DataSet/yes/0585b66d_nohash_3.wav,yes
DataSet/yes/0585b66d_nohash_4.wav,yes
DataSet/yes/05b2db80_nohash_0.wav,yes
DataSet/yes/05b2db80_nohash_1.wav,yes
DataSet/yes/05b2db80_nohash_2.wav,yes
DataSet/yes/05cf43ef_nohash_0.wav,yes
DataSet/yes/060cd039_nohash_0.wav,yes
DataSet/yes/060cd039_nohash_1.wav,yes
DataSet/yes/063d48cf_nohash_0.wav,yes
DataSet/yes/067f61e2_nohash_0.wav,yes
DataSet/yes/067f61e2_nohash_1.wav,yes
DataSet/yes/067f61e2_nohash_2.wav,yes
DataSet/yes/067f61e2_nohash_3.wav,yes
DataSet/yes/0685264e_nohash_0.wav,yes
DataSet/yes/0685264e_nohash_1.wav,yes
DataSet/yes/069ab0d5_nohash_0.wav,yes
DataSet/yes/069ab0d5_nohash_1.wav,yes
DataSet/yes/06a79a03_nohash_0.wav,yes
DataSet/yes/06a79a03_nohash_1.wav,yes
DataSet/yes/06a79a03_nohash_2.wav,yes
DataSet/yes/06f6c194_nohash_0.wav,yes
DataSet/yes/06f6c194_nohash_1.wav,yes
DataSet/yes/06f6c194_nohash_2.wav,yes
DataSet/yes/06f6c194_nohash_3.wav,yes
DataSet/yes/06f6c194_nohash_4.wav,yes
DataSet/yes/07089da9_nohash_0.wav,yes
DataSet/yes/07089da9_nohash_1.wav,yes
DataSet/yes/07089da9_nohash_2.wav,yes
DataSet/yes/07089da9_nohash_3.wav,yes
DataSet/yes/0717b9f6_nohash_0.wav,yes
DataSet/yes/0717b9f6_nohash_1.wav,yes
DataSet/yes/0717b9f6_nohash_2.wav,yes
DataSet/yes/0717b9f6_nohash_3.wav,yes
DataSet/yes/0717b9f6_nohash_4.wav,yes
DataSet/yes/079d1020_nohash_0.wav,yes
DataSet/yes/079dfce3_nohash_0.wav,yes
DataSet/yes/07ad9b59_nohash_0.wav,yes
DataSet/yes/07ad9b59_nohash_1.wav,yes
DataSet/yes/07c5129e_nohash_0.wav,yes
DataSet/yes/07de53d3_nohash_0.wav,yes
DataSet/yes/0819edb0_nohash_0.wav,yes
DataSet/yes/08ab231c_nohash_0.wav,yes
DataSet/yes/08ab231c_nohash_1.wav,yes
DataSet/yes/08ab231c_nohash_2.wav,yes
DataSet/yes/08ab231c_nohash_3.wav,yes
DataSet/yes/08ab231c_nohash_4.wav,yes
DataSet/yes/093f65a1_nohash_0.wav,yes
DataSet/yes/093f65a1_nohash_1.wav,yes
DataSet/yes/0943c746_nohash_0.wav,yes
DataSet/yes/099d52ad_nohash_0.wav,yes
DataSet/yes/099d52ad_nohash_1.wav,yes
DataSet/yes/099d52ad_nohash_2.wav,yes
DataSet/yes/099d52ad_nohash_3.wav,yes
DataSet/yes/09a7aa2a_nohash_0.wav,yes
DataSet/yes/09a7aa2a_nohash_1.wav,yes
DataSet/yes/09bcdc9d_nohash_0.wav,yes
DataSet/yes/09bcdc9d_nohash_1.wav,yes
DataSet/yes/09bcdc9d_nohash_2.wav,yes
DataSet/yes/09ddc105_nohash_0.wav,yes
DataSet/yes/0a196374_nohash_0.wav,yes
DataSet/yes/0a196374_nohash_1.wav,yes
DataSet/yes/0a196374_nohash_2.wav,yes
DataSet/yes/0a196374_nohash_3.wav,yes
DataSet/yes/0a196374_nohash_4.wav,yes
DataSet/yes/0a2b400e_nohash_0.wav,yes
DataSet/yes/0a2b400e_nohash_1.wav,yes
DataSet/yes/0a2b400e_nohash_2.wav,yes
DataSet/yes/0a2b400e_nohash_3.wav,yes
DataSet/yes/0a396ff2_nohash_0.wav,yes
DataSet/yes/0a5636ca_nohash_0.wav,yes
DataSet/yes/0a7c2a8d_nohash_0.wav,yes
DataSet/yes/0a9f9af7_nohash_0.wav,yes
DataSet/yes/0a9f9af7_nohash_1.wav,yes
DataSet/yes/0a9f9af7_nohash_2.wav,yes
DataSet/yes/0ab3b47d_nohash_0.wav,yes
DataSet/yes/0ac15fe9_nohash_0.wav,yes
DataSet/yes/0b40aa8e_nohash_0.wav,yes
DataSet/yes/0b56bcfe_nohash_0.wav,yes
DataSet/yes/0b7ee1a0_nohash_0.wav,yes
DataSet/yes/0b7ee1a0_nohash_1.wav,yes
DataSet/yes/0b7ee1a0_nohash_2.wav,yes
DataSet/yes/0b7ee1a0_nohash_3.wav,yes
DataSet/yes/0b7ee1a0_nohash_4.wav,yes
DataSet/yes/0ba018fc_nohash_0.wav,yes
DataSet/yes/0ba018fc_nohash_1.wav,yes
DataSet/yes/0ba018fc_nohash_2.wav,yes
DataSet/yes/0ba018fc_nohash_3.wav,yes
DataSet/yes/0ba018fc_nohash_4.wav,yes
DataSet/yes/0ba018fc_nohash_5.wav,yes
DataSet/yes/0bac8a71_nohash_0.wav,yes
DataSet/yes/0bd689d7_nohash_0.wav,yes
DataSet/yes/0bfec55f_nohash_0.wav,yes
DataSet/yes/0c09f202_nohash_0.wav,yes
DataSet/yes/0c2ca723_nohash_0.wav,yes
DataSet/yes/0c2d2ffa_nohash_0.wav,yes
DataSet/yes/0c5027de_nohash_0.wav,yes
DataSet/yes/0cb74144_nohash_0.wav,yes
DataSet/yes/0cb74144_nohash_1.wav,yes
DataSet/yes/0cb74144_nohash_2.wav,yes
DataSet/yes/0cb74144_nohash_3.wav,yes
DataSet/yes/0cc6b0b0_nohash_0.wav,yes
DataSet/yes/0d2bcf9d_nohash_0.wav,yes
DataSet/yes/0d6d7360_nohash_0.wav,yes
DataSet/yes/0d6d7360_nohash_1.wav,yes
DataSet/yes/0d6d7360_nohash_2.wav,yes
DataSet/yes/0d6d7360_nohash_3.wav,yes
DataSet/yes/0d6d7360_nohash_4.wav,yes
DataSet/yes/0d82fd99_nohash_0.wav,yes
DataSet/yes/0d82fd99_nohash_1.wav,yes
DataSet/yes/0d82fd99_nohash_2.wav,yes
DataSet/yes/0d82fd99_nohash_3.wav,yes
DataSet/yes/0d85a428_nohash_0.wav,yes
DataSet/yes/0d85a428_nohash_1.wav,yes
DataSet/yes/0d90d8e1_nohash_0.wav,yes
DataSet/yes/0d90d8e1_nohash_1.wav,yes
DataSet/yes/0d90d8e1_nohash_2.wav,yes
DataSet/yes/0d90d8e1_nohash_3.wav,yes
DataSet/yes/0e6e36c9_nohash_0.wav,yes
DataSet/yes/0e6e36c9_nohash_1.wav,yes
DataSet/yes/0e6e36c9_nohash_2.wav,yes
DataSet/yes/0e6e36c9_nohash_3.wav,yes
DataSet/yes/0e6e36c9_nohash_4.wav,yes
DataSet/yes/0e8ec1cb_nohash_0.wav,yes
DataSet/yes/0ea0e2f4_nohash_0.wav,yes
DataSet/yes/0ea9c8ce_nohash_0.wav,yes
DataSet/yes/0ea9c8ce_nohash_1.wav,yes
DataSet/yes/0ea9c8ce_nohash_2.wav,yes
DataSet/yes/0ea9c8ce_nohash_3.wav,yes
DataSet/yes/0ea9c8ce_nohash_4.wav,yes
DataSet/yes/0f2442b6_nohash_0.wav,yes
DataSet/yes/0f3f64d5_nohash_0.wav,yes
DataSet/yes/0f3f64d5_nohash_1.wav,yes
DataSet/yes/0f46028a_nohash_0.wav,yes
DataSet/yes/0f46028a_nohash_1.wav,yes
DataSet/yes/0f46028a_nohash_2.wav,yes
DataSet/yes/0f46028a_nohash_3.wav,yes
DataSet/yes/0f46028a_nohash_4.wav,yes
DataSet/yes/0f7205ef_nohash_0.wav,yes
DataSet/yes/0f7266cf_nohash_0.wav,yes
DataSet/yes/0f7266cf_nohash_1.wav,yes
DataSet/yes/0f7266cf_nohash_2.wav,yes
DataSet/yes/0f7266cf_nohash_3.wav,yes
DataSet/yes/0f7266cf_nohash_4.wav,yes
DataSet/yes/0f7dc557_nohash_0.wav,yes
DataSet/yes/0f7dc557_nohash_1.wav,yes
DataSet/yes/0fa1e7a9_nohash_0.wav,yes
DataSet/yes/0ff728b5_nohash_0.wav,yes
DataSet/yes/0ff728b5_nohash_1.wav,yes
DataSet/yes/0ff728b5_nohash_2.wav,yes
DataSet/yes/0ff728b5_nohash_3.wav,yes
DataSet/yes/0ff728b5_nohash_4.wav,yes
DataSet/yes/10467b06_nohash_0.wav,yes
DataSet/yes/105a0eea_nohash_0.wav,yes
DataSet/yes/105a0eea_nohash_1.wav,yes
DataSet/yes/105a0eea_nohash_2.wav,yes
DataSet/yes/10627519_nohash_0.wav,yes
DataSet/yes/10627519_nohash_1.wav,yes
DataSet/yes/10627519_nohash_2.wav,yes
DataSet/yes/106a6183_nohash_0.wav,yes
DataSet/yes/106a6183_nohash_1.wav,yes
DataSet/yes/106a6183_nohash_2.wav,yes
DataSet/yes/106a6183_nohash_3.wav,yes
DataSet/yes/106a6183_nohash_4.wav,yes
DataSet/yes/1093c8e7_nohash_0.wav,yes
DataSet/yes/10ace7eb_nohash_0.wav,yes
DataSet/yes/10ace7eb_nohash_1.wav,yes
DataSet/yes/10ace7eb_nohash_2.wav,yes
DataSet/yes/10ace7eb_nohash_3.wav,yes
DataSet/yes/10ace7eb_nohash_4.wav,yes
DataSet/yes/10c6d873_nohash_0.wav,yes
DataSet/yes/11099149_nohash_0.wav,yes
DataSet/yes/11321027_nohash_0.wav,yes
DataSet/yes/11379f4d_nohash_0.wav,yes
DataSet/yes/11379f4d_nohash_1.wav,yes
DataSet/yes/113b3fbc_nohash_0.wav,yes
DataSet/yes/113b3fbc_nohash_1.wav,yes
DataSet/yes/113b3fbc_nohash_2.wav,yes
DataSet/yes/113b3fbc_nohash_3.wav,yes
DataSet/yes/113b3fbc_nohash_4.wav,yes
DataSet/yes/11860c84_nohash_0.wav,yes
DataSet/yes/11860c84_nohash_1.wav,yes
DataSet/yes/11b1df78_nohash_0.wav,yes
DataSet/yes/11b1df78_nohash_1.wav,yes
DataSet/yes/11b1df78_nohash_2.wav,yes
DataSet/yes/11b1df78_nohash_3.wav,yes
DataSet/yes/122c5aa7_nohash_0.wav,yes
DataSet/yes/122c5aa7_nohash_1.wav,yes
DataSet/yes/122c5aa7_nohash_2.wav,yes
DataSet/yes/122c5aa7_nohash_3.wav,yes
DataSet/yes/122c5aa7_nohash_4.wav,yes
DataSet/yes/12623a81_nohash_0.wav,yes
DataSet/yes/126a31d2_nohash_0.wav,yes
DataSet/yes/129c7d8d_nohash_0.wav,yes
DataSet/yes/129c7d8d_nohash_1.wav,yes
DataSet/yes/129c7d8d_nohash_2.wav,yes
DataSet/yes/12c206ea_nohash_0.wav,yes
DataSet/yes/130d9a87_nohash_0.wav,yes
DataSet/yes/13199b79_nohash_0.wav,yes
DataSet/yes/13199b79_nohash_1.wav,yes
DataSet/yes/131e738d_nohash_0.wav,yes
DataSet/yes/131e738d_nohash_1.wav,yes
DataSet/yes/131e738d_nohash_2.wav,yes
DataSet/yes/131e738d_nohash_3.wav,yes
DataSet/yes/1365dd89_nohash_0.wav,yes
DataSet/yes/140a0fdc_nohash_0.wav,yes
DataSet/yes/140a0fdc_nohash_1.wav,yes
DataSet/yes/144d27ff_nohash_0.wav,yes
DataSet/yes/144d27ff_nohash_1.wav,yes
DataSet/yes/144d27ff_nohash_2.wav,yes
DataSet/yes/144d27ff_nohash_3.wav,yes
DataSet/yes/146d97db_nohash_0.wav,yes
DataSet/yes/146d97db_nohash_1.wav,yes
DataSet/yes/1473be6a_nohash_0.wav,yes
DataSet/yes/1474273a_nohash_0.wav,yes
DataSet/yes/14775481_nohash_0.wav,yes
DataSet/yes/14775481_nohash_1.wav,yes
DataSet/yes/14775481_nohash_2.wav,yes
DataSet/yes/14872d06_nohash_0.wav,yes
DataSet/yes/1496195a_nohash_0.wav,yes
DataSet/yes/1496195a_nohash_1.wav,yes
DataSet/yes/1496195a_nohash_2.wav,yes
DataSet/yes/1496195a_nohash_3.wav,yes
DataSet/yes/1496195a_nohash_4.wav,yes
DataSet/yes/14c7b073_nohash_0.wav,yes
DataSet/yes/14c7b073_nohash_1.wav,yes
DataSet/yes/14c7b073_nohash_2.wav,yes
DataSet/yes/14c7b073_nohash_3.wav,yes
DataSet/yes/14c7b073_nohash_4.wav,yes
DataSet/yes/151bfb79_nohash_0.wav,yes
DataSet/yes/151bfb79_nohash_1.wav,yes
DataSet/yes/152491bc_nohash_0.wav,yes
DataSet/yes/1538beb7_nohash_0.wav,yes
DataSet/yes/15574821_nohash_0.wav,yes
DataSet/yes/15574821_nohash_1.wav,yes
DataSet/yes/15574821_nohash_2.wav,yes
DataSet/yes/15b0c947_nohash_0.wav,yes
DataSet/yes/15c563d7_nohash_0.wav,yes
DataSet/yes/15c563d7_nohash_1.wav,yes
DataSet/yes/15c563d7_nohash_2.wav,yes
DataSet/yes/15c563d7_nohash_3.wav,yes
DataSet/yes/15c563d7_nohash_4.wav,yes
DataSet/yes/15dd287d_nohash_0.wav,yes
DataSet/yes/15dd287d_nohash_1.wav,yes
DataSet/yes/15dd287d_nohash_2.wav,yes
DataSet/yes/15dd287d_nohash_3.wav,yes
DataSet/yes/15dd287d_nohash_4.wav,yes
DataSet/yes/15f04ff8_nohash_0.wav,yes
DataSet/yes/15f04ff8_nohash_1.wav,yes
DataSet/yes/161fcca8_nohash_0.wav,yes
DataSet/yes/1626bc5a_nohash_0.wav,yes
DataSet/yes/1657c9fa_nohash_0.wav,yes
DataSet/yes/16d41d07_nohash_0.wav,yes
DataSet/yes/16d41d07_nohash_1.wav,yes
DataSet/yes/16d41d07_nohash_2.wav,yes
DataSet/yes/16d41d07_nohash_3.wav,yes
DataSet/yes/171b56dc_nohash_0.wav,yes
DataSet/yes/171edea9_nohash_0.wav,yes
DataSet/yes/171edea9_nohash_1.wav,yes
DataSet/yes/171edea9_nohash_2.wav,yes
DataSet/yes/171edea9_nohash_3.wav,yes
DataSet/yes/172dc2b0_nohash_0.wav,yes
DataSet/yes/173e6bbf_nohash_0.wav,yes
DataSet/yes/1746d7b6_nohash_0.wav,yes
DataSet/yes/1746d7b6_nohash_1.wav,yes
DataSet/yes/179a61b7_nohash_0.wav,yes
DataSet/yes/179a61b7_nohash_1.wav,yes
DataSet/yes/179a61b7_nohash_2.wav,yes
DataSet/yes/179a61b7_nohash_3.wav,yes
DataSet/yes/179a61b7_nohash_4.wav,yes
DataSet/yes/17f0e206_nohash_0.wav,yes
DataSet/yes/1851e33b_nohash_0.wav,yes
DataSet/yes/189cbabe_nohash_0.wav,yes
DataSet/yes/189cbabe_nohash_1.wav,yes
DataSet/yes/189cbabe_nohash_2.wav,yes
DataSet/yes/18a8f03f_nohash_0.wav,yes
DataSet/yes/18c54a68_nohash_0.wav,yes
DataSet/yes/18c54a68_nohash_1.wav,yes
DataSet/yes/18d120ae_nohash_0.wav,yes
DataSet/yes/18d84076_nohash_0.wav,yes
DataSet/yes/18e910f4_nohash_0.wav,yes
DataSet/yes/18e910f4_nohash_1.wav,yes
DataSet/yes/18e910f4_nohash_2.wav,yes
DataSet/yes/18e910f4_nohash_3.wav,yes
DataSet/yes/18e910f4_nohash_4.wav,yes
DataSet/yes/18f8afd5_nohash_0.wav,yes
DataSet/yes/18f8afd5_nohash_1.wav,yes
DataSet/yes/18f8afd5_nohash_2.wav,yes
DataSet/yes/190821dc_nohash_0.wav,yes
DataSet/yes/1942abd7_nohash_0.wav,yes
DataSet/yes/195c120a_nohash_0.wav,yes
DataSet/yes/195c120a_nohash_1.wav,yes
DataSet/yes/195c120a_nohash_2.wav,yes
DataSet/yes/195c120a_nohash_3.wav,yes
DataSet/yes/195c120a_nohash_4.wav,yes
DataSet/yes/196e84b7_nohash_0.wav,yes
DataSet/yes/197f4153_nohash_0.wav,yes
DataSet/yes/197f4153_nohash_1.wav,yes
DataSet/yes/197f4153_nohash_2.wav,yes
DataSet/yes/197f4153_nohash_3.wav,yes
DataSet/yes/197f4153_nohash_4.wav,yes
DataSet/yes/1993db46_nohash_0.wav,yes
DataSet/yes/19b05529_nohash_0.wav,yes
DataSet/yes/19f9c115_nohash_0.wav,yes
DataSet/yes/1a073312_nohash_0.wav,yes
DataSet/yes/1a4259c3_nohash_0.wav,yes
DataSet/yes/1a5b9ca4_nohash_0.wav,yes
DataSet/yes/1a5b9ca4_nohash_1.wav,yes
DataSet/yes/1a673010_nohash_0.wav,yes
DataSet/yes/1a673010_nohash_1.wav,yes
DataSet/yes/1a673010_nohash_2.wav,yes
DataSet/yes/1a73dcd1_nohash_0.wav,yes
DataSet/yes/1a892463_nohash_0.wav,yes
DataSet/yes/1a892463_nohash_1.wav,yes
DataSet/yes/1a994c9f_nohash_0.wav,yes
DataSet/yes/1a994c9f_nohash_1.wav,yes
DataSet/yes/1a994c9f_nohash_2.wav,yes
DataSet/yes/1a994c9f_nohash_3.wav,yes
DataSet/yes/1a994c9f_nohash_4.wav,yes
DataSet/yes/1a9afd33_nohash_0.wav,yes
DataSet/yes/1acc97de_nohash_0.wav,yes
DataSet/yes/1acc97de_nohash_1.wav,yes
DataSet/yes/1acc97de_nohash_2.wav,yes
DataSet/yes/1acc97de_nohash_3.wav,yes
DataSet/yes/1acc97de_nohash_4.wav,yes
DataSet/yes/1aed7c6d_nohash_0.wav,yes
DataSet/yes/1aeef15e_nohash_0.wav,yes
DataSet/yes/1aeef15e_nohash_1.wav,yes
DataSet/yes/1aeef15e_nohash_2.wav,yes
DataSet/yes/1aeef15e_nohash_3.wav,yes
DataSet/yes/1b18600d_nohash_0.wav,yes
DataSet/yes/1b18600d_nohash_1.wav,yes
DataSet/yes/1b18600d_nohash_2.wav,yes
DataSet/yes/1b42b551_nohash_0.wav,yes
DataSet/yes/1b42b551_nohash_1.wav,yes
DataSet/yes/1b42b551_nohash_2.wav,yes
DataSet/yes/1b42b551_nohash_3.wav,yes
DataSet/yes/1b4c9b89_nohash_0.wav,yes
DataSet/yes/1b4c9b89_nohash_1.wav,yes
DataSet/yes/1b4c9b89_nohash_2.wav,yes
DataSet/yes/1b4c9b89_nohash_3.wav,yes
DataSet/yes/1b4c9b89_nohash_4.wav,yes
DataSet/yes/1b5ba788_nohash_0.wav,yes
DataSet/yes/1b627376_nohash_0.wav,yes
DataSet/yes/1b627376_nohash_1.wav,yes
DataSet/yes/1b63157b_nohash_0.wav,yes
DataSet/yes/1b63157b_nohash_1.wav,yes
DataSet/yes/1b63157b_nohash_2.wav,yes
DataSet/yes/1b63157b_nohash_3.wav,yes
DataSet/yes/1b63157b_nohash_4.wav,yes
DataSet/yes/1b63157b_nohash_5.wav,yes
DataSet/yes/1b755c65_nohash_0.wav,yes
DataSet/yes/1b88bf70_nohash_0.wav,yes
DataSet/yes/1b88bf70_nohash_1.wav,yes
DataSet/yes/1c1060b1_nohash_0.wav,yes
DataSet/yes/1c1060b1_nohash_1.wav,yes
DataSet/yes/1c3f4fac_nohash_0.wav,yes
DataSet/yes/1c3f4fac_nohash_1.wav,yes
DataSet/yes/1c3f50ad_nohash_0.wav,yes
DataSet/yes/1c6e5447_nohash_0.wav,yes
DataSet/yes/1c84a139_nohash_0.wav,yes
DataSet/yes/1c84a139_nohash_1.wav,yes
DataSet/yes/1c84a139_nohash_2.wav,yes
DataSet/yes/1c84a139_nohash_3.wav,yes
DataSet/yes/1c84a139_nohash_4.wav,yes
DataSet/yes/1cb788bc_nohash_0.wav,yes
DataSet/yes/1cbcc7a7_nohash_0.wav,yes
DataSet/yes/1cc80e39_nohash_0.wav,yes
DataSet/yes/1cc80e39_nohash_1.wav,yes
DataSet/yes/1d919a90_nohash_0.wav,yes
DataSet/yes/1dc86f91_nohash_0.wav,yes
DataSet/yes/1dc86f91_nohash_1.wav,yes
DataSet/yes/1dc86f91_nohash_2.wav,yes
DataSet/yes/1dc86f91_nohash_3.wav,yes
DataSet/yes/1dce06e8_nohash_0.wav,yes
DataSet/yes/1df483c0_nohash_0.wav,yes
DataSet/yes/1df483c0_nohash_1.wav,yes
DataSet/yes/1df99a8a_nohash_0.wav,yes
DataSet/yes/1df99a8a_nohash_1.wav,yes
DataSet/yes/1e02ffc5_nohash_0.wav,yes
DataSet/yes/1e02ffc5_nohash_1.wav,yes
DataSet/yes/1e02ffc5_nohash_2.wav,yes
DataSet/yes/1e02ffc5_nohash_3.wav,yes
DataSet/yes/1e02ffc5_nohash_4.wav,yes
DataSet/yes/1e412fac_nohash_0.wav,yes
DataSet/yes/1e9e6bdd_nohash_0.wav,yes
DataSet/yes/1e9e6bdd_nohash_1.wav,yes
DataSet/yes/1e9e6bdd_nohash_2.wav,yes
DataSet/yes/1e9e6bdd_nohash_3.wav,yes
DataSet/yes/1e9e6bdd_nohash_4.wav,yes
DataSet/yes/1ecfb537_nohash_0.wav,yes
DataSet/yes/1ecfb537_nohash_1.wav,yes
DataSet/yes/1ecfb537_nohash_2.wav,yes
DataSet/yes/1ecfb537_nohash_3.wav,yes
DataSet/yes/1ecfb537_nohash_4.wav,yes
DataSet/yes/1ed0b13d_nohash_0.wav,yes
DataSet/yes/1ed0b13d_nohash_1.wav,yes
DataSet/yes/1ed0b13d_nohash_2.wav,yes
DataSet/yes/1ed0b13d_nohash_3.wav,yes
DataSet/yes/1ed0b13d_nohash_4.wav,yes
DataSet/yes/1ed557b9_nohash_0.wav,yes
DataSet/yes/1eddce1d_nohash_0.wav,yes
DataSet/yes/1eddce1d_nohash_1.wav,yes
DataSet/yes/1efdf53f_nohash_0.wav,yes
DataSet/yes/1f3bece8_nohash_0.wav,yes
DataSet/yes/1f3e4139_nohash_0.wav,yes
DataSet/yes/1f3e4139_nohash_1.wav,yes
DataSet/yes/1fd85ee4_nohash_0.wav,yes
DataSet/yes/1ffd513b_nohash_0.wav,yes
DataSet/yes/20174140_nohash_0.wav,yes
DataSet/yes/2039b9c1_nohash_0.wav,yes
DataSet/yes/2039b9c1_nohash_1.wav,yes
DataSet/yes/20a0d54b_nohash_0.wav,yes
DataSet/yes/20fd451f_nohash_0.wav,yes
DataSet/yes/20fd451f_nohash_1.wav,yes
DataSet/yes/20fd451f_nohash_2.wav,yes
DataSet/yes/20fd451f_nohash_3.wav,yes
DataSet/yes/210f3aa9_nohash_0.wav,yes
DataSet/yes/211b928a_nohash_0.wav,yes
DataSet/yes/211b928a_nohash_1.wav,yes
DataSet/yes/211b928a_nohash_2.wav,yes
DataSet/yes/211ccd2e_nohash_0.wav,yes
DataSet/yes/214ccb20_nohash_0.wav,yes
DataSet/yes/215699ff_nohash_0.wav,yes
DataSet/yes/215699ff_nohash_1.wav,yes
DataSet/yes/21832144_nohash_0.wav,yes
DataSet/yes/21832144_nohash_1.wav,yes
DataSet/yes/21832144_nohash_2.wav,yes
DataSet/yes/21832144_nohash_3.wav,yes
DataSet/yes/21832144_nohash_4.wav,yes
DataSet/yes/2197f41c_nohash_0.wav,yes
DataSet/yes/2197f41c_nohash_1.wav,yes
DataSet/yes/2197f41c_nohash_2.wav,yes
DataSet/yes/21cbe292_nohash_0.wav,yes
DataSet/yes/21e8c417_nohash_0.wav,yes
DataSet/yes/22296dbe_nohash_0.wav,yes
DataSet/yes/22296dbe_nohash_1.wav,yes
DataSet/yes/22296dbe_nohash_2.wav,yes
DataSet/yes/22296dbe_nohash_3.wav,yes
DataSet/yes/2250f5f2_nohash_0.wav,yes
DataSet/yes/226537ab_nohash_0.wav,yes
DataSet/yes/226537ab_nohash_1.wav,yes
DataSet/yes/226537ab_nohash_2.wav,yes
DataSet/yes/2275edbb_nohash_0.wav,yes
DataSet/yes/2296b1af_nohash_0.wav,yes
DataSet/yes/2296b1af_nohash_1.wav,yes
DataSet/yes/2296b1af_nohash_2.wav,yes
DataSet/yes/229978fd_nohash_0.wav,yes
DataSet/yes/229978fd_nohash_1.wav,yes
DataSet/yes/229978fd_nohash_2.wav,yes
DataSet/yes/229978fd_nohash_3.wav,yes
DataSet/yes/229978fd_nohash_4.wav,yes
DataSet/yes/22aa3665_nohash_0.wav,yes
DataSet/yes/22cb56b3_nohash_0.wav,yes
DataSet/yes/23059a35_nohash_0.wav,yes
DataSet/yes/23059a35_nohash_1.wav,yes
DataSet/yes/2335770e_nohash_0.wav,yes
DataSet/yes/234ab0fb_nohash_0.wav,yes
DataSet/yes/234ab0fb_nohash_1.wav,yes
DataSet/yes/234ab0fb_nohash_2.wav,yes
DataSet/yes/234d6a48_nohash_0.wav,yes
DataSet/yes/234d6a48_nohash_1.wav,yes
DataSet/yes/234d6a48_nohash_2.wav,yes
DataSet/yes/234d6a48_nohash_3.wav,yes
DataSet/yes/235b444f_nohash_0.wav,yes
DataSet/yes/235b444f_nohash_1.wav,yes
DataSet/yes/235b444f_nohash_2.wav,yes
DataSet/yes/235b444f_nohash_3.wav,yes
DataSet/yes/238c112c_nohash_0.wav,yes
DataSet/yes/238c112c_nohash_1.wav,yes
DataSet/yes/23ad12d8_nohash_0.wav,yes
DataSet/yes/23da904f_nohash_0.wav,yes
DataSet/yes/23da904f_nohash_1.wav,yes
DataSet/yes/23da904f_nohash_2.wav,yes
DataSet/yes/23da904f_nohash_3.wav,yes
DataSet/yes/23da904f_nohash_4.wav,yes
DataSet/yes/24632875_nohash_0.wav,yes
DataSet/yes/24632875_nohash_1.wav,yes
DataSet/yes/24632875_nohash_2.wav,yes
DataSet/yes/24694eb6_nohash_0.wav,yes
DataSet/yes/24694eb6_nohash_1.wav,yes
DataSet/yes/246d2c7f_nohash_0.wav,yes
DataSet/yes/24a3e589_nohash_0.wav,yes
DataSet/yes/24a3e589_nohash_1.wav,yes
DataSet/yes/24a3e589_nohash_2.wav,yes
DataSet/yes/24a3e589_nohash_3.wav,yes
DataSet/yes/24a3e589_nohash_4.wav,yes
DataSet/yes/24b82192_nohash_0.wav,yes
DataSet/yes/24befdb3_nohash_0.wav,yes
DataSet/yes/24befdb3_nohash_1.wav,yes
DataSet/yes/24befdb3_nohash_2.wav,yes
DataSet/yes/24befdb3_nohash_3.wav,yes
DataSet/yes/24befdb3_nohash_4.wav,yes
DataSet/yes/24c9f572_nohash_0.wav,yes
DataSet/yes/24c9f572_nohash_1.wav,yes
DataSet/yes/24c9f572_nohash_2.wav,yes
DataSet/yes/24cab2cb_nohash_0.wav,yes
DataSet/yes/2510c044_nohash_0.wav,yes
DataSet/yes/25132942_nohash_0.wav,yes
DataSet/yes/25132942_nohash_1.wav,yes
DataSet/yes/25132942_nohash_2.wav,yes
DataSet/yes/25132942_nohash_3.wav,yes
DataSet/yes/256c0a05_nohash_0.wav,yes
DataSet/yes/256c0a05_nohash_1.wav,yes
DataSet/yes/256c0a05_nohash_2.wav,yes
DataSet/yes/256c0a05_nohash_3.wav,yes
DataSet/yes/256c0a05_nohash_4.wav,yes
DataSet/yes/257251e0_nohash_0.wav,yes
DataSet/yes/257e17e0_nohash_0.wav,yes
DataSet/yes/25e95412_nohash_0.wav,yes
DataSet/yes/25e95412_nohash_1.wav,yes
DataSet/yes/25e95412_nohash_2.wav,yes
DataSet/yes/25e95412_nohash_3.wav,yes
DataSet/yes/25e95412_nohash_4.wav,yes
DataSet/yes/25e95412_nohash_5.wav,yes
DataSet/yes/262d7a03_nohash_0.wav,yes
DataSet/yes/264f471d_nohash_0.wav,yes
DataSet/yes/264f471d_nohash_1.wav,yes
DataSet/yes/264f471d_nohash_2.wav,yes
DataSet/yes/264f471d_nohash_3.wav,yes
DataSet/yes/264f471d_nohash_4.wav,yes
DataSet/yes/265bd13a_nohash_0.wav,yes
DataSet/yes/265bd13a_nohash_1.wav,yes
DataSet/yes/26631bee_nohash_0.wav,yes
DataSet/yes/26a093e1_nohash_0.wav,yes
DataSet/yes/26a093e1_nohash_1.wav,yes
DataSet/yes/26b28ea7_nohash_0.wav,yes
DataSet/yes/26b28ea7_nohash_1.wav,yes
DataSet/yes/26e573a9_nohash_0.wav,yes
DataSet/yes/270bfa52_nohash_0.wav,yes
DataSet/yes/270bfa52_nohash_1.wav,yes
DataSet/yes/2748cce7_nohash_0.wav,yes
DataSet/yes/274c008f_nohash_0.wav,yes
DataSet/yes/2796ac50_nohash_0.wav,yes
DataSet/yes/2796ac50_nohash_1.wav,yes
DataSet/yes/27b03931_nohash_0.wav,yes
DataSet/yes/27c24504_nohash_0.wav,yes
DataSet/yes/27c24504_nohash_1.wav,yes
DataSet/yes/27c24504_nohash_2.wav,yes
DataSet/yes/27c24504_nohash_3.wav,yes
DataSet/yes/27c24504_nohash_4.wav,yes
DataSet/yes/27c30960_nohash_0.wav,yes
DataSet/yes/283d7a53_nohash_0.wav,yes
DataSet/yes/28460a60_nohash_0.wav,yes
DataSet/yes/28460a60_nohash_1.wav,yes
DataSet/yes/28460a60_nohash_2.wav,yes
DataSet/yes/28612180_nohash_0.wav,yes
DataSet/yes/28ce0c58_nohash_0.wav,yes
DataSet/yes/28ce0c58_nohash_1.wav,yes
DataSet/yes/28ce0c58_nohash_2.wav,yes
DataSet/yes/28ce0c58_nohash_3.wav,yes
DataSet/yes/28ce0c58_nohash_4.wav,yes
DataSet/yes/28e47b1a_nohash_0.wav,yes
DataSet/yes/28e47b1a_nohash_1.wav,yes
DataSet/yes/28e47b1a_nohash_2.wav,yes
DataSet/yes/28e47b1a_nohash_3.wav,yes
DataSet/yes/28e47b1a_nohash_4.wav,yes
DataSet/yes/28ed6bc9_nohash_0.wav,yes
DataSet/yes/28ed6bc9_nohash_1.wav,yes
DataSet/yes/28ed6bc9_nohash_2.wav,yes
DataSet/yes/28ed6bc9_nohash_3.wav,yes
DataSet/yes/28ed6bc9_nohash_4.wav,yes
DataSet/yes/29229c21_nohash_0.wav,yes
DataSet/yes/29229c21_nohash_1.wav,yes
DataSet/yes/29229c21_nohash_2.wav,yes
DataSet/yes/29229c21_nohash_3.wav,yes
DataSet/yes/29229c21_nohash_4.wav,yes
DataSet/yes/2927c601_nohash_0.wav,yes
DataSet/yes/2927c601_nohash_1.wav,yes
DataSet/yes/2927c601_nohash_2.wav,yes
DataSet/yes/2927c601_nohash_3.wav,yes
DataSet/yes/2927c601_nohash_4.wav,yes
DataSet/yes/29b81b73_nohash_0.wav,yes
DataSet/yes/29dce108_nohash_0.wav,yes
DataSet/yes/29dce108_nohash_1.wav,yes
DataSet/yes/29dce108_nohash_2.wav,yes
DataSet/yes/29dce108_nohash_3.wav,yes
DataSet/yes/29dce108_nohash_4.wav,yes
DataSet/yes/29fb33da_nohash_0.wav,yes
DataSet/yes/29fb33da_nohash_1.wav,yes
DataSet/yes/29fb33da_nohash_2.wav,yes
DataSet/yes/29fb33da_nohash_3.wav,yes
DataSet/yes/29fb33da_nohash_4.wav,yes
DataSet/yes/2a0b413e_nohash_0.wav,yes
DataSet/yes/2a1f4853_nohash_0.wav,yes
DataSet/yes/2a1f4853_nohash_1.wav,yes
DataSet/yes/2a1f4853_nohash_2.wav,yes
DataSet/yes/2a1f4853_nohash_3.wav,yes
DataSet/yes/2a89ad5c_nohash_0.wav,yes
DataSet/yes/2a89ad5c_nohash_1.wav,yes
DataSet/yes/2aca1e72_nohash_0.wav,yes
DataSet/yes/2aca1e72_nohash_1.wav,yes
DataSet/yes/2aca1e72_nohash_2.wav,yes
DataSet/yes/2aca1e72_nohash_3.wav,yes
DataSet/yes/2aca1e72_nohash_4.wav,yes
DataSet/yes/2aca1e72_nohash_5.wav,yes
DataSet/yes/2aca1e72_nohash_6.wav,yes
DataSet/yes/2aca1e72_nohash_7.wav,yes
DataSet/yes/2aec99ec_nohash_0.wav,yes
DataSet/yes/2b3f509b_nohash_0.wav,yes
DataSet/yes/2b5e346d_nohash_0.wav,yes
DataSet/yes/2b5e346d_nohash_1.wav,yes
DataSet/yes/2b5e346d_nohash_2.wav,yes
DataSet/yes/2b5e346d_nohash_3.wav,yes
DataSet/yes/2b5e346d_nohash_4.wav,yes
DataSet/yes/2ba8c7a4_nohash_0.wav,yes
DataSet/yes/2bd2cad5_nohash_0.wav,yes
DataSet/yes/2bdbe5f7_nohash_0.wav,yes
DataSet/yes/2bdbe5f7_nohash_1.wav,yes
DataSet/yes/2bdbe5f7_nohash_2.wav,yes
DataSet/yes/2bdbe5f7_nohash_3.wav,yes
DataSet/yes/2bdbe5f7_nohash_4.wav,yes
DataSet/yes/2be08ce4_nohash_0.wav,yes
DataSet/yes/2be08ce4_nohash_1.wav,yes
DataSet/yes/2bfe70ef_nohash_0.wav,yes
DataSet/yes/2c6446f7_nohash_0.wav,yes
DataSet/yes/2c6446f7_nohash_1.wav,yes
DataSet/yes/2c6d3924_nohash_0.wav,yes
DataSet/yes/2c6d3924_nohash_1.wav,yes
DataSet/yes/2c727642_nohash_0.wav,yes
DataSet/yes/2c727642_nohash_1.wav,yes
DataSet/yes/2cec1d47_nohash_0.wav,yes
DataSet/yes/2cec1d47_nohash_1.wav,yes
DataSet/yes/2cf28b70_nohash_0.wav,yes
DataSet/yes/2d82a556_nohash_0.wav,yes
DataSet/yes/2da58b32_nohash_0.wav,yes
DataSet/yes/2da58b32_nohash_1.wav,yes
DataSet/yes/2da58b32_nohash_2.wav,yes
DataSet/yes/2da58b32_nohash_3.wav,yes
DataSet/yes/2da58b32_nohash_4.wav,yes
DataSet/yes/2dc4f05d_nohash_0.wav,yes
DataSet/yes/2dc4f05d_nohash_1.wav,yes
DataSet/yes/2dcb6848_nohash_0.wav,yes
DataSet/yes/2dce72b3_nohash_0.wav,yes
DataSet/yes/2dce72b3_nohash_1.wav,yes
DataSet/yes/2df590cd_nohash_0.wav,yes
DataSet/yes/2e0d80f7_nohash_0.wav,yes
DataSet/yes/2e30f9a5_nohash_0.wav,yes
DataSet/yes/2e75d37a_nohash_0.wav,yes
DataSet/yes/2e75d37a_nohash_1.wav,yes
DataSet/yes/2e75d37a_nohash_2.wav,yes
DataSet/yes/2e75d37a_nohash_3.wav,yes
DataSet/yes/2e75d37a_nohash_4.wav,yes
DataSet/yes/2e7fac30_nohash_0.wav,yes
DataSet/yes/2e8c59f7_nohash_0.wav,yes
DataSet/yes/2eff6fb9_nohash_0.wav,yes
DataSet/yes/2f0a410b_nohash_0.wav,yes
DataSet/yes/2f0a410b_nohash_1.wav,yes
DataSet/yes/2f0ce4d9_nohash_0.wav,yes
DataSet/yes/2f0ce4d9_nohash_1.wav,yes
DataSet/yes/2f0ce4d9_nohash_2.wav,yes
DataSet/yes/2f0ce4d9_nohash_3.wav,yes
DataSet/yes/2f0ce4d9_nohash_4.wav,yes
DataSet/yes/2f666bb2_nohash_0.wav,yes
DataSet/yes/2f813234_nohash_0.wav,yes
DataSet/yes/2fcb6397_nohash_0.wav,yes
DataSet/yes/2fcb6397_nohash_1.wav,yes
DataSet/yes/2fcb6397_nohash_2.wav,yes
DataSet/yes/2fcb6397_nohash_3.wav,yes
DataSet/yes/2fee065a_nohash_0.wav,yes
DataSet/yes/2fee065a_nohash_1.wav,yes
DataSet/yes/2fee065a_nohash_2.wav,yes
DataSet/yes/2fee065a_nohash_3.wav,yes
DataSet/yes/2fee065a_nohash_4.wav,yes
DataSet/yes/300384f0_nohash_0.wav,yes
DataSet/yes/30060aba_nohash_0.wav,yes
DataSet/yes/30060aba_nohash_1.wav,yes
DataSet/yes/30060aba_nohash_2.wav,yes
DataSet/yes/30060aba_nohash_3.wav,yes
DataSet/yes/30060aba_nohash_4.wav,yes
DataSet/yes/30065f33_nohash_0.wav,yes
DataSet/yes/3006c271_nohash_0.wav,yes
DataSet/yes/30137d34_nohash_0.wav,yes
DataSet/yes/30137d34_nohash_1.wav,yes
DataSet/yes/30137d34_nohash_2.wav,yes
DataSet/yes/30276d03_nohash_0.wav,yes
DataSet/yes/30276d03_nohash_1.wav,yes
DataSet/yes/30276d03_nohash_2.wav,yes
DataSet/yes/30276d03_nohash_3.wav,yes
DataSet/yes/30276d03_nohash_4.wav,yes
DataSet/yes/30802c5d_nohash_0.wav,yes
DataSet/yes/30a09789_nohash_0.wav,yes
DataSet/yes/30a09789_nohash_1.wav,yes
DataSet/yes/30f6e665_nohash_0.wav,yes
DataSet/yes/3102f006_nohash_0.wav,yes
DataSet/yes/3102f006_nohash_1.wav,yes
DataSet/yes/3102f006_nohash_2.wav,yes
DataSet/yes/3102f006_nohash_3.wav,yes
DataSet/yes/3102f006_nohash_4.wav,yes
DataSet/yes/3108acca_nohash_0.wav,yes
DataSet/yes/3108acca_nohash_1.wav,yes
DataSet/yes/3108acca_nohash_2.wav,yes
DataSet/yes/3108acca_nohash_3.wav,yes
DataSet/yes/311fde72_nohash_0.wav,yes
DataSet/yes/311fde72_nohash_1.wav,yes
DataSet/yes/31267b59_nohash_0.wav,yes
DataSet/yes/31601aad_nohash_0.wav,yes
DataSet/yes/31ac8b88_nohash_0.wav,yes
DataSet/yes/31d31fa0_nohash_0.wav,yes
DataSet/yes/31d68957_nohash_0.wav,yes
DataSet/yes/31db232b_nohash_0.wav,yes
DataSet/yes/31db232b_nohash_1.wav,yes
DataSet/yes/31e686d2_nohash_0.wav,yes
DataSet/yes/31e686d2_nohash_1.wav,yes
DataSet/yes/31f01a8d_nohash_0.wav,yes
DataSet/yes/31f01a8d_nohash_1.wav,yes
DataSet/yes/31f01a8d_nohash_2.wav,yes
DataSet/yes/31f01a8d_nohash_3.wav,yes
DataSet/yes/31f01a8d_nohash_4.wav,yes
DataSet/yes/31fd5cf5_nohash_0.wav,yes
DataSet/yes/31fd5cf5_nohash_1.wav,yes
DataSet/yes/3209ec42_nohash_0.wav,yes
DataSet/yes/3209ec42_nohash_1.wav,yes
DataSet/yes/321aba74_nohash_0.wav,yes
DataSet/yes/321aba74_nohash_1.wav,yes
DataSet/yes/321aba74_nohash_2.wav,yes
DataSet/yes/321aba74_nohash_3.wav,yes
DataSet/yes/321aba74_nohash_4.wav,yes
DataSet/yes/322d17d3_nohash_0.wav,yes
DataSet/yes/322d17d3_nohash_1.wav,yes
DataSet/yes/322d17d3_nohash_2.wav,yes
DataSet/yes/322d17d3_nohash_3.wav,yes
DataSet/yes/322d17d3_nohash_4.wav,yes
DataSet/yes/324210dd_nohash_0.wav,yes
DataSet/yes/324210dd_nohash_1.wav,yes
DataSet/yes/324210dd_nohash_2.wav,yes
DataSet/yes/324210dd_nohash_3.wav,yes
DataSet/yes/324210dd_nohash_4.wav,yes
DataSet/yes/324210dd_nohash_5.wav,yes
DataSet/yes/32561e9e_nohash_0.wav,yes
DataSet/yes/32561e9e_nohash_1.wav,yes
DataSet/yes/325a0c39_nohash_0.wav,yes
DataSet/yes/327289eb_nohash_0.wav,yes
DataSet/yes/3291330e_nohash_0.wav,yes
DataSet/yes/3291330e_nohash_1.wav,yes
DataSet/yes/3291330e_nohash_2.wav,yes
DataSet/yes/3291330e_nohash_3.wav,yes
DataSet/yes/3291330e_nohash_4.wav,yes
DataSet/yes/32ad5b65_nohash_0.wav,yes
DataSet/yes/32ad5b65_nohash_1.wav,yes
DataSet/yes/32ad5b65_nohash_2.wav,yes
DataSet/yes/32ad5b65_nohash_3.wav,yes
DataSet/yes/32ad5b65_nohash_4.wav,yes
DataSet/yes/33246bc2_nohash_0.wav,yes
DataSet/yes/332d33b1_nohash_0.wav,yes
DataSet/yes/332d33b1_nohash_1.wav,yes
DataSet/yes/332d33b1_nohash_2.wav,yes
DataSet/yes/332d33b1_nohash_3.wav,yes
DataSet/yes/333784b7_nohash_0.wav,yes
DataSet/yes/333784b7_nohash_1.wav,yes
DataSet/yes/333784b7_nohash_2.wav,yes
DataSet/yes/333784b7_nohash_3.wav,yes
DataSet/yes/333784b7_nohash_4.wav,yes
DataSet/yes/333d7ddb_nohash_0.wav,yes
DataSet/yes/333d7ddb_nohash_1.wav,yes
DataSet/yes/333d7ddb_nohash_2.wav,yes
DataSet/yes/3367cff6_nohash_0.wav,yes
DataSet/yes/3389305e_nohash_0.wav,yes
DataSet/yes/3389305e_nohash_1.wav,yes
DataSet/yes/3389305e_nohash_2.wav,yes
DataSet/yes/33903159_nohash_0.wav,yes
DataSet/yes/339f2c5c_nohash_0.wav,yes
DataSet/yes/339f2c5c_nohash_1.wav,yes
DataSet/yes/3402e488_nohash_0.wav,yes
DataSet/yes/3402e488_nohash_1.wav,yes
DataSet/yes/340c8b10_nohash_0.wav,yes
DataSet/yes/34263ab3_nohash_0.wav,yes
DataSet/yes/34263ab3_nohash_1.wav,yes
DataSet/yes/34805883_nohash_0.wav,yes
DataSet/yes/34d5aa5a_nohash_0.wav,yes
DataSet/yes/34d5aa5a_nohash_1.wav,yes
DataSet/yes/352ffbe3_nohash_0.wav,yes
DataSet/yes/353b4d33_nohash_0.wav,yes
DataSet/yes/3565ca83_nohash_0.wav,yes
DataSet/yes/3589bc72_nohash_0.wav,yes
DataSet/yes/3589bc72_nohash_1.wav,yes
DataSet/yes/3589bc72_nohash_2.wav,yes
DataSet/yes/3589bc72_nohash_3.wav,yes
DataSet/yes/35c29afe_nohash_0.wav,yes
DataSet/yes/35d1b6ee_nohash_0.wav,yes
DataSet/yes/35d1b6ee_nohash_1.wav,yes
DataSet/yes/35d1b6ee_nohash_2.wav,yes
DataSet/yes/35d1b6ee_nohash_3.wav,yes
DataSet/yes/35d1b6ee_nohash_4.wav,yes
DataSet/yes/36050ef3_nohash_0.wav,yes
DataSet/yes/36050ef3_nohash_1.wav,yes
DataSet/yes/36050ef3_nohash_2.wav,yes
DataSet/yes/36050ef3_nohash_3.wav,yes
DataSet/yes/363c6bad_nohash_0.wav,yes
DataSet/yes/363c6bad_nohash_1.wav,yes
DataSet/yes/363c6bad_nohash_2.wav,yes
DataSet/yes/363c6bad_nohash_3.wav,yes
DataSet/yes/363c6bad_nohash_4.wav,yes
DataSet/yes/363c6bad_nohash_5.wav,yes
DataSet/yes/364c0853_nohash_0.wav,yes
DataSet/yes/365531e2_nohash_0.wav,yes
DataSet/yes/365531e2_nohash_1.wav,yes
DataSet/yes/365908bd_nohash_0.wav,yes
DataSet/yes/365908bd_nohash_1.wav,yes
DataSet/yes/365908bd_nohash_2.wav,yes
DataSet/yes/365908bd_nohash_3.wav,yes
DataSet/yes/365908bd_nohash_4.wav,yes
DataSet/yes/368bedd4_nohash_0.wav,yes
DataSet/yes/36de13e1_nohash_0.wav,yes
DataSet/yes/36de13e1_nohash_1.wav,yes
DataSet/yes/370844f7_nohash_0.wav,yes
DataSet/yes/370844f7_nohash_1.wav,yes
DataSet/yes/377e916b_nohash_0.wav,yes
DataSet/yes/37a3cd33_nohash_0.wav,yes
DataSet/yes/37d38e44_nohash_0.wav,yes
DataSet/yes/37dca74f_nohash_0.wav,yes
DataSet/yes/37dca74f_nohash_1.wav,yes
DataSet/yes/37dca74f_nohash_2.wav,yes
DataSet/yes/37dca74f_nohash_3.wav,yes
DataSet/yes/37dca74f_nohash_4.wav,yes
DataSet/yes/380abbad_nohash_0.wav,yes
DataSet/yes/3847619e_nohash_0.wav,yes
DataSet/yes/3847619e_nohash_1.wav,yes
DataSet/yes/38d78313_nohash_0.wav,yes
DataSet/yes/38d78313_nohash_1.wav,yes
DataSet/yes/38d78313_nohash_2.wav,yes
DataSet/yes/38d78313_nohash_3.wav,yes
DataSet/yes/3903b558_nohash_0.wav,yes
DataSet/yes/39543cfd_nohash_0.wav,yes
DataSet/yes/39833acb_nohash_0.wav,yes
DataSet/yes/39833acb_nohash_1.wav,yes
DataSet/yes/39833acb_nohash_2.wav,yes
DataSet/yes/39833acb_nohash_3.wav,yes
DataSet/yes/39833acb_nohash_4.wav,yes
DataSet/yes/39999a0f_nohash_0.wav,yes
DataSet/yes/39a12648_nohash_0.wav,yes
DataSet/yes/39a12648_nohash_1.wav,yes
DataSet/yes/39a12648_nohash_2.wav,yes
DataSet/yes/39a12648_nohash_3.wav,yes
DataSet/yes/39a45230_nohash_0.wav,yes
DataSet/yes/39a45230_nohash_1.wav,yes
DataSet/yes/39a6b995_nohash_0.wav,yes
DataSet/yes/39afb88e_nohash_0.wav,yes
DataSet/yes/39ec87ac_nohash_0.wav,yes
DataSet/yes/3a182c98_nohash_0.wav,yes
DataSet/yes/3a182c98_nohash_1.wav,yes
DataSet/yes/3a3ee7ed_nohash_0.wav,yes
DataSet/yes/3a3ee7ed_nohash_1.wav,yes
DataSet/yes/3a3ee7ed_nohash_2.wav,yes
DataSet/yes/3a3ee7ed_nohash_3.wav,yes
DataSet/yes/3a3ee7ed_nohash_4.wav,yes
DataSet/yes/3a69f765_nohash_0.wav,yes
DataSet/yes/3a69f765_nohash_1.wav,yes
DataSet/yes/3a69f765_nohash_2.wav,yes
DataSet/yes/3a69f765_nohash_3.wav,yes
DataSet/yes/3a69f765_nohash_4.wav,yes
DataSet/yes/3a7d8872_nohash_0.wav,yes
DataSet/yes/3a929277_nohash_0.wav,yes
DataSet/yes/3a929277_nohash_1.wav,yes
DataSet/yes/3a929277_nohash_2.wav,yes
DataSet/yes/3a929277_nohash_3.wav,yes
DataSet/yes/3a929277_nohash_4.wav,yes
DataSet/yes/3aa6f4e2_nohash_0.wav,yes
DataSet/yes/3ab9ba07_nohash_0.wav,yes
DataSet/yes/3ab9ba07_nohash_1.wav,yes
DataSet/yes/3ab9ba07_nohash_2.wav,yes
DataSet/yes/3ae5c04f_nohash_0.wav,yes
DataSet/yes/3ae5c04f_nohash_1.wav,yes
DataSet/yes/3b195250_nohash_0.wav,yes
DataSet/yes/3b195250_nohash_1.wav,yes
DataSet/yes/3b195250_nohash_2.wav,yes
DataSet/yes/3b195250_nohash_3.wav,yes
DataSet/yes/3b3d2f59_nohash_0.wav,yes
DataSet/yes/3b3d2f59_nohash_1.wav,yes
DataSet/yes/3b3d2f59_nohash_2.wav,yes
DataSet/yes/3b3d2f59_nohash_3.wav,yes
DataSet/yes/3b3d2f59_nohash_4.wav,yes
DataSet/yes/3b3d2f59_nohash_5.wav,yes
DataSet/yes/3b4f8f24_nohash_0.wav,yes
DataSet/yes/3b4f8f24_nohash_1.wav,yes
DataSet/yes/3b4f8f24_nohash_2.wav,yes
DataSet/yes/3b4f8f24_nohash_3.wav,yes
DataSet/yes/3b8406c0_nohash_0.wav,yes
DataSet/yes/3b8406c0_nohash_1.wav,yes
DataSet/yes/3b8406c0_nohash_2.wav,yes
DataSet/yes/3bb68054_nohash_0.wav,yes
DataSet/yes/3bb68054_nohash_1.wav,yes
DataSet/yes/3bb68054_nohash_2.wav,yes
DataSet/yes/3bb68054_nohash_3.wav,yes
DataSet/yes/3bc21161_nohash_0.wav,yes
DataSet/yes/3bc21161_nohash_1.wav,yes
DataSet/yes/3bc21161_nohash_2.wav,yes
DataSet/yes/3bc21161_nohash_3.wav,yes
DataSet/yes/3bfd30e6_nohash_0.wav,yes
DataSet/yes/3bfd30e6_nohash_1.wav,yes
DataSet/yes/3bfd30e6_nohash_2.wav,yes
DataSet/yes/3bfd30e6_nohash_3.wav,yes
DataSet/yes/3bfd30e6_nohash_4.wav,yes
DataSet/yes/3c1e12cf_nohash_0.wav,yes
DataSet/yes/3c1e12cf_nohash_1.wav,yes
DataSet/yes/3c257192_nohash_0.wav,yes
DataSet/yes/3c257192_nohash_1.wav,yes
DataSet/yes/3c257192_nohash_2.wav,yes
DataSet/yes/3c257192_nohash_3.wav,yes
DataSet/yes/3c257192_nohash_4.wav,yes
DataSet/yes/3c4aa5ef_nohash_0.wav,yes
DataSet/yes/3c4aa5ef_nohash_1.wav,yes
DataSet/yes/3c4aa5ef_nohash_2.wav,yes
DataSet/yes/3c4aa5ef_nohash_3.wav,yes
DataSet/yes/3c4aa5ef_nohash_4.wav,yes
DataSet/yes/3c8836dc_nohash_0.wav,yes
DataSet/yes/3c8dc702_nohash_0.wav,yes
DataSet/yes/3ca784ec_nohash_0.wav,yes
DataSet/yes/3cc595de_nohash_0.wav,yes
DataSet/yes/3cc595de_nohash_1.wav,yes
DataSet/yes/3cc595de_nohash_2.wav,yes
DataSet/yes/3cc595de_nohash_3.wav,yes
DataSet/yes/3cc595de_nohash_4.wav,yes
DataSet/yes/3cdecb0b_nohash_0.wav,yes
DataSet/yes/3cdecb0b_nohash_1.wav,yes
DataSet/yes/3ce4910e_nohash_0.wav,yes
DataSet/yes/3ce4910e_nohash_1.wav,yes
DataSet/yes/3ce4910e_nohash_2.wav,yes
DataSet/yes/3ce4910e_nohash_3.wav,yes
DataSet/yes/3ce4910e_nohash_4.wav,yes
DataSet/yes/3cfc6b3a_nohash_0.wav,yes
DataSet/yes/3d3ddaf8_nohash_0.wav,yes
DataSet/yes/3d53244b_nohash_0.wav,yes
DataSet/yes/3d53244b_nohash_1.wav,yes
DataSet/yes/3d53244b_nohash_2.wav,yes
DataSet/yes/3d794813_nohash_0.wav,yes
DataSet/yes/3d794813_nohash_1.wav,yes
DataSet/yes/3d794813_nohash_2.wav,yes
DataSet/yes/3d794813_nohash_3.wav,yes
DataSet/yes/3d794813_nohash_4.wav,yes
DataSet/yes/3d86b69a_nohash_0.wav,yes
DataSet/yes/3d86b69a_nohash_1.wav,yes
DataSet/yes/3d86b69a_nohash_2.wav,yes
DataSet/yes/3d86b69a_nohash_3.wav,yes
DataSet/yes/3d9bbe2d_nohash_0.wav,yes
DataSet/yes/3d9bbe2d_nohash_1.wav,yes
DataSet/yes/3d9bbe2d_nohash_2.wav,yes
DataSet/yes/3d9bbe2d_nohash_3.wav,yes
DataSet/yes/3de53d23_nohash_0.wav,yes
DataSet/yes/3df9a3d4_nohash_0.wav,yes
DataSet/yes/3df9a3d4_nohash_1.wav,yes
DataSet/yes/3e31dffe_nohash_0.wav,yes
DataSet/yes/3e31dffe_nohash_1.wav,yes
DataSet/yes/3e31dffe_nohash_2.wav,yes
DataSet/yes/3e31dffe_nohash_3.wav,yes
DataSet/yes/3e3fa7fd_nohash_0.wav,yes
DataSet/yes/3e3fa7fd_nohash_1.wav,yes
DataSet/yes/3e549219_nohash_0.wav,yes
DataSet/yes/3e549219_nohash_1.wav,yes
DataSet/yes/3ee0fc39_nohash_0.wav,yes
DataSet/yes/3ee0fc39_nohash_1.wav,yes
DataSet/yes/3ee0fc39_nohash_2.wav,yes
DataSet/yes/3efa7ec4_nohash_0.wav,yes
DataSet/yes/3f170018_nohash_0.wav,yes
DataSet/yes/3f45a0cf_nohash_0.wav,yes
DataSet/yes/3f45a0cf_nohash_1.wav,yes
DataSet/yes/3f45a0cf_nohash_2.wav,yes
DataSet/yes/3f45a0cf_nohash_3.wav,yes
DataSet/yes/3fb8c268_nohash_0.wav,yes
DataSet/yes/3fdafe25_nohash_0.wav,yes
DataSet/yes/3ffa3457_nohash_0.wav,yes
DataSet/yes/40115b19_nohash_0.wav,yes
DataSet/yes/40115b19_nohash_1.wav,yes
DataSet/yes/402e2977_nohash_0.wav,yes
DataSet/yes/402e2977_nohash_1.wav,yes
DataSet/yes/40738a2d_nohash_0.wav,yes
DataSet/yes/40738a2d_nohash_1.wav,yes
DataSet/yes/40738a2d_nohash_2.wav,yes
DataSet/yes/40738a2d_nohash_3.wav,yes
DataSet/yes/40738a2d_nohash_4.wav,yes
DataSet/yes/408de0a4_nohash_0.wav,yes
DataSet/yes/409c962a_nohash_0.wav,yes
DataSet/yes/41285056_nohash_0.wav,yes
DataSet/yes/41285056_nohash_1.wav,yes
DataSet/yes/41285056_nohash_2.wav,yes
DataSet/yes/41285056_nohash_3.wav,yes
DataSet/yes/41285056_nohash_4.wav,yes
DataSet/yes/413997c1_nohash_0.wav,yes
DataSet/yes/413997c1_nohash_1.wav,yes
DataSet/yes/413bcfe1_nohash_0.wav,yes
DataSet/yes/41474817_nohash_0.wav,yes
DataSet/yes/41474817_nohash_1.wav,yes
DataSet/yes/41777abb_nohash_0.wav,yes
DataSet/yes/41dce6f5_nohash_0.wav,yes
DataSet/yes/421ed23f_nohash_0.wav,yes
DataSet/yes/421ed23f_nohash_1.wav,yes
DataSet/yes/422d3197_nohash_0.wav,yes
DataSet/yes/422f8cf1_nohash_0.wav,yes
DataSet/yes/4249c833_nohash_0.wav,yes
DataSet/yes/4249c833_nohash_1.wav,yes
DataSet/yes/4290ca61_nohash_0.wav,yes
DataSet/yes/4290ca61_nohash_1.wav,yes
DataSet/yes/42a99aec_nohash_0.wav,yes
DataSet/yes/42a99aec_nohash_1.wav,yes
DataSet/yes/42a99aec_nohash_2.wav,yes
DataSet/yes/42a99aec_nohash_3.wav,yes
DataSet/yes/42a99aec_nohash_4.wav,yes
DataSet/yes/42beb5eb_nohash_0.wav,yes
DataSet/yes/42beb5eb_nohash_1.wav,yes
DataSet/yes/42ccb57a_nohash_0.wav,yes
DataSet/yes/42e3f068_nohash_0.wav,yes
DataSet/yes/42f81601_nohash_0.wav,yes
DataSet/yes/42f81601_nohash_1.wav,yes
DataSet/yes/42f81601_nohash_2.wav,yes
DataSet/yes/42f81601_nohash_3.wav,yes
DataSet/yes/4340d369_nohash_0.wav,yes
DataSet/yes/434a267c_nohash_0.wav,yes
DataSet/yes/435695e3_nohash_0.wav,yes
DataSet/yes/435695e3_nohash_1.wav,yes
DataSet/yes/435695e3_nohash_2.wav,yes
DataSet/yes/435695e3_nohash_3.wav,yes
DataSet/yes/435f9f9e_nohash_0.wav,yes
DataSet/yes/43691f67_nohash_0.wav,yes
DataSet/yes/43691f67_nohash_1.wav,yes
DataSet/yes/43691f67_nohash_2.wav,yes
DataSet/yes/43691f67_nohash_3.wav,yes
DataSet/yes/439c84f4_nohash_0.wav,yes
DataSet/yes/439c84f4_nohash_1.wav,yes
DataSet/yes/439c84f4_nohash_2.wav,yes
DataSet/yes/439c84f4_nohash_3.wav,yes
DataSet/yes/439c84f4_nohash_4.wav,yes
DataSet/yes/43fc47a7_nohash_0.wav,yes
DataSet/yes/43fc47a7_nohash_1.wav,yes
DataSet/yes/446a3161_nohash_0.wav,yes
DataSet/yes/44715c1c_nohash_0.wav,yes
DataSet/yes/44bc77f7_nohash_0.wav,yes
DataSet/yes/44bc77f7_nohash_1.wav,yes
DataSet/yes/44c201dd_nohash_0.wav,yes
DataSet/yes/44dad20e_nohash_0.wav,yes
DataSet/yes/44e9d8d2_nohash_0.wav,yes
DataSet/yes/44f68a83_nohash_0.wav,yes
DataSet/yes/44f68a83_nohash_1.wav,yes
DataSet/yes/45692b02_nohash_0.wav,yes
DataSet/yes/45692b02_nohash_1.wav,yes
DataSet/yes/45692b02_nohash_2.wav,yes
DataSet/yes/45692b02_nohash_3.wav,yes
DataSet/yes/45692b02_nohash_4.wav,yes
DataSet/yes/459345ea_nohash_0.wav,yes
DataSet/yes/459345ea_nohash_1.wav,yes
DataSet/yes/460209ac_nohash_0.wav,yes
DataSet/yes/460209ac_nohash_1.wav,yes
DataSet/yes/460209ac_nohash_2.wav,yes
DataSet/yes/460209ac_nohash_3.wav,yes
DataSet/yes/460f2bad_nohash_0.wav,yes
DataSet/yes/4620dc14_nohash_0.wav,yes
DataSet/yes/462dca36_nohash_0.wav,yes
DataSet/yes/462e1919_nohash_0.wav,yes
DataSet/yes/462e1919_nohash_1.wav,yes
DataSet/yes/462e1919_nohash_2.wav,yes
DataSet/yes/4634529e_nohash_0.wav,yes
DataSet/yes/4634529e_nohash_1.wav,yes
DataSet/yes/4634529e_nohash_2.wav,yes
DataSet/yes/4649256f_nohash_0.wav,yes
DataSet/yes/46a153d8_nohash_0.wav,yes
DataSet/yes/46a153d8_nohash_1.wav,yes
DataSet/yes/46a153d8_nohash_2.wav,yes
DataSet/yes/46a153d8_nohash_3.wav,yes
DataSet/yes/46a153d8_nohash_4.wav,yes
DataSet/yes/471a0925_nohash_0.wav,yes
DataSet/yes/471a0925_nohash_1.wav,yes
DataSet/yes/471a0925_nohash_2.wav,yes
DataSet/yes/471a0925_nohash_3.wav,yes
DataSet/yes/471a0925_nohash_4.wav,yes
DataSet/yes/472b8045_nohash_0.wav,yes
DataSet/yes/472b8045_nohash_1.wav,yes
DataSet/yes/472b8045_nohash_2.wav,yes
DataSet/yes/472b8045_nohash_3.wav,yes
DataSet/yes/472b8045_nohash_4.wav,yes
DataSet/yes/47565088_nohash_0.wav,yes
DataSet/yes/475b61f1_nohash_0.wav,yes
DataSet/yes/47d01978_nohash_0.wav,yes
DataSet/yes/483e2a6f_nohash_0.wav,yes
DataSet/yes/483e2a6f_nohash_1.wav,yes
DataSet/yes/4845bb10_nohash_0.wav,yes
DataSet/yes/4845bb10_nohash_1.wav,yes
DataSet/yes/48a8a69d_nohash_0.wav,yes
DataSet/yes/48a8a69d_nohash_1.wav,yes
DataSet/yes/48a9f771_nohash_0.wav,yes
DataSet/yes/48bdc11c_nohash_0.wav,yes
DataSet/yes/48bfde8e_nohash_0.wav,yes
DataSet/yes/48bfde8e_nohash_1.wav,yes
DataSet/yes/493392c6_nohash_0.wav,yes
DataSet/yes/493392c6_nohash_1.wav,yes
DataSet/yes/4954abe8_nohash_0.wav,yes
DataSet/yes/4954abe8_nohash_1.wav,yes
DataSet/yes/4995d875_nohash_0.wav,yes
DataSet/yes/4995d875_nohash_1.wav,yes
DataSet/yes/4995d875_nohash_2.wav,yes
DataSet/yes/4995d875_nohash_3.wav,yes
DataSet/yes/499be02e_nohash_0.wav,yes
DataSet/yes/499be02e_nohash_1.wav,yes
DataSet/yes/499be02e_nohash_2.wav,yes
DataSet/yes/499be02e_nohash_3.wav,yes
DataSet/yes/499be02e_nohash_4.wav,yes
DataSet/yes/4a0e2c16_nohash_0.wav,yes
DataSet/yes/4a1e736b_nohash_0.wav,yes
DataSet/yes/4a1e736b_nohash_1.wav,yes
DataSet/yes/4a1e736b_nohash_2.wav,yes
DataSet/yes/4a1e736b_nohash_3.wav,yes
DataSet/yes/4a1e736b_nohash_4.wav,yes
DataSet/yes/4a4e28f1_nohash_0.wav,yes
DataSet/yes/4abb2400_nohash_0.wav,yes
DataSet/yes/4abefdf5_nohash_0.wav,yes
DataSet/yes/4b25f620_nohash_0.wav,yes
DataSet/yes/4b25f620_nohash_1.wav,yes
DataSet/yes/4b25f620_nohash_2.wav,yes
DataSet/yes/4b3a7ad5_nohash_0.wav,yes
DataSet/yes/4b3a7ad5_nohash_1.wav,yes
DataSet/yes/4bb1244f_nohash_0.wav,yes
DataSet/yes/4bc2c2c5_nohash_0.wav,yes
DataSet/yes/4bc2c2c5_nohash_1.wav,yes
DataSet/yes/4bc2c2c5_nohash_2.wav,yes
DataSet/yes/4bc2c2c5_nohash_3.wav,yes
DataSet/yes/4bc2c2c5_nohash_4.wav,yes
DataSet/yes/4beff0c5_nohash_0.wav,yes
DataSet/yes/4beff0c5_nohash_1.wav,yes
DataSet/yes/4beff0c5_nohash_2.wav,yes
DataSet/yes/4c13fe25_nohash_0.wav,yes
DataSet/yes/4c3cddb8_nohash_0.wav,yes
DataSet/yes/4c3cddb8_nohash_1.wav,yes
DataSet/yes/4c3cddb8_nohash_2.wav,yes
DataSet/yes/4c3cddb8_nohash_3.wav,yes
DataSet/yes/4c3cddb8_nohash_4.wav,yes
DataSet/yes/4c594e0f_nohash_0.wav,yes
DataSet/yes/4c6167ca_nohash_0.wav,yes
DataSet/yes/4c6167ca_nohash_1.wav,yes
DataSet/yes/4c6167ca_nohash_2.wav,yes
DataSet/yes/4c6167ca_nohash_3.wav,yes
DataSet/yes/4c6167ca_nohash_4.wav,yes
DataSet/yes/4c6167ca_nohash_5.wav,yes
DataSet/yes/4c6167ca_nohash_6.wav,yes
DataSet/yes/4c6167ca_nohash_7.wav,yes
DataSet/yes/4c6167ca_nohash_8.wav,yes
DataSet/yes/4c62312c_nohash_0.wav,yes
DataSet/yes/4c6944d6_nohash_0.wav,yes
DataSet/yes/4c6944d6_nohash_1.wav,yes
DataSet/yes/4c6944d6_nohash_2.wav,yes
DataSet/yes/4c6944d6_nohash_3.wav,yes
DataSet/yes/4c6944d6_nohash_4.wav,yes
DataSet/yes/4c6944d6_nohash_5.wav,yes
DataSet/yes/4c6944d6_nohash_6.wav,yes
DataSet/yes/4ca37738_nohash_0.wav,yes
DataSet/yes/4cee0c60_nohash_0.wav,yes
DataSet/yes/4cee0c60_nohash_1.wav,yes
DataSet/yes/4cee0c60_nohash_2.wav,yes
DataSet/yes/4cee0c60_nohash_3.wav,yes
DataSet/yes/4cee0c60_nohash_4.wav,yes
DataSet/yes/4d0d9906_nohash_0.wav,yes
DataSet/yes/4d4e17f5_nohash_0.wav,yes
DataSet/yes/4d9e07cf_nohash_0.wav,yes
DataSet/yes/4def68db_nohash_0.wav,yes
DataSet/yes/4def68db_nohash_1.wav,yes
DataSet/yes/4e02d62d_nohash_0.wav,yes
DataSet/yes/4e02d62d_nohash_1.wav,yes
DataSet/yes/4e02d62d_nohash_2.wav,yes
DataSet/yes/4e6902d0_nohash_0.wav,yes
DataSet/yes/4e6902d0_nohash_1.wav,yes
DataSet/yes/4e6902d0_nohash_2.wav,yes
DataSet/yes/4e6902d0_nohash_3.wav,yes
DataSet/yes/4e6902d0_nohash_4.wav,yes
DataSet/yes/4e8c5516_nohash_0.wav,yes
DataSet/yes/4e8c5516_nohash_1.wav,yes
DataSet/yes/4e99c1b7_nohash_0.wav,yes
DataSet/yes/4e99c1b7_nohash_1.wav,yes
DataSet/yes/4e99c1b7_nohash_2.wav,yes
DataSet/yes/4e99c1b7_nohash_3.wav,yes
DataSet/yes/4ec7d027_nohash_0.wav,yes
DataSet/yes/4f086393_nohash_0.wav,yes
DataSet/yes/4f256313_nohash_0.wav,yes
DataSet/yes/4f256313_nohash_1.wav,yes
DataSet/yes/4f2ab70c_nohash_0.wav,yes
DataSet/yes/4f2be90f_nohash_0.wav,yes
DataSet/yes/4f8ef132_nohash_0.wav,yes
DataSet/yes/4fce7686_nohash_0.wav,yes
DataSet/yes/4fd1443e_nohash_0.wav,yes
DataSet/yes/4fd1443e_nohash_1.wav,yes
DataSet/yes/4fd1443e_nohash_2.wav,yes
DataSet/yes/4fd1443e_nohash_3.wav,yes
DataSet/yes/4fd1443e_nohash_4.wav,yes
DataSet/yes/508e30ee_nohash_0.wav,yes
DataSet/yes/508e30ee_nohash_1.wav,yes
DataSet/yes/508e30ee_nohash_2.wav,yes
DataSet/yes/508e30ee_nohash_3.wav,yes
DataSet/yes/508e30ee_nohash_4.wav,yes
DataSet/yes/508e30ee_nohash_5.wav,yes
DataSet/yes/508e30ee_nohash_6.wav,yes
DataSet/yes/50928b05_nohash_0.wav,yes
DataSet/yes/50d1c8e3_nohash_0.wav,yes
DataSet/yes/50ed8a7b_nohash_0.wav,yes
DataSet/yes/50ed8a7b_nohash_1.wav,yes
DataSet/yes/50ed8a7b_nohash_2.wav,yes
DataSet/yes/50f55535_nohash_0.wav,yes
DataSet/yes/50f55535_nohash_1.wav,yes
DataSet/yes/5104f2f4_nohash_0.wav,yes
DataSet/yes/51055bda_nohash_0.wav,yes
DataSet/yes/51055bda_nohash_1.wav,yes
DataSet/yes/51055bda_nohash_2.wav,yes
DataSet/yes/51055bda_nohash_3.wav,yes
DataSet/yes/51055bda_nohash_4.wav,yes
DataSet/yes/513aeddf_nohash_0.wav,yes
DataSet/yes/513aeddf_nohash_1.wav,yes
DataSet/yes/513aeddf_nohash_2.wav,yes
DataSet/yes/513aeddf_nohash_3.wav,yes
DataSet/yes/5165cf0a_nohash_0.wav,yes
DataSet/yes/5165cf0a_nohash_1.wav,yes
DataSet/yes/5170b77f_nohash_0.wav,yes
DataSet/yes/5170b77f_nohash_1.wav,yes
DataSet/yes/5170b77f_nohash_2.wav,yes
DataSet/yes/5170b77f_nohash_3.wav,yes
DataSet/yes/5170b77f_nohash_4.wav,yes
DataSet/yes/5184ed3e_nohash_0.wav,yes
DataSet/yes/5184ed3e_nohash_1.wav,yes
DataSet/yes/518588b6_nohash_0.wav,yes
DataSet/yes/5188de0d_nohash_0.wav,yes
DataSet/yes/5188de0d_nohash_1.wav,yes
DataSet/yes/5195f0ec_nohash_0.wav,yes
DataSet/yes/51995cea_nohash_0.wav,yes
DataSet/yes/51995cea_nohash_1.wav,yes
DataSet/yes/51c5601d_nohash_0.wav,yes
DataSet/yes/51c5601d_nohash_1.wav,yes
DataSet/yes/51c5601d_nohash_2.wav,yes
DataSet/yes/51c5601d_nohash_3.wav,yes
DataSet/yes/51c5601d_nohash_4.wav,yes
DataSet/yes/51f7a034_nohash_0.wav,yes
DataSet/yes/51f7a034_nohash_1.wav,yes
DataSet/yes/51f7a034_nohash_2.wav,yes
DataSet/yes/51f7a034_nohash_3.wav,yes
DataSet/yes/51f7a034_nohash_4.wav,yes
DataSet/yes/520e8c0e_nohash_0.wav,yes
DataSet/yes/52162b51_nohash_0.wav,yes
DataSet/yes/52162b51_nohash_1.wav,yes
DataSet/yes/52162b51_nohash_2.wav,yes
DataSet/yes/52162b51_nohash_3.wav,yes
DataSet/yes/52162b51_nohash_4.wav,yes
DataSet/yes/525eaa62_nohash_0.wav,yes
DataSet/yes/525eaa62_nohash_1.wav,yes
DataSet/yes/525eaa62_nohash_2.wav,yes
DataSet/yes/525eaa62_nohash_3.wav,yes
DataSet/yes/525eaa62_nohash_4.wav,yes
DataSet/yes/528f9242_nohash_0.wav,yes
DataSet/yes/528f9242_nohash_1.wav,yes
DataSet/yes/52bfbce8_nohash_0.wav,yes
DataSet/yes/52bfbce8_nohash_1.wav,yes
DataSet/yes/52e228e9_nohash_0.wav,yes
DataSet/yes/530306f5_nohash_0.wav,yes
DataSet/yes/530306f5_nohash_1.wav,yes
DataSet/yes/530306f5_nohash_2.wav,yes
DataSet/yes/53578f4e_nohash_0.wav,yes
DataSet/yes/53578f4e_nohash_1.wav,yes
DataSet/yes/53d5b86f_nohash_0.wav,yes
DataSet/yes/53d5b86f_nohash_1.wav,yes
DataSet/yes/541120c7_nohash_0.wav,yes
DataSet/yes/542f38a2_nohash_0.wav,yes
DataSet/yes/54ad8f22_nohash_0.wav,yes
DataSet/yes/54ad8f22_nohash_1.wav,yes
DataSet/yes/54ad8f22_nohash_2.wav,yes
DataSet/yes/54ad8f22_nohash_3.wav,yes
DataSet/yes/54ad8f22_nohash_4.wav,yes
DataSet/yes/54aecbd5_nohash_0.wav,yes
DataSet/yes/54aecbd5_nohash_1.wav,yes
DataSet/yes/54aecbd5_nohash_2.wav,yes
DataSet/yes/54aecbd5_nohash_3.wav,yes
DataSet/yes/54aecbd5_nohash_4.wav,yes
DataSet/yes/54b6d355_nohash_0.wav,yes
DataSet/yes/54b6d355_nohash_1.wav,yes
DataSet/yes/54b6d355_nohash_2.wav,yes
DataSet/yes/54d9ccb5_nohash_0.wav,yes
DataSet/yes/54d9ccb5_nohash_1.wav,yes
DataSet/yes/54d9ccb5_nohash_2.wav,yes
DataSet/yes/553f1a79_nohash_0.wav,yes
DataSet/yes/553f1a79_nohash_1.wav,yes
DataSet/yes/55463c16_nohash_0.wav,yes
DataSet/yes/5588c7e6_nohash_0.wav,yes
DataSet/yes/559bc36a_nohash_0.wav,yes
DataSet/yes/559bc36a_nohash_1.wav,yes
DataSet/yes/559bc36a_nohash_2.wav,yes
DataSet/yes/559bc36a_nohash_3.wav,yes
DataSet/yes/55d3725a_nohash_0.wav,yes
DataSet/yes/55d3725a_nohash_1.wav,yes
DataSet/yes/55feffd5_nohash_0.wav,yes
DataSet/yes/563aa4e6_nohash_0.wav,yes
DataSet/yes/563aa4e6_nohash_1.wav,yes
DataSet/yes/563aa4e6_nohash_2.wav,yes
DataSet/yes/563aa4e6_nohash_3.wav,yes
DataSet/yes/563aa4e6_nohash_4.wav,yes
DataSet/yes/5677ec77_nohash_0.wav,yes
DataSet/yes/56abe7dc_nohash_0.wav,yes
DataSet/yes/56abe7dc_nohash_1.wav,yes
DataSet/yes/56abe7dc_nohash_2.wav,yes
DataSet/yes/56cd307a_nohash_0.wav,yes
DataSet/yes/56cd307a_nohash_1.wav,yes
DataSet/yes/56eb74ae_nohash_0.wav,yes
DataSet/yes/56eb74ae_nohash_1.wav,yes
DataSet/yes/56eb74ae_nohash_2.wav,yes
DataSet/yes/56eb74ae_nohash_3.wav,yes
DataSet/yes/56eb74ae_nohash_4.wav,yes
DataSet/yes/56f78b7e_nohash_0.wav,yes
DataSet/yes/56f8a100_nohash_0.wav,yes
DataSet/yes/5705a0f9_nohash_0.wav,yes
DataSet/yes/5705a0f9_nohash_1.wav,yes
DataSet/yes/57152045_nohash_0.wav,yes
DataSet/yes/57152045_nohash_1.wav,yes
DataSet/yes/57152045_nohash_2.wav,yes
DataSet/yes/57152045_nohash_3.wav,yes
DataSet/yes/57152045_nohash_4.wav,yes
DataSet/yes/57152045_nohash_5.wav,yes
DataSet/yes/57376a4c_nohash_0.wav,yes
DataSet/yes/573cdb8a_nohash_0.wav,yes
DataSet/yes/5769c5ab_nohash_0.wav,yes
DataSet/yes/5769c5ab_nohash_1.wav,yes
DataSet/yes/5769c5ab_nohash_2.wav,yes
DataSet/yes/5769c5ab_nohash_3.wav,yes
DataSet/yes/5769c5ab_nohash_4.wav,yes
DataSet/yes/578d3efb_nohash_0.wav,yes
DataSet/yes/578d3efb_nohash_1.wav,yes
DataSet/yes/578d3efb_nohash_2.wav,yes
DataSet/yes/578d3efb_nohash_3.wav,yes
DataSet/yes/578d3efb_nohash_4.wav,yes
DataSet/yes/57b38f48_nohash_0.wav,yes
DataSet/yes/57cb3575_nohash_0.wav,yes
DataSet/yes/57cb3575_nohash_1.wav,yes
DataSet/yes/57de2379_nohash_0.wav,yes
DataSet/yes/5828dfa2_nohash_0.wav,yes
DataSet/yes/587f3271_nohash_0.wav,yes
DataSet/yes/589bce2c_nohash_0.wav,yes
DataSet/yes/589bce2c_nohash_1.wav,yes
DataSet/yes/58df33b5_nohash_0.wav,yes
DataSet/yes/58df33b5_nohash_1.wav,yes
DataSet/yes/59b98a22_nohash_0.wav,yes
DataSet/yes/59b98a22_nohash_1.wav,yes
DataSet/yes/59c3a7f2_nohash_0.wav,yes
DataSet/yes/5a3712c9_nohash_0.wav,yes
DataSet/yes/5a5721f8_nohash_0.wav,yes
DataSet/yes/5a5721f8_nohash_1.wav,yes
DataSet/yes/5a5721f8_nohash_2.wav,yes
DataSet/yes/5a5721f8_nohash_3.wav,yes
DataSet/yes/5a98d407_nohash_0.wav,yes
DataSet/yes/5a98d407_nohash_1.wav,yes
DataSet/yes/5a98d407_nohash_2.wav,yes
DataSet/yes/5a98d407_nohash_3.wav,yes
DataSet/yes/5ab63b0a_nohash_0.wav,yes
DataSet/yes/5af0ca83_nohash_0.wav,yes
DataSet/yes/5b09db89_nohash_0.wav,yes
DataSet/yes/5b09db89_nohash_1.wav,yes
DataSet/yes/5b09db89_nohash_2.wav,yes
DataSet/yes/5b09db89_nohash_3.wav,yes
DataSet/yes/5b1db3ee_nohash_0.wav,yes
DataSet/yes/5b26c81b_nohash_0.wav,yes
DataSet/yes/5b32733e_nohash_0.wav,yes
DataSet/yes/5c237956_nohash_0.wav,yes
DataSet/yes/5c39594f_nohash_0.wav,yes
DataSet/yes/5c39594f_nohash_1.wav,yes
DataSet/yes/5c39594f_nohash_2.wav,yes
DataSet/yes/5c39594f_nohash_3.wav,yes
DataSet/yes/5c39594f_nohash_4.wav,yes
DataSet/yes/5c43ac9f_nohash_0.wav,yes
DataSet/yes/5c8af87a_nohash_0.wav,yes
DataSet/yes/5c8af87a_nohash_1.wav,yes
DataSet/yes/5c8af87a_nohash_2.wav,yes
DataSet/yes/5c8af87a_nohash_3.wav,yes
DataSet/yes/5cf1ecce_nohash_0.wav,yes
DataSet/yes/5cf1ecce_nohash_1.wav,yes
DataSet/yes/5cf1ecce_nohash_2.wav,yes
DataSet/yes/5cf1ecce_nohash_3.wav,yes
DataSet/yes/5cf1ecce_nohash_4.wav,yes
DataSet/yes/5d0ab165_nohash_0.wav,yes
DataSet/yes/5d0ab165_nohash_1.wav,yes
DataSet/yes/5d4e3bb8_nohash_0.wav,yes
DataSet/yes/5d9bb361_nohash_0.wav,yes
DataSet/yes/5de3f6cc_nohash_0.wav,yes
DataSet/yes/5e033479_nohash_0.wav,yes
DataSet/yes/5e3b7a84_nohash_0.wav,yes
DataSet/yes/5e3dde6b_nohash_0.wav,yes
DataSet/yes/5e3dde6b_nohash_1.wav,yes
DataSet/yes/5e3dde6b_nohash_2.wav,yes
DataSet/yes/5e3dde6b_nohash_3.wav,yes
DataSet/yes/5e3dde6b_nohash_4.wav,yes
DataSet/yes/5eb5fc74_nohash_0.wav,yes
DataSet/yes/5eb5fc74_nohash_1.wav,yes
DataSet/yes/5ebc1cda_nohash_0.wav,yes
DataSet/yes/5ebc1cda_nohash_1.wav,yes
DataSet/yes/5ebc1cda_nohash_2.wav,yes
DataSet/yes/5ebc1cda_nohash_3.wav,yes
DataSet/yes/5ebc1cda_nohash_4.wav,yes
DataSet/yes/5f1b1051_nohash_0.wav,yes
DataSet/yes/5f1b1051_nohash_1.wav,yes
DataSet/yes/5f47fdf9_nohash_0.wav,yes
DataSet/yes/5f5eef60_nohash_0.wav,yes
DataSet/yes/5f5eef60_nohash_1.wav,yes
DataSet/yes/5f5eef60_nohash_2.wav,yes
DataSet/yes/5f5eef60_nohash_3.wav,yes
DataSet/yes/5f5eef60_nohash_4.wav,yes
DataSet/yes/5f8097e1_nohash_0.wav,yes
DataSet/yes/5f8097e1_nohash_1.wav,yes
DataSet/yes/5f8097e1_nohash_2.wav,yes
DataSet/yes/5f8097e1_nohash_3.wav,yes
DataSet/yes/5f814c23_nohash_0.wav,yes
DataSet/yes/5f814c23_nohash_1.wav,yes
DataSet/yes/5f814c23_nohash_2.wav,yes
DataSet/yes/5f9cd2eb_nohash_0.wav,yes
DataSet/yes/5f9cd2eb_nohash_1.wav,yes
DataSet/yes/5f9cd2eb_nohash_2.wav,yes
DataSet/yes/5f9cd2eb_nohash_3.wav,yes
DataSet/yes/5f9cd2eb_nohash_4.wav,yes
DataSet/yes/5f9cd2eb_nohash_5.wav,yes
DataSet/yes/5fadb538_nohash_0.wav,yes
DataSet/yes/5fadb538_nohash_1.wav,yes
DataSet/yes/5fadb538_nohash_2.wav,yes
DataSet/yes/5fadb538_nohash_3.wav,yes
DataSet/yes/5fadb538_nohash_4.wav,yes
DataSet/yes/5fb88f4c_nohash_0.wav,yes
DataSet/yes/5fc3ed24_nohash_0.wav,yes
DataSet/yes/5fe4a278_nohash_0.wav,yes
DataSet/yes/5fe4a278_nohash_1.wav,yes
DataSet/yes/5ff3f9a1_nohash_0.wav,yes
DataSet/yes/5ff3f9a1_nohash_1.wav,yes
DataSet/yes/60402b64_nohash_0.wav,yes
DataSet/yes/60472d26_nohash_0.wav,yes
DataSet/yes/60472d26_nohash_1.wav,yes
DataSet/yes/6071a214_nohash_0.wav,yes
DataSet/yes/6078eb0d_nohash_0.wav,yes
DataSet/yes/608473c9_nohash_0.wav,yes
DataSet/yes/6094340e_nohash_0.wav,yes
DataSet/yes/6094340e_nohash_1.wav,yes
DataSet/yes/611d2b50_nohash_0.wav,yes
DataSet/yes/611d2b50_nohash_1.wav,yes
DataSet/yes/611d2b50_nohash_2.wav,yes
DataSet/yes/611d2b50_nohash_3.wav,yes
DataSet/yes/6124b431_nohash_0.wav,yes
DataSet/yes/6124b431_nohash_1.wav,yes
DataSet/yes/61482e52_nohash_0.wav,yes
DataSet/yes/61482e52_nohash_1.wav,yes
DataSet/yes/61482e52_nohash_2.wav,yes
DataSet/yes/61482e52_nohash_3.wav,yes
DataSet/yes/61482e52_nohash_4.wav,yes
DataSet/yes/616420be_nohash_0.wav,yes
DataSet/yes/616420be_nohash_1.wav,yes
DataSet/yes/616420be_nohash_2.wav,yes
DataSet/yes/616420be_nohash_3.wav,yes
DataSet/yes/617aeb6c_nohash_0.wav,yes
DataSet/yes/617aeb6c_nohash_1.wav,yes
DataSet/yes/617aeb6c_nohash_2.wav,yes
DataSet/yes/617aeb6c_nohash_3.wav,yes
DataSet/yes/617aeb6c_nohash_4.wav,yes
DataSet/yes/617de221_nohash_0.wav,yes
DataSet/yes/617de221_nohash_1.wav,yes
DataSet/yes/617de221_nohash_2.wav,yes
DataSet/yes/617de221_nohash_3.wav,yes
DataSet/yes/617de221_nohash_4.wav,yes
DataSet/yes/619b5164_nohash_0.wav,yes
DataSet/yes/619b5164_nohash_1.wav,yes
DataSet/yes/61a9f72a_nohash_0.wav,yes
DataSet/yes/61ab8fbc_nohash_0.wav,yes
DataSet/yes/61ab8fbc_nohash_1.wav,yes
DataSet/yes/61ab8fbc_nohash_2.wav,yes
DataSet/yes/61ab8fbc_nohash_3.wav,yes
DataSet/yes/61ab8fbc_nohash_4.wav,yes
DataSet/yes/61abbf52_nohash_0.wav,yes
DataSet/yes/61abbf52_nohash_1.wav,yes
DataSet/yes/61abbf52_nohash_2.wav,yes
DataSet/yes/61abbf52_nohash_3.wav,yes
DataSet/yes/61abbf52_nohash_4.wav,yes
DataSet/yes/61bcb275_nohash_0.wav,yes
DataSet/yes/61bcb275_nohash_1.wav,yes
DataSet/yes/61d3e51e_nohash_0.wav,yes
DataSet/yes/61e2f74f_nohash_0.wav,yes
DataSet/yes/61e2f74f_nohash_1.wav,yes
DataSet/yes/61e2f74f_nohash_2.wav,yes
DataSet/yes/61e2f74f_nohash_3.wav,yes
DataSet/yes/61e2f74f_nohash_4.wav,yes
DataSet/yes/6205088b_nohash_0.wav,yes
DataSet/yes/6205088b_nohash_1.wav,yes
DataSet/yes/6205088b_nohash_2.wav,yes
DataSet/yes/620ff0fa_nohash_0.wav,yes
DataSet/yes/62581901_nohash_0.wav,yes
DataSet/yes/62581901_nohash_1.wav,yes
DataSet/yes/62605293_nohash_0.wav,yes
DataSet/yes/62641b88_nohash_0.wav,yes
DataSet/yes/626e323f_nohash_0.wav,yes
DataSet/yes/6272b231_nohash_0.wav,yes
DataSet/yes/6272b231_nohash_1.wav,yes
DataSet/yes/627c0bec_nohash_0.wav,yes
DataSet/yes/62b7c848_nohash_0.wav,yes
DataSet/yes/62ccd358_nohash_0.wav,yes
DataSet/yes/62ef962d_nohash_0.wav,yes
DataSet/yes/62ef962d_nohash_1.wav,yes
DataSet/yes/62ef962d_nohash_2.wav,yes
DataSet/yes/62f05757_nohash_0.wav,yes
DataSet/yes/62f05757_nohash_1.wav,yes
DataSet/yes/62f05757_nohash_2.wav,yes
DataSet/yes/62f05757_nohash_3.wav,yes
DataSet/yes/62f05757_nohash_4.wav,yes
DataSet/yes/6301e683_nohash_0.wav,yes
DataSet/yes/6347b393_nohash_0.wav,yes
DataSet/yes/6347b393_nohash_1.wav,yes
DataSet/yes/6379c6a2_nohash_0.wav,yes
DataSet/yes/637c702a_nohash_0.wav,yes
DataSet/yes/637c702a_nohash_1.wav,yes
DataSet/yes/637c702a_nohash_2.wav,yes
DataSet/yes/637c702a_nohash_3.wav,yes
DataSet/yes/638548d5_nohash_0.wav,yes
DataSet/yes/63996b7c_nohash_0.wav,yes
DataSet/yes/63f042c6_nohash_0.wav,yes
DataSet/yes/63f7a489_nohash_0.wav,yes
DataSet/yes/63f7a489_nohash_1.wav,yes
DataSet/yes/63f7a489_nohash_2.wav,yes
DataSet/yes/63f7a489_nohash_3.wav,yes
DataSet/yes/63f7a489_nohash_4.wav,yes
DataSet/yes/6414258b_nohash_0.wav,yes
DataSet/yes/645ed69d_nohash_0.wav,yes
DataSet/yes/645ed69d_nohash_1.wav,yes
DataSet/yes/645ed69d_nohash_2.wav,yes
DataSet/yes/645ed69d_nohash_3.wav,yes
DataSet/yes/645ed69d_nohash_4.wav,yes
DataSet/yes/64a80906_nohash_0.wav,yes
DataSet/yes/64da5281_nohash_0.wav,yes
DataSet/yes/64da5281_nohash_1.wav,yes
DataSet/yes/64df20d8_nohash_0.wav,yes
DataSet/yes/64df20d8_nohash_1.wav,yes
DataSet/yes/64df20d8_nohash_2.wav,yes
DataSet/yes/64df20d8_nohash_3.wav,yes
DataSet/yes/64df20d8_nohash_4.wav,yes
DataSet/yes/64e48f55_nohash_0.wav,yes
DataSet/yes/64e48f55_nohash_1.wav,yes
DataSet/yes/64e48f55_nohash_2.wav,yes
DataSet/yes/65040d9b_nohash_0.wav,yes
DataSet/yes/65040d9b_nohash_1.wav,yes
DataSet/yes/65079685_nohash_0.wav,yes
DataSet/yes/650daf8e_nohash_0.wav,yes
DataSet/yes/651d108f_nohash_0.wav,yes
DataSet/yes/652b3da7_nohash_0.wav,yes
DataSet/yes/652b3da7_nohash_1.wav,yes
DataSet/yes/653a48f5_nohash_0.wav,yes
DataSet/yes/6565a81d_nohash_0.wav,yes
DataSet/yes/6565a81d_nohash_1.wav,yes
DataSet/yes/6565a81d_nohash_2.wav,yes
DataSet/yes/6565a81d_nohash_3.wav,yes
DataSet/yes/6565a81d_nohash_4.wav,yes
DataSet/yes/656e8bb3_nohash_0.wav,yes
DataSet/yes/65846c5f_nohash_0.wav,yes
DataSet/yes/65846c5f_nohash_1.wav,yes
DataSet/yes/659b7fae_nohash_0.wav,yes
DataSet/yes/65c73b55_nohash_0.wav,yes
DataSet/yes/65d81c54_nohash_0.wav,yes
DataSet/yes/65d844fc_nohash_0.wav,yes
DataSet/yes/65ec06e5_nohash_0.wav,yes
DataSet/yes/65f2531f_nohash_0.wav,yes
DataSet/yes/65f2531f_nohash_1.wav,yes
DataSet/yes/65f2531f_nohash_2.wav,yes
DataSet/yes/65f2531f_nohash_3.wav,yes
DataSet/yes/65f2531f_nohash_4.wav,yes
DataSet/yes/66041c69_nohash_0.wav,yes
DataSet/yes/66276b0e_nohash_0.wav,yes
DataSet/yes/6640fdc0_nohash_0.wav,yes
DataSet/yes/66774579_nohash_0.wav,yes
DataSet/yes/66a412a7_nohash_0.wav,yes
DataSet/yes/66a412a7_nohash_1.wav,yes
DataSet/yes/66a412a7_nohash_2.wav,yes
DataSet/yes/66aa0f29_nohash_0.wav,yes
DataSet/yes/66cbe2b3_nohash_0.wav,yes
DataSet/yes/66cff190_nohash_0.wav,yes
DataSet/yes/6727b579_nohash_0.wav,yes
DataSet/yes/6727b579_nohash_1.wav,yes
DataSet/yes/6727b579_nohash_2.wav,yes
DataSet/yes/6727b579_nohash_3.wav,yes
DataSet/yes/6727b579_nohash_4.wav,yes
DataSet/yes/6736bc64_nohash_0.wav,yes
DataSet/yes/6736bc64_nohash_1.wav,yes
DataSet/yes/6736bc64_nohash_2.wav,yes
DataSet/yes/674ca5ea_nohash_0.wav,yes
DataSet/yes/676f8138_nohash_0.wav,yes
DataSet/yes/676f8138_nohash_1.wav,yes
DataSet/yes/676f8138_nohash_2.wav,yes
DataSet/yes/676f8138_nohash_3.wav,yes
DataSet/yes/676f8138_nohash_4.wav,yes
DataSet/yes/679463fc_nohash_0.wav,yes
DataSet/yes/679463fc_nohash_1.wav,yes
DataSet/yes/679463fc_nohash_2.wav,yes
DataSet/yes/679463fc_nohash_3.wav,yes
DataSet/yes/679463fc_nohash_4.wav,yes
DataSet/yes/67bdbf56_nohash_0.wav,yes
DataSet/yes/67bdbf56_nohash_1.wav,yes
DataSet/yes/67bdbf56_nohash_2.wav,yes
DataSet/yes/67fcdb05_nohash_0.wav,yes
DataSet/yes/6846af18_nohash_0.wav,yes
DataSet/yes/6846af18_nohash_1.wav,yes
DataSet/yes/686d030b_nohash_0.wav,yes
DataSet/yes/686d030b_nohash_1.wav,yes
DataSet/yes/686d030b_nohash_2.wav,yes
DataSet/yes/686d030b_nohash_3.wav,yes
DataSet/yes/686d030b_nohash_4.wav,yes
DataSet/yes/68dd409e_nohash_0.wav,yes
DataSet/yes/6904f0cb_nohash_0.wav,yes
DataSet/yes/6904f0cb_nohash_1.wav,yes
DataSet/yes/6904f0cb_nohash_2.wav,yes
DataSet/yes/6904f0cb_nohash_3.wav,yes
DataSet/yes/6904f0cb_nohash_4.wav,yes
DataSet/yes/6904f0cb_nohash_5.wav,yes
DataSet/yes/692a88e6_nohash_0.wav,yes
DataSet/yes/692a88e6_nohash_1.wav,yes
DataSet/yes/692a88e6_nohash_2.wav,yes
DataSet/yes/692a88e6_nohash_3.wav,yes
DataSet/yes/692a88e6_nohash_4.wav,yes
DataSet/yes/695c2127_nohash_0.wav,yes
DataSet/yes/695c2127_nohash_1.wav,yes
DataSet/yes/6969e51a_nohash_0.wav,yes
DataSet/yes/6969e51a_nohash_1.wav,yes
DataSet/yes/6969e51a_nohash_2.wav,yes
DataSet/yes/6982fc2a_nohash_0.wav,yes
DataSet/yes/6982fc2a_nohash_1.wav,yes
DataSet/yes/69a1a79f_nohash_0.wav,yes
DataSet/yes/69a1a79f_nohash_1.wav,yes
DataSet/yes/69a1a79f_nohash_2.wav,yes
DataSet/yes/69a1a79f_nohash_3.wav,yes
DataSet/yes/69a1a79f_nohash_4.wav,yes
DataSet/yes/6a203e0e_nohash_0.wav,yes
DataSet/yes/6a27a9bf_nohash_0.wav,yes
DataSet/yes/6a27a9bf_nohash_1.wav,yes
DataSet/yes/6a2fb9a5_nohash_0.wav,yes
DataSet/yes/6a2fb9a5_nohash_1.wav,yes
DataSet/yes/6a497f80_nohash_0.wav,yes
DataSet/yes/6a497f80_nohash_1.wav,yes
DataSet/yes/6aa8def4_nohash_0.wav,yes
DataSet/yes/6aa8def4_nohash_1.wav,yes
DataSet/yes/6aa8def4_nohash_2.wav,yes
DataSet/yes/6aa8def4_nohash_3.wav,yes
DataSet/yes/6aafb34f_nohash_0.wav,yes
DataSet/yes/6aafb34f_nohash_1.wav,yes
DataSet/yes/6ace4fe1_nohash_0.wav,yes
DataSet/yes/6ace4fe1_nohash_1.wav,yes
DataSet/yes/6ace4fe1_nohash_2.wav,yes
DataSet/yes/6ace4fe1_nohash_3.wav,yes
DataSet/yes/6adb8ad9_nohash_0.wav,yes
DataSet/yes/6adb8ad9_nohash_1.wav,yes
DataSet/yes/6af4aa07_nohash_0.wav,yes
DataSet/yes/6b81fead_nohash_0.wav,yes
DataSet/yes/6b889021_nohash_0.wav,yes
DataSet/yes/6bf5baf3_nohash_0.wav,yes
DataSet/yes/6bf5baf3_nohash_1.wav,yes
DataSet/yes/6bf5baf3_nohash_2.wav,yes
DataSet/yes/6bf5baf3_nohash_3.wav,yes
DataSet/yes/6c0f6493_nohash_0.wav,yes
DataSet/yes/6c0f6493_nohash_1.wav,yes
DataSet/yes/6c0f6493_nohash_2.wav,yes
DataSet/yes/6c0f6493_nohash_3.wav,yes
DataSet/yes/6c0f6493_nohash_4.wav,yes
DataSet/yes/6c429c7b_nohash_0.wav,yes
DataSet/yes/6c429c7b_nohash_1.wav,yes
DataSet/yes/6c429c7b_nohash_2.wav,yes
DataSet/yes/6c429c7b_nohash_3.wav,yes
DataSet/yes/6c429c7b_nohash_4.wav,yes
DataSet/yes/6c6aa323_nohash_0.wav,yes
DataSet/yes/6c88cf25_nohash_0.wav,yes
DataSet/yes/6c9223bd_nohash_0.wav,yes
DataSet/yes/6c968bd9_nohash_0.wav,yes
DataSet/yes/6c968bd9_nohash_1.wav,yes
DataSet/yes/6c968bd9_nohash_2.wav,yes
DataSet/yes/6c968bd9_nohash_3.wav,yes
DataSet/yes/6c968bd9_nohash_4.wav,yes
DataSet/yes/6c9a1ac2_nohash_0.wav,yes
DataSet/yes/6cb6eee7_nohash_0.wav,yes
DataSet/yes/6d0ad764_nohash_0.wav,yes
DataSet/yes/6d7af359_nohash_0.wav,yes
DataSet/yes/6d818f6c_nohash_0.wav,yes
DataSet/yes/6e41a77e_nohash_0.wav,yes
DataSet/yes/6e41a77e_nohash_1.wav,yes
DataSet/yes/6e74c582_nohash_0.wav,yes
DataSet/yes/6ef407da_nohash_0.wav,yes
DataSet/yes/6ef407da_nohash_1.wav,yes
DataSet/yes/6ef407da_nohash_2.wav,yes
DataSet/yes/6ef407da_nohash_3.wav,yes
DataSet/yes/6ef407da_nohash_4.wav,yes
DataSet/yes/6f1ffef6_nohash_0.wav,yes
DataSet/yes/6f2c6f7e_nohash_0.wav,yes
DataSet/yes/6f2f57c1_nohash_0.wav,yes
DataSet/yes/6f2f57c1_nohash_1.wav,yes
DataSet/yes/6f2f57c1_nohash_2.wav,yes
DataSet/yes/6f2f57c1_nohash_3.wav,yes
DataSet/yes/6f342826_nohash_0.wav,yes
DataSet/yes/6f342826_nohash_1.wav,yes
DataSet/yes/6f5b4d3d_nohash_0.wav,yes
DataSet/yes/6f689791_nohash_0.wav,yes
DataSet/yes/6f9088d7_nohash_0.wav,yes
DataSet/yes/6fb3d5a7_nohash_0.wav,yes
DataSet/yes/6fb3d5a7_nohash_1.wav,yes
DataSet/yes/6fb3d5a7_nohash_2.wav,yes
DataSet/yes/6fb3d5a7_nohash_3.wav,yes
DataSet/yes/6fb3d5a7_nohash_4.wav,yes
DataSet/yes/6fca237d_nohash_0.wav,yes
DataSet/yes/6fca237d_nohash_1.wav,yes
DataSet/yes/7014b07e_nohash_0.wav,yes
DataSet/yes/7014b07e_nohash_1.wav,yes
DataSet/yes/708a9569_nohash_0.wav,yes
DataSet/yes/708b8d51_nohash_0.wav,yes
DataSet/yes/708b8d51_nohash_1.wav,yes
DataSet/yes/7096522d_nohash_0.wav,yes
DataSet/yes/70a00e98_nohash_0.wav,yes
DataSet/yes/70a00e98_nohash_1.wav,yes
DataSet/yes/70a00e98_nohash_2.wav,yes
DataSet/yes/70a00e98_nohash_3.wav,yes
DataSet/yes/7106d229_nohash_0.wav,yes
DataSet/yes/7117fb6d_nohash_0.wav,yes
DataSet/yes/712e4d58_nohash_0.wav,yes
DataSet/yes/712e4d58_nohash_1.wav,yes
DataSet/yes/712e4d58_nohash_2.wav,yes
DataSet/yes/712e4d58_nohash_3.wav,yes
DataSet/yes/712e4d58_nohash_4.wav,yes
DataSet/yes/716757ce_nohash_0.wav,yes
DataSet/yes/71904de3_nohash_0.wav,yes
DataSet/yes/7192fddc_nohash_0.wav,yes
DataSet/yes/71d0ded4_nohash_0.wav,yes
DataSet/yes/71d0ded4_nohash_1.wav,yes
DataSet/yes/71d0ded4_nohash_2.wav,yes
DataSet/yes/71d0ded4_nohash_3.wav,yes
DataSet/yes/71e6ab20_nohash_0.wav,yes
DataSet/yes/71f6fed7_nohash_0.wav,yes
DataSet/yes/7211390b_nohash_0.wav,yes
DataSet/yes/7211390b_nohash_1.wav,yes
DataSet/yes/7211390b_nohash_2.wav,yes
DataSet/yes/7211390b_nohash_3.wav,yes
DataSet/yes/7211390b_nohash_4.wav,yes
DataSet/yes/7213ed54_nohash_0.wav,yes
DataSet/yes/7213ed54_nohash_1.wav,yes
DataSet/yes/7213ed54_nohash_2.wav,yes
DataSet/yes/7213ed54_nohash_3.wav,yes
DataSet/yes/7213ed54_nohash_4.wav,yes
DataSet/yes/72242187_nohash_0.wav,yes
DataSet/yes/72242187_nohash_1.wav,yes
DataSet/yes/72242187_nohash_2.wav,yes
DataSet/yes/72242187_nohash_3.wav,yes
DataSet/yes/72242187_nohash_4.wav,yes
DataSet/yes/72320401_nohash_0.wav,yes
DataSet/yes/72320401_nohash_1.wav,yes
DataSet/yes/72320401_nohash_2.wav,yes
DataSet/yes/723efc4c_nohash_0.wav,yes
DataSet/yes/723efc4c_nohash_1.wav,yes
DataSet/yes/7257420c_nohash_0.wav,yes
DataSet/yes/728be664_nohash_0.wav,yes
DataSet/yes/72aa7259_nohash_0.wav,yes
DataSet/yes/72d75d96_nohash_0.wav,yes
DataSet/yes/72e382bd_nohash_0.wav,yes
DataSet/yes/72e382bd_nohash_1.wav,yes
DataSet/yes/72e382bd_nohash_2.wav,yes
DataSet/yes/72e382bd_nohash_3.wav,yes
DataSet/yes/72e382bd_nohash_4.wav,yes
DataSet/yes/7303215d_nohash_0.wav,yes
DataSet/yes/73124b26_nohash_0.wav,yes
DataSet/yes/73124b26_nohash_1.wav,yes
DataSet/yes/73124b26_nohash_2.wav,yes
DataSet/yes/735845ab_nohash_0.wav,yes
DataSet/yes/735845ab_nohash_1.wav,yes
DataSet/yes/735845ab_nohash_2.wav,yes
DataSet/yes/735845ab_nohash_3.wav,yes
DataSet/yes/735845ab_nohash_4.wav,yes
DataSet/yes/73af0c50_nohash_0.wav,yes
DataSet/yes/73f20b00_nohash_0.wav,yes
DataSet/yes/73f20b00_nohash_1.wav,yes
DataSet/yes/73f20b00_nohash_2.wav,yes
DataSet/yes/73f20b00_nohash_3.wav,yes
DataSet/yes/73f20b00_nohash_4.wav,yes
DataSet/yes/74241b28_nohash_0.wav,yes
DataSet/yes/74241b28_nohash_1.wav,yes
DataSet/yes/74241b28_nohash_2.wav,yes
DataSet/yes/74241b28_nohash_3.wav,yes
DataSet/yes/74241b28_nohash_4.wav,yes
DataSet/yes/742d6431_nohash_0.wav,yes
DataSet/yes/742d6431_nohash_1.wav,yes
DataSet/yes/742d6431_nohash_2.wav,yes
DataSet/yes/742d6431_nohash_3.wav,yes
DataSet/yes/742d6431_nohash_4.wav,yes
DataSet/yes/743edf9d_nohash_0.wav,yes
DataSet/yes/743edf9d_nohash_1.wav,yes
DataSet/yes/74551073_nohash_0.wav,yes
DataSet/yes/745a8e32_nohash_0.wav,yes
DataSet/yes/745a8e32_nohash_1.wav,yes
DataSet/yes/748cb308_nohash_0.wav,yes
DataSet/yes/750e3e75_nohash_0.wav,yes
DataSet/yes/7622d95b_nohash_0.wav,yes
DataSet/yes/763188c4_nohash_0.wav,yes
DataSet/yes/763188c4_nohash_1.wav,yes
DataSet/yes/763188c4_nohash_2.wav,yes
DataSet/yes/763188c4_nohash_3.wav,yes
DataSet/yes/763188c4_nohash_4.wav,yes
DataSet/yes/76424fa5_nohash_0.wav,yes
DataSet/yes/76424fa5_nohash_1.wav,yes
DataSet/yes/765ffccb_nohash_0.wav,yes
DataSet/yes/76b58705_nohash_0.wav,yes
DataSet/yes/76b58705_nohash_1.wav,yes
DataSet/yes/76e53db9_nohash_0.wav,yes
DataSet/yes/773e26f7_nohash_0.wav,yes
DataSet/yes/773e26f7_nohash_1.wav,yes
DataSet/yes/773e26f7_nohash_2.wav,yes
DataSet/yes/773e26f7_nohash_3.wav,yes
DataSet/yes/773e26f7_nohash_4.wav,yes
DataSet/yes/778a4a01_nohash_0.wav,yes
DataSet/yes/7799c9cd_nohash_0.wav,yes
DataSet/yes/7799c9cd_nohash_1.wav,yes
DataSet/yes/779de043_nohash_0.wav,yes
DataSet/yes/779de043_nohash_1.wav,yes
DataSet/yes/779de043_nohash_2.wav,yes
DataSet/yes/779de043_nohash_3.wav,yes
DataSet/yes/779de043_nohash_4.wav,yes
DataSet/yes/77def3ee_nohash_0.wav,yes
DataSet/yes/77def3ee_nohash_1.wav,yes
DataSet/yes/77f185d3_nohash_0.wav,yes
DataSet/yes/78030270_nohash_0.wav,yes
DataSet/yes/7846fd85_nohash_0.wav,yes
DataSet/yes/7846fd85_nohash_1.wav,yes
DataSet/yes/7846fd85_nohash_2.wav,yes
DataSet/yes/7846fd85_nohash_3.wav,yes
DataSet/yes/7846fd85_nohash_4.wav,yes
DataSet/yes/784e281a_nohash_0.wav,yes
DataSet/yes/784e281a_nohash_1.wav,yes
DataSet/yes/78622c2b_nohash_0.wav,yes
DataSet/yes/78622c2b_nohash_1.wav,yes
DataSet/yes/78884794_nohash_0.wav,yes
DataSet/yes/7910d292_nohash_0.wav,yes
DataSet/yes/794cdfc5_nohash_0.wav,yes
DataSet/yes/798f702a_nohash_0.wav,yes
DataSet/yes/79b37d3a_nohash_0.wav,yes
DataSet/yes/7ab5b8f7_nohash_0.wav,yes
DataSet/yes/7b2e879e_nohash_0.wav,yes
DataSet/yes/7b301939_nohash_0.wav,yes
DataSet/yes/7be5a0f3_nohash_0.wav,yes
DataSet/yes/7be9f58a_nohash_0.wav,yes
DataSet/yes/7be9f58a_nohash_1.wav,yes
DataSet/yes/7bf801d1_nohash_0.wav,yes
DataSet/yes/7c1d8533_nohash_0.wav,yes
DataSet/yes/7c1d8533_nohash_1.wav,yes
DataSet/yes/7c1d8533_nohash_2.wav,yes
DataSet/yes/7c2a3fa4_nohash_0.wav,yes
DataSet/yes/7c75a504_nohash_0.wav,yes
DataSet/yes/7c83c5f6_nohash_0.wav,yes
DataSet/yes/7c83c5f6_nohash_1.wav,yes
DataSet/yes/7c83c5f6_nohash_2.wav,yes
DataSet/yes/7c83c5f6_nohash_3.wav,yes
DataSet/yes/7c83c5f6_nohash_4.wav,yes
DataSet/yes/7c86c03e_nohash_0.wav,yes
DataSet/yes/7ca023e2_nohash_0.wav,yes
DataSet/yes/7cb5c0b7_nohash_0.wav,yes
DataSet/yes/7cb5c0b7_nohash_1.wav,yes
DataSet/yes/7cbf645a_nohash_0.wav,yes
DataSet/yes/7cbf645a_nohash_1.wav,yes
DataSet/yes/7ce8df21_nohash_0.wav,yes
DataSet/yes/7cf14c54_nohash_0.wav,yes
DataSet/yes/7cf14c54_nohash_1.wav,yes
DataSet/yes/7cfb1618_nohash_0.wav,yes
DataSet/yes/7d149b38_nohash_0.wav,yes
DataSet/yes/7d149b38_nohash_1.wav,yes
DataSet/yes/7d5f87c8_nohash_0.wav,yes
DataSet/yes/7d5f87c8_nohash_1.wav,yes
DataSet/yes/7d6b4b10_nohash_0.wav,yes
DataSet/yes/7d6b4b10_nohash_1.wav,yes
DataSet/yes/7d6b4b10_nohash_2.wav,yes
DataSet/yes/7d6b4b10_nohash_3.wav,yes
DataSet/yes/7d6b4b10_nohash_4.wav,yes
DataSet/yes/7d86b703_nohash_0.wav,yes
DataSet/yes/7d86b703_nohash_1.wav,yes
DataSet/yes/7e1054e7_nohash_0.wav,yes
DataSet/yes/7e1054e7_nohash_1.wav,yes
DataSet/yes/7e2d5caf_nohash_0.wav,yes
DataSet/yes/7e556a2c_nohash_0.wav,yes
DataSet/yes/7e7ca854_nohash_0.wav,yes
DataSet/yes/7e7ca854_nohash_1.wav,yes
DataSet/yes/7e7ca854_nohash_2.wav,yes
DataSet/yes/7e7ca854_nohash_3.wav,yes
DataSet/yes/7e7ca854_nohash_4.wav,yes
DataSet/yes/7e843da8_nohash_0.wav,yes
DataSet/yes/7e843da8_nohash_1.wav,yes
DataSet/yes/7ea032f3_nohash_0.wav,yes
DataSet/yes/7ea032f3_nohash_1.wav,yes
DataSet/yes/7ea032f3_nohash_2.wav,yes
DataSet/yes/7ea032f3_nohash_3.wav,yes
DataSet/yes/7eee5973_nohash_0.wav,yes
DataSet/yes/7f208e83_nohash_0.wav,yes
DataSet/yes/7f581e94_nohash_0.wav,yes
DataSet/yes/7f74626f_nohash_0.wav,yes
DataSet/yes/7f74626f_nohash_1.wav,yes
DataSet/yes/7f74626f_nohash_2.wav,yes
DataSet/yes/7f74626f_nohash_3.wav,yes
DataSet/yes/7f74626f_nohash_4.wav,yes
DataSet/yes/7f9eb952_nohash_0.wav,yes
DataSet/yes/7f9eb952_nohash_1.wav,yes
DataSet/yes/7f9eb952_nohash_2.wav,yes
DataSet/yes/7f9eb952_nohash_3.wav,yes
DataSet/yes/7f9eb952_nohash_4.wav,yes
DataSet/yes/7fb8d703_nohash_0.wav,yes
DataSet/yes/7fb8d703_nohash_1.wav,yes
DataSet/yes/7fb8d703_nohash_2.wav,yes
DataSet/yes/7fb8d703_nohash_3.wav,yes
DataSet/yes/7fb8d703_nohash_4.wav,yes
DataSet/yes/7fd25f7c_nohash_0.wav,yes
DataSet/yes/7fd25f7c_nohash_1.wav,yes
DataSet/yes/7fd25f7c_nohash_2.wav,yes
DataSet/yes/7fd25f7c_nohash_3.wav,yes
DataSet/yes/7fd25f7c_nohash_4.wav,yes
DataSet/yes/7ff085e1_nohash_0.wav,yes
DataSet/yes/7ff085e1_nohash_1.wav,yes
DataSet/yes/8012c69d_nohash_0.wav,yes
DataSet/yes/8012c69d_nohash_1.wav,yes
DataSet/yes/8012c69d_nohash_2.wav,yes
DataSet/yes/8012c69d_nohash_3.wav,yes
DataSet/yes/8012c69d_nohash_4.wav,yes
DataSet/yes/8056e897_nohash_0.wav,yes
DataSet/yes/80b8eab4_nohash_0.wav,yes
DataSet/yes/80c17118_nohash_0.wav,yes
DataSet/yes/80c17118_nohash_1.wav,yes
DataSet/yes/80f056c0_nohash_0.wav,yes
DataSet/yes/80f056c0_nohash_1.wav,yes
DataSet/yes/810c99be_nohash_0.wav,yes
DataSet/yes/81332c92_nohash_0.wav,yes
DataSet/yes/81332c92_nohash_1.wav,yes
DataSet/yes/81332c92_nohash_2.wav,yes
DataSet/yes/81332c92_nohash_3.wav,yes
DataSet/yes/81332c92_nohash_4.wav,yes
DataSet/yes/8134f43f_nohash_0.wav,yes
DataSet/yes/8134f43f_nohash_1.wav,yes
DataSet/yes/8134f43f_nohash_2.wav,yes
DataSet/yes/8134f43f_nohash_3.wav,yes
DataSet/yes/8134f43f_nohash_4.wav,yes
DataSet/yes/81898f68_nohash_0.wav,yes
DataSet/yes/81dc4a94_nohash_0.wav,yes
DataSet/yes/821b64cc_nohash_0.wav,yes
DataSet/yes/821b64cc_nohash_1.wav,yes
DataSet/yes/82305c3a_nohash_0.wav,yes
DataSet/yes/82305c3a_nohash_1.wav,yes
DataSet/yes/824e8ce5_nohash_0.wav,yes
DataSet/yes/824e8ce5_nohash_1.wav,yes
DataSet/yes/826268f8_nohash_0.wav,yes
DataSet/yes/827421c4_nohash_0.wav,yes
DataSet/yes/8281a2a8_nohash_0.wav,yes
DataSet/yes/8281a2a8_nohash_1.wav,yes
DataSet/yes/8281a2a8_nohash_2.wav,yes
DataSet/yes/82b99576_nohash_0.wav,yes
DataSet/yes/82b99576_nohash_1.wav,yes
DataSet/yes/82d0d3ba_nohash_0.wav,yes
DataSet/yes/82e7204d_nohash_0.wav,yes
DataSet/yes/833a0279_nohash_0.wav,yes
DataSet/yes/833d9f56_nohash_0.wav,yes
DataSet/yes/833d9f56_nohash_1.wav,yes
DataSet/yes/833d9f56_nohash_2.wav,yes
DataSet/yes/833d9f56_nohash_3.wav,yes
DataSet/yes/833d9f56_nohash_4.wav,yes
DataSet/yes/834f03fe_nohash_0.wav,yes
DataSet/yes/834f03fe_nohash_1.wav,yes
DataSet/yes/834f03fe_nohash_2.wav,yes
DataSet/yes/834f03fe_nohash_3.wav,yes
DataSet/yes/834f03fe_nohash_4.wav,yes
DataSet/yes/8353fea1_nohash_0.wav,yes
DataSet/yes/837a0f64_nohash_0.wav,yes
DataSet/yes/837a0f64_nohash_1.wav,yes
DataSet/yes/837a0f64_nohash_2.wav,yes
DataSet/yes/837a0f64_nohash_3.wav,yes
DataSet/yes/837a0f64_nohash_4.wav,yes
DataSet/yes/837f7378_nohash_0.wav,yes
DataSet/yes/837f7378_nohash_1.wav,yes
DataSet/yes/837f7378_nohash_2.wav,yes
DataSet/yes/83c9e7e6_nohash_0.wav,yes
DataSet/yes/83c9e7e6_nohash_1.wav,yes
DataSet/yes/840eab5a_nohash_0.wav,yes
DataSet/yes/845f8553_nohash_0.wav,yes
DataSet/yes/845f8553_nohash_1.wav,yes
DataSet/yes/845f8553_nohash_2.wav,yes
DataSet/yes/845f8553_nohash_3.wav,yes
DataSet/yes/845f8553_nohash_4.wav,yes
DataSet/yes/8494fba8_nohash_0.wav,yes
DataSet/yes/84999496_nohash_0.wav,yes
DataSet/yes/84999496_nohash_1.wav,yes
DataSet/yes/84999496_nohash_2.wav,yes
DataSet/yes/84d1e469_nohash_0.wav,yes
DataSet/yes/84d1e469_nohash_1.wav,yes
DataSet/yes/84d1e469_nohash_2.wav,yes
DataSet/yes/8536c82d_nohash_0.wav,yes
DataSet/yes/8549f25d_nohash_0.wav,yes
DataSet/yes/856eb138_nohash_0.wav,yes
DataSet/yes/856eb138_nohash_1.wav,yes
DataSet/yes/856eb138_nohash_2.wav,yes
DataSet/yes/856eb138_nohash_3.wav,yes
DataSet/yes/856eb138_nohash_4.wav,yes
DataSet/yes/85851131_nohash_0.wav,yes
DataSet/yes/85851131_nohash_1.wav,yes
DataSet/yes/85851131_nohash_2.wav,yes
DataSet/yes/85851131_nohash_3.wav,yes
DataSet/yes/85851131_nohash_4.wav,yes
DataSet/yes/85ac0c1b_nohash_0.wav,yes
DataSet/yes/85b877b5_nohash_0.wav,yes
DataSet/yes/85c5eaa0_nohash_0.wav,yes
DataSet/yes/85c60942_nohash_0.wav,yes
DataSet/yes/8601f33b_nohash_0.wav,yes
DataSet/yes/8601f33b_nohash_1.wav,yes
DataSet/yes/863880b7_nohash_0.wav,yes
DataSet/yes/86402da1_nohash_0.wav,yes
DataSet/yes/86402da1_nohash_1.wav,yes
DataSet/yes/86402da1_nohash_2.wav,yes
DataSet/yes/86478fab_nohash_0.wav,yes
DataSet/yes/86648261_nohash_0.wav,yes
DataSet/yes/86b1500e_nohash_0.wav,yes
DataSet/yes/86cb59b2_nohash_0.wav,yes
DataSet/yes/86f12ac0_nohash_0.wav,yes
DataSet/yes/86f12ac0_nohash_1.wav,yes
DataSet/yes/87014d40_nohash_0.wav,yes
DataSet/yes/87070229_nohash_0.wav,yes
DataSet/yes/87070229_nohash_1.wav,yes
DataSet/yes/87070229_nohash_2.wav,yes
DataSet/yes/87070229_nohash_3.wav,yes
DataSet/yes/87070229_nohash_4.wav,yes
DataSet/yes/8769c34c_nohash_0.wav,yes
DataSet/yes/8769c34c_nohash_1.wav,yes
DataSet/yes/8769c34c_nohash_2.wav,yes
DataSet/yes/8769c34c_nohash_3.wav,yes
DataSet/yes/8769c34c_nohash_4.wav,yes
DataSet/yes/876c84d6_nohash_0.wav,yes
DataSet/yes/878befa7_nohash_0.wav,yes
DataSet/yes/878befa7_nohash_1.wav,yes
DataSet/yes/878befa7_nohash_2.wav,yes
DataSet/yes/879a2b38_nohash_0.wav,yes
DataSet/yes/879a2b38_nohash_1.wav,yes
DataSet/yes/879a2b38_nohash_2.wav,yes
DataSet/yes/879a2b38_nohash_3.wav,yes
DataSet/yes/879a2b38_nohash_4.wav,yes
DataSet/yes/87c62767_nohash_0.wav,yes
DataSet/yes/87d5e978_nohash_0.wav,yes
DataSet/yes/87d5e978_nohash_1.wav,yes
DataSet/yes/87d5e978_nohash_2.wav,yes
DataSet/yes/87d5e978_nohash_3.wav,yes
DataSet/yes/87d5e978_nohash_4.wav,yes
DataSet/yes/881583a6_nohash_0.wav,yes
DataSet/yes/888a0c49_nohash_0.wav,yes
DataSet/yes/888a0c49_nohash_1.wav,yes
DataSet/yes/888a0c49_nohash_2.wav,yes
DataSet/yes/888a0c49_nohash_3.wav,yes
DataSet/yes/888a0c49_nohash_4.wav,yes
DataSet/yes/88a487ce_nohash_0.wav,yes
DataSet/yes/88e85150_nohash_0.wav,yes
DataSet/yes/88e85150_nohash_1.wav,yes
DataSet/yes/88f3719f_nohash_0.wav,yes
DataSet/yes/88f8a99c_nohash_0.wav,yes
DataSet/yes/890cc926_nohash_0.wav,yes
DataSet/yes/890cc926_nohash_1.wav,yes
DataSet/yes/890cc926_nohash_2.wav,yes
DataSet/yes/890cc926_nohash_3.wav,yes
DataSet/yes/890cc926_nohash_4.wav,yes
DataSet/yes/890e4ee2_nohash_0.wav,yes
DataSet/yes/8931f494_nohash_0.wav,yes
DataSet/yes/8931f494_nohash_1.wav,yes
DataSet/yes/893705bb_nohash_0.wav,yes
DataSet/yes/893705bb_nohash_1.wav,yes
DataSet/yes/893705bb_nohash_2.wav,yes
DataSet/yes/893705bb_nohash_3.wav,yes
DataSet/yes/893705bb_nohash_4.wav,yes
DataSet/yes/893705bb_nohash_5.wav,yes
DataSet/yes/893705bb_nohash_6.wav,yes
DataSet/yes/893705bb_nohash_7.wav,yes
DataSet/yes/89947bd7_nohash_0.wav,yes
DataSet/yes/89947bd7_nohash_1.wav,yes
DataSet/yes/89947bd7_nohash_2.wav,yes
DataSet/yes/89e59d18_nohash_0.wav,yes
DataSet/yes/89f680f3_nohash_0.wav,yes
DataSet/yes/8a0457c9_nohash_0.wav,yes
DataSet/yes/8a28231e_nohash_0.wav,yes
DataSet/yes/8a28231e_nohash_1.wav,yes
DataSet/yes/8a28231e_nohash_2.wav,yes
DataSet/yes/8a28231e_nohash_3.wav,yes
DataSet/yes/8a2d34d7_nohash_0.wav,yes
DataSet/yes/8a56f36e_nohash_0.wav,yes
DataSet/yes/8a5acefd_nohash_0.wav,yes
DataSet/yes/8a5acefd_nohash_1.wav,yes
DataSet/yes/8a744054_nohash_0.wav,yes
DataSet/yes/8a90cf67_nohash_0.wav,yes
DataSet/yes/8a90cf67_nohash_1.wav,yes
DataSet/yes/8a90cf67_nohash_2.wav,yes
DataSet/yes/8a90cf67_nohash_3.wav,yes
DataSet/yes/8b25410a_nohash_0.wav,yes
DataSet/yes/8b25410a_nohash_1.wav,yes
DataSet/yes/8b25410a_nohash_2.wav,yes
DataSet/yes/8b25410a_nohash_3.wav,yes
DataSet/yes/8b25410a_nohash_4.wav,yes
DataSet/yes/8b367d88_nohash_0.wav,yes
DataSet/yes/8b367d88_nohash_1.wav,yes
DataSet/yes/8c3c4715_nohash_0.wav,yes
DataSet/yes/8c7b691a_nohash_0.wav,yes
DataSet/yes/8c7f81df_nohash_0.wav,yes
DataSet/yes/8c7f81df_nohash_1.wav,yes
DataSet/yes/8c888bbb_nohash_0.wav,yes
DataSet/yes/8ca3b1db_nohash_0.wav,yes
DataSet/yes/8d8d9855_nohash_0.wav,yes
DataSet/yes/8d9cc260_nohash_0.wav,yes
DataSet/yes/8d9cc260_nohash_1.wav,yes
DataSet/yes/8d9cc260_nohash_2.wav,yes
DataSet/yes/8d9cc260_nohash_3.wav,yes
DataSet/yes/8d9cc260_nohash_4.wav,yes
DataSet/yes/8dc18a75_nohash_0.wav,yes
DataSet/yes/8dc18a75_nohash_1.wav,yes
DataSet/yes/8dc18a75_nohash_2.wav,yes
DataSet/yes/8dc18a75_nohash_3.wav,yes
DataSet/yes/8dd24423_nohash_0.wav,yes
DataSet/yes/8dd24423_nohash_1.wav,yes
DataSet/yes/8dd788d8_nohash_0.wav,yes
DataSet/yes/8e05039f_nohash_0.wav,yes
DataSet/yes/8e05039f_nohash_1.wav,yes
DataSet/yes/8e05039f_nohash_2.wav,yes
DataSet/yes/8e05039f_nohash_3.wav,yes
DataSet/yes/8e05039f_nohash_4.wav,yes
DataSet/yes/8e080ece_nohash_0.wav,yes
DataSet/yes/8e523821_nohash_0.wav,yes
DataSet/yes/8e523821_nohash_1.wav,yes
DataSet/yes/8e523821_nohash_2.wav,yes
DataSet/yes/8e523821_nohash_3.wav,yes
DataSet/yes/8e523821_nohash_4.wav,yes
DataSet/yes/8e69dc2f_nohash_0.wav,yes
DataSet/yes/8e884ec4_nohash_0.wav,yes
DataSet/yes/8ea22de7_nohash_0.wav,yes
DataSet/yes/8ea22de7_nohash_1.wav,yes
DataSet/yes/8eb4a1bf_nohash_0.wav,yes
DataSet/yes/8eb4a1bf_nohash_1.wav,yes
DataSet/yes/8eb4a1bf_nohash_2.wav,yes
DataSet/yes/8eb4a1bf_nohash_3.wav,yes
DataSet/yes/8eb4a1bf_nohash_4.wav,yes
DataSet/yes/8ec6dab6_nohash_0.wav,yes
DataSet/yes/8ed25ef8_nohash_0.wav,yes
DataSet/yes/8f3f252c_nohash_0.wav,yes
DataSet/yes/8f447c3e_nohash_0.wav,yes
DataSet/yes/8f4c551f_nohash_0.wav,yes
DataSet/yes/8f4c551f_nohash_1.wav,yes
DataSet/yes/8f4c551f_nohash_2.wav,yes
DataSet/yes/8f4c551f_nohash_3.wav,yes
DataSet/yes/8f811bbc_nohash_0.wav,yes
DataSet/yes/8f811bbc_nohash_1.wav,yes
DataSet/yes/8fce59ff_nohash_0.wav,yes
DataSet/yes/8fce59ff_nohash_1.wav,yes
DataSet/yes/8fe52b97_nohash_0.wav,yes
DataSet/yes/8fe67225_nohash_0.wav,yes
DataSet/yes/8fe67225_nohash_1.wav,yes
DataSet/yes/8fe67225_nohash_2.wav,yes
DataSet/yes/8fe67225_nohash_3.wav,yes
DataSet/yes/8fe67225_nohash_4.wav,yes
DataSet/yes/8ff44869_nohash_0.wav,yes
DataSet/yes/902258bb_nohash_0.wav,yes
DataSet/yes/90645155_nohash_0.wav,yes
DataSet/yes/90804775_nohash_0.wav,yes
DataSet/yes/90b0b91a_nohash_0.wav,yes
DataSet/yes/90e72357_nohash_0.wav,yes
DataSet/yes/90e72357_nohash_1.wav,yes
DataSet/yes/90e72357_nohash_2.wav,yes
DataSet/yes/90e72357_nohash_3.wav,yes
DataSet/yes/9151f184_nohash_0.wav,yes
DataSet/yes/9151f184_nohash_1.wav,yes
DataSet/yes/9151f184_nohash_2.wav,yes
DataSet/yes/9151f184_nohash_3.wav,yes
DataSet/yes/9151f184_nohash_4.wav,yes
DataSet/yes/91942e89_nohash_0.wav,yes
DataSet/yes/919d3c0e_nohash_0.wav,yes
DataSet/yes/91b03183_nohash_0.wav,yes
DataSet/yes/91b03183_nohash_1.wav,yes
DataSet/yes/91b03183_nohash_2.wav,yes
DataSet/yes/91b03183_nohash_3.wav,yes
DataSet/yes/91bed2e0_nohash_0.wav,yes
DataSet/yes/91ffb786_nohash_0.wav,yes
DataSet/yes/91ffb786_nohash_1.wav,yes
DataSet/yes/91ffb786_nohash_2.wav,yes
DataSet/yes/91ffb786_nohash_3.wav,yes
DataSet/yes/92037d73_nohash_0.wav,yes
DataSet/yes/9229bff9_nohash_0.wav,yes
DataSet/yes/924c1a04_nohash_0.wav,yes
DataSet/yes/92521ccc_nohash_0.wav,yes
DataSet/yes/92521ccc_nohash_1.wav,yes
DataSet/yes/92521ccc_nohash_2.wav,yes
DataSet/yes/92521ccc_nohash_3.wav,yes
DataSet/yes/928cc2ef_nohash_0.wav,yes
DataSet/yes/92a9c5e6_nohash_0.wav,yes
DataSet/yes/92a9c5e6_nohash_1.wav,yes
DataSet/yes/92a9c5e6_nohash_2.wav,yes
DataSet/yes/92a9c5e6_nohash_3.wav,yes
DataSet/yes/92a9c5e6_nohash_4.wav,yes
DataSet/yes/92b0a735_nohash_0.wav,yes
DataSet/yes/92b2bf59_nohash_0.wav,yes
DataSet/yes/92e17cc4_nohash_0.wav,yes
DataSet/yes/92e17cc4_nohash_1.wav,yes
DataSet/yes/9307154f_nohash_0.wav,yes
DataSet/yes/9307154f_nohash_1.wav,yes
DataSet/yes/9331d34b_nohash_0.wav,yes
DataSet/yes/936de313_nohash_0.wav,yes
DataSet/yes/93cf902e_nohash_0.wav,yes
DataSet/yes/93ec8b84_nohash_0.wav,yes
DataSet/yes/94403ad3_nohash_0.wav,yes
DataSet/yes/9448c397_nohash_0.wav,yes
DataSet/yes/9448c397_nohash_1.wav,yes
DataSet/yes/9448c397_nohash_2.wav,yes
DataSet/yes/9448c397_nohash_3.wav,yes
DataSet/yes/9448c397_nohash_4.wav,yes
DataSet/yes/94c366a3_nohash_0.wav,yes
DataSet/yes/94d370bf_nohash_0.wav,yes
DataSet/yes/94d370bf_nohash_1.wav,yes
DataSet/yes/94d370bf_nohash_2.wav,yes
DataSet/yes/94d370bf_nohash_3.wav,yes
DataSet/yes/94d370bf_nohash_4.wav,yes
DataSet/yes/94de6a6a_nohash_0.wav,yes
DataSet/yes/94de6a6a_nohash_1.wav,yes
DataSet/yes/94de6a6a_nohash_2.wav,yes
DataSet/yes/94de6a6a_nohash_3.wav,yes
DataSet/yes/94de6a6a_nohash_4.wav,yes
DataSet/yes/94e6864f_nohash_0.wav,yes
DataSet/yes/951cac20_nohash_0.wav,yes
DataSet/yes/95218ce8_nohash_0.wav,yes
DataSet/yes/95299b6c_nohash_0.wav,yes
DataSet/yes/953fe1ad_nohash_0.wav,yes
DataSet/yes/953fe1ad_nohash_1.wav,yes
DataSet/yes/953fe1ad_nohash_2.wav,yes
DataSet/yes/953fe1ad_nohash_3.wav,yes
DataSet/yes/953fe1ad_nohash_4.wav,yes
DataSet/yes/954f190f_nohash_0.wav,yes
DataSet/yes/954f190f_nohash_1.wav,yes
DataSet/yes/954f190f_nohash_2.wav,yes
DataSet/yes/9587481f_nohash_0.wav,yes
DataSet/yes/964e8cfd_nohash_0.wav,yes
DataSet/yes/964e8cfd_nohash_1.wav,yes
DataSet/yes/964e8cfd_nohash_2.wav,yes
DataSet/yes/964e8cfd_nohash_3.wav,yes
DataSet/yes/96a48d28_nohash_0.wav,yes
DataSet/yes/96a48d28_nohash_1.wav,yes
DataSet/yes/96a48d28_nohash_2.wav,yes
DataSet/yes/96a48d28_nohash_3.wav,yes
DataSet/yes/96c67073_nohash_0.wav,yes
DataSet/yes/96c67073_nohash_1.wav,yes
DataSet/yes/96cd0255_nohash_0.wav,yes
DataSet/yes/96d5276f_nohash_0.wav,yes
DataSet/yes/96d8bb6f_nohash_0.wav,yes
DataSet/yes/96d8bb6f_nohash_1.wav,yes
DataSet/yes/96d8bb6f_nohash_2.wav,yes
DataSet/yes/96d8bb6f_nohash_3.wav,yes
DataSet/yes/96de5e7f_nohash_0.wav,yes
DataSet/yes/97101ef3_nohash_0.wav,yes
DataSet/yes/977a3be4_nohash_0.wav,yes
DataSet/yes/977a3be4_nohash_1.wav,yes
DataSet/yes/978240e1_nohash_0.wav,yes
DataSet/yes/978240e1_nohash_1.wav,yes
DataSet/yes/978240e1_nohash_2.wav,yes
DataSet/yes/978240e1_nohash_3.wav,yes
DataSet/yes/9785931e_nohash_0.wav,yes
DataSet/yes/97addd88_nohash_0.wav,yes
DataSet/yes/97addd88_nohash_1.wav,yes
DataSet/yes/97ae8b25_nohash_0.wav,yes
DataSet/yes/97ae8b25_nohash_1.wav,yes
DataSet/yes/97cbf436_nohash_0.wav,yes
DataSet/yes/97cbf436_nohash_1.wav,yes
DataSet/yes/97e21567_nohash_0.wav,yes
DataSet/yes/97f4c236_nohash_0.wav,yes
DataSet/yes/97f4c236_nohash_1.wav,yes
DataSet/yes/97f4c236_nohash_2.wav,yes
DataSet/yes/97f4c236_nohash_3.wav,yes
DataSet/yes/97f4c236_nohash_4.wav,yes
DataSet/yes/983577be_nohash_0.wav,yes
DataSet/yes/98447c43_nohash_0.wav,yes
DataSet/yes/98447c43_nohash_1.wav,yes
DataSet/yes/9886d8bf_nohash_0.wav,yes
DataSet/yes/9886d8bf_nohash_1.wav,yes
DataSet/yes/9886d8bf_nohash_2.wav,yes
DataSet/yes/9886d8bf_nohash_3.wav,yes
DataSet/yes/9886d8bf_nohash_4.wav,yes
DataSet/yes/988e2f9a_nohash_0.wav,yes
DataSet/yes/989a2213_nohash_0.wav,yes
DataSet/yes/98ea0818_nohash_0.wav,yes
DataSet/yes/98ea0818_nohash_1.wav,yes
DataSet/yes/98ea0818_nohash_2.wav,yes
DataSet/yes/98ea0818_nohash_3.wav,yes
DataSet/yes/98ea0818_nohash_4.wav,yes
DataSet/yes/98ea0818_nohash_5.wav,yes
DataSet/yes/98ea0818_nohash_6.wav,yes
DataSet/yes/98ea0818_nohash_7.wav,yes
DataSet/yes/990ebd1f_nohash_0.wav,yes
DataSet/yes/997867e7_nohash_0.wav,yes
DataSet/yes/999823db_nohash_0.wav,yes
DataSet/yes/99e6cab8_nohash_0.wav,yes
DataSet/yes/99fad6a0_nohash_0.wav,yes
DataSet/yes/9a2e5b3c_nohash_0.wav,yes
DataSet/yes/9a356ab9_nohash_0.wav,yes
DataSet/yes/9a4d12fd_nohash_0.wav,yes
DataSet/yes/9a4d12fd_nohash_1.wav,yes
DataSet/yes/9a69672b_nohash_0.wav,yes
DataSet/yes/9a69672b_nohash_1.wav,yes
DataSet/yes/9a69672b_nohash_2.wav,yes
DataSet/yes/9a69672b_nohash_3.wav,yes
DataSet/yes/9a69672b_nohash_4.wav,yes
DataSet/yes/9a76f8c3_nohash_0.wav,yes
DataSet/yes/9a76f8c3_nohash_1.wav,yes
DataSet/yes/9a76f8c3_nohash_2.wav,yes
DataSet/yes/9a76f8c3_nohash_3.wav,yes
DataSet/yes/9a76f8c3_nohash_4.wav,yes
DataSet/yes/9a7c1f83_nohash_0.wav,yes
DataSet/yes/9a7c1f83_nohash_1.wav,yes
DataSet/yes/9a7c1f83_nohash_2.wav,yes
DataSet/yes/9a7c1f83_nohash_3.wav,yes
DataSet/yes/9a7c1f83_nohash_4.wav,yes
DataSet/yes/9a7c1f83_nohash_5.wav,yes
DataSet/yes/9aa21fa9_nohash_0.wav,yes
DataSet/yes/9aa21fa9_nohash_1.wav,yes
DataSet/yes/9aa21fa9_nohash_2.wav,yes
DataSet/yes/9aa21fa9_nohash_3.wav,yes
DataSet/yes/9aa21fa9_nohash_4.wav,yes
DataSet/yes/9b027ecf_nohash_0.wav,yes
DataSet/yes/9b027ecf_nohash_1.wav,yes
DataSet/yes/9b027ecf_nohash_2.wav,yes
DataSet/yes/9b02d503_nohash_0.wav,yes
DataSet/yes/9b02d503_nohash_1.wav,yes
DataSet/yes/9b02d503_nohash_2.wav,yes
DataSet/yes/9b02d503_nohash_3.wav,yes
DataSet/yes/9b3ea809_nohash_0.wav,yes
DataSet/yes/9b402bc2_nohash_0.wav,yes
DataSet/yes/9b402bc2_nohash_1.wav,yes
DataSet/yes/9b5815cd_nohash_0.wav,yes
DataSet/yes/9b5815cd_nohash_1.wav,yes
DataSet/yes/9b6c08ba_nohash_0.wav,yes
DataSet/yes/9b6c08ba_nohash_1.wav,yes
DataSet/yes/9b6c08ba_nohash_2.wav,yes
DataSet/yes/9b8a7439_nohash_0.wav,yes
DataSet/yes/9b8a7439_nohash_1.wav,yes
DataSet/yes/9b8a7439_nohash_2.wav,yes
DataSet/yes/9b8a7439_nohash_3.wav,yes
DataSet/yes/9b8a7439_nohash_4.wav,yes
DataSet/yes/9be15e93_nohash_0.wav,yes
DataSet/yes/9be15e93_nohash_1.wav,yes
DataSet/yes/9be15e93_nohash_2.wav,yes
DataSet/yes/9be15e93_nohash_3.wav,yes
DataSet/yes/9be15e93_nohash_4.wav,yes
DataSet/yes/9bea2ac7_nohash_0.wav,yes
DataSet/yes/9beccfc8_nohash_0.wav,yes
DataSet/yes/9c06a3f3_nohash_0.wav,yes
DataSet/yes/9c06a3f3_nohash_1.wav,yes
DataSet/yes/9c06a3f3_nohash_2.wav,yes
DataSet/yes/9c24bc76_nohash_0.wav,yes
DataSet/yes/9c24bc76_nohash_1.wav,yes
DataSet/yes/9c59dd28_nohash_0.wav,yes
DataSet/yes/9c59dd28_nohash_1.wav,yes
DataSet/yes/9c59dd28_nohash_2.wav,yes
DataSet/yes/9ce7a419_nohash_0.wav,yes
DataSet/yes/9d050657_nohash_0.wav,yes
DataSet/yes/9d050657_nohash_1.wav,yes
DataSet/yes/9d171fee_nohash_0.wav,yes
DataSet/yes/9d7036f9_nohash_0.wav,yes
DataSet/yes/9d7036f9_nohash_1.wav,yes
DataSet/yes/9d7036f9_nohash_2.wav,yes
DataSet/yes/9db2bfe9_nohash_0.wav,yes
DataSet/yes/9db2bfe9_nohash_1.wav,yes
DataSet/yes/9db2bfe9_nohash_2.wav,yes
DataSet/yes/9db2bfe9_nohash_3.wav,yes
DataSet/yes/9e2ce5e3_nohash_0.wav,yes
DataSet/yes/9e92ef0c_nohash_0.wav,yes
DataSet/yes/9e92ef0c_nohash_1.wav,yes
DataSet/yes/9e92ef0c_nohash_2.wav,yes
DataSet/yes/9e92ef0c_nohash_3.wav,yes
DataSet/yes/9e92ef0c_nohash_4.wav,yes
DataSet/yes/9ef5db3c_nohash_0.wav,yes
DataSet/yes/9efe5140_nohash_0.wav,yes
DataSet/yes/9efe5140_nohash_1.wav,yes
DataSet/yes/9f4098cb_nohash_0.wav,yes
DataSet/yes/9f869f70_nohash_0.wav,yes
DataSet/yes/9f869f70_nohash_1.wav,yes
DataSet/yes/9f869f70_nohash_2.wav,yes
DataSet/yes/9f92fb7c_nohash_0.wav,yes
DataSet/yes/9f93e408_nohash_0.wav,yes
DataSet/yes/9f93e408_nohash_1.wav,yes
DataSet/yes/9f93e408_nohash_2.wav,yes
DataSet/yes/9f93e408_nohash_3.wav,yes
DataSet/yes/9fa86a74_nohash_0.wav,yes
DataSet/yes/9fac5701_nohash_0.wav,yes
DataSet/yes/9fac5701_nohash_1.wav,yes
DataSet/yes/9fac5701_nohash_2.wav,yes
DataSet/yes/9fac5701_nohash_3.wav,yes
DataSet/yes/9fac5701_nohash_4.wav,yes
DataSet/yes/9ff1b8b6_nohash_0.wav,yes
DataSet/yes/9ff1b8b6_nohash_1.wav,yes
DataSet/yes/9ff2d2f4_nohash_0.wav,yes
DataSet/yes/9ff2d2f4_nohash_1.wav,yes
DataSet/yes/9ff2d2f4_nohash_2.wav,yes
DataSet/yes/9ff2d2f4_nohash_3.wav,yes
DataSet/yes/9ff2d2f4_nohash_4.wav,yes
DataSet/yes/a045368c_nohash_0.wav,yes
DataSet/yes/a045368c_nohash_1.wav,yes
DataSet/yes/a045368c_nohash_2.wav,yes
DataSet/yes/a045368c_nohash_3.wav,yes
DataSet/yes/a045368c_nohash_4.wav,yes
DataSet/yes/a04817c2_nohash_0.wav,yes
DataSet/yes/a04817c2_nohash_1.wav,yes
DataSet/yes/a04817c2_nohash_2.wav,yes
DataSet/yes/a04817c2_nohash_3.wav,yes
DataSet/yes/a04817c2_nohash_4.wav,yes
DataSet/yes/a05a90c1_nohash_0.wav,yes
DataSet/yes/a05a90c1_nohash_1.wav,yes
DataSet/yes/a05a90c1_nohash_2.wav,yes
DataSet/yes/a05a90c1_nohash_3.wav,yes
DataSet/yes/a05a90c1_nohash_4.wav,yes
DataSet/yes/a0f93943_nohash_0.wav,yes
DataSet/yes/a0f93943_nohash_1.wav,yes
DataSet/yes/a13e0a74_nohash_0.wav,yes
DataSet/yes/a16013b7_nohash_0.wav,yes
DataSet/yes/a16013b7_nohash_1.wav,yes
DataSet/yes/a16013b7_nohash_2.wav,yes
DataSet/yes/a16013b7_nohash_3.wav,yes
DataSet/yes/a16013b7_nohash_4.wav,yes
DataSet/yes/a16b3102_nohash_0.wav,yes
DataSet/yes/a19452d5_nohash_0.wav,yes
DataSet/yes/a1cf7fd8_nohash_0.wav,yes
DataSet/yes/a1cf7fd8_nohash_1.wav,yes
DataSet/yes/a1cf7fd8_nohash_2.wav,yes
DataSet/yes/a1cf7fd8_nohash_3.wav,yes
DataSet/yes/a1cff772_nohash_0.wav,yes
DataSet/yes/a1cff772_nohash_1.wav,yes
DataSet/yes/a1cff772_nohash_2.wav,yes
DataSet/yes/a1dd919f_nohash_0.wav,yes
DataSet/yes/a1e71565_nohash_0.wav,yes
DataSet/yes/a1e71565_nohash_1.wav,yes
DataSet/yes/a1e71565_nohash_2.wav,yes
DataSet/yes/a1e71565_nohash_3.wav,yes
DataSet/yes/a1e71565_nohash_4.wav,yes
DataSet/yes/a24582a0_nohash_0.wav,yes
DataSet/yes/a24cf51c_nohash_0.wav,yes
DataSet/yes/a2b16113_nohash_0.wav,yes
DataSet/yes/a2cc5444_nohash_0.wav,yes
DataSet/yes/a2cc5444_nohash_1.wav,yes
DataSet/yes/a2cc5444_nohash_2.wav,yes
DataSet/yes/a2cc5444_nohash_3.wav,yes
DataSet/yes/a2cc5444_nohash_4.wav,yes
DataSet/yes/a2fefcb4_nohash_0.wav,yes
DataSet/yes/a331d9cb_nohash_0.wav,yes
DataSet/yes/a3518e99_nohash_0.wav,yes
DataSet/yes/a3fc7884_nohash_0.wav,yes
DataSet/yes/a3fc7884_nohash_1.wav,yes
DataSet/yes/a434d52e_nohash_0.wav,yes
DataSet/yes/a434d52e_nohash_1.wav,yes
DataSet/yes/a489191a_nohash_0.wav,yes
DataSet/yes/a489191a_nohash_1.wav,yes
DataSet/yes/a489191a_nohash_2.wav,yes
DataSet/yes/a489191a_nohash_3.wav,yes
DataSet/yes/a489191a_nohash_4.wav,yes
DataSet/yes/a4b21cbc_nohash_0.wav,yes
DataSet/yes/a4e8a997_nohash_0.wav,yes
DataSet/yes/a50a98d2_nohash_0.wav,yes
DataSet/yes/a55105d0_nohash_0.wav,yes
DataSet/yes/a55105d0_nohash_1.wav,yes
DataSet/yes/a55105d0_nohash_2.wav,yes
DataSet/yes/a55105d0_nohash_3.wav,yes
DataSet/yes/a5609cce_nohash_0.wav,yes
DataSet/yes/a56859ea_nohash_0.wav,yes
DataSet/yes/a591c2ea_nohash_0.wav,yes
DataSet/yes/a591c2ea_nohash_1.wav,yes
DataSet/yes/a5b24175_nohash_0.wav,yes
DataSet/yes/a5b24175_nohash_1.wav,yes
DataSet/yes/a5b24175_nohash_2.wav,yes
DataSet/yes/a5d1becc_nohash_0.wav,yes
DataSet/yes/a5d1becc_nohash_1.wav,yes
DataSet/yes/a5d1becc_nohash_2.wav,yes
DataSet/yes/a5d1becc_nohash_3.wav,yes
DataSet/yes/a5d1becc_nohash_4.wav,yes
DataSet/yes/a5d485dc_nohash_0.wav,yes
DataSet/yes/a5d485dc_nohash_1.wav,yes
DataSet/yes/a5d485dc_nohash_2.wav,yes
DataSet/yes/a60a09cf_nohash_0.wav,yes
DataSet/yes/a60a09cf_nohash_1.wav,yes
DataSet/yes/a6285644_nohash_0.wav,yes
DataSet/yes/a62f807b_nohash_0.wav,yes
DataSet/yes/a6d586b7_nohash_0.wav,yes
DataSet/yes/a6d586b7_nohash_1.wav,yes
DataSet/yes/a6d586b7_nohash_2.wav,yes
DataSet/yes/a6f2fd71_nohash_0.wav,yes
DataSet/yes/a6f2fd71_nohash_1.wav,yes
DataSet/yes/a6f2fd71_nohash_2.wav,yes
DataSet/yes/a6f2fd71_nohash_3.wav,yes
DataSet/yes/a6f2fd71_nohash_4.wav,yes
DataSet/yes/a709ddd3_nohash_0.wav,yes
DataSet/yes/a7200079_nohash_0.wav,yes
DataSet/yes/a7200079_nohash_1.wav,yes
DataSet/yes/a7200079_nohash_2.wav,yes
DataSet/yes/a7200079_nohash_3.wav,yes
DataSet/yes/a7200079_nohash_4.wav,yes
DataSet/yes/a7216980_nohash_0.wav,yes
DataSet/yes/a7216980_nohash_1.wav,yes
DataSet/yes/a7216980_nohash_2.wav,yes
DataSet/yes/a7216980_nohash_3.wav,yes
DataSet/yes/a7216980_nohash_4.wav,yes
DataSet/yes/a74f3917_nohash_0.wav,yes
DataSet/yes/a7545b9f_nohash_0.wav,yes
DataSet/yes/a7545b9f_nohash_1.wav,yes
DataSet/yes/a77fbcfd_nohash_0.wav,yes
DataSet/yes/a77fbcfd_nohash_1.wav,yes
DataSet/yes/a77fbcfd_nohash_2.wav,yes
DataSet/yes/a77fbcfd_nohash_3.wav,yes
DataSet/yes/a77fbcfd_nohash_4.wav,yes
DataSet/yes/a7acbbeb_nohash_0.wav,yes
DataSet/yes/a7acbbeb_nohash_1.wav,yes
DataSet/yes/a7acbbeb_nohash_2.wav,yes
DataSet/yes/a7acbbeb_nohash_3.wav,yes
DataSet/yes/a7dd45cf_nohash_0.wav,yes
DataSet/yes/a80f9f53_nohash_0.wav,yes
DataSet/yes/a827e3a1_nohash_0.wav,yes
DataSet/yes/a84dee7b_nohash_0.wav,yes
DataSet/yes/a84dee7b_nohash_1.wav,yes
DataSet/yes/a8688b67_nohash_0.wav,yes
DataSet/yes/a8688b67_nohash_1.wav,yes
DataSet/yes/a879a2c3_nohash_0.wav,yes
DataSet/yes/a8cb6dda_nohash_0.wav,yes
DataSet/yes/a8e25ebb_nohash_0.wav,yes
DataSet/yes/a902ce9b_nohash_0.wav,yes
DataSet/yes/a928cc5b_nohash_0.wav,yes
DataSet/yes/a929f9b9_nohash_0.wav,yes
DataSet/yes/a929f9b9_nohash_1.wav,yes
DataSet/yes/a929f9b9_nohash_2.wav,yes
DataSet/yes/a929f9b9_nohash_3.wav,yes
DataSet/yes/a929f9b9_nohash_4.wav,yes
DataSet/yes/a95dbfd4_nohash_0.wav,yes
DataSet/yes/a97017df_nohash_0.wav,yes
DataSet/yes/a996cf66_nohash_0.wav,yes
DataSet/yes/a9b4c2ef_nohash_0.wav,yes
DataSet/yes/a9ca1818_nohash_0.wav,yes
DataSet/yes/a9ca1818_nohash_1.wav,yes
DataSet/yes/a9ca1818_nohash_2.wav,yes
DataSet/yes/a9ca1818_nohash_3.wav,yes
DataSet/yes/a9ca1818_nohash_4.wav,yes
DataSet/yes/a9f38bae_nohash_0.wav,yes
DataSet/yes/a9f38bae_nohash_1.wav,yes
DataSet/yes/a9f54d8d_nohash_0.wav,yes
DataSet/yes/aa109cfb_nohash_0.wav,yes
DataSet/yes/aa233654_nohash_0.wav,yes
DataSet/yes/aa48c94a_nohash_0.wav,yes
DataSet/yes/aa753bb9_nohash_0.wav,yes
DataSet/yes/aa753bb9_nohash_1.wav,yes
DataSet/yes/aa753bb9_nohash_2.wav,yes
DataSet/yes/aa80f517_nohash_0.wav,yes
DataSet/yes/aa80f517_nohash_1.wav,yes
DataSet/yes/aa80f517_nohash_2.wav,yes
DataSet/yes/aa80f517_nohash_3.wav,yes
DataSet/yes/aa80f517_nohash_4.wav,yes
DataSet/yes/aac5b7c1_nohash_0.wav,yes
DataSet/yes/ab1299bb_nohash_0.wav,yes
DataSet/yes/ab46af55_nohash_0.wav,yes
DataSet/yes/ab46af55_nohash_1.wav,yes
DataSet/yes/ab46af55_nohash_2.wav,yes
DataSet/yes/ab46af55_nohash_3.wav,yes
DataSet/yes/ab46af55_nohash_4.wav,yes
DataSet/yes/ab46af55_nohash_5.wav,yes
DataSet/yes/ab46af55_nohash_6.wav,yes
DataSet/yes/ab46af55_nohash_7.wav,yes
DataSet/yes/ab46af55_nohash_8.wav,yes
DataSet/yes/ab5ae445_nohash_0.wav,yes
DataSet/yes/ab5ae445_nohash_1.wav,yes
DataSet/yes/ab5d7179_nohash_0.wav,yes
DataSet/yes/ab7b5acd_nohash_0.wav,yes
DataSet/yes/ab81c9c8_nohash_0.wav,yes
DataSet/yes/ab9b93e4_nohash_0.wav,yes
DataSet/yes/ab9b93e4_nohash_1.wav,yes
DataSet/yes/ab9b93e4_nohash_2.wav,yes
DataSet/yes/abbfc3b4_nohash_0.wav,yes
DataSet/yes/abbfc3b4_nohash_1.wav,yes
DataSet/yes/ac4b3fc3_nohash_0.wav,yes
DataSet/yes/ac4b3fc3_nohash_1.wav,yes
DataSet/yes/ac7840d8_nohash_0.wav,yes
DataSet/yes/ac7840d8_nohash_1.wav,yes
DataSet/yes/ac7840d8_nohash_2.wav,yes
DataSet/yes/ac899eb7_nohash_0.wav,yes
DataSet/yes/ac9dee0e_nohash_0.wav,yes
DataSet/yes/ac9dee0e_nohash_1.wav,yes
DataSet/yes/ac9dee0e_nohash_2.wav,yes
DataSet/yes/ac9dee0e_nohash_3.wav,yes
DataSet/yes/ac9dee0e_nohash_4.wav,yes
DataSet/yes/acde7e73_nohash_0.wav,yes
DataSet/yes/ace072ba_nohash_0.wav,yes
DataSet/yes/ace072ba_nohash_1.wav,yes
DataSet/yes/ace072ba_nohash_2.wav,yes
DataSet/yes/ace072ba_nohash_3.wav,yes
DataSet/yes/ace072ba_nohash_4.wav,yes
DataSet/yes/acfd3bc3_nohash_0.wav,yes
DataSet/yes/acfd5b5e_nohash_0.wav,yes
DataSet/yes/acfd5b5e_nohash_1.wav,yes
DataSet/yes/acfd5b5e_nohash_2.wav,yes
DataSet/yes/acfd5b5e_nohash_3.wav,yes
DataSet/yes/acfd5b5e_nohash_4.wav,yes
DataSet/yes/ad526ada_nohash_0.wav,yes
DataSet/yes/ad63d93c_nohash_0.wav,yes
DataSet/yes/ad63d93c_nohash_1.wav,yes
DataSet/yes/ad63d93c_nohash_2.wav,yes
DataSet/yes/ad63d93c_nohash_3.wav,yes
DataSet/yes/ad63d93c_nohash_4.wav,yes
DataSet/yes/ad6a46f1_nohash_0.wav,yes
DataSet/yes/ad89eb1e_nohash_0.wav,yes
DataSet/yes/ad89eb1e_nohash_1.wav,yes
DataSet/yes/ad89eb1e_nohash_2.wav,yes
DataSet/yes/adc216c5_nohash_0.wav,yes
DataSet/yes/adebe223_nohash_0.wav,yes
DataSet/yes/adec6a94_nohash_0.wav,yes
DataSet/yes/adec6a94_nohash_1.wav,yes
DataSet/yes/ae04cdbe_nohash_0.wav,yes
DataSet/yes/ae71797c_nohash_0.wav,yes
DataSet/yes/ae82c78c_nohash_0.wav,yes
DataSet/yes/ae927455_nohash_0.wav,yes
DataSet/yes/aeb99b1c_nohash_0.wav,yes
DataSet/yes/aeb99b1c_nohash_1.wav,yes
DataSet/yes/aef8dcf5_nohash_0.wav,yes
DataSet/yes/af405b69_nohash_0.wav,yes
DataSet/yes/af6fbbf5_nohash_0.wav,yes
DataSet/yes/af6fbbf5_nohash_1.wav,yes
DataSet/yes/af6fbbf5_nohash_2.wav,yes
DataSet/yes/af790082_nohash_0.wav,yes
DataSet/yes/af790082_nohash_1.wav,yes
DataSet/yes/af790082_nohash_2.wav,yes
DataSet/yes/af790082_nohash_3.wav,yes
DataSet/yes/af790082_nohash_4.wav,yes
DataSet/yes/af7a8296_nohash_0.wav,yes
DataSet/yes/af7a8296_nohash_1.wav,yes
DataSet/yes/af7a8296_nohash_2.wav,yes
DataSet/yes/af7a8296_nohash_3.wav,yes
DataSet/yes/afabfa0e_nohash_0.wav,yes
DataSet/yes/afd53389_nohash_0.wav,yes
DataSet/yes/afe0b87d_nohash_0.wav,yes
DataSet/yes/aff582a1_nohash_0.wav,yes
DataSet/yes/aff582a1_nohash_1.wav,yes
DataSet/yes/aff582a1_nohash_2.wav,yes
DataSet/yes/aff582a1_nohash_3.wav,yes
DataSet/yes/aff582a1_nohash_4.wav,yes
DataSet/yes/b00c4c53_nohash_0.wav,yes
DataSet/yes/b00c4c53_nohash_1.wav,yes
DataSet/yes/b00dff7e_nohash_0.wav,yes
DataSet/yes/b087aa0e_nohash_0.wav,yes
DataSet/yes/b089169d_nohash_0.wav,yes
DataSet/yes/b0ae6326_nohash_0.wav,yes
DataSet/yes/b0ae6326_nohash_1.wav,yes
DataSet/yes/b0ae6326_nohash_2.wav,yes
DataSet/yes/b0ae6326_nohash_3.wav,yes
DataSet/yes/b0bad4a9_nohash_0.wav,yes
DataSet/yes/b0bad4a9_nohash_1.wav,yes
DataSet/yes/b0bad4a9_nohash_2.wav,yes
DataSet/yes/b0f5b16d_nohash_0.wav,yes
DataSet/yes/b0f5b16d_nohash_1.wav,yes
DataSet/yes/b0f5b16d_nohash_2.wav,yes
DataSet/yes/b0f5b16d_nohash_3.wav,yes
DataSet/yes/b0f5b16d_nohash_4.wav,yes
DataSet/yes/b15fc37d_nohash_0.wav,yes
DataSet/yes/b19f7f5f_nohash_0.wav,yes
DataSet/yes/b21f0fa4_nohash_0.wav,yes
DataSet/yes/b25b6065_nohash_0.wav,yes
DataSet/yes/b25b6065_nohash_1.wav,yes
DataSet/yes/b29f8b23_nohash_0.wav,yes
DataSet/yes/b29f8b23_nohash_1.wav,yes
DataSet/yes/b29f8b23_nohash_2.wav,yes
DataSet/yes/b29f8b23_nohash_3.wav,yes
DataSet/yes/b29f8b23_nohash_4.wav,yes
DataSet/yes/b2ae3928_nohash_0.wav,yes
DataSet/yes/b2ae3928_nohash_1.wav,yes
DataSet/yes/b2ae3928_nohash_2.wav,yes
DataSet/yes/b2ae3928_nohash_3.wav,yes
DataSet/yes/b2ae3928_nohash_4.wav,yes
DataSet/yes/b2e2773a_nohash_0.wav,yes
DataSet/yes/b308773d_nohash_0.wav,yes
DataSet/yes/b308773d_nohash_1.wav,yes
DataSet/yes/b308773d_nohash_2.wav,yes
DataSet/yes/b308773d_nohash_3.wav,yes
DataSet/yes/b31ad508_nohash_0.wav,yes
DataSet/yes/b36c27c2_nohash_0.wav,yes
DataSet/yes/b3bb4dd6_nohash_0.wav,yes
DataSet/yes/b414c653_nohash_0.wav,yes
DataSet/yes/b414c653_nohash_1.wav,yes
DataSet/yes/b414c653_nohash_2.wav,yes
DataSet/yes/b414c653_nohash_3.wav,yes
DataSet/yes/b414c653_nohash_4.wav,yes
DataSet/yes/b41a92a3_nohash_0.wav,yes
DataSet/yes/b433332a_nohash_0.wav,yes
DataSet/yes/b43c8f2f_nohash_0.wav,yes
DataSet/yes/b43c8f2f_nohash_1.wav,yes
DataSet/yes/b43de700_nohash_0.wav,yes
DataSet/yes/b43de700_nohash_1.wav,yes
DataSet/yes/b46e8153_nohash_0.wav,yes
DataSet/yes/b487da60_nohash_0.wav,yes
DataSet/yes/b49caed3_nohash_0.wav,yes
DataSet/yes/b49caed3_nohash_1.wav,yes
DataSet/yes/b49caed3_nohash_2.wav,yes
DataSet/yes/b49caed3_nohash_3.wav,yes
DataSet/yes/b49caed3_nohash_4.wav,yes
DataSet/yes/b4aa9fef_nohash_0.wav,yes
DataSet/yes/b4aa9fef_nohash_1.wav,yes
DataSet/yes/b4aa9fef_nohash_2.wav,yes
DataSet/yes/b4aa9fef_nohash_3.wav,yes
DataSet/yes/b4aa9fef_nohash_4.wav,yes
DataSet/yes/b4bef564_nohash_0.wav,yes
DataSet/yes/b4ea0d9a_nohash_0.wav,yes
DataSet/yes/b4ea0d9a_nohash_1.wav,yes
DataSet/yes/b4ea0d9a_nohash_2.wav,yes
DataSet/yes/b4ea0d9a_nohash_3.wav,yes
DataSet/yes/b4ea0d9a_nohash_4.wav,yes
DataSet/yes/b4ea0d9a_nohash_5.wav,yes
DataSet/yes/b4ea0d9a_nohash_6.wav,yes
DataSet/yes/b4ea0d9a_nohash_7.wav,yes
DataSet/yes/b528edb3_nohash_0.wav,yes
DataSet/yes/b528edb3_nohash_1.wav,yes
DataSet/yes/b528edb3_nohash_2.wav,yes
DataSet/yes/b528edb3_nohash_3.wav,yes
DataSet/yes/b52bd596_nohash_0.wav,yes
DataSet/yes/b5552931_nohash_0.wav,yes
DataSet/yes/b5552931_nohash_1.wav,yes
DataSet/yes/b5552931_nohash_2.wav,yes
DataSet/yes/b5552931_nohash_3.wav,yes
DataSet/yes/b5552931_nohash_4.wav,yes
DataSet/yes/b575b5fb_nohash_0.wav,yes
DataSet/yes/b5935410_nohash_0.wav,yes
DataSet/yes/b5aacf2c_nohash_0.wav,yes
DataSet/yes/b5cf6ea8_nohash_0.wav,yes
DataSet/yes/b5cf6ea8_nohash_1.wav,yes
DataSet/yes/b5cf6ea8_nohash_2.wav,yes
DataSet/yes/b5cf6ea8_nohash_3.wav,yes
DataSet/yes/b5cf6ea8_nohash_4.wav,yes
DataSet/yes/b5cf6ea8_nohash_5.wav,yes
DataSet/yes/b5cf6ea8_nohash_6.wav,yes
DataSet/yes/b5cf6ea8_nohash_7.wav,yes
DataSet/yes/b5eb4f9b_nohash_0.wav,yes
DataSet/yes/b6026214_nohash_0.wav,yes
DataSet/yes/b63fea9e_nohash_0.wav,yes
DataSet/yes/b6573c88_nohash_0.wav,yes
DataSet/yes/b66f4f93_nohash_0.wav,yes
DataSet/yes/b66f4f93_nohash_1.wav,yes
DataSet/yes/b66f4f93_nohash_2.wav,yes
DataSet/yes/b66f4f93_nohash_3.wav,yes
DataSet/yes/b66f4f93_nohash_4.wav,yes
DataSet/yes/b66f4f93_nohash_5.wav,yes
DataSet/yes/b66f4f93_nohash_6.wav,yes
DataSet/yes/b66f4f93_nohash_7.wav,yes
DataSet/yes/b66f4f93_nohash_8.wav,yes
DataSet/yes/b66f4f93_nohash_9.wav,yes
DataSet/yes/b69002d4_nohash_0.wav,yes
DataSet/yes/b69002d4_nohash_1.wav,yes
DataSet/yes/b69002d4_nohash_2.wav,yes
DataSet/yes/b69002d4_nohash_3.wav,yes
DataSet/yes/b69002d4_nohash_4.wav,yes
DataSet/yes/b69fe0e2_nohash_0.wav,yes
DataSet/yes/b69fe0e2_nohash_1.wav,yes
DataSet/yes/b69fe0e2_nohash_2.wav,yes
DataSet/yes/b69fe0e2_nohash_3.wav,yes
DataSet/yes/b6d11c9b_nohash_0.wav,yes
DataSet/yes/b6e6aa2e_nohash_0.wav,yes
DataSet/yes/b6ebe225_nohash_0.wav,yes
DataSet/yes/b6ebe225_nohash_1.wav,yes
DataSet/yes/b71ebf79_nohash_0.wav,yes
DataSet/yes/b72e58c9_nohash_0.wav,yes
DataSet/yes/b737ee80_nohash_0.wav,yes
DataSet/yes/b737ee80_nohash_1.wav,yes
DataSet/yes/b76f6088_nohash_0.wav,yes
DataSet/yes/b76f6088_nohash_1.wav,yes
DataSet/yes/b76f6088_nohash_2.wav,yes
DataSet/yes/b76f6088_nohash_3.wav,yes
DataSet/yes/b7a0754f_nohash_0.wav,yes
DataSet/yes/b7a0754f_nohash_1.wav,yes
DataSet/yes/b7a0754f_nohash_2.wav,yes
DataSet/yes/b7a0754f_nohash_3.wav,yes
DataSet/yes/b7a0754f_nohash_4.wav,yes
DataSet/yes/b7a6f709_nohash_0.wav,yes
DataSet/yes/b7e9f841_nohash_0.wav,yes
DataSet/yes/b80d6c5e_nohash_0.wav,yes
DataSet/yes/b80d6c5e_nohash_1.wav,yes
DataSet/yes/b83c1acf_nohash_0.wav,yes
DataSet/yes/b83c1acf_nohash_1.wav,yes
DataSet/yes/b83c1acf_nohash_2.wav,yes
DataSet/yes/b83c1acf_nohash_3.wav,yes
DataSet/yes/b83c1acf_nohash_4.wav,yes
DataSet/yes/b84f83d2_nohash_0.wav,yes
DataSet/yes/b84f83d2_nohash_1.wav,yes
DataSet/yes/b87bdb22_nohash_0.wav,yes
DataSet/yes/b87bdb22_nohash_1.wav,yes
DataSet/yes/b87bdb22_nohash_2.wav,yes
DataSet/yes/b87bdb22_nohash_3.wav,yes
DataSet/yes/b8874962_nohash_0.wav,yes
DataSet/yes/b8874962_nohash_1.wav,yes
DataSet/yes/b8874962_nohash_2.wav,yes
DataSet/yes/b8874962_nohash_3.wav,yes
DataSet/yes/b8874962_nohash_4.wav,yes
DataSet/yes/b8897f1c_nohash_0.wav,yes
DataSet/yes/b91b718c_nohash_0.wav,yes
DataSet/yes/b91b718c_nohash_1.wav,yes
DataSet/yes/b91b718c_nohash_2.wav,yes
DataSet/yes/b91b718c_nohash_3.wav,yes
DataSet/yes/b93528e3_nohash_0.wav,yes
DataSet/yes/b93528e3_nohash_1.wav,yes
DataSet/yes/b9515bf3_nohash_0.wav,yes
DataSet/yes/b9515bf3_nohash_1.wav,yes
DataSet/yes/b9515bf3_nohash_2.wav,yes
DataSet/yes/b9515bf3_nohash_3.wav,yes
DataSet/yes/b9515bf3_nohash_4.wav,yes
DataSet/yes/b959cd0c_nohash_0.wav,yes
DataSet/yes/b97c9f77_nohash_0.wav,yes
DataSet/yes/b97c9f77_nohash_1.wav,yes
DataSet/yes/b97c9f77_nohash_2.wav,yes
DataSet/yes/b97c9f77_nohash_3.wav,yes
DataSet/yes/b97c9f77_nohash_4.wav,yes
DataSet/yes/b9cccd01_nohash_0.wav,yes
DataSet/yes/b9db6e42_nohash_0.wav,yes
DataSet/yes/b9db6e42_nohash_1.wav,yes
DataSet/yes/b9f46737_nohash_0.wav,yes
DataSet/yes/b9f46737_nohash_1.wav,yes
DataSet/yes/b9f46737_nohash_2.wav,yes
DataSet/yes/b9f46737_nohash_3.wav,yes
DataSet/yes/b9f46737_nohash_4.wav,yes
DataSet/yes/ba676390_nohash_0.wav,yes
DataSet/yes/bab36420_nohash_0.wav,yes
DataSet/yes/bab36420_nohash_1.wav,yes
DataSet/yes/bab36420_nohash_2.wav,yes
DataSet/yes/bab36420_nohash_3.wav,yes
DataSet/yes/baeac2ba_nohash_0.wav,yes
DataSet/yes/baeac2ba_nohash_1.wav,yes
DataSet/yes/baeac2ba_nohash_2.wav,yes
DataSet/yes/baeac2ba_nohash_3.wav,yes
DataSet/yes/baf01c1f_nohash_0.wav,yes
DataSet/yes/baf01c1f_nohash_1.wav,yes
DataSet/yes/bb05582b_nohash_0.wav,yes
DataSet/yes/bb05582b_nohash_1.wav,yes
DataSet/yes/bb05582b_nohash_2.wav,yes
DataSet/yes/bb05582b_nohash_3.wav,yes
DataSet/yes/bb05582b_nohash_4.wav,yes
DataSet/yes/bb6d4301_nohash_0.wav,yes
DataSet/yes/bb6d4301_nohash_1.wav,yes
DataSet/yes/bb6d4301_nohash_2.wav,yes
DataSet/yes/bb6d4301_nohash_3.wav,yes
DataSet/yes/bb6d4301_nohash_4.wav,yes
DataSet/yes/bbaa7946_nohash_0.wav,yes
DataSet/yes/bbbf4fbd_nohash_0.wav,yes
DataSet/yes/bbc30633_nohash_0.wav,yes
DataSet/yes/bbc30633_nohash_1.wav,yes
DataSet/yes/bbc30633_nohash_2.wav,yes
DataSet/yes/bbc30633_nohash_3.wav,yes
DataSet/yes/bbc30633_nohash_4.wav,yes
DataSet/yes/bbd0bbd0_nohash_0.wav,yes
DataSet/yes/bbd0bbd0_nohash_1.wav,yes
DataSet/yes/bbd0bbd0_nohash_2.wav,yes
DataSet/yes/bbd0bbd0_nohash_3.wav,yes
DataSet/yes/bbd0bbd0_nohash_4.wav,yes
DataSet/yes/bbf38549_nohash_0.wav,yes
DataSet/yes/bbf38549_nohash_1.wav,yes
DataSet/yes/bbf38549_nohash_2.wav,yes
DataSet/yes/bbf38549_nohash_3.wav,yes
DataSet/yes/bbf38549_nohash_4.wav,yes
DataSet/yes/bc065a17_nohash_0.wav,yes
DataSet/yes/bc196f81_nohash_0.wav,yes
DataSet/yes/bc196f81_nohash_1.wav,yes
DataSet/yes/bc999754_nohash_0.wav,yes
DataSet/yes/bca56796_nohash_0.wav,yes
DataSet/yes/bcf614a2_nohash_0.wav,yes
DataSet/yes/bcf614a2_nohash_1.wav,yes
DataSet/yes/bcf614a2_nohash_2.wav,yes
DataSet/yes/bcf614a2_nohash_3.wav,yes
DataSet/yes/bd11a2e7_nohash_0.wav,yes
DataSet/yes/bd11a2e7_nohash_1.wav,yes
DataSet/yes/bd2db1a5_nohash_0.wav,yes
DataSet/yes/bd76a7fd_nohash_0.wav,yes
DataSet/yes/bd76a7fd_nohash_1.wav,yes
DataSet/yes/bd76a7fd_nohash_2.wav,yes
DataSet/yes/bd76a7fd_nohash_3.wav,yes
DataSet/yes/bd76a7fd_nohash_4.wav,yes
DataSet/yes/bd76a7fd_nohash_5.wav,yes
DataSet/yes/bd76a7fd_nohash_6.wav,yes
DataSet/yes/bd76a7fd_nohash_7.wav,yes
DataSet/yes/bd8412df_nohash_0.wav,yes
DataSet/yes/bdd22e4d_nohash_0.wav,yes
DataSet/yes/bdd22e4d_nohash_1.wav,yes
DataSet/yes/bdd22e4d_nohash_2.wav,yes
DataSet/yes/bdd22e4d_nohash_3.wav,yes
DataSet/yes/bdd22e4d_nohash_4.wav,yes
DataSet/yes/bde0f20a_nohash_0.wav,yes
DataSet/yes/bde0f20a_nohash_1.wav,yes
DataSet/yes/bde0f20a_nohash_2.wav,yes
DataSet/yes/bde0f20a_nohash_3.wav,yes
DataSet/yes/bde0f20a_nohash_4.wav,yes
DataSet/yes/bde0f20a_nohash_5.wav,yes
DataSet/yes/bdee441c_nohash_0.wav,yes
DataSet/yes/bdee441c_nohash_1.wav,yes
DataSet/yes/bdee441c_nohash_2.wav,yes
DataSet/yes/bdee441c_nohash_3.wav,yes
DataSet/yes/be7a5b2d_nohash_0.wav,yes
DataSet/yes/be7a5b2d_nohash_1.wav,yes
DataSet/yes/be7a5b2d_nohash_2.wav,yes
DataSet/yes/be7a5b2d_nohash_3.wav,yes
DataSet/yes/be7a5b2d_nohash_4.wav,yes
DataSet/yes/be91a00a_nohash_0.wav,yes
DataSet/yes/beb458a4_nohash_0.wav,yes
DataSet/yes/beb458a4_nohash_1.wav,yes
DataSet/yes/beb458a4_nohash_2.wav,yes
DataSet/yes/beb458a4_nohash_3.wav,yes
DataSet/yes/beb458a4_nohash_4.wav,yes
DataSet/yes/becd5a53_nohash_0.wav,yes
DataSet/yes/bed06fac_nohash_0.wav,yes
DataSet/yes/bf5d409d_nohash_0.wav,yes
DataSet/yes/bf70feda_nohash_0.wav,yes
DataSet/yes/bf90a57a_nohash_0.wav,yes
DataSet/yes/bfa63751_nohash_0.wav,yes
DataSet/yes/bfaf2000_nohash_0.wav,yes
DataSet/yes/bfaf2000_nohash_1.wav,yes
DataSet/yes/bfb10243_nohash_0.wav,yes
DataSet/yes/bfd26d6b_nohash_0.wav,yes
DataSet/yes/bfd26d6b_nohash_1.wav,yes
DataSet/yes/bfd26d6b_nohash_2.wav,yes
DataSet/yes/bfd26d6b_nohash_3.wav,yes
DataSet/yes/bfd26d6b_nohash_4.wav,yes
DataSet/yes/bfdb9801_nohash_0.wav,yes
DataSet/yes/c013fe4d_nohash_0.wav,yes
DataSet/yes/c0445658_nohash_0.wav,yes
DataSet/yes/c0445658_nohash_1.wav,yes
DataSet/yes/c0445658_nohash_2.wav,yes
DataSet/yes/c0445658_nohash_3.wav,yes
DataSet/yes/c08585c1_nohash_0.wav,yes
DataSet/yes/c08e5058_nohash_0.wav,yes
DataSet/yes/c08e5058_nohash_1.wav,yes
DataSet/yes/c099668c_nohash_0.wav,yes
DataSet/yes/c099668c_nohash_1.wav,yes
DataSet/yes/c099668c_nohash_2.wav,yes
DataSet/yes/c0c0d87d_nohash_0.wav,yes
DataSet/yes/c0cb43d6_nohash_0.wav,yes
DataSet/yes/c0e0f834_nohash_0.wav,yes
DataSet/yes/c0e3ff37_nohash_0.wav,yes
DataSet/yes/c0f8f4df_nohash_0.wav,yes
DataSet/yes/c103a2d5_nohash_0.wav,yes
DataSet/yes/c103a2d5_nohash_1.wav,yes
DataSet/yes/c103a2d5_nohash_2.wav,yes
DataSet/yes/c120e80e_nohash_0.wav,yes
DataSet/yes/c120e80e_nohash_1.wav,yes
DataSet/yes/c120e80e_nohash_10.wav,yes
DataSet/yes/c120e80e_nohash_2.wav,yes
DataSet/yes/c120e80e_nohash_3.wav,yes
DataSet/yes/c120e80e_nohash_4.wav,yes
DataSet/yes/c120e80e_nohash_5.wav,yes
DataSet/yes/c120e80e_nohash_6.wav,yes
DataSet/yes/c120e80e_nohash_7.wav,yes
DataSet/yes/c120e80e_nohash_8.wav,yes
DataSet/yes/c120e80e_nohash_9.wav,yes
DataSet/yes/c137814b_nohash_0.wav,yes
DataSet/yes/c1d39ce8_nohash_0.wav,yes
DataSet/yes/c1d39ce8_nohash_1.wav,yes
DataSet/yes/c1d39ce8_nohash_2.wav,yes
DataSet/yes/c1d39ce8_nohash_3.wav,yes
DataSet/yes/c1d39ce8_nohash_4.wav,yes
DataSet/yes/c1d39ce8_nohash_5.wav,yes
DataSet/yes/c1d39ce8_nohash_6.wav,yes
DataSet/yes/c1d39ce8_nohash_7.wav,yes
DataSet/yes/c1d39ce8_nohash_8.wav,yes
DataSet/yes/c1d39ce8_nohash_9.wav,yes
DataSet/yes/c1e0e8e3_nohash_0.wav,yes
DataSet/yes/c1e0e8e3_nohash_1.wav,yes
DataSet/yes/c1e0e8e3_nohash_2.wav,yes
DataSet/yes/c1e0e8e3_nohash_3.wav,yes
DataSet/yes/c1e0e8e3_nohash_4.wav,yes
DataSet/yes/c1eebc0b_nohash_0.wav,yes
DataSet/yes/c22d3f18_nohash_0.wav,yes
DataSet/yes/c22d3f18_nohash_1.wav,yes
DataSet/yes/c22d3f18_nohash_2.wav,yes
DataSet/yes/c22d3f18_nohash_3.wav,yes
DataSet/yes/c22d3f18_nohash_4.wav,yes
DataSet/yes/c22ebf46_nohash_0.wav,yes
DataSet/yes/c22ebf46_nohash_1.wav,yes
DataSet/yes/c22ebf46_nohash_2.wav,yes
DataSet/yes/c22ebf46_nohash_3.wav,yes
DataSet/yes/c24d96eb_nohash_0.wav,yes
DataSet/yes/c24d96eb_nohash_1.wav,yes
DataSet/yes/c256377f_nohash_0.wav,yes
DataSet/yes/c25a032b_nohash_0.wav,yes
DataSet/yes/c25a032b_nohash_1.wav,yes
DataSet/yes/c25a032b_nohash_2.wav,yes
DataSet/yes/c2aeb59d_nohash_0.wav,yes
DataSet/yes/c2d15ea5_nohash_0.wav,yes
DataSet/yes/c2d15ea5_nohash_1.wav,yes
DataSet/yes/c2d15ea5_nohash_2.wav,yes
DataSet/yes/c2d15ea5_nohash_3.wav,yes
DataSet/yes/c2dccf38_nohash_0.wav,yes
DataSet/yes/c2dccf38_nohash_1.wav,yes
DataSet/yes/c2dccf38_nohash_2.wav,yes
DataSet/yes/c2dccf38_nohash_3.wav,yes
DataSet/yes/c2dccf38_nohash_4.wav,yes
DataSet/yes/c2df23b2_nohash_0.wav,yes
DataSet/yes/c351e611_nohash_0.wav,yes
DataSet/yes/c351e611_nohash_1.wav,yes
DataSet/yes/c351e611_nohash_2.wav,yes
DataSet/yes/c351e611_nohash_3.wav,yes
DataSet/yes/c351e611_nohash_4.wav,yes
DataSet/yes/c38720cb_nohash_0.wav,yes
DataSet/yes/c392e01d_nohash_0.wav,yes
DataSet/yes/c392e01d_nohash_1.wav,yes
DataSet/yes/c392e01d_nohash_2.wav,yes
DataSet/yes/c39703ec_nohash_0.wav,yes
DataSet/yes/c39703ec_nohash_1.wav,yes
DataSet/yes/c39703ec_nohash_2.wav,yes
DataSet/yes/c39703ec_nohash_3.wav,yes
DataSet/yes/c39703ec_nohash_4.wav,yes
DataSet/yes/c41d9052_nohash_0.wav,yes
DataSet/yes/c4cfbe43_nohash_0.wav,yes
DataSet/yes/c4cfbe43_nohash_1.wav,yes
DataSet/yes/c4e00ee9_nohash_0.wav,yes
DataSet/yes/c4e00ee9_nohash_1.wav,yes
DataSet/yes/c4e00ee9_nohash_2.wav,yes
DataSet/yes/c4e00ee9_nohash_3.wav,yes
DataSet/yes/c4e00ee9_nohash_4.wav,yes
DataSet/yes/c4e1f6e0_nohash_0.wav,yes
DataSet/yes/c50225fa_nohash_0.wav,yes
DataSet/yes/c50f55b8_nohash_0.wav,yes
DataSet/yes/c50f55b8_nohash_1.wav,yes
DataSet/yes/c50f55b8_nohash_10.wav,yes
DataSet/yes/c50f55b8_nohash_11.wav,yes
DataSet/yes/c50f55b8_nohash_12.wav,yes
DataSet/yes/c50f55b8_nohash_13.wav,yes
DataSet/yes/c50f55b8_nohash_14.wav,yes
DataSet/yes/c50f55b8_nohash_15.wav,yes
DataSet/yes/c50f55b8_nohash_16.wav,yes
DataSet/yes/c50f55b8_nohash_17.wav,yes
DataSet/yes/c50f55b8_nohash_18.wav,yes
DataSet/yes/c50f55b8_nohash_19.wav,yes
DataSet/yes/c50f55b8_nohash_2.wav,yes
DataSet/yes/c50f55b8_nohash_3.wav,yes
DataSet/yes/c50f55b8_nohash_4.wav,yes
DataSet/yes/c50f55b8_nohash_5.wav,yes
DataSet/yes/c50f55b8_nohash_6.wav,yes
DataSet/yes/c50f55b8_nohash_7.wav,yes
DataSet/yes/c50f55b8_nohash_8.wav,yes
DataSet/yes/c50f55b8_nohash_9.wav,yes
DataSet/yes/c53b335a_nohash_0.wav,yes
DataSet/yes/c5a1e46c_nohash_0.wav,yes
DataSet/yes/c5a1e46c_nohash_1.wav,yes
DataSet/yes/c5a1e46c_nohash_2.wav,yes
DataSet/yes/c5a1e46c_nohash_3.wav,yes
DataSet/yes/c5a1e46c_nohash_4.wav,yes
DataSet/yes/c5c60d8d_nohash_0.wav,yes
DataSet/yes/c633a455_nohash_0.wav,yes
DataSet/yes/c633a455_nohash_1.wav,yes
DataSet/yes/c634a189_nohash_0.wav,yes
DataSet/yes/c634a189_nohash_1.wav,yes
DataSet/yes/c634a189_nohash_2.wav,yes
DataSet/yes/c634a189_nohash_3.wav,yes
DataSet/yes/c68cf200_nohash_0.wav,yes
DataSet/yes/c68cf200_nohash_1.wav,yes
DataSet/yes/c6a23ff5_nohash_0.wav,yes
DataSet/yes/c6ee87a7_nohash_0.wav,yes
DataSet/yes/c6ee87a7_nohash_1.wav,yes
DataSet/yes/c6ee87a7_nohash_2.wav,yes
DataSet/yes/c6ee87a7_nohash_3.wav,yes
DataSet/yes/c6ee87a7_nohash_4.wav,yes
DataSet/yes/c7124b73_nohash_0.wav,yes
DataSet/yes/c727b558_nohash_0.wav,yes
DataSet/yes/c79159aa_nohash_0.wav,yes
DataSet/yes/c79159aa_nohash_1.wav,yes
DataSet/yes/c79159aa_nohash_2.wav,yes
DataSet/yes/c79159aa_nohash_3.wav,yes
DataSet/yes/c79159aa_nohash_4.wav,yes
DataSet/yes/c7dc7278_nohash_0.wav,yes
DataSet/yes/c7dc7278_nohash_1.wav,yes
DataSet/yes/c7dc7278_nohash_2.wav,yes
DataSet/yes/c7dc7278_nohash_3.wav,yes
DataSet/yes/c7dc7278_nohash_4.wav,yes
DataSet/yes/c7e02d9c_nohash_0.wav,yes
DataSet/yes/c842b5e4_nohash_0.wav,yes
DataSet/yes/c86d4fd4_nohash_0.wav,yes
DataSet/yes/c8771f88_nohash_0.wav,yes
DataSet/yes/c87a578d_nohash_0.wav,yes
DataSet/yes/c8db14a8_nohash_0.wav,yes
DataSet/yes/c8db14a8_nohash_1.wav,yes
DataSet/yes/c8db14a8_nohash_2.wav,yes
DataSet/yes/c90c0105_nohash_0.wav,yes
DataSet/yes/c93d5e22_nohash_0.wav,yes
DataSet/yes/c93d5e22_nohash_1.wav,yes
DataSet/yes/c93d5e22_nohash_2.wav,yes
DataSet/yes/c93d5e22_nohash_3.wav,yes
DataSet/yes/c93d5e22_nohash_4.wav,yes
DataSet/yes/c948d727_nohash_0.wav,yes
DataSet/yes/c948d727_nohash_1.wav,yes
DataSet/yes/c948d727_nohash_2.wav,yes
DataSet/yes/c948d727_nohash_3.wav,yes
DataSet/yes/c948d727_nohash_4.wav,yes
DataSet/yes/c98bbbd3_nohash_0.wav,yes
DataSet/yes/c98bbbd3_nohash_1.wav,yes
DataSet/yes/c98bbbd3_nohash_2.wav,yes
DataSet/yes/c98bbbd3_nohash_3.wav,yes
DataSet/yes/c98bbbd3_nohash_4.wav,yes
DataSet/yes/c9a5100f_nohash_0.wav,yes
DataSet/yes/c9b5ff26_nohash_0.wav,yes
DataSet/yes/c9b5ff26_nohash_1.wav,yes
DataSet/yes/c9b5ff26_nohash_2.wav,yes
DataSet/yes/c9b5ff26_nohash_3.wav,yes
DataSet/yes/c9b5ff26_nohash_4.wav,yes
DataSet/yes/c9b653a0_nohash_0.wav,yes
DataSet/yes/c9b653a0_nohash_1.wav,yes
DataSet/yes/c9b653a0_nohash_2.wav,yes
DataSet/yes/c9b653a0_nohash_3.wav,yes
DataSet/yes/c9b653a0_nohash_4.wav,yes
DataSet/yes/c9e251d2_nohash_0.wav,yes
DataSet/yes/c9e251d2_nohash_1.wav,yes
DataSet/yes/ca4912b6_nohash_0.wav,yes
DataSet/yes/ca4912b6_nohash_1.wav,yes
DataSet/yes/ca4912b6_nohash_2.wav,yes
DataSet/yes/ca4912b6_nohash_3.wav,yes
DataSet/yes/ca4912b6_nohash_4.wav,yes
DataSet/yes/ca4d5368_nohash_0.wav,yes
DataSet/yes/ca4d5368_nohash_1.wav,yes
DataSet/yes/ca4d5368_nohash_2.wav,yes
DataSet/yes/ca4d5368_nohash_3.wav,yes
DataSet/yes/ca4d5368_nohash_4.wav,yes
DataSet/yes/ca4d5368_nohash_5.wav,yes
DataSet/yes/ca58a8c6_nohash_0.wav,yes
DataSet/yes/ca58a8c6_nohash_1.wav,yes
DataSet/yes/ca58a8c6_nohash_2.wav,yes
DataSet/yes/ca6d5cd1_nohash_0.wav,yes
DataSet/yes/caa7feaf_nohash_0.wav,yes
DataSet/yes/cae62f38_nohash_0.wav,yes
DataSet/yes/cae62f38_nohash_1.wav,yes
DataSet/yes/caedb73a_nohash_0.wav,yes
DataSet/yes/cb164eea_nohash_0.wav,yes
DataSet/yes/cb164eea_nohash_1.wav,yes
DataSet/yes/cb164eea_nohash_2.wav,yes
DataSet/yes/cb2929ce_nohash_0.wav,yes
DataSet/yes/cb2929ce_nohash_1.wav,yes
DataSet/yes/cb2929ce_nohash_2.wav,yes
DataSet/yes/cb2929ce_nohash_3.wav,yes
DataSet/yes/cb2929ce_nohash_4.wav,yes
DataSet/yes/cb62dbf1_nohash_0.wav,yes
DataSet/yes/cb62dbf1_nohash_1.wav,yes
DataSet/yes/cb62dbf1_nohash_2.wav,yes
DataSet/yes/cb62dbf1_nohash_3.wav,yes
DataSet/yes/cb62dbf1_nohash_4.wav,yes
DataSet/yes/cb72dfb6_nohash_0.wav,yes
DataSet/yes/cb72dfb6_nohash_1.wav,yes
DataSet/yes/cb72dfb6_nohash_2.wav,yes
DataSet/yes/cb72dfb6_nohash_3.wav,yes
DataSet/yes/cb72dfb6_nohash_4.wav,yes
DataSet/yes/cb802c63_nohash_0.wav,yes
DataSet/yes/cc3b5b62_nohash_0.wav,yes
DataSet/yes/cc3b5b62_nohash_1.wav,yes
DataSet/yes/cc3b5b62_nohash_2.wav,yes
DataSet/yes/cc3b5b62_nohash_3.wav,yes
DataSet/yes/cc3d1613_nohash_0.wav,yes
DataSet/yes/cc4f9250_nohash_0.wav,yes
DataSet/yes/cc4f9250_nohash_1.wav,yes
DataSet/yes/cc4f9250_nohash_2.wav,yes
DataSet/yes/cc4f9250_nohash_3.wav,yes
DataSet/yes/cc4f9250_nohash_4.wav,yes
DataSet/yes/cc592808_nohash_0.wav,yes
DataSet/yes/cc6ee39b_nohash_0.wav,yes
DataSet/yes/cc6ee39b_nohash_1.wav,yes
DataSet/yes/cc6ee39b_nohash_2.wav,yes
DataSet/yes/cc6ee39b_nohash_3.wav,yes
DataSet/yes/cc6ee39b_nohash_4.wav,yes
DataSet/yes/cc71bada_nohash_0.wav,yes
DataSet/yes/cc8b3228_nohash_0.wav,yes
DataSet/yes/cc8b3228_nohash_1.wav,yes
DataSet/yes/cc8b3228_nohash_2.wav,yes
DataSet/yes/ccb1266b_nohash_0.wav,yes
DataSet/yes/ccb1266b_nohash_1.wav,yes
DataSet/yes/ccb1266b_nohash_2.wav,yes
DataSet/yes/ccca5655_nohash_0.wav,yes
DataSet/yes/ccca5655_nohash_1.wav,yes
DataSet/yes/ccca5655_nohash_2.wav,yes
DataSet/yes/ccca5655_nohash_3.wav,yes
DataSet/yes/ccca5655_nohash_4.wav,yes
DataSet/yes/cce17a61_nohash_0.wav,yes
DataSet/yes/cce7416f_nohash_0.wav,yes
DataSet/yes/cce7416f_nohash_1.wav,yes
DataSet/yes/cce7416f_nohash_10.wav,yes
DataSet/yes/cce7416f_nohash_11.wav,yes
DataSet/yes/cce7416f_nohash_2.wav,yes
DataSet/yes/cce7416f_nohash_3.wav,yes
DataSet/yes/cce7416f_nohash_4.wav,yes
DataSet/yes/cce7416f_nohash_5.wav,yes
DataSet/yes/cce7416f_nohash_6.wav,yes
DataSet/yes/cce7416f_nohash_7.wav,yes
DataSet/yes/cce7416f_nohash_8.wav,yes
DataSet/yes/cce7416f_nohash_9.wav,yes
DataSet/yes/ccfd721c_nohash_0.wav,yes
DataSet/yes/cd671b5f_nohash_0.wav,yes
DataSet/yes/cd671b5f_nohash_1.wav,yes
DataSet/yes/cd671b5f_nohash_2.wav,yes
DataSet/yes/cd671b5f_nohash_3.wav,yes
DataSet/yes/cd671b5f_nohash_4.wav,yes
DataSet/yes/cd7f8c1b_nohash_0.wav,yes
DataSet/yes/cd7f8c1b_nohash_1.wav,yes
DataSet/yes/cd7f8c1b_nohash_2.wav,yes
DataSet/yes/cd7f8c1b_nohash_3.wav,yes
DataSet/yes/cd7f8c1b_nohash_4.wav,yes
DataSet/yes/cd85758f_nohash_0.wav,yes
DataSet/yes/cd85758f_nohash_1.wav,yes
DataSet/yes/cd85758f_nohash_2.wav,yes
DataSet/yes/cd85758f_nohash_3.wav,yes
DataSet/yes/cd85758f_nohash_4.wav,yes
DataSet/yes/cd911ace_nohash_0.wav,yes
DataSet/yes/cdee383b_nohash_0.wav,yes
DataSet/yes/cdee383b_nohash_1.wav,yes
DataSet/yes/cdee383b_nohash_2.wav,yes
DataSet/yes/cdee383b_nohash_3.wav,yes
DataSet/yes/cdee383b_nohash_4.wav,yes
DataSet/yes/cdfbbe75_nohash_0.wav,yes
DataSet/yes/ce0cb033_nohash_0.wav,yes
DataSet/yes/ce0cb033_nohash_1.wav,yes
DataSet/yes/ce0cb033_nohash_2.wav,yes
DataSet/yes/ce0cb033_nohash_3.wav,yes
DataSet/yes/ce0cb033_nohash_4.wav,yes
DataSet/yes/ce49cb60_nohash_0.wav,yes
DataSet/yes/ce49cb60_nohash_1.wav,yes
DataSet/yes/ce9410da_nohash_0.wav,yes
DataSet/yes/ce9410da_nohash_1.wav,yes
DataSet/yes/ceaadb24_nohash_0.wav,yes
DataSet/yes/ceaadb24_nohash_1.wav,yes
DataSet/yes/ceaadb24_nohash_2.wav,yes
DataSet/yes/ced4e2a1_nohash_0.wav,yes
DataSet/yes/ceef6d96_nohash_0.wav,yes
DataSet/yes/ceef6d96_nohash_1.wav,yes
DataSet/yes/ceef6d96_nohash_2.wav,yes
DataSet/yes/cf68fad2_nohash_0.wav,yes
DataSet/yes/cf68fad2_nohash_1.wav,yes
DataSet/yes/cf8d91cf_nohash_0.wav,yes
DataSet/yes/cfbedff9_nohash_0.wav,yes
DataSet/yes/cfbedff9_nohash_1.wav,yes
DataSet/yes/cfbedff9_nohash_2.wav,yes
DataSet/yes/cfbedff9_nohash_3.wav,yes
DataSet/yes/cfbedff9_nohash_4.wav,yes
DataSet/yes/d0426d63_nohash_0.wav,yes
DataSet/yes/d069e6ff_nohash_0.wav,yes
DataSet/yes/d070ea86_nohash_0.wav,yes
DataSet/yes/d070ea86_nohash_1.wav,yes
DataSet/yes/d070ea86_nohash_2.wav,yes
DataSet/yes/d070ea86_nohash_3.wav,yes
DataSet/yes/d0745d72_nohash_0.wav,yes
DataSet/yes/d0858dce_nohash_0.wav,yes
DataSet/yes/d0faf7e4_nohash_0.wav,yes
DataSet/yes/d0faf7e4_nohash_1.wav,yes
DataSet/yes/d0faf7e4_nohash_2.wav,yes
DataSet/yes/d0faf7e4_nohash_3.wav,yes
DataSet/yes/d0faf7e4_nohash_4.wav,yes
DataSet/yes/d0faf7e4_nohash_5.wav,yes
DataSet/yes/d0faf7e4_nohash_6.wav,yes
DataSet/yes/d0faf7e4_nohash_7.wav,yes
DataSet/yes/d0fb9ff4_nohash_0.wav,yes
DataSet/yes/d103dd6e_nohash_0.wav,yes
DataSet/yes/d107dc42_nohash_0.wav,yes
DataSet/yes/d1214f15_nohash_0.wav,yes
DataSet/yes/d1a4fb3f_nohash_0.wav,yes
DataSet/yes/d1a4fb3f_nohash_1.wav,yes
DataSet/yes/d1bf406b_nohash_0.wav,yes
DataSet/yes/d1bf406b_nohash_1.wav,yes
DataSet/yes/d1dd03ed_nohash_0.wav,yes
DataSet/yes/d1dd03ed_nohash_1.wav,yes
DataSet/yes/d1dd03ed_nohash_2.wav,yes
DataSet/yes/d1dd03ed_nohash_3.wav,yes
DataSet/yes/d21fd169_nohash_0.wav,yes
DataSet/yes/d21fd169_nohash_1.wav,yes
DataSet/yes/d21fd169_nohash_2.wav,yes
DataSet/yes/d21fd169_nohash_3.wav,yes
DataSet/yes/d21fd169_nohash_4.wav,yes
DataSet/yes/d264f7b6_nohash_0.wav,yes
DataSet/yes/d264f7b6_nohash_1.wav,yes
DataSet/yes/d264f7b6_nohash_2.wav,yes
DataSet/yes/d264f7b6_nohash_3.wav,yes
DataSet/yes/d264f7b6_nohash_4.wav,yes
DataSet/yes/d278d8ef_nohash_0.wav,yes
DataSet/yes/d278d8ef_nohash_1.wav,yes
DataSet/yes/d278d8ef_nohash_2.wav,yes
DataSet/yes/d278d8ef_nohash_3.wav,yes
DataSet/yes/d278d8ef_nohash_4.wav,yes
DataSet/yes/d2eae23d_nohash_0.wav,yes
DataSet/yes/d2f4f431_nohash_0.wav,yes
DataSet/yes/d2f4f431_nohash_1.wav,yes
DataSet/yes/d312f481_nohash_0.wav,yes
DataSet/yes/d312f481_nohash_1.wav,yes
DataSet/yes/d31d8dd7_nohash_0.wav,yes
DataSet/yes/d31d8dd7_nohash_1.wav,yes
DataSet/yes/d33df435_nohash_0.wav,yes
DataSet/yes/d37e4bf1_nohash_0.wav,yes
DataSet/yes/d3831f6a_nohash_0.wav,yes
DataSet/yes/d3831f6a_nohash_1.wav,yes
DataSet/yes/d3831f6a_nohash_2.wav,yes
DataSet/yes/d3831f6a_nohash_3.wav,yes
DataSet/yes/d3831f6a_nohash_4.wav,yes
DataSet/yes/d394ef8e_nohash_0.wav,yes
DataSet/yes/d394ef8e_nohash_1.wav,yes
DataSet/yes/d394ef8e_nohash_2.wav,yes
DataSet/yes/d394ef8e_nohash_3.wav,yes
DataSet/yes/d394ef8e_nohash_4.wav,yes
DataSet/yes/d394ef8e_nohash_5.wav,yes
DataSet/yes/d394ef8e_nohash_6.wav,yes
DataSet/yes/d394ef8e_nohash_7.wav,yes
DataSet/yes/d3a18257_nohash_0.wav,yes
DataSet/yes/d3f22f0e_nohash_0.wav,yes
DataSet/yes/d430b3cc_nohash_0.wav,yes
DataSet/yes/d430b3cc_nohash_1.wav,yes
DataSet/yes/d486fb84_nohash_0.wav,yes
DataSet/yes/d4d898d7_nohash_0.wav,yes
DataSet/yes/d4dddb92_nohash_0.wav,yes
DataSet/yes/d5356b9a_nohash_0.wav,yes
DataSet/yes/d53e25ba_nohash_0.wav,yes
DataSet/yes/d55aa56c_nohash_0.wav,yes
DataSet/yes/d57febf0_nohash_0.wav,yes
DataSet/yes/d5b963aa_nohash_0.wav,yes
DataSet/yes/d5b963aa_nohash_1.wav,yes
DataSet/yes/d5b963aa_nohash_2.wav,yes
DataSet/yes/d5b963aa_nohash_3.wav,yes
DataSet/yes/d5b963aa_nohash_4.wav,yes
DataSet/yes/d5c41d6a_nohash_0.wav,yes
DataSet/yes/d5ca80c6_nohash_0.wav,yes
DataSet/yes/d5ca80c6_nohash_1.wav,yes
DataSet/yes/d5dd88da_nohash_0.wav,yes
DataSet/yes/d7559b2d_nohash_0.wav,yes
DataSet/yes/d78858d9_nohash_0.wav,yes
DataSet/yes/d78858d9_nohash_1.wav,yes
DataSet/yes/d78858d9_nohash_2.wav,yes
DataSet/yes/d7ca14ef_nohash_0.wav,yes
DataSet/yes/d7ca14ef_nohash_1.wav,yes
DataSet/yes/d84829e0_nohash_0.wav,yes
DataSet/yes/d84829e0_nohash_1.wav,yes
DataSet/yes/d84829e0_nohash_2.wav,yes
DataSet/yes/d8521ea0_nohash_0.wav,yes
DataSet/yes/d85270c1_nohash_0.wav,yes
DataSet/yes/d8a5ace5_nohash_0.wav,yes
DataSet/yes/d8a5ace5_nohash_1.wav,yes
DataSet/yes/d8c314c0_nohash_0.wav,yes
DataSet/yes/d8c314c0_nohash_1.wav,yes
DataSet/yes/d8ed3745_nohash_0.wav,yes
DataSet/yes/d8ed3745_nohash_1.wav,yes
DataSet/yes/d926bb17_nohash_0.wav,yes
DataSet/yes/d94eb94f_nohash_0.wav,yes
DataSet/yes/d952a17e_nohash_0.wav,yes
DataSet/yes/d952a17e_nohash_1.wav,yes
DataSet/yes/d952a17e_nohash_2.wav,yes
DataSet/yes/d962e5ac_nohash_0.wav,yes
DataSet/yes/d962e5ac_nohash_1.wav,yes
DataSet/yes/d962e5ac_nohash_2.wav,yes
DataSet/yes/d962e5ac_nohash_3.wav,yes
DataSet/yes/d962e5ac_nohash_4.wav,yes
DataSet/yes/d98dd124_nohash_0.wav,yes
DataSet/yes/d98dd124_nohash_1.wav,yes
DataSet/yes/d98dd124_nohash_2.wav,yes
DataSet/yes/d98dd124_nohash_3.wav,yes
DataSet/yes/d98dd124_nohash_4.wav,yes
DataSet/yes/d9aa8c90_nohash_0.wav,yes
DataSet/yes/d9aa8c90_nohash_1.wav,yes
DataSet/yes/d9aa8c90_nohash_2.wav,yes
DataSet/yes/d9aa8c90_nohash_3.wav,yes
DataSet/yes/d9aa8c90_nohash_4.wav,yes
DataSet/yes/d9ae8983_nohash_0.wav,yes
DataSet/yes/d9ae8983_nohash_1.wav,yes
DataSet/yes/d9b50b8b_nohash_0.wav,yes
DataSet/yes/d9b8fab2_nohash_0.wav,yes
DataSet/yes/d9d08edd_nohash_0.wav,yes
DataSet/yes/d9d6559e_nohash_0.wav,yes
DataSet/yes/d9d6559e_nohash_1.wav,yes
DataSet/yes/d9e9f554_nohash_0.wav,yes
DataSet/yes/d9e9f554_nohash_1.wav,yes
DataSet/yes/da040491_nohash_0.wav,yes
DataSet/yes/da040491_nohash_1.wav,yes
DataSet/yes/da040491_nohash_2.wav,yes
DataSet/yes/da040491_nohash_3.wav,yes
DataSet/yes/da040491_nohash_4.wav,yes
DataSet/yes/da15e796_nohash_0.wav,yes
DataSet/yes/da1d320c_nohash_0.wav,yes
DataSet/yes/da1d320c_nohash_1.wav,yes
DataSet/yes/da27460c_nohash_0.wav,yes
DataSet/yes/da27460c_nohash_1.wav,yes
DataSet/yes/da27460c_nohash_2.wav,yes
DataSet/yes/da2c5f1b_nohash_0.wav,yes
DataSet/yes/da2c5f1b_nohash_1.wav,yes
DataSet/yes/da2c5f1b_nohash_2.wav,yes
DataSet/yes/da4ef063_nohash_0.wav,yes
DataSet/yes/da4ef063_nohash_1.wav,yes
DataSet/yes/da584bc0_nohash_0.wav,yes
DataSet/yes/da584bc0_nohash_1.wav,yes
DataSet/yes/da584bc0_nohash_2.wav,yes
DataSet/yes/da584bc0_nohash_3.wav,yes
DataSet/yes/da584bc0_nohash_4.wav,yes
DataSet/yes/da5dadb9_nohash_0.wav,yes
DataSet/yes/da5dadb9_nohash_1.wav,yes
DataSet/yes/da7689f1_nohash_0.wav,yes
DataSet/yes/da76aa58_nohash_0.wav,yes
DataSet/yes/da8fa823_nohash_0.wav,yes
DataSet/yes/da93deb7_nohash_0.wav,yes
DataSet/yes/da93deb7_nohash_1.wav,yes
DataSet/yes/dabf67d9_nohash_0.wav,yes
DataSet/yes/dae01802_nohash_0.wav,yes
DataSet/yes/dae01802_nohash_1.wav,yes
DataSet/yes/dae01802_nohash_2.wav,yes
DataSet/yes/dae01802_nohash_3.wav,yes
DataSet/yes/dae01802_nohash_4.wav,yes
DataSet/yes/db24628d_nohash_0.wav,yes
DataSet/yes/db24628d_nohash_1.wav,yes
DataSet/yes/db24628d_nohash_2.wav,yes
DataSet/yes/db24628d_nohash_3.wav,yes
DataSet/yes/db43cd03_nohash_0.wav,yes
DataSet/yes/db72a474_nohash_0.wav,yes
DataSet/yes/db79a764_nohash_0.wav,yes
DataSet/yes/db7c95b0_nohash_0.wav,yes
DataSet/yes/db8a3397_nohash_0.wav,yes
DataSet/yes/db8a3397_nohash_1.wav,yes
DataSet/yes/db8a3397_nohash_2.wav,yes
DataSet/yes/db8a3397_nohash_3.wav,yes
DataSet/yes/db9cd41d_nohash_0.wav,yes
DataSet/yes/db9cd41d_nohash_1.wav,yes
DataSet/yes/dbb7723a_nohash_0.wav,yes
DataSet/yes/dc2222d7_nohash_0.wav,yes
DataSet/yes/dc2222d7_nohash_1.wav,yes
DataSet/yes/dc2222d7_nohash_2.wav,yes
DataSet/yes/dc75148d_nohash_0.wav,yes
DataSet/yes/dc7ec25b_nohash_0.wav,yes
DataSet/yes/dca2797e_nohash_0.wav,yes
DataSet/yes/dca2797e_nohash_1.wav,yes
DataSet/yes/dca2797e_nohash_2.wav,yes
DataSet/yes/dca2797e_nohash_3.wav,yes
DataSet/yes/dca2797e_nohash_4.wav,yes
DataSet/yes/dcb57584_nohash_0.wav,yes
DataSet/yes/dcc012ec_nohash_0.wav,yes
DataSet/yes/dce05676_nohash_0.wav,yes
DataSet/yes/dd6c6806_nohash_0.wav,yes
DataSet/yes/dd6c6806_nohash_1.wav,yes
DataSet/yes/ddedba85_nohash_0.wav,yes
DataSet/yes/ddedba85_nohash_1.wav,yes
DataSet/yes/ddedba85_nohash_10.wav,yes
DataSet/yes/ddedba85_nohash_11.wav,yes
DataSet/yes/ddedba85_nohash_12.wav,yes
DataSet/yes/ddedba85_nohash_13.wav,yes
DataSet/yes/ddedba85_nohash_14.wav,yes
DataSet/yes/ddedba85_nohash_15.wav,yes
DataSet/yes/ddedba85_nohash_16.wav,yes
DataSet/yes/ddedba85_nohash_17.wav,yes
DataSet/yes/ddedba85_nohash_18.wav,yes
DataSet/yes/ddedba85_nohash_2.wav,yes
DataSet/yes/ddedba85_nohash_3.wav,yes
DataSet/yes/ddedba85_nohash_4.wav,yes
DataSet/yes/ddedba85_nohash_5.wav,yes
DataSet/yes/ddedba85_nohash_6.wav,yes
DataSet/yes/ddedba85_nohash_7.wav,yes
DataSet/yes/ddedba85_nohash_8.wav,yes
DataSet/yes/ddedba85_nohash_9.wav,yes
DataSet/yes/de040337_nohash_0.wav,yes
DataSet/yes/de040337_nohash_1.wav,yes
DataSet/yes/de040337_nohash_2.wav,yes
DataSet/yes/de08912f_nohash_0.wav,yes
DataSet/yes/de08912f_nohash_1.wav,yes
DataSet/yes/de3fe344_nohash_0.wav,yes
DataSet/yes/de3fe344_nohash_1.wav,yes
DataSet/yes/de3fe344_nohash_2.wav,yes
DataSet/yes/de3fe344_nohash_3.wav,yes
DataSet/yes/de3fe344_nohash_4.wav,yes
DataSet/yes/de41f895_nohash_0.wav,yes
DataSet/yes/de89e2ca_nohash_0.wav,yes
DataSet/yes/de89e2ca_nohash_1.wav,yes
DataSet/yes/de89e2ca_nohash_2.wav,yes
DataSet/yes/de89e2ca_nohash_3.wav,yes
DataSet/yes/de89e2ca_nohash_4.wav,yes
DataSet/yes/de89e2ca_nohash_5.wav,yes
DataSet/yes/de89e2ca_nohash_6.wav,yes
DataSet/yes/de89e2ca_nohash_7.wav,yes
DataSet/yes/dea820ce_nohash_0.wav,yes
DataSet/yes/dea820ce_nohash_1.wav,yes
DataSet/yes/dea820ce_nohash_2.wav,yes
DataSet/yes/dea820ce_nohash_3.wav,yes
DataSet/yes/dea820ce_nohash_4.wav,yes
DataSet/yes/dec73123_nohash_0.wav,yes
DataSet/yes/dedc7fab_nohash_0.wav,yes
DataSet/yes/df038de4_nohash_0.wav,yes
DataSet/yes/df1d5024_nohash_0.wav,yes
DataSet/yes/df1d5024_nohash_1.wav,yes
DataSet/yes/df1d5024_nohash_2.wav,yes
DataSet/yes/df1d5024_nohash_3.wav,yes
DataSet/yes/df280250_nohash_0.wav,yes
DataSet/yes/df6bd83f_nohash_0.wav,yes
DataSet/yes/dfdabe19_nohash_0.wav,yes
DataSet/yes/e0315cf6_nohash_0.wav,yes
DataSet/yes/e0315cf6_nohash_1.wav,yes
DataSet/yes/e0315cf6_nohash_2.wav,yes
DataSet/yes/e0315cf6_nohash_3.wav,yes
DataSet/yes/e0315cf6_nohash_4.wav,yes
DataSet/yes/e0322f2c_nohash_0.wav,yes
DataSet/yes/e0344f60_nohash_0.wav,yes
DataSet/yes/e0a7c5a0_nohash_0.wav,yes
DataSet/yes/e0a7c5a0_nohash_1.wav,yes
DataSet/yes/e0c782d5_nohash_0.wav,yes
DataSet/yes/e0c782d5_nohash_1.wav,yes
DataSet/yes/e0c782d5_nohash_2.wav,yes
DataSet/yes/e0c782d5_nohash_3.wav,yes
DataSet/yes/e0c782d5_nohash_4.wav,yes
DataSet/yes/e102119e_nohash_0.wav,yes
DataSet/yes/e102119e_nohash_1.wav,yes
DataSet/yes/e102119e_nohash_2.wav,yes
DataSet/yes/e10e2cbb_nohash_0.wav,yes
DataSet/yes/e11fbc6e_nohash_0.wav,yes
DataSet/yes/e11fbc6e_nohash_1.wav,yes
DataSet/yes/e11fbc6e_nohash_2.wav,yes
DataSet/yes/e11fbc6e_nohash_3.wav,yes
DataSet/yes/e11fbc6e_nohash_4.wav,yes
DataSet/yes/e1469561_nohash_0.wav,yes
DataSet/yes/e1469561_nohash_1.wav,yes
DataSet/yes/e1469561_nohash_2.wav,yes
DataSet/yes/e1469561_nohash_3.wav,yes
DataSet/yes/e1469561_nohash_4.wav,yes
DataSet/yes/e14a99a5_nohash_0.wav,yes
DataSet/yes/e14d3db8_nohash_0.wav,yes
DataSet/yes/e14d3db8_nohash_1.wav,yes
DataSet/yes/e1936ce8_nohash_0.wav,yes
DataSet/yes/e2362167_nohash_0.wav,yes
DataSet/yes/e269bac0_nohash_0.wav,yes
DataSet/yes/e269bac0_nohash_1.wav,yes
DataSet/yes/e2b7d6d6_nohash_0.wav,yes
DataSet/yes/e32ff49d_nohash_0.wav,yes
DataSet/yes/e3411931_nohash_0.wav,yes
DataSet/yes/e39a8ddc_nohash_0.wav,yes
DataSet/yes/e3b64217_nohash_0.wav,yes
DataSet/yes/e3e0f145_nohash_0.wav,yes
DataSet/yes/e3e0f145_nohash_1.wav,yes
DataSet/yes/e3e0f145_nohash_2.wav,yes
DataSet/yes/e3e0f145_nohash_3.wav,yes
DataSet/yes/e3e0f145_nohash_4.wav,yes
DataSet/yes/e3e49931_nohash_0.wav,yes
DataSet/yes/e41a903b_nohash_0.wav,yes
DataSet/yes/e41a903b_nohash_1.wav,yes
DataSet/yes/e41a903b_nohash_2.wav,yes
DataSet/yes/e41a903b_nohash_3.wav,yes
DataSet/yes/e41a903b_nohash_4.wav,yes
DataSet/yes/e4200516_nohash_0.wav,yes
DataSet/yes/e4200516_nohash_1.wav,yes
DataSet/yes/e4200516_nohash_2.wav,yes
DataSet/yes/e48a80ed_nohash_0.wav,yes
DataSet/yes/e48a80ed_nohash_1.wav,yes
DataSet/yes/e48a80ed_nohash_2.wav,yes
DataSet/yes/e49428d9_nohash_0.wav,yes
DataSet/yes/e49428d9_nohash_1.wav,yes
DataSet/yes/e49428d9_nohash_2.wav,yes
DataSet/yes/e49428d9_nohash_3.wav,yes
DataSet/yes/e49428d9_nohash_4.wav,yes
DataSet/yes/e4b02540_nohash_0.wav,yes
DataSet/yes/e4b02540_nohash_1.wav,yes
DataSet/yes/e4be0cf6_nohash_0.wav,yes
DataSet/yes/e4be0cf6_nohash_1.wav,yes
DataSet/yes/e4be0cf6_nohash_2.wav,yes
DataSet/yes/e4be0cf6_nohash_3.wav,yes
DataSet/yes/e53139ad_nohash_0.wav,yes
DataSet/yes/e53139ad_nohash_1.wav,yes
DataSet/yes/e53139ad_nohash_2.wav,yes
DataSet/yes/e53139ad_nohash_3.wav,yes
DataSet/yes/e53139ad_nohash_4.wav,yes
DataSet/yes/e54a0f16_nohash_0.wav,yes
DataSet/yes/e54a0f16_nohash_1.wav,yes
DataSet/yes/e54a0f16_nohash_2.wav,yes
DataSet/yes/e54a0f16_nohash_3.wav,yes
DataSet/yes/e57abea3_nohash_0.wav,yes
DataSet/yes/e5afa9b0_nohash_0.wav,yes
DataSet/yes/e5e54cee_nohash_0.wav,yes
DataSet/yes/e5e54cee_nohash_1.wav,yes
DataSet/yes/e6327279_nohash_0.wav,yes
DataSet/yes/e6327279_nohash_1.wav,yes
DataSet/yes/e6327279_nohash_2.wav,yes
DataSet/yes/e63b69c5_nohash_0.wav,yes
DataSet/yes/e63b69c5_nohash_1.wav,yes
DataSet/yes/e652590d_nohash_0.wav,yes
DataSet/yes/e6be0830_nohash_0.wav,yes
DataSet/yes/e6db3894_nohash_0.wav,yes
DataSet/yes/e6db3894_nohash_1.wav,yes
DataSet/yes/e6e29c47_nohash_0.wav,yes
DataSet/yes/e71a9381_nohash_0.wav,yes
DataSet/yes/e71a9381_nohash_1.wav,yes
DataSet/yes/e71a9381_nohash_2.wav,yes
DataSet/yes/e71a9381_nohash_3.wav,yes
DataSet/yes/e71a9381_nohash_4.wav,yes
DataSet/yes/e71b4ce6_nohash_0.wav,yes
DataSet/yes/e72aa705_nohash_0.wav,yes
DataSet/yes/e72aa705_nohash_1.wav,yes
DataSet/yes/e7334395_nohash_0.wav,yes
DataSet/yes/e7334395_nohash_1.wav,yes
DataSet/yes/e7334395_nohash_2.wav,yes
DataSet/yes/e76dd1ce_nohash_0.wav,yes
DataSet/yes/e77d88fc_nohash_0.wav,yes
DataSet/yes/e77d88fc_nohash_1.wav,yes
DataSet/yes/e77d88fc_nohash_2.wav,yes
DataSet/yes/e7bcee8a_nohash_0.wav,yes
DataSet/yes/e7bcee8a_nohash_1.wav,yes
DataSet/yes/e7bcee8a_nohash_2.wav,yes
DataSet/yes/e7bcee8a_nohash_3.wav,yes
DataSet/yes/e7bcee8a_nohash_4.wav,yes
DataSet/yes/e7d0eb3f_nohash_0.wav,yes
DataSet/yes/e7d0eb3f_nohash_1.wav,yes
DataSet/yes/e7ea8b76_nohash_0.wav,yes
DataSet/yes/e7ea8b76_nohash_1.wav,yes
DataSet/yes/e7ea8b76_nohash_2.wav,yes
DataSet/yes/e7ea8b76_nohash_3.wav,yes
DataSet/yes/e7ea8b76_nohash_4.wav,yes
DataSet/yes/e7ebf59c_nohash_0.wav,yes
DataSet/yes/e805a617_nohash_0.wav,yes
DataSet/yes/e882abb2_nohash_0.wav,yes
DataSet/yes/e882abb2_nohash_1.wav,yes
DataSet/yes/e882abb2_nohash_2.wav,yes
DataSet/yes/e8d562ca_nohash_0.wav,yes
DataSet/yes/e8e960fd_nohash_0.wav,yes
DataSet/yes/e8e960fd_nohash_1.wav,yes
DataSet/yes/e8e960fd_nohash_2.wav,yes
DataSet/yes/e900b652_nohash_0.wav,yes
DataSet/yes/e900b652_nohash_1.wav,yes
DataSet/yes/e900b652_nohash_2.wav,yes
DataSet/yes/e900b652_nohash_3.wav,yes
DataSet/yes/e91d173e_nohash_0.wav,yes
DataSet/yes/e91d173e_nohash_1.wav,yes
DataSet/yes/e9287461_nohash_0.wav,yes
DataSet/yes/e9287461_nohash_1.wav,yes
DataSet/yes/e95c70e2_nohash_0.wav,yes
DataSet/yes/e98cb283_nohash_0.wav,yes
DataSet/yes/e98cb283_nohash_1.wav,yes
DataSet/yes/e99d36c8_nohash_0.wav,yes
DataSet/yes/e9abfe31_nohash_0.wav,yes
DataSet/yes/e9abfe31_nohash_1.wav,yes
DataSet/yes/e9abfe31_nohash_2.wav,yes
DataSet/yes/e9abfe31_nohash_3.wav,yes
DataSet/yes/e9abfe31_nohash_4.wav,yes
DataSet/yes/e9bc5cc2_nohash_0.wav,yes
DataSet/yes/e9bc5cc2_nohash_1.wav,yes
DataSet/yes/e9bc5cc2_nohash_2.wav,yes
DataSet/yes/e9bc5cc2_nohash_3.wav,yes
DataSet/yes/e9bc5cc2_nohash_4.wav,yes
DataSet/yes/ea0cf37f_nohash_0.wav,yes
DataSet/yes/ea0cf37f_nohash_1.wav,yes
DataSet/yes/ea0cf37f_nohash_2.wav,yes
DataSet/yes/ea1f888c_nohash_0.wav,yes
DataSet/yes/ea37ca08_nohash_0.wav,yes
DataSet/yes/ea9f8e11_nohash_0.wav,yes
DataSet/yes/eaa83485_nohash_0.wav,yes
DataSet/yes/eaa83485_nohash_1.wav,yes
DataSet/yes/eaa83485_nohash_2.wav,yes
DataSet/yes/eaa83485_nohash_3.wav,yes
DataSet/yes/eaa83485_nohash_4.wav,yes
DataSet/yes/eb0676ec_nohash_0.wav,yes
DataSet/yes/eb0676ec_nohash_1.wav,yes
DataSet/yes/eb0676ec_nohash_2.wav,yes
DataSet/yes/eb0676ec_nohash_3.wav,yes
DataSet/yes/eb0676ec_nohash_4.wav,yes
DataSet/yes/eb0857c0_nohash_0.wav,yes
DataSet/yes/eb3f7d82_nohash_0.wav,yes
DataSet/yes/eb3f7d82_nohash_1.wav,yes
DataSet/yes/eb3f7d82_nohash_2.wav,yes
DataSet/yes/eb3f7d82_nohash_3.wav,yes
DataSet/yes/eb3f7d82_nohash_4.wav,yes
DataSet/yes/eb6dab4a_nohash_0.wav,yes
DataSet/yes/eb76bc68_nohash_0.wav,yes
DataSet/yes/ebdd0f59_nohash_0.wav,yes
DataSet/yes/ec201020_nohash_0.wav,yes
DataSet/yes/ec201020_nohash_1.wav,yes
DataSet/yes/ec201020_nohash_2.wav,yes
DataSet/yes/ec201020_nohash_3.wav,yes
DataSet/yes/ec201020_nohash_4.wav,yes
DataSet/yes/ec21c46b_nohash_0.wav,yes
DataSet/yes/ec21c46b_nohash_1.wav,yes
DataSet/yes/ec32860c_nohash_0.wav,yes
DataSet/yes/ec545975_nohash_0.wav,yes
DataSet/yes/ec545975_nohash_1.wav,yes
DataSet/yes/ec545975_nohash_2.wav,yes
DataSet/yes/ec74a8a5_nohash_0.wav,yes
DataSet/yes/ec74a8a5_nohash_1.wav,yes
DataSet/yes/ec989d6d_nohash_0.wav,yes
DataSet/yes/ec989d6d_nohash_1.wav,yes
DataSet/yes/ec989d6d_nohash_2.wav,yes
DataSet/yes/ec989d6d_nohash_3.wav,yes
DataSet/yes/ec9b830b_nohash_0.wav,yes
DataSet/yes/ecbd8d66_nohash_0.wav,yes
DataSet/yes/ece1a95a_nohash_0.wav,yes
DataSet/yes/ece1a95a_nohash_1.wav,yes
DataSet/yes/ed032775_nohash_0.wav,yes
DataSet/yes/ed032775_nohash_1.wav,yes
DataSet/yes/ed032775_nohash_2.wav,yes
DataSet/yes/ed032775_nohash_3.wav,yes
DataSet/yes/ed032775_nohash_4.wav,yes
DataSet/yes/edc53350_nohash_0.wav,yes
DataSet/yes/edc53350_nohash_1.wav,yes
DataSet/yes/ede2f4ee_nohash_0.wav,yes
DataSet/yes/ee1d8d49_nohash_0.wav,yes
DataSet/yes/ee1d8d49_nohash_1.wav,yes
DataSet/yes/ee1d8d49_nohash_2.wav,yes
DataSet/yes/ee1d8d49_nohash_3.wav,yes
DataSet/yes/ee202358_nohash_0.wav,yes
DataSet/yes/ee202358_nohash_1.wav,yes
DataSet/yes/ee4a907f_nohash_0.wav,yes
DataSet/yes/ee6163d5_nohash_0.wav,yes
DataSet/yes/eeaf97c3_nohash_0.wav,yes
DataSet/yes/eeaf97c3_nohash_1.wav,yes
DataSet/yes/eeaf97c3_nohash_2.wav,yes
DataSet/yes/eeaf97c3_nohash_3.wav,yes
DataSet/yes/eeaf97c3_nohash_4.wav,yes
DataSet/yes/eee5e541_nohash_0.wav,yes
DataSet/yes/eee5e541_nohash_1.wav,yes
DataSet/yes/eefd26f3_nohash_0.wav,yes
DataSet/yes/ef2578c0_nohash_0.wav,yes
DataSet/yes/ef3367d9_nohash_0.wav,yes
DataSet/yes/ef3367d9_nohash_1.wav,yes
DataSet/yes/ef3367d9_nohash_2.wav,yes
DataSet/yes/ef3367d9_nohash_3.wav,yes
DataSet/yes/ef3367d9_nohash_4.wav,yes
DataSet/yes/ef3367d9_nohash_5.wav,yes
DataSet/yes/ef77b778_nohash_0.wav,yes
DataSet/yes/ef77b778_nohash_1.wav,yes
DataSet/yes/ef77b778_nohash_2.wav,yes
DataSet/yes/ef77b778_nohash_3.wav,yes
DataSet/yes/ef77b778_nohash_4.wav,yes
DataSet/yes/efab2cbd_nohash_0.wav,yes
DataSet/yes/f01a0d63_nohash_0.wav,yes
DataSet/yes/f01a0d63_nohash_1.wav,yes
DataSet/yes/f01a0d63_nohash_2.wav,yes
DataSet/yes/f01a0d63_nohash_3.wav,yes
DataSet/yes/f035e2ea_nohash_0.wav,yes
DataSet/yes/f035e2ea_nohash_1.wav,yes
DataSet/yes/f035e2ea_nohash_2.wav,yes
DataSet/yes/f035e2ea_nohash_3.wav,yes
DataSet/yes/f035e2ea_nohash_4.wav,yes
DataSet/yes/f0522ff4_nohash_0.wav,yes
DataSet/yes/f0522ff4_nohash_1.wav,yes
DataSet/yes/f0522ff4_nohash_2.wav,yes
DataSet/yes/f0522ff4_nohash_3.wav,yes
DataSet/yes/f0522ff4_nohash_4.wav,yes
DataSet/yes/f06190c1_nohash_0.wav,yes
DataSet/yes/f06190c1_nohash_1.wav,yes
DataSet/yes/f0659908_nohash_0.wav,yes
DataSet/yes/f0659908_nohash_1.wav,yes
DataSet/yes/f0659908_nohash_2.wav,yes
DataSet/yes/f0659908_nohash_3.wav,yes
DataSet/yes/f0659908_nohash_4.wav,yes
DataSet/yes/f0ac2522_nohash_0.wav,yes
DataSet/yes/f0ac2522_nohash_1.wav,yes
DataSet/yes/f0ae7203_nohash_0.wav,yes
DataSet/yes/f0ae7203_nohash_1.wav,yes
DataSet/yes/f15a354c_nohash_0.wav,yes
DataSet/yes/f174517e_nohash_0.wav,yes
DataSet/yes/f19c1390_nohash_0.wav,yes
DataSet/yes/f19c1390_nohash_1.wav,yes
DataSet/yes/f19c1390_nohash_2.wav,yes
DataSet/yes/f19c1390_nohash_3.wav,yes
DataSet/yes/f19c1390_nohash_4.wav,yes
DataSet/yes/f1d36c53_nohash_0.wav,yes
DataSet/yes/f1d8a638_nohash_0.wav,yes
DataSet/yes/f1d8a638_nohash_1.wav,yes
DataSet/yes/f1d8a638_nohash_2.wav,yes
DataSet/yes/f1d8a638_nohash_3.wav,yes
DataSet/yes/f1d8a638_nohash_4.wav,yes
DataSet/yes/f1eaff75_nohash_0.wav,yes
DataSet/yes/f216055e_nohash_0.wav,yes
DataSet/yes/f264e0df_nohash_0.wav,yes
DataSet/yes/f264e0df_nohash_1.wav,yes
DataSet/yes/f264e0df_nohash_2.wav,yes
DataSet/yes/f2898d06_nohash_0.wav,yes
DataSet/yes/f2898d06_nohash_1.wav,yes
DataSet/yes/f2898d06_nohash_2.wav,yes
DataSet/yes/f2898d06_nohash_3.wav,yes
DataSet/yes/f2898d06_nohash_4.wav,yes
DataSet/yes/f292725f_nohash_0.wav,yes
DataSet/yes/f297e878_nohash_0.wav,yes
DataSet/yes/f2b8fc18_nohash_0.wav,yes
DataSet/yes/f2dd248e_nohash_0.wav,yes
DataSet/yes/f2e59fea_nohash_0.wav,yes
DataSet/yes/f2e59fea_nohash_1.wav,yes
DataSet/yes/f2e59fea_nohash_2.wav,yes
DataSet/yes/f2e59fea_nohash_3.wav,yes
DataSet/yes/f2e9b610_nohash_0.wav,yes
DataSet/yes/f2e9b610_nohash_1.wav,yes
DataSet/yes/f2e9b610_nohash_2.wav,yes
DataSet/yes/f2e9b610_nohash_3.wav,yes
DataSet/yes/f2e9b610_nohash_4.wav,yes
DataSet/yes/f2f0d244_nohash_0.wav,yes
DataSet/yes/f2f0d244_nohash_1.wav,yes
DataSet/yes/f2f0d244_nohash_2.wav,yes
DataSet/yes/f2f0d244_nohash_3.wav,yes
DataSet/yes/f30285c8_nohash_0.wav,yes
DataSet/yes/f30285c8_nohash_1.wav,yes
DataSet/yes/f30285c8_nohash_2.wav,yes
DataSet/yes/f30285c8_nohash_3.wav,yes
DataSet/yes/f33660af_nohash_0.wav,yes
DataSet/yes/f34e6f44_nohash_0.wav,yes
DataSet/yes/f34e6f44_nohash_1.wav,yes
DataSet/yes/f34e6f44_nohash_2.wav,yes
DataSet/yes/f34e6f44_nohash_3.wav,yes
DataSet/yes/f35eedd7_nohash_0.wav,yes
DataSet/yes/f3957e23_nohash_0.wav,yes
DataSet/yes/f3cee168_nohash_0.wav,yes
DataSet/yes/f427aa81_nohash_0.wav,yes
DataSet/yes/f42e234b_nohash_0.wav,yes
DataSet/yes/f4386675_nohash_0.wav,yes
DataSet/yes/f44f440f_nohash_0.wav,yes
DataSet/yes/f4cae173_nohash_0.wav,yes
DataSet/yes/f4cae173_nohash_1.wav,yes
DataSet/yes/f4f59743_nohash_0.wav,yes
DataSet/yes/f5341341_nohash_0.wav,yes
DataSet/yes/f5341341_nohash_1.wav,yes
DataSet/yes/f5341341_nohash_2.wav,yes
DataSet/yes/f5341341_nohash_3.wav,yes
DataSet/yes/f5341341_nohash_4.wav,yes
DataSet/yes/f5496439_nohash_0.wav,yes
DataSet/yes/f5496439_nohash_1.wav,yes
DataSet/yes/f550b7dc_nohash_0.wav,yes
DataSet/yes/f5626af6_nohash_0.wav,yes
DataSet/yes/f5626af6_nohash_1.wav,yes
DataSet/yes/f5626af6_nohash_2.wav,yes
DataSet/yes/f5626af6_nohash_3.wav,yes
DataSet/yes/f5626af6_nohash_4.wav,yes
DataSet/yes/f568162b_nohash_0.wav,yes
DataSet/yes/f568162b_nohash_1.wav,yes
DataSet/yes/f568162b_nohash_2.wav,yes
DataSet/yes/f568162b_nohash_3.wav,yes
DataSet/yes/f5733968_nohash_0.wav,yes
DataSet/yes/f5733968_nohash_1.wav,yes
DataSet/yes/f5733968_nohash_2.wav,yes
DataSet/yes/f5733968_nohash_3.wav,yes
DataSet/yes/f5733968_nohash_4.wav,yes
DataSet/yes/f575faf3_nohash_0.wav,yes
DataSet/yes/f575faf3_nohash_1.wav,yes
DataSet/yes/f575faf3_nohash_2.wav,yes
DataSet/yes/f575faf3_nohash_3.wav,yes
DataSet/yes/f575faf3_nohash_4.wav,yes
DataSet/yes/f5c3de1b_nohash_0.wav,yes
DataSet/yes/f5c3de1b_nohash_1.wav,yes
DataSet/yes/f5c3de1b_nohash_2.wav,yes
DataSet/yes/f5e44d34_nohash_0.wav,yes
DataSet/yes/f5e44d34_nohash_1.wav,yes
DataSet/yes/f618568f_nohash_0.wav,yes
DataSet/yes/f618568f_nohash_1.wav,yes
DataSet/yes/f632210f_nohash_0.wav,yes
DataSet/yes/f632210f_nohash_1.wav,yes
DataSet/yes/f638a812_nohash_0.wav,yes
DataSet/yes/f638a812_nohash_1.wav,yes
DataSet/yes/f6617a86_nohash_0.wav,yes
DataSet/yes/f6617a86_nohash_1.wav,yes
DataSet/yes/f6617a86_nohash_2.wav,yes
DataSet/yes/f68160c0_nohash_0.wav,yes
DataSet/yes/f68160c0_nohash_1.wav,yes
DataSet/yes/f68160c0_nohash_2.wav,yes
DataSet/yes/f68160c0_nohash_3.wav,yes
DataSet/yes/f6a380e7_nohash_0.wav,yes
DataSet/yes/f6af2457_nohash_0.wav,yes
DataSet/yes/f736ab63_nohash_0.wav,yes
DataSet/yes/f736ab63_nohash_1.wav,yes
DataSet/yes/f736ab63_nohash_2.wav,yes
DataSet/yes/f736ab63_nohash_3.wav,yes
DataSet/yes/f736ab63_nohash_4.wav,yes
DataSet/yes/f7879738_nohash_0.wav,yes
DataSet/yes/f7879738_nohash_1.wav,yes
DataSet/yes/f798ac78_nohash_0.wav,yes
DataSet/yes/f798ac78_nohash_1.wav,yes
DataSet/yes/f798ac78_nohash_2.wav,yes
DataSet/yes/f798ac78_nohash_3.wav,yes
DataSet/yes/f798ac78_nohash_4.wav,yes
DataSet/yes/f804cbb3_nohash_0.wav,yes
DataSet/yes/f804cbb3_nohash_1.wav,yes
DataSet/yes/f816db77_nohash_0.wav,yes
DataSet/yes/f822b9bf_nohash_0.wav,yes
DataSet/yes/f822b9bf_nohash_1.wav,yes
DataSet/yes/f822b9bf_nohash_2.wav,yes
DataSet/yes/f822b9bf_nohash_3.wav,yes
DataSet/yes/f839238a_nohash_0.wav,yes
DataSet/yes/f839238a_nohash_1.wav,yes
DataSet/yes/f84762e5_nohash_0.wav,yes
DataSet/yes/f864cd4a_nohash_0.wav,yes
DataSet/yes/f875f965_nohash_0.wav,yes
DataSet/yes/f88f97a7_nohash_0.wav,yes
DataSet/yes/f8ad3941_nohash_0.wav,yes
DataSet/yes/f8ad3941_nohash_1.wav,yes
DataSet/yes/f8ba7c0e_nohash_0.wav,yes
DataSet/yes/f8ba7c0e_nohash_1.wav,yes
DataSet/yes/f8ba7c0e_nohash_2.wav,yes
DataSet/yes/f8ba7c0e_nohash_3.wav,yes
DataSet/yes/f8ba7c0e_nohash_4.wav,yes
DataSet/yes/f8f60f59_nohash_0.wav,yes
DataSet/yes/f8f60f59_nohash_1.wav,yes
DataSet/yes/f8f60f59_nohash_2.wav,yes
DataSet/yes/f8f60f59_nohash_3.wav,yes
DataSet/yes/f9273a21_nohash_0.wav,yes
DataSet/yes/f9273a21_nohash_1.wav,yes
DataSet/yes/f9318c93_nohash_0.wav,yes
DataSet/yes/f953e1af_nohash_0.wav,yes
DataSet/yes/f953e1af_nohash_1.wav,yes
DataSet/yes/f953e1af_nohash_2.wav,yes
DataSet/yes/f953e1af_nohash_3.wav,yes
DataSet/yes/f953e1af_nohash_4.wav,yes
DataSet/yes/f9643d42_nohash_0.wav,yes
DataSet/yes/f9643d42_nohash_1.wav,yes
DataSet/yes/f9643d42_nohash_2.wav,yes
DataSet/yes/f9643d42_nohash_3.wav,yes
DataSet/yes/f9af0887_nohash_0.wav,yes
DataSet/yes/f9af0887_nohash_1.wav,yes
DataSet/yes/f9bdf10e_nohash_0.wav,yes
DataSet/yes/f9f9751d_nohash_0.wav,yes
DataSet/yes/f9f9751d_nohash_1.wav,yes
DataSet/yes/fa446c16_nohash_0.wav,yes
DataSet/yes/fa44fcf5_nohash_0.wav,yes
DataSet/yes/fa44fcf5_nohash_1.wav,yes
DataSet/yes/fa44fcf5_nohash_2.wav,yes
DataSet/yes/fa44fcf5_nohash_3.wav,yes
DataSet/yes/fa52ddf6_nohash_0.wav,yes
DataSet/yes/fa52ddf6_nohash_1.wav,yes
DataSet/yes/fa52ddf6_nohash_2.wav,yes
DataSet/yes/fa52ddf6_nohash_3.wav,yes
DataSet/yes/fa52ddf6_nohash_4.wav,yes
DataSet/yes/fa57ab3b_nohash_0.wav,yes
DataSet/yes/fa57ab3b_nohash_1.wav,yes
DataSet/yes/fa57ab3b_nohash_2.wav,yes
DataSet/yes/fa57ab3b_nohash_3.wav,yes
DataSet/yes/fa57ab3b_nohash_4.wav,yes
DataSet/yes/fac74f6a_nohash_0.wav,yes
DataSet/yes/fac74f6a_nohash_1.wav,yes
DataSet/yes/fac74f6a_nohash_2.wav,yes
DataSet/yes/fac7deca_nohash_0.wav,yes
DataSet/yes/fac7deca_nohash_1.wav,yes
DataSet/yes/fad7a69a_nohash_0.wav,yes
DataSet/yes/fafe8101_nohash_0.wav,yes
DataSet/yes/fb01a182_nohash_0.wav,yes
DataSet/yes/fb495c43_nohash_0.wav,yes
DataSet/yes/fb7008b0_nohash_0.wav,yes
DataSet/yes/fb727898_nohash_0.wav,yes
DataSet/yes/fb727898_nohash_1.wav,yes
DataSet/yes/fb727898_nohash_2.wav,yes
DataSet/yes/fb727898_nohash_3.wav,yes
DataSet/yes/fb7c9b3b_nohash_0.wav,yes
DataSet/yes/fb7c9b3b_nohash_1.wav,yes
DataSet/yes/fb7cfe0e_nohash_0.wav,yes
DataSet/yes/fb7eb481_nohash_0.wav,yes
DataSet/yes/fb7eb481_nohash_1.wav,yes
DataSet/yes/fb7eb481_nohash_2.wav,yes
DataSet/yes/fb7eb481_nohash_3.wav,yes
DataSet/yes/fb8c31a9_nohash_0.wav,yes
DataSet/yes/fb8c31a9_nohash_1.wav,yes
DataSet/yes/fb8c31a9_nohash_2.wav,yes
DataSet/yes/fb8c31a9_nohash_3.wav,yes
DataSet/yes/fb8c31a9_nohash_4.wav,yes
DataSet/yes/fbb2f6cc_nohash_0.wav,yes
DataSet/yes/fbb2f6cc_nohash_1.wav,yes
DataSet/yes/fbb2f6cc_nohash_2.wav,yes
DataSet/yes/fbb2f6cc_nohash_3.wav,yes
DataSet/yes/fbb56351_nohash_0.wav,yes
DataSet/yes/fbb56351_nohash_1.wav,yes
DataSet/yes/fbb56351_nohash_2.wav,yes
DataSet/yes/fbb56351_nohash_3.wav,yes
DataSet/yes/fbb56351_nohash_4.wav,yes
DataSet/yes/fbdc07bb_nohash_0.wav,yes
DataSet/yes/fbe51750_nohash_0.wav,yes
DataSet/yes/fbe51750_nohash_1.wav,yes
DataSet/yes/fc3ba625_nohash_0.wav,yes
DataSet/yes/fc3ba625_nohash_1.wav,yes
DataSet/yes/fc3ba625_nohash_2.wav,yes
DataSet/yes/fc3ba625_nohash_3.wav,yes
DataSet/yes/fc3ba625_nohash_4.wav,yes
DataSet/yes/fc94edb0_nohash_0.wav,yes
DataSet/yes/fc94edb0_nohash_1.wav,yes
DataSet/yes/fcb25a78_nohash_0.wav,yes
DataSet/yes/fce65496_nohash_0.wav,yes
DataSet/yes/fd5ccd39_nohash_0.wav,yes
DataSet/yes/fd5ccd39_nohash_1.wav,yes
DataSet/yes/fd5ccd39_nohash_2.wav,yes
DataSet/yes/fd5ccd39_nohash_3.wav,yes
DataSet/yes/fd5ccd39_nohash_4.wav,yes
DataSet/yes/fda46b78_nohash_0.wav,yes
DataSet/yes/fdb5155e_nohash_0.wav,yes
DataSet/yes/fdb5155e_nohash_1.wav,yes
DataSet/yes/fde2dee7_nohash_0.wav,yes
DataSet/yes/fde2dee7_nohash_1.wav,yes
DataSet/yes/fe11e258_nohash_0.wav,yes
DataSet/yes/fe1916ba_nohash_0.wav,yes
DataSet/yes/fe1916ba_nohash_1.wav,yes
DataSet/yes/fe291fa9_nohash_0.wav,yes
DataSet/yes/fe31cb13_nohash_0.wav,yes
DataSet/yes/fe5c4a7a_nohash_0.wav,yes
DataSet/yes/ff0e27c3_nohash_0.wav,yes
DataSet/yes/ff21fb59_nohash_0.wav,yes
DataSet/yes/ff2b842e_nohash_0.wav,yes
DataSet/yes/ff2b842e_nohash_1.wav,yes
DataSet/yes/ff2b842e_nohash_2.wav,yes
DataSet/yes/ff2b842e_nohash_3.wav,yes
DataSet/yes/ff4ed4f3_nohash_0.wav,yes
DataSet/yes/ff4ed4f3_nohash_1.wav,yes
DataSet/yes/ff4ed4f3_nohash_2.wav,yes
DataSet/yes/ff4ed4f3_nohash_3.wav,yes
DataSet/yes/ff63ab0b_nohash_0.wav,yes
DataSet/yes/ffb86d3c_nohash_0.wav,yes
DataSet/yes/ffbb695d_nohash_0.wav,yes
DataSet/yes/ffbb695d_nohash_1.wav,yes
DataSet/yes/ffd2ba2f_nohash_0.wav,yes
DataSet/yes/ffd2ba2f_nohash_1.wav,yes
DataSet/yes/ffd2ba2f_nohash_2.wav,yes
DataSet/yes/ffd2ba2f_nohash_3.wav,yes
DataSet/yes/ffd2ba2f_nohash_4.wav,yes
DataSet/no/012c8314_nohash_0.wav,no
DataSet/no/0132a06d_nohash_0.wav,no
DataSet/no/0132a06d_nohash_1.wav,no
DataSet/no/0132a06d_nohash_2.wav,no
DataSet/no/0132a06d_nohash_3.wav,no
DataSet/no/0132a06d_nohash_4.wav,no
DataSet/no/0137b3f4_nohash_0.wav,no
DataSet/no/0137b3f4_nohash_1.wav,no
DataSet/no/0137b3f4_nohash_2.wav,no
DataSet/no/0137b3f4_nohash_3.wav,no
DataSet/no/0137b3f4_nohash_4.wav,no
DataSet/no/01648c51_nohash_0.wav,no
DataSet/no/01648c51_nohash_1.wav,no
DataSet/no/017c4098_nohash_0.wav,no
DataSet/no/017c4098_nohash_1.wav,no
DataSet/no/017c4098_nohash_2.wav,no
DataSet/no/017c4098_nohash_3.wav,no
DataSet/no/017c4098_nohash_4.wav,no
DataSet/no/019fa366_nohash_0.wav,no
DataSet/no/01bb6a2a_nohash_0.wav,no
DataSet/no/01bb6a2a_nohash_1.wav,no
DataSet/no/01bcfc0c_nohash_0.wav,no
DataSet/no/01bcfc0c_nohash_1.wav,no
DataSet/no/01d22d03_nohash_0.wav,no
DataSet/no/01d22d03_nohash_1.wav,no
DataSet/no/0227998e_nohash_0.wav,no
DataSet/no/026290a7_nohash_0.wav,no
DataSet/no/02746d24_nohash_0.wav,no
DataSet/no/02ade946_nohash_0.wav,no
DataSet/no/02ade946_nohash_1.wav,no
DataSet/no/02ade946_nohash_2.wav,no
DataSet/no/02ade946_nohash_3.wav,no
DataSet/no/02ade946_nohash_4.wav,no
DataSet/no/03401e93_nohash_0.wav,no
DataSet/no/03401e93_nohash_1.wav,no
DataSet/no/03401e93_nohash_2.wav,no
DataSet/no/03401e93_nohash_3.wav,no
DataSet/no/0362539c_nohash_0.wav,no
DataSet/no/0362539c_nohash_1.wav,no
DataSet/no/0362539c_nohash_2.wav,no
DataSet/no/0362539c_nohash_3.wav,no
DataSet/no/0362539c_nohash_4.wav,no
DataSet/no/037c445a_nohash_0.wav,no
DataSet/no/0397ecda_nohash_0.wav,no
DataSet/no/03c96658_nohash_0.wav,no
DataSet/no/03cf93b1_nohash_0.wav,no
DataSet/no/03cf93b1_nohash_1.wav,no
DataSet/no/03cf93b1_nohash_2.wav,no
DataSet/no/042a8dde_nohash_0.wav,no
DataSet/no/042a8dde_nohash_1.wav,no
DataSet/no/042a8dde_nohash_2.wav,no
DataSet/no/042a8dde_nohash_3.wav,no
DataSet/no/042ea76c_nohash_0.wav,no
DataSet/no/050170cb_nohash_0.wav,no
DataSet/no/050170cb_nohash_1.wav,no
DataSet/no/050170cb_nohash_2.wav,no
DataSet/no/050170cb_nohash_3.wav,no
DataSet/no/050170cb_nohash_4.wav,no
DataSet/no/0585b66d_nohash_0.wav,no
DataSet/no/0585b66d_nohash_1.wav,no
DataSet/no/0585b66d_nohash_2.wav,no
DataSet/no/0585b66d_nohash_3.wav,no
DataSet/no/0585b66d_nohash_4.wav,no
DataSet/no/060cd039_nohash_0.wav,no
DataSet/no/061a5915_nohash_0.wav,no
DataSet/no/063d48cf_nohash_0.wav,no
DataSet/no/067f61e2_nohash_0.wav,no
DataSet/no/067f61e2_nohash_1.wav,no
DataSet/no/067f61e2_nohash_2.wav,no
DataSet/no/067f61e2_nohash_3.wav,no
DataSet/no/067f61e2_nohash_4.wav,no
DataSet/no/06a79a03_nohash_0.wav,no
DataSet/no/06a79a03_nohash_1.wav,no
DataSet/no/06a79a03_nohash_2.wav,no
DataSet/no/06a79a03_nohash_3.wav,no
DataSet/no/06f6c194_nohash_0.wav,no
DataSet/no/06f6c194_nohash_1.wav,no
DataSet/no/06f6c194_nohash_2.wav,no
DataSet/no/06f6c194_nohash_3.wav,no
DataSet/no/06f6c194_nohash_4.wav,no
DataSet/no/07089da9_nohash_0.wav,no
DataSet/no/07089da9_nohash_1.wav,no
DataSet/no/07089da9_nohash_2.wav,no
DataSet/no/07089da9_nohash_3.wav,no
DataSet/no/070b49af_nohash_0.wav,no
DataSet/no/070b49af_nohash_1.wav,no
DataSet/no/0717b9f6_nohash_0.wav,no
DataSet/no/0717b9f6_nohash_1.wav,no
DataSet/no/0717b9f6_nohash_2.wav,no
DataSet/no/0717b9f6_nohash_3.wav,no
DataSet/no/075e38c3_nohash_0.wav,no
DataSet/no/075e38c3_nohash_1.wav,no
DataSet/no/079d1020_nohash_0.wav,no
DataSet/no/079dfce3_nohash_0.wav,no
DataSet/no/07ad9b59_nohash_0.wav,no
DataSet/no/07c5129e_nohash_0.wav,no
DataSet/no/07c5129e_nohash_1.wav,no
DataSet/no/0819edb0_nohash_0.wav,no
DataSet/no/08ab231c_nohash_0.wav,no
DataSet/no/08ab231c_nohash_1.wav,no
DataSet/no/08ab231c_nohash_2.wav,no
DataSet/no/08ab8082_nohash_0.wav,no
DataSet/no/08ab8082_nohash_1.wav,no
DataSet/no/093f65a1_nohash_0.wav,no
DataSet/no/095847e4_nohash_0.wav,no
DataSet/no/099d52ad_nohash_0.wav,no
DataSet/no/099d52ad_nohash_1.wav,no
DataSet/no/099d52ad_nohash_2.wav,no
DataSet/no/099d52ad_nohash_3.wav,no
DataSet/no/099d52ad_nohash_4.wav,no
DataSet/no/09bcdc9d_nohash_0.wav,no
DataSet/no/09ddc105_nohash_0.wav,no
DataSet/no/0a196374_nohash_0.wav,no
DataSet/no/0a196374_nohash_1.wav,no
DataSet/no/0a196374_nohash_2.wav,no
DataSet/no/0a196374_nohash_3.wav,no
DataSet/no/0a196374_nohash_4.wav,no
DataSet/no/0a2b400e_nohash_0.wav,no
DataSet/no/0a2b400e_nohash_1.wav,no
DataSet/no/0a2b400e_nohash_2.wav,no
DataSet/no/0a2b400e_nohash_3.wav,no
DataSet/no/0a2b400e_nohash_4.wav,no
DataSet/no/0a396ff2_nohash_0.wav,no
DataSet/no/0a5636ca_nohash_0.wav,no
DataSet/no/0a5636ca_nohash_1.wav,no
DataSet/no/0a9f9af7_nohash_0.wav,no
DataSet/no/0a9f9af7_nohash_1.wav,no
DataSet/no/0ab3b47d_nohash_0.wav,no
DataSet/no/0b40aa8e_nohash_0.wav,no
DataSet/no/0b56bcfe_nohash_0.wav,no
DataSet/no/0b77ee66_nohash_0.wav,no
DataSet/no/0b7ee1a0_nohash_0.wav,no
DataSet/no/0b7ee1a0_nohash_1.wav,no
DataSet/no/0b7ee1a0_nohash_2.wav,no
DataSet/no/0b7ee1a0_nohash_3.wav,no
DataSet/no/0ba018fc_nohash_0.wav,no
DataSet/no/0ba018fc_nohash_1.wav,no
DataSet/no/0ba018fc_nohash_2.wav,no
DataSet/no/0ba018fc_nohash_3.wav,no
DataSet/no/0ba018fc_nohash_4.wav,no
DataSet/no/0bd689d7_nohash_0.wav,no
DataSet/no/0bd689d7_nohash_1.wav,no
DataSet/no/0bde966a_nohash_0.wav,no
DataSet/no/0bde966a_nohash_1.wav,no
DataSet/no/0bde966a_nohash_2.wav,no
DataSet/no/0c2ca723_nohash_0.wav,no
DataSet/no/0c2d2ffa_nohash_0.wav,no
DataSet/no/0c40e715_nohash_0.wav,no
DataSet/no/0c5027de_nohash_0.wav,no
DataSet/no/0c5027de_nohash_1.wav,no
DataSet/no/0c540988_nohash_0.wav,no
DataSet/no/0cb74144_nohash_0.wav,no
DataSet/no/0cb74144_nohash_1.wav,no
DataSet/no/0cb74144_nohash_2.wav,no
DataSet/no/0cb74144_nohash_3.wav,no
DataSet/no/0cb74144_nohash_4.wav,no
DataSet/no/0cd323ec_nohash_0.wav,no
DataSet/no/0cd323ec_nohash_1.wav,no
DataSet/no/0d2bcf9d_nohash_0.wav,no
DataSet/no/0d6d7360_nohash_0.wav,no
DataSet/no/0d6d7360_nohash_1.wav,no
DataSet/no/0d6d7360_nohash_2.wav,no
DataSet/no/0d82fd99_nohash_0.wav,no
DataSet/no/0d82fd99_nohash_1.wav,no
DataSet/no/0d82fd99_nohash_2.wav,no
DataSet/no/0d82fd99_nohash_3.wav,no
DataSet/no/0d82fd99_nohash_4.wav,no
DataSet/no/0d85a428_nohash_0.wav,no
DataSet/no/0d85a428_nohash_1.wav,no
DataSet/no/0d85a428_nohash_2.wav,no
DataSet/no/0d90d8e1_nohash_0.wav,no
DataSet/no/0d90d8e1_nohash_1.wav,no
DataSet/no/0d90d8e1_nohash_2.wav,no
DataSet/no/0d90d8e1_nohash_3.wav,no
DataSet/no/0d90d8e1_nohash_4.wav,no
DataSet/no/0e17f595_nohash_0.wav,no
DataSet/no/0e5193e6_nohash_0.wav,no
DataSet/no/0e6e36c9_nohash_0.wav,no
DataSet/no/0e6e36c9_nohash_1.wav,no
DataSet/no/0e6e36c9_nohash_2.wav,no
DataSet/no/0e6e36c9_nohash_3.wav,no
DataSet/no/0e6e36c9_nohash_4.wav,no
DataSet/no/0e8ec1cb_nohash_0.wav,no
DataSet/no/0ea0e2f4_nohash_0.wav,no
DataSet/no/0ea9c8ce_nohash_0.wav,no
DataSet/no/0ea9c8ce_nohash_1.wav,no
DataSet/no/0ea9c8ce_nohash_2.wav,no
DataSet/no/0ea9c8ce_nohash_3.wav,no
DataSet/no/0f3f64d5_nohash_0.wav,no
DataSet/no/0f3f64d5_nohash_1.wav,no
DataSet/no/0f46028a_nohash_0.wav,no
DataSet/no/0f46028a_nohash_1.wav,no
DataSet/no/0f46028a_nohash_2.wav,no
DataSet/no/0f46028a_nohash_3.wav,no
DataSet/no/0f46028a_nohash_4.wav,no
DataSet/no/0f7205ef_nohash_0.wav,no
DataSet/no/0f7205ef_nohash_1.wav,no
DataSet/no/0f7266cf_nohash_0.wav,no
DataSet/no/0f7266cf_nohash_1.wav,no
DataSet/no/0f7266cf_nohash_2.wav,no
DataSet/no/0f7266cf_nohash_3.wav,no
DataSet/no/0f7266cf_nohash_4.wav,no
DataSet/no/0f7dc557_nohash_0.wav,no
DataSet/no/0f7dc557_nohash_1.wav,no
DataSet/no/0f7dc557_nohash_2.wav,no
DataSet/no/0ff728b5_nohash_0.wav,no
DataSet/no/0ff728b5_nohash_1.wav,no
DataSet/no/0ff728b5_nohash_2.wav,no
DataSet/no/0ff728b5_nohash_3.wav,no
DataSet/no/0ff728b5_nohash_4.wav,no
DataSet/no/10467b06_nohash_0.wav,no
DataSet/no/105e72bb_nohash_0.wav,no
DataSet/no/105e72bb_nohash_1.wav,no
DataSet/no/10627519_nohash_0.wav,no
DataSet/no/106a6183_nohash_0.wav,no
DataSet/no/106a6183_nohash_1.wav,no
DataSet/no/106a6183_nohash_2.wav,no
DataSet/no/106a6183_nohash_3.wav,no
DataSet/no/106a6183_nohash_4.wav,no
DataSet/no/1093c8e7_nohash_0.wav,no
DataSet/no/10ace7eb_nohash_0.wav,no
DataSet/no/10ace7eb_nohash_1.wav,no
DataSet/no/10ace7eb_nohash_2.wav,no
DataSet/no/10ace7eb_nohash_3.wav,no
DataSet/no/10ace7eb_nohash_4.wav,no
DataSet/no/10f2bb12_nohash_0.wav,no
DataSet/no/11379f4d_nohash_0.wav,no
DataSet/no/11379f4d_nohash_1.wav,no
DataSet/no/113b3fbc_nohash_0.wav,no
DataSet/no/113b3fbc_nohash_1.wav,no
DataSet/no/113b3fbc_nohash_2.wav,no
DataSet/no/113b3fbc_nohash_3.wav,no
DataSet/no/113b3fbc_nohash_4.wav,no
DataSet/no/11860c84_nohash_0.wav,no
DataSet/no/11a022ba_nohash_0.wav,no
DataSet/no/11b1df78_nohash_0.wav,no
DataSet/no/122c5aa7_nohash_0.wav,no
DataSet/no/122c5aa7_nohash_1.wav,no
DataSet/no/122c5aa7_nohash_2.wav,no
DataSet/no/122c5aa7_nohash_3.wav,no
DataSet/no/122c5aa7_nohash_4.wav,no
DataSet/no/131e738d_nohash_0.wav,no
DataSet/no/131e738d_nohash_1.wav,no
DataSet/no/131e738d_nohash_2.wav,no
DataSet/no/131e738d_nohash_3.wav,no
DataSet/no/1338a799_nohash_0.wav,no
DataSet/no/135c6841_nohash_0.wav,no
DataSet/no/135c6841_nohash_1.wav,no
DataSet/no/135c6841_nohash_2.wav,no
DataSet/no/135c6841_nohash_3.wav,no
DataSet/no/1365dd89_nohash_0.wav,no
DataSet/no/13dce503_nohash_0.wav,no
DataSet/no/14587ff0_nohash_0.wav,no
DataSet/no/14587ff0_nohash_1.wav,no
DataSet/no/146d97db_nohash_0.wav,no
DataSet/no/14775481_nohash_0.wav,no
DataSet/no/14775481_nohash_1.wav,no
DataSet/no/14872d06_nohash_0.wav,no
DataSet/no/14872d06_nohash_1.wav,no
DataSet/no/1496195a_nohash_0.wav,no
DataSet/no/1496195a_nohash_1.wav,no
DataSet/no/1496195a_nohash_2.wav,no
DataSet/no/1496195a_nohash_3.wav,no
DataSet/no/14c2b13d_nohash_0.wav,no
DataSet/no/14c7b073_nohash_0.wav,no
DataSet/no/14c7b073_nohash_1.wav,no
DataSet/no/14c7b073_nohash_2.wav,no
DataSet/no/14c7b073_nohash_3.wav,no
DataSet/no/14c7b073_nohash_4.wav,no
DataSet/no/14df1e28_nohash_0.wav,no
DataSet/no/151bfb79_nohash_0.wav,no
DataSet/no/152491bc_nohash_0.wav,no
DataSet/no/152491bc_nohash_1.wav,no
DataSet/no/15574821_nohash_0.wav,no
DataSet/no/15b0c947_nohash_0.wav,no
DataSet/no/15c563d7_nohash_0.wav,no
DataSet/no/15c563d7_nohash_1.wav,no
DataSet/no/15c563d7_nohash_2.wav,no
DataSet/no/15c563d7_nohash_3.wav,no
DataSet/no/15dd287d_nohash_0.wav,no
DataSet/no/15dd287d_nohash_1.wav,no
DataSet/no/15dd287d_nohash_2.wav,no
DataSet/no/161fcca8_nohash_0.wav,no
DataSet/no/161fcca8_nohash_1.wav,no
DataSet/no/1625acd8_nohash_0.wav,no
DataSet/no/1626bc5a_nohash_0.wav,no
DataSet/no/1626bc5a_nohash_1.wav,no
DataSet/no/1657c9fa_nohash_0.wav,no
DataSet/no/1657c9fa_nohash_1.wav,no
DataSet/no/1657c9fa_nohash_2.wav,no
DataSet/no/1678e6f1_nohash_0.wav,no
DataSet/no/16d41d07_nohash_0.wav,no
DataSet/no/16db1582_nohash_0.wav,no
DataSet/no/1706c35f_nohash_0.wav,no
DataSet/no/1706c35f_nohash_1.wav,no
DataSet/no/171b56dc_nohash_0.wav,no
DataSet/no/171b56dc_nohash_1.wav,no
DataSet/no/171b56dc_nohash_2.wav,no
DataSet/no/171edea9_nohash_0.wav,no
DataSet/no/171edea9_nohash_1.wav,no
DataSet/no/171edea9_nohash_2.wav,no
DataSet/no/171edea9_nohash_3.wav,no
DataSet/no/171edea9_nohash_4.wav,no
DataSet/no/172dc2b0_nohash_0.wav,no
DataSet/no/173ae793_nohash_0.wav,no
DataSet/no/173ce2be_nohash_0.wav,no
DataSet/no/173e6bbf_nohash_0.wav,no
DataSet/no/1746d7b6_nohash_0.wav,no
DataSet/no/179a61b7_nohash_0.wav,no
DataSet/no/179a61b7_nohash_1.wav,no
DataSet/no/179a61b7_nohash_2.wav,no
DataSet/no/179a61b7_nohash_3.wav,no
DataSet/no/179a61b7_nohash_4.wav,no
DataSet/no/17c94b23_nohash_0.wav,no
DataSet/no/17c94b23_nohash_1.wav,no
DataSet/no/17cc40ee_nohash_0.wav,no
DataSet/no/17cc40ee_nohash_1.wav,no
DataSet/no/17f0e206_nohash_0.wav,no
DataSet/no/1816b768_nohash_0.wav,no
DataSet/no/1851e33b_nohash_0.wav,no
DataSet/no/1851e33b_nohash_1.wav,no
DataSet/no/1851e33b_nohash_2.wav,no
DataSet/no/187af8be_nohash_0.wav,no
DataSet/no/187af8be_nohash_1.wav,no
DataSet/no/1890e5c3_nohash_0.wav,no
DataSet/no/1890e5c3_nohash_1.wav,no
DataSet/no/189cbabe_nohash_0.wav,no
DataSet/no/189cbabe_nohash_1.wav,no
DataSet/no/189cbabe_nohash_2.wav,no
DataSet/no/189cbabe_nohash_3.wav,no
DataSet/no/189cbabe_nohash_4.wav,no
DataSet/no/18a1aab9_nohash_0.wav,no
DataSet/no/18a1aab9_nohash_1.wav,no
DataSet/no/18a8f03f_nohash_0.wav,no
DataSet/no/18a8f03f_nohash_1.wav,no
DataSet/no/18a8f03f_nohash_2.wav,no
DataSet/no/18c54a68_nohash_0.wav,no
DataSet/no/18c54a68_nohash_1.wav,no
DataSet/no/18d120ae_nohash_0.wav,no
DataSet/no/18e910f4_nohash_0.wav,no
DataSet/no/18e910f4_nohash_1.wav,no
DataSet/no/18e910f4_nohash_2.wav,no
DataSet/no/18e910f4_nohash_3.wav,no
DataSet/no/18e910f4_nohash_4.wav,no
DataSet/no/18f8afd5_nohash_0.wav,no
DataSet/no/18f8afd5_nohash_1.wav,no
DataSet/no/18f8afd5_nohash_2.wav,no
DataSet/no/18f8afd5_nohash_3.wav,no
DataSet/no/18f8afd5_nohash_4.wav,no
DataSet/no/18ffa72d_nohash_0.wav,no
DataSet/no/190821dc_nohash_0.wav,no
DataSet/no/190821dc_nohash_1.wav,no
DataSet/no/190821dc_nohash_2.wav,no
DataSet/no/190821dc_nohash_3.wav,no
DataSet/no/19414a96_nohash_0.wav,no
DataSet/no/1942abd7_nohash_0.wav,no
DataSet/no/195c120a_nohash_0.wav,no
DataSet/no/195c120a_nohash_1.wav,no
DataSet/no/195c120a_nohash_2.wav,no
DataSet/no/195c120a_nohash_3.wav,no
DataSet/no/195c120a_nohash_4.wav,no
DataSet/no/197f4153_nohash_0.wav,no
DataSet/no/197f4153_nohash_1.wav,no
DataSet/no/197f4153_nohash_2.wav,no
DataSet/no/197f4153_nohash_3.wav,no
DataSet/no/1993db46_nohash_0.wav,no
DataSet/no/1995cf9e_nohash_0.wav,no
DataSet/no/1995cf9e_nohash_1.wav,no
DataSet/no/1995cf9e_nohash_2.wav,no
DataSet/no/1995cf9e_nohash_3.wav,no
DataSet/no/199da2bf_nohash_0.wav,no
DataSet/no/19a1e5c7_nohash_0.wav,no
DataSet/no/19b05529_nohash_0.wav,no
DataSet/no/19e246ad_nohash_0.wav,no
DataSet/no/19e246ad_nohash_1.wav,no
DataSet/no/19e98e89_nohash_0.wav,no
DataSet/no/19f9c115_nohash_0.wav,no
DataSet/no/19f9c115_nohash_1.wav,no
DataSet/no/1a073312_nohash_0.wav,no
DataSet/no/1a4259c3_nohash_0.wav,no
DataSet/no/1a5b9ca4_nohash_0.wav,no
DataSet/no/1a673010_nohash_0.wav,no
DataSet/no/1a73dcd1_nohash_0.wav,no
DataSet/no/1a73dcd1_nohash_1.wav,no
DataSet/no/1a73dcd1_nohash_2.wav,no
DataSet/no/1a892463_nohash_0.wav,no
DataSet/no/1a994c9f_nohash_0.wav,no
DataSet/no/1a994c9f_nohash_1.wav,no
DataSet/no/1a994c9f_nohash_2.wav,no
DataSet/no/1a994c9f_nohash_3.wav,no
DataSet/no/1a994c9f_nohash_4.wav,no
DataSet/no/1a9afd33_nohash_0.wav,no
DataSet/no/1acc97de_nohash_0.wav,no
DataSet/no/1acc97de_nohash_1.wav,no
DataSet/no/1acc97de_nohash_2.wav,no
DataSet/no/1acc97de_nohash_3.wav,no
DataSet/no/1acc97de_nohash_4.wav,no
DataSet/no/1aed7c6d_nohash_0.wav,no
DataSet/no/1b18600d_nohash_0.wav,no
DataSet/no/1b42b551_nohash_0.wav,no
DataSet/no/1b42b551_nohash_1.wav,no
DataSet/no/1b42b551_nohash_2.wav,no
DataSet/no/1b42b551_nohash_3.wav,no
DataSet/no/1b42b551_nohash_4.wav,no
DataSet/no/1b459024_nohash_0.wav,no
DataSet/no/1b4c9b89_nohash_0.wav,no
DataSet/no/1b4c9b89_nohash_1.wav,no
DataSet/no/1b4c9b89_nohash_2.wav,no
DataSet/no/1b4c9b89_nohash_3.wav,no
DataSet/no/1b4c9b89_nohash_4.wav,no
DataSet/no/1b627376_nohash_0.wav,no
DataSet/no/1ba20be2_nohash_0.wav,no
DataSet/no/1ba20be2_nohash_1.wav,no
DataSet/no/1bb574f9_nohash_0.wav,no
DataSet/no/1bb574f9_nohash_1.wav,no
DataSet/no/1bb6ed89_nohash_0.wav,no
DataSet/no/1bb6ed89_nohash_1.wav,no
DataSet/no/1bb6ed89_nohash_2.wav,no
DataSet/no/1c1060b1_nohash_0.wav,no
DataSet/no/1c3f50ad_nohash_0.wav,no
DataSet/no/1c3f50ad_nohash_1.wav,no
DataSet/no/1c50d874_nohash_0.wav,no
DataSet/no/1c6e5447_nohash_0.wav,no
DataSet/no/1c6e5447_nohash_1.wav,no
DataSet/no/1c84a139_nohash_0.wav,no
DataSet/no/1c84a139_nohash_1.wav,no
DataSet/no/1cb788bc_nohash_0.wav,no
DataSet/no/1cb788bc_nohash_1.wav,no
DataSet/no/1cc80e39_nohash_0.wav,no
DataSet/no/1cec8d71_nohash_0.wav,no
DataSet/no/1daa5ada_nohash_0.wav,no
DataSet/no/1dc86f91_nohash_0.wav,no
DataSet/no/1dc86f91_nohash_1.wav,no
DataSet/no/1dc86f91_nohash_2.wav,no
DataSet/no/1dc86f91_nohash_3.wav,no
DataSet/no/1dc86f91_nohash_4.wav,no
DataSet/no/1dce06e8_nohash_0.wav,no
DataSet/no/1df483c0_nohash_0.wav,no
DataSet/no/1df483c0_nohash_1.wav,no
DataSet/no/1df483c0_nohash_2.wav,no
DataSet/no/1df99a8a_nohash_0.wav,no
DataSet/no/1e02ffc5_nohash_0.wav,no
DataSet/no/1e02ffc5_nohash_1.wav,no
DataSet/no/1e02ffc5_nohash_2.wav,no
DataSet/no/1e02ffc5_nohash_3.wav,no
DataSet/no/1e02ffc5_nohash_4.wav,no
DataSet/no/1e31353f_nohash_0.wav,no
DataSet/no/1e4064b8_nohash_0.wav,no
DataSet/no/1e4064b8_nohash_1.wav,no
DataSet/no/1e8044b4_nohash_0.wav,no
DataSet/no/1e9b215e_nohash_0.wav,no
DataSet/no/1e9e6bdd_nohash_0.wav,no
DataSet/no/1e9e6bdd_nohash_1.wav,no
DataSet/no/1e9e6bdd_nohash_2.wav,no
DataSet/no/1e9e6bdd_nohash_3.wav,no
DataSet/no/1e9e6bdd_nohash_4.wav,no
DataSet/no/1ecfb537_nohash_0.wav,no
DataSet/no/1ecfb537_nohash_1.wav,no
DataSet/no/1ecfb537_nohash_2.wav,no
DataSet/no/1ecfb537_nohash_3.wav,no
DataSet/no/1ecfb537_nohash_4.wav,no
DataSet/no/1ed0b13d_nohash_0.wav,no
DataSet/no/1ed0b13d_nohash_1.wav,no
DataSet/no/1ed0b13d_nohash_2.wav,no
DataSet/no/1ed0b13d_nohash_3.wav,no
DataSet/no/1ed0b13d_nohash_4.wav,no
DataSet/no/1eddce1d_nohash_0.wav,no
DataSet/no/1eddce1d_nohash_1.wav,no
DataSet/no/1efdf53f_nohash_0.wav,no
DataSet/no/1f3bece8_nohash_0.wav,no
DataSet/no/1f3e4139_nohash_0.wav,no
DataSet/no/1f3e4139_nohash_1.wav,no
DataSet/no/1f3e4139_nohash_2.wav,no
DataSet/no/1fd85ee4_nohash_0.wav,no
DataSet/no/1fd85ee4_nohash_1.wav,no
DataSet/no/1fe4c891_nohash_0.wav,no
DataSet/no/1ffd513b_nohash_0.wav,no
DataSet/no/2039b9c1_nohash_0.wav,no
DataSet/no/2039b9c1_nohash_1.wav,no
DataSet/no/20d779bf_nohash_0.wav,no
DataSet/no/20d779bf_nohash_1.wav,no
DataSet/no/20fd451f_nohash_0.wav,no
DataSet/no/20fd451f_nohash_1.wav,no
DataSet/no/20fd451f_nohash_2.wav,no
DataSet/no/20fd451f_nohash_3.wav,no
DataSet/no/20fd451f_nohash_4.wav,no
DataSet/no/211b928a_nohash_0.wav,no
DataSet/no/211b928a_nohash_1.wav,no
DataSet/no/211b928a_nohash_2.wav,no
DataSet/no/211b928a_nohash_3.wav,no
DataSet/no/21307344_nohash_0.wav,no
DataSet/no/2151b09a_nohash_0.wav,no
DataSet/no/215699ff_nohash_0.wav,no
DataSet/no/215699ff_nohash_1.wav,no
DataSet/no/21832144_nohash_0.wav,no
DataSet/no/21832144_nohash_1.wav,no
DataSet/no/21832144_nohash_2.wav,no
DataSet/no/21832144_nohash_3.wav,no
DataSet/no/21832144_nohash_4.wav,no
DataSet/no/2197f41c_nohash_0.wav,no
DataSet/no/22296dbe_nohash_0.wav,no
DataSet/no/22296dbe_nohash_1.wav,no
DataSet/no/22296dbe_nohash_2.wav,no
DataSet/no/2250f5f2_nohash_0.wav,no
DataSet/no/226537ab_nohash_0.wav,no
DataSet/no/226537ab_nohash_1.wav,no
DataSet/no/226537ab_nohash_2.wav,no
DataSet/no/226537ab_nohash_3.wav,no
DataSet/no/226537ab_nohash_4.wav,no
DataSet/no/229978fd_nohash_0.wav,no
DataSet/no/229978fd_nohash_1.wav,no
DataSet/no/229978fd_nohash_2.wav,no
DataSet/no/229978fd_nohash_3.wav,no
DataSet/no/229978fd_nohash_4.wav,no
DataSet/no/23059a35_nohash_0.wav,no
DataSet/no/2335770e_nohash_0.wav,no
DataSet/no/234ab0fb_nohash_0.wav,no
DataSet/no/234d6a48_nohash_0.wav,no
DataSet/no/234d6a48_nohash_1.wav,no
DataSet/no/234d6a48_nohash_2.wav,no
DataSet/no/234d6a48_nohash_3.wav,no
DataSet/no/234d6a48_nohash_4.wav,no
DataSet/no/2356b88d_nohash_0.wav,no
DataSet/no/2356b88d_nohash_1.wav,no
DataSet/no/2356b88d_nohash_2.wav,no
DataSet/no/2356b88d_nohash_3.wav,no
DataSet/no/2356b88d_nohash_4.wav,no
DataSet/no/235b444f_nohash_0.wav,no
DataSet/no/235b444f_nohash_1.wav,no
DataSet/no/235b444f_nohash_2.wav,no
DataSet/no/235b444f_nohash_3.wav,no
DataSet/no/2365eedb_nohash_0.wav,no
DataSet/no/236b6113_nohash_0.wav,no
DataSet/no/238c112c_nohash_0.wav,no
DataSet/no/238c112c_nohash_1.wav,no
DataSet/no/238c112c_nohash_2.wav,no
DataSet/no/23da904f_nohash_0.wav,no
DataSet/no/23da904f_nohash_1.wav,no
DataSet/no/23da904f_nohash_2.wav,no
DataSet/no/23da904f_nohash_3.wav,no
DataSet/no/23da904f_nohash_4.wav,no
DataSet/no/24632875_nohash_0.wav,no
DataSet/no/24632875_nohash_1.wav,no
DataSet/no/24a3e589_nohash_0.wav,no
DataSet/no/24a3e589_nohash_1.wav,no
DataSet/no/24a3e589_nohash_2.wav,no
DataSet/no/24a3e589_nohash_3.wav,no
DataSet/no/24ad3ebe_nohash_0.wav,no
DataSet/no/24befdb3_nohash_0.wav,no
DataSet/no/24befdb3_nohash_1.wav,no
DataSet/no/24befdb3_nohash_2.wav,no
DataSet/no/24befdb3_nohash_3.wav,no
DataSet/no/24befdb3_nohash_4.wav,no
DataSet/no/24c9f572_nohash_0.wav,no
DataSet/no/24cab2cb_nohash_0.wav,no
DataSet/no/24cab2cb_nohash_1.wav,no
DataSet/no/24cab2cb_nohash_2.wav,no
DataSet/no/25040e85_nohash_0.wav,no
DataSet/no/25040e85_nohash_1.wav,no
DataSet/no/2510c044_nohash_0.wav,no
DataSet/no/2510c044_nohash_1.wav,no
DataSet/no/25132942_nohash_0.wav,no
DataSet/no/25132942_nohash_1.wav,no
DataSet/no/25132942_nohash_2.wav,no
DataSet/no/25132942_nohash_3.wav,no
DataSet/no/25132942_nohash_4.wav,no
DataSet/no/256c0a05_nohash_0.wav,no
DataSet/no/256c0a05_nohash_1.wav,no
DataSet/no/256c0a05_nohash_2.wav,no
DataSet/no/256c0a05_nohash_3.wav,no
DataSet/no/256c0a05_nohash_4.wav,no
DataSet/no/257251e0_nohash_0.wav,no
DataSet/no/257e17e0_nohash_0.wav,no
DataSet/no/257e17e0_nohash_1.wav,no
DataSet/no/2589f361_nohash_0.wav,no
DataSet/no/2589f361_nohash_1.wav,no
DataSet/no/2589f361_nohash_2.wav,no
DataSet/no/2589f361_nohash_3.wav,no
DataSet/no/258f4559_nohash_0.wav,no
DataSet/no/258f4559_nohash_1.wav,no
DataSet/no/25e95412_nohash_0.wav,no
DataSet/no/25e95412_nohash_1.wav,no
DataSet/no/25e95412_nohash_2.wav,no
DataSet/no/25e95412_nohash_3.wav,no
DataSet/no/25e95412_nohash_4.wav,no
DataSet/no/25e95412_nohash_5.wav,no
DataSet/no/25e95412_nohash_6.wav,no
DataSet/no/25e95412_nohash_7.wav,no
DataSet/no/264f471d_nohash_0.wav,no
DataSet/no/264f471d_nohash_1.wav,no
DataSet/no/264f471d_nohash_2.wav,no
DataSet/no/264f471d_nohash_3.wav,no
DataSet/no/264f471d_nohash_4.wav,no
DataSet/no/265bd13a_nohash_0.wav,no
DataSet/no/26b28ea7_nohash_0.wav,no
DataSet/no/26c54f73_nohash_0.wav,no
DataSet/no/270bfa52_nohash_0.wav,no
DataSet/no/270bfa52_nohash_1.wav,no
DataSet/no/2748cce7_nohash_0.wav,no
DataSet/no/2748cce7_nohash_1.wav,no
DataSet/no/2748cce7_nohash_2.wav,no
DataSet/no/2748cce7_nohash_3.wav,no
DataSet/no/2796ac50_nohash_0.wav,no
DataSet/no/2796ac50_nohash_1.wav,no
DataSet/no/27c24504_nohash_0.wav,no
DataSet/no/27c24504_nohash_1.wav,no
DataSet/no/27c24504_nohash_2.wav,no
DataSet/no/27c24504_nohash_3.wav,no
DataSet/no/27c24504_nohash_4.wav,no
DataSet/no/27c30960_nohash_0.wav,no
DataSet/no/27c30960_nohash_1.wav,no
DataSet/no/283d7a53_nohash_0.wav,no
DataSet/no/283d7a53_nohash_1.wav,no
DataSet/no/283d7a53_nohash_2.wav,no
DataSet/no/28460a60_nohash_0.wav,no
DataSet/no/28497c5b_nohash_0.wav,no
DataSet/no/28497c5b_nohash_1.wav,no
DataSet/no/28612180_nohash_0.wav,no
DataSet/no/28ce0c58_nohash_0.wav,no
DataSet/no/28ce0c58_nohash_1.wav,no
DataSet/no/28ce0c58_nohash_2.wav,no
DataSet/no/28ce0c58_nohash_3.wav,no
DataSet/no/28ce0c58_nohash_4.wav,no
DataSet/no/28ce0c58_nohash_5.wav,no
DataSet/no/28ce0c58_nohash_6.wav,no
DataSet/no/28ce0c58_nohash_7.wav,no
DataSet/no/28e47b1a_nohash_0.wav,no
DataSet/no/28e47b1a_nohash_1.wav,no
DataSet/no/28e47b1a_nohash_2.wav,no
DataSet/no/28e47b1a_nohash_3.wav,no
DataSet/no/28e47b1a_nohash_4.wav,no
DataSet/no/28ed6bc9_nohash_0.wav,no
DataSet/no/28ed6bc9_nohash_1.wav,no
DataSet/no/28ed6bc9_nohash_2.wav,no
DataSet/no/28ed6bc9_nohash_3.wav,no
DataSet/no/28ed6bc9_nohash_4.wav,no
DataSet/no/28ef2a01_nohash_0.wav,no
DataSet/no/28ef2a01_nohash_1.wav,no
DataSet/no/2903efb3_nohash_0.wav,no
DataSet/no/29229c21_nohash_0.wav,no
DataSet/no/29229c21_nohash_1.wav,no
DataSet/no/29229c21_nohash_2.wav,no
DataSet/no/29229c21_nohash_3.wav,no
DataSet/no/29229c21_nohash_4.wav,no
DataSet/no/2927c601_nohash_0.wav,no
DataSet/no/2927c601_nohash_1.wav,no
DataSet/no/2927c601_nohash_2.wav,no
DataSet/no/2927c601_nohash_3.wav,no
DataSet/no/29b81b73_nohash_0.wav,no
DataSet/no/29b81b73_nohash_1.wav,no
DataSet/no/29dce108_nohash_0.wav,no
DataSet/no/29dce108_nohash_1.wav,no
DataSet/no/29dce108_nohash_2.wav,no
DataSet/no/29dce108_nohash_3.wav,no
DataSet/no/29dce108_nohash_4.wav,no
DataSet/no/29fb33da_nohash_0.wav,no
DataSet/no/29fb33da_nohash_1.wav,no
DataSet/no/29fb33da_nohash_2.wav,no
DataSet/no/29fb33da_nohash_3.wav,no
DataSet/no/29fb33da_nohash_4.wav,no
DataSet/no/2a0b413e_nohash_0.wav,no
DataSet/no/2a1f4853_nohash_0.wav,no
DataSet/no/2a1f4853_nohash_1.wav,no
DataSet/no/2a1f4853_nohash_2.wav,no
DataSet/no/2a1f4853_nohash_3.wav,no
DataSet/no/2a89ad5c_nohash_0.wav,no
DataSet/no/2aca1e72_nohash_0.wav,no
DataSet/no/2aca1e72_nohash_1.wav,no
DataSet/no/2aca1e72_nohash_10.wav,no
DataSet/no/2aca1e72_nohash_11.wav,no
DataSet/no/2aca1e72_nohash_2.wav,no
DataSet/no/2aca1e72_nohash_3.wav,no
DataSet/no/2aca1e72_nohash_4.wav,no
DataSet/no/2aca1e72_nohash_5.wav,no
DataSet/no/2aca1e72_nohash_6.wav,no
DataSet/no/2aca1e72_nohash_7.wav,no
DataSet/no/2aca1e72_nohash_8.wav,no
DataSet/no/2aca1e72_nohash_9.wav,no
DataSet/no/2ad772d6_nohash_0.wav,no
DataSet/no/2b42e7a2_nohash_0.wav,no
DataSet/no/2b5e346d_nohash_0.wav,no
DataSet/no/2b5e346d_nohash_1.wav,no
DataSet/no/2b5e346d_nohash_2.wav,no
DataSet/no/2b5e346d_nohash_3.wav,no
DataSet/no/2b5e346d_nohash_4.wav,no
DataSet/no/2b715941_nohash_0.wav,no
DataSet/no/2bdbe5f7_nohash_0.wav,no
DataSet/no/2bdbe5f7_nohash_1.wav,no
DataSet/no/2bdbe5f7_nohash_2.wav,no
DataSet/no/2bdbe5f7_nohash_3.wav,no
DataSet/no/2bdbe5f7_nohash_4.wav,no
DataSet/no/2bfe70ef_nohash_0.wav,no
DataSet/no/2bfe70ef_nohash_1.wav,no
DataSet/no/2c393fd2_nohash_0.wav,no
DataSet/no/2c5e0347_nohash_0.wav,no
DataSet/no/2c6d3924_nohash_0.wav,no
DataSet/no/2d82a556_nohash_0.wav,no
DataSet/no/2da58b32_nohash_0.wav,no
DataSet/no/2da58b32_nohash_1.wav,no
DataSet/no/2da58b32_nohash_2.wav,no
DataSet/no/2da58b32_nohash_3.wav,no
DataSet/no/2dc4f05d_nohash_0.wav,no
DataSet/no/2dc4f05d_nohash_1.wav,no
DataSet/no/2dc4f05d_nohash_2.wav,no
DataSet/no/2dc4f05d_nohash_3.wav,no
DataSet/no/2dce72b3_nohash_0.wav,no
DataSet/no/2e0d80f7_nohash_0.wav,no
DataSet/no/2e0d80f7_nohash_1.wav,no
DataSet/no/2e0d80f7_nohash_2.wav,no
DataSet/no/2e30f9a5_nohash_0.wav,no
DataSet/no/2e75d37a_nohash_0.wav,no
DataSet/no/2e75d37a_nohash_1.wav,no
DataSet/no/2e75d37a_nohash_2.wav,no
DataSet/no/2e75d37a_nohash_3.wav,no
DataSet/no/2f0ce4d9_nohash_0.wav,no
DataSet/no/2f0ce4d9_nohash_1.wav,no
DataSet/no/2f0ce4d9_nohash_2.wav,no
DataSet/no/2f0ce4d9_nohash_3.wav,no
DataSet/no/2f421e88_nohash_0.wav,no
DataSet/no/2f666bb2_nohash_0.wav,no
DataSet/no/2f813234_nohash_0.wav,no
DataSet/no/2f813234_nohash_1.wav,no
DataSet/no/2fa39636_nohash_0.wav,no
DataSet/no/2fa39636_nohash_1.wav,no
DataSet/no/2fcb6397_nohash_0.wav,no
DataSet/no/2fcb6397_nohash_1.wav,no
DataSet/no/2fcb6397_nohash_2.wav,no
DataSet/no/2fcb6397_nohash_3.wav,no
DataSet/no/2fcb6397_nohash_4.wav,no
DataSet/no/2fee065a_nohash_0.wav,no
DataSet/no/2fee065a_nohash_1.wav,no
DataSet/no/2fee065a_nohash_2.wav,no
DataSet/no/2fee065a_nohash_3.wav,no
DataSet/no/2fee065a_nohash_4.wav,no
DataSet/no/300384f0_nohash_0.wav,no
DataSet/no/30060aba_nohash_0.wav,no
DataSet/no/30060aba_nohash_1.wav,no
DataSet/no/30060aba_nohash_2.wav,no
DataSet/no/30065f33_nohash_0.wav,no
DataSet/no/30065f33_nohash_1.wav,no
DataSet/no/30065f33_nohash_2.wav,no
DataSet/no/3006c271_nohash_0.wav,no
DataSet/no/30276d03_nohash_0.wav,no
DataSet/no/30276d03_nohash_1.wav,no
DataSet/no/30276d03_nohash_2.wav,no
DataSet/no/30276d03_nohash_3.wav,no
DataSet/no/30276d03_nohash_4.wav,no
DataSet/no/30aabd44_nohash_0.wav,no
DataSet/no/30f31e42_nohash_0.wav,no
DataSet/no/30f6e665_nohash_0.wav,no
DataSet/no/30f6e665_nohash_1.wav,no
DataSet/no/3102f006_nohash_0.wav,no
DataSet/no/3102f006_nohash_1.wav,no
DataSet/no/3102f006_nohash_2.wav,no
DataSet/no/3102f006_nohash_3.wav,no
DataSet/no/3102f006_nohash_4.wav,no
DataSet/no/3108acca_nohash_0.wav,no
DataSet/no/3108acca_nohash_1.wav,no
DataSet/no/31267b59_nohash_0.wav,no
DataSet/no/31270cb2_nohash_0.wav,no
DataSet/no/31270cb2_nohash_1.wav,no
DataSet/no/31583d30_nohash_0.wav,no
DataSet/no/31d31fa0_nohash_0.wav,no
DataSet/no/31d68957_nohash_0.wav,no
DataSet/no/31db232b_nohash_0.wav,no
DataSet/no/31db232b_nohash_1.wav,no
DataSet/no/31f01a8d_nohash_0.wav,no
DataSet/no/31f01a8d_nohash_1.wav,no
DataSet/no/31f01a8d_nohash_2.wav,no
DataSet/no/31f01a8d_nohash_3.wav,no
DataSet/no/31f01a8d_nohash_4.wav,no
DataSet/no/3209ec42_nohash_0.wav,no
DataSet/no/321aba74_nohash_0.wav,no
DataSet/no/321aba74_nohash_1.wav,no
DataSet/no/321aba74_nohash_2.wav,no
DataSet/no/321aba74_nohash_3.wav,no
DataSet/no/322d17d3_nohash_0.wav,no
DataSet/no/322d17d3_nohash_1.wav,no
DataSet/no/322d17d3_nohash_2.wav,no
DataSet/no/322d17d3_nohash_3.wav,no
DataSet/no/322d17d3_nohash_4.wav,no
DataSet/no/324210dd_nohash_0.wav,no
DataSet/no/324210dd_nohash_1.wav,no
DataSet/no/324210dd_nohash_2.wav,no
DataSet/no/324210dd_nohash_3.wav,no
DataSet/no/324210dd_nohash_4.wav,no
DataSet/no/32561e9e_nohash_0.wav,no
DataSet/no/3291330e_nohash_0.wav,no
DataSet/no/3291330e_nohash_1.wav,no
DataSet/no/3291330e_nohash_2.wav,no
DataSet/no/3291330e_nohash_3.wav,no
DataSet/no/32ad5b65_nohash_0.wav,no
DataSet/no/32ad5b65_nohash_1.wav,no
DataSet/no/32ad5b65_nohash_2.wav,no
DataSet/no/32ad5b65_nohash_3.wav,no
DataSet/no/32ad5b65_nohash_4.wav,no
DataSet/no/33246bc2_nohash_0.wav,no
DataSet/no/332d33b1_nohash_0.wav,no
DataSet/no/332d33b1_nohash_1.wav,no
DataSet/no/332d33b1_nohash_2.wav,no
DataSet/no/332d33b1_nohash_3.wav,no
DataSet/no/333784b7_nohash_0.wav,no
DataSet/no/333784b7_nohash_1.wav,no
DataSet/no/333784b7_nohash_2.wav,no
DataSet/no/333784b7_nohash_3.wav,no
DataSet/no/333784b7_nohash_4.wav,no
DataSet/no/333d7ddb_nohash_0.wav,no
DataSet/no/333d7ddb_nohash_1.wav,no
DataSet/no/333d7ddb_nohash_2.wav,no
DataSet/no/333d7ddb_nohash_3.wav,no
DataSet/no/3389305e_nohash_0.wav,no
DataSet/no/338a40d6_nohash_0.wav,no
DataSet/no/338dacf5_nohash_0.wav,no
DataSet/no/33903159_nohash_0.wav,no
DataSet/no/3402e488_nohash_0.wav,no
DataSet/no/34263ab3_nohash_0.wav,no
DataSet/no/3477fab6_nohash_0.wav,no
DataSet/no/34805883_nohash_0.wav,no
DataSet/no/34ba417a_nohash_0.wav,no
DataSet/no/34d5aa5a_nohash_0.wav,no
DataSet/no/34d5aa5a_nohash_1.wav,no
DataSet/no/3589bc72_nohash_0.wav,no
DataSet/no/3589bc72_nohash_1.wav,no
DataSet/no/3589bc72_nohash_2.wav,no
DataSet/no/3589bc72_nohash_3.wav,no
DataSet/no/35be2cc3_nohash_0.wav,no
DataSet/no/35c8fa78_nohash_0.wav,no
DataSet/no/35d1b6ee_nohash_0.wav,no
DataSet/no/35d1b6ee_nohash_1.wav,no
DataSet/no/35d1b6ee_nohash_2.wav,no
DataSet/no/35d1b6ee_nohash_3.wav,no
DataSet/no/36050ef3_nohash_0.wav,no
DataSet/no/36050ef3_nohash_1.wav,no
DataSet/no/36050ef3_nohash_2.wav,no
DataSet/no/36050ef3_nohash_3.wav,no
DataSet/no/363c6bad_nohash_0.wav,no
DataSet/no/364f979f_nohash_0.wav,no
DataSet/no/364f979f_nohash_1.wav,no
DataSet/no/365531e2_nohash_0.wav,no
DataSet/no/365908bd_nohash_0.wav,no
DataSet/no/365908bd_nohash_1.wav,no
DataSet/no/365908bd_nohash_2.wav,no
DataSet/no/365908bd_nohash_3.wav,no
DataSet/no/365908bd_nohash_4.wav,no
DataSet/no/36de13e1_nohash_0.wav,no
DataSet/no/3777c08e_nohash_0.wav,no
DataSet/no/3777c08e_nohash_1.wav,no
DataSet/no/37a3cd33_nohash_0.wav,no
DataSet/no/37d38e44_nohash_0.wav,no
DataSet/no/37d38e44_nohash_1.wav,no
DataSet/no/37dca74f_nohash_0.wav,no
DataSet/no/37dca74f_nohash_1.wav,no
DataSet/no/37dca74f_nohash_2.wav,no
DataSet/no/37dca74f_nohash_3.wav,no
DataSet/no/37e8db82_nohash_0.wav,no
DataSet/no/37e8db82_nohash_1.wav,no
DataSet/no/37e8db82_nohash_2.wav,no
DataSet/no/37e8db82_nohash_3.wav,no
DataSet/no/380abbad_nohash_0.wav,no
DataSet/no/3824c00e_nohash_0.wav,no
DataSet/no/3824c00e_nohash_1.wav,no
DataSet/no/3852fca2_nohash_0.wav,no
DataSet/no/38c30a4a_nohash_0.wav,no
DataSet/no/38c30a4a_nohash_1.wav,no
DataSet/no/38d78313_nohash_0.wav,no
DataSet/no/38d78313_nohash_1.wav,no
DataSet/no/38d78313_nohash_2.wav,no
DataSet/no/38d78313_nohash_3.wav,no
DataSet/no/38d78313_nohash_4.wav,no
DataSet/no/39025b21_nohash_0.wav,no
DataSet/no/39543cfd_nohash_0.wav,no
DataSet/no/39833acb_nohash_0.wav,no
DataSet/no/39833acb_nohash_1.wav,no
DataSet/no/39833acb_nohash_2.wav,no
DataSet/no/39833acb_nohash_3.wav,no
DataSet/no/39833acb_nohash_4.wav,no
DataSet/no/3983ba0d_nohash_0.wav,no
DataSet/no/3983ba0d_nohash_1.wav,no
DataSet/no/39a12648_nohash_0.wav,no
DataSet/no/39a12648_nohash_1.wav,no
DataSet/no/39a12648_nohash_2.wav,no
DataSet/no/39a12648_nohash_3.wav,no
DataSet/no/39a12648_nohash_4.wav,no
DataSet/no/39afb88e_nohash_0.wav,no
DataSet/no/39dce8cc_nohash_0.wav,no
DataSet/no/39dce8cc_nohash_1.wav,no
DataSet/no/39ec87ac_nohash_0.wav,no
DataSet/no/3a182c98_nohash_0.wav,no
DataSet/no/3a33d3a4_nohash_0.wav,no
DataSet/no/3a3ee7ed_nohash_0.wav,no
DataSet/no/3a3ee7ed_nohash_1.wav,no
DataSet/no/3a3ee7ed_nohash_2.wav,no
DataSet/no/3a3ee7ed_nohash_3.wav,no
DataSet/no/3a53b856_nohash_0.wav,no
DataSet/no/3a69f765_nohash_0.wav,no
DataSet/no/3a69f765_nohash_1.wav,no
DataSet/no/3a69f765_nohash_2.wav,no
DataSet/no/3a69f765_nohash_3.wav,no
DataSet/no/3a69f765_nohash_4.wav,no
DataSet/no/3a70ab7f_nohash_0.wav,no
DataSet/no/3a70ab7f_nohash_1.wav,no
DataSet/no/3a70ab7f_nohash_2.wav,no
DataSet/no/3a929277_nohash_0.wav,no
DataSet/no/3a929277_nohash_1.wav,no
DataSet/no/3a929277_nohash_2.wav,no
DataSet/no/3a929277_nohash_3.wav,no
DataSet/no/3a929277_nohash_4.wav,no
DataSet/no/3aa6f4e2_nohash_0.wav,no
DataSet/no/3ab9ba07_nohash_0.wav,no
DataSet/no/3b195250_nohash_0.wav,no
DataSet/no/3b195250_nohash_1.wav,no
DataSet/no/3b195250_nohash_2.wav,no
DataSet/no/3b195250_nohash_3.wav,no
DataSet/no/3b195250_nohash_4.wav,no
DataSet/no/3b3d2f59_nohash_0.wav,no
DataSet/no/3b3d2f59_nohash_1.wav,no
DataSet/no/3b3d2f59_nohash_2.wav,no
DataSet/no/3b3d2f59_nohash_3.wav,no
DataSet/no/3b3d2f59_nohash_4.wav,no
DataSet/no/3b3d2f59_nohash_5.wav,no
DataSet/no/3b4f8f24_nohash_0.wav,no
DataSet/no/3b4f8f24_nohash_1.wav,no
DataSet/no/3b4f8f24_nohash_2.wav,no
DataSet/no/3b4f8f24_nohash_3.wav,no
DataSet/no/3b4f8f24_nohash_4.wav,no
DataSet/no/3b7f817e_nohash_0.wav,no
DataSet/no/3b8406c0_nohash_0.wav,no
DataSet/no/3b8406c0_nohash_1.wav,no
DataSet/no/3b8406c0_nohash_2.wav,no
DataSet/no/3bb68054_nohash_0.wav,no
DataSet/no/3bb68054_nohash_1.wav,no
DataSet/no/3bb68054_nohash_2.wav,no
DataSet/no/3bb68054_nohash_3.wav,no
DataSet/no/3bb68054_nohash_4.wav,no
DataSet/no/3bc21161_nohash_0.wav,no
DataSet/no/3bc21161_nohash_1.wav,no
DataSet/no/3bc21161_nohash_2.wav,no
DataSet/no/3bc21161_nohash_3.wav,no
DataSet/no/3bfd30e6_nohash_0.wav,no
DataSet/no/3bfd30e6_nohash_1.wav,no
DataSet/no/3bfd30e6_nohash_2.wav,no
DataSet/no/3bfd30e6_nohash_3.wav,no
DataSet/no/3bfd30e6_nohash_4.wav,no
DataSet/no/3c257192_nohash_0.wav,no
DataSet/no/3c257192_nohash_1.wav,no
DataSet/no/3c257192_nohash_2.wav,no
DataSet/no/3c257192_nohash_3.wav,no
DataSet/no/3c257192_nohash_4.wav,no
DataSet/no/3c4aa5ef_nohash_0.wav,no
DataSet/no/3c4aa5ef_nohash_1.wav,no
DataSet/no/3c4aa5ef_nohash_2.wav,no
DataSet/no/3c4aa5ef_nohash_3.wav,no
DataSet/no/3c8dc702_nohash_0.wav,no
DataSet/no/3ca784ec_nohash_0.wav,no
DataSet/no/3ca784ec_nohash_1.wav,no
DataSet/no/3cbd76a3_nohash_0.wav,no
DataSet/no/3cc595de_nohash_0.wav,no
DataSet/no/3cc595de_nohash_1.wav,no
DataSet/no/3cc595de_nohash_2.wav,no
DataSet/no/3cc595de_nohash_3.wav,no
DataSet/no/3cc595de_nohash_4.wav,no
DataSet/no/3ce4910e_nohash_0.wav,no
DataSet/no/3ce4910e_nohash_1.wav,no
DataSet/no/3ce4910e_nohash_2.wav,no
DataSet/no/3ce4910e_nohash_3.wav,no
DataSet/no/3cfc6b3a_nohash_0.wav,no
DataSet/no/3d53244b_nohash_0.wav,no
DataSet/no/3d53244b_nohash_1.wav,no
DataSet/no/3d53244b_nohash_2.wav,no
DataSet/no/3d53244b_nohash_3.wav,no
DataSet/no/3d53244b_nohash_4.wav,no
DataSet/no/3d6bee47_nohash_0.wav,no
DataSet/no/3d794813_nohash_0.wav,no
DataSet/no/3d794813_nohash_1.wav,no
DataSet/no/3d794813_nohash_2.wav,no
DataSet/no/3d794813_nohash_3.wav,no
DataSet/no/3d794813_nohash_4.wav,no
DataSet/no/3d86b69a_nohash_0.wav,no
DataSet/no/3d86b69a_nohash_1.wav,no
DataSet/no/3d86b69a_nohash_2.wav,no
DataSet/no/3d86b69a_nohash_3.wav,no
DataSet/no/3d86b69a_nohash_4.wav,no
DataSet/no/3d9bbe2d_nohash_0.wav,no
DataSet/no/3d9bbe2d_nohash_1.wav,no
DataSet/no/3d9bbe2d_nohash_2.wav,no
DataSet/no/3df9a3d4_nohash_0.wav,no
DataSet/no/3dfd6c23_nohash_0.wav,no
DataSet/no/3e2ba5f7_nohash_0.wav,no
DataSet/no/3e31dffe_nohash_0.wav,no
DataSet/no/3e31dffe_nohash_1.wav,no
DataSet/no/3e31dffe_nohash_2.wav,no
DataSet/no/3e31dffe_nohash_3.wav,no
DataSet/no/3e3b65eb_nohash_0.wav,no
DataSet/no/3e3fa7fd_nohash_0.wav,no
DataSet/no/3e3fa7fd_nohash_1.wav,no
DataSet/no/3ea77ede_nohash_0.wav,no
DataSet/no/3ec05c3d_nohash_0.wav,no
DataSet/no/3ee0fc39_nohash_0.wav,no
DataSet/no/3ee0fc39_nohash_1.wav,no
DataSet/no/3efa7ec4_nohash_0.wav,no
DataSet/no/3efa7ec4_nohash_1.wav,no
DataSet/no/3efef882_nohash_0.wav,no
DataSet/no/3efef882_nohash_1.wav,no
DataSet/no/3f170018_nohash_0.wav,no
DataSet/no/3f45a0cf_nohash_0.wav,no
DataSet/no/3f45a0cf_nohash_1.wav,no
DataSet/no/3f45a0cf_nohash_2.wav,no
DataSet/no/3f45a0cf_nohash_3.wav,no
DataSet/no/3f45a0cf_nohash_4.wav,no
DataSet/no/3fb8c268_nohash_0.wav,no
DataSet/no/402e2977_nohash_0.wav,no
DataSet/no/40738a2d_nohash_0.wav,no
DataSet/no/40738a2d_nohash_1.wav,no
DataSet/no/408de0a4_nohash_0.wav,no
DataSet/no/409c962a_nohash_0.wav,no
DataSet/no/40b60ae9_nohash_0.wav,no
DataSet/no/40b60ae9_nohash_1.wav,no
DataSet/no/41285056_nohash_0.wav,no
DataSet/no/41285056_nohash_1.wav,no
DataSet/no/412c675c_nohash_0.wav,no
DataSet/no/413997c1_nohash_0.wav,no
DataSet/no/413bcfe1_nohash_0.wav,no
DataSet/no/41474817_nohash_0.wav,no
DataSet/no/41777abb_nohash_0.wav,no
DataSet/no/421ed23f_nohash_0.wav,no
DataSet/no/422d3197_nohash_0.wav,no
DataSet/no/422d3197_nohash_1.wav,no
DataSet/no/422f8cf1_nohash_0.wav,no
DataSet/no/4249c833_nohash_0.wav,no
DataSet/no/4254621e_nohash_0.wav,no
DataSet/no/42a99aec_nohash_0.wav,no
DataSet/no/42a99aec_nohash_1.wav,no
DataSet/no/42a99aec_nohash_2.wav,no
DataSet/no/42a99aec_nohash_3.wav,no
DataSet/no/42a99aec_nohash_4.wav,no
DataSet/no/42beb5eb_nohash_0.wav,no
DataSet/no/42f81601_nohash_0.wav,no
DataSet/no/42f81601_nohash_1.wav,no
DataSet/no/42f81601_nohash_2.wav,no
DataSet/no/42f81601_nohash_3.wav,no
DataSet/no/42f81601_nohash_4.wav,no
DataSet/no/4340d369_nohash_0.wav,no
DataSet/no/435695e3_nohash_0.wav,no
DataSet/no/435695e3_nohash_1.wav,no
DataSet/no/435695e3_nohash_2.wav,no
DataSet/no/435695e3_nohash_3.wav,no
DataSet/no/435695e3_nohash_4.wav,no
DataSet/no/435f9f9e_nohash_0.wav,no
DataSet/no/43691f67_nohash_0.wav,no
DataSet/no/43691f67_nohash_1.wav,no
DataSet/no/4394fc7c_nohash_0.wav,no
DataSet/no/439c84f4_nohash_0.wav,no
DataSet/no/439c84f4_nohash_1.wav,no
DataSet/no/439c84f4_nohash_2.wav,no
DataSet/no/439c84f4_nohash_3.wav,no
DataSet/no/439c84f4_nohash_4.wav,no
DataSet/no/43f57297_nohash_0.wav,no
DataSet/no/4407ba92_nohash_0.wav,no
DataSet/no/4407ba92_nohash_1.wav,no
DataSet/no/4422e51d_nohash_0.wav,no
DataSet/no/44715c1c_nohash_0.wav,no
DataSet/no/44bc77f7_nohash_0.wav,no
DataSet/no/44bc77f7_nohash_1.wav,no
DataSet/no/44c201dd_nohash_0.wav,no
DataSet/no/45692b02_nohash_0.wav,no
DataSet/no/45692b02_nohash_1.wav,no
DataSet/no/45692b02_nohash_2.wav,no
DataSet/no/45692b02_nohash_3.wav,no
DataSet/no/45864319_nohash_0.wav,no
DataSet/no/45864319_nohash_1.wav,no
DataSet/no/45864319_nohash_2.wav,no
DataSet/no/459345ea_nohash_0.wav,no
DataSet/no/45adf84a_nohash_0.wav,no
DataSet/no/460209ac_nohash_0.wav,no
DataSet/no/460209ac_nohash_1.wav,no
DataSet/no/460209ac_nohash_2.wav,no
DataSet/no/460209ac_nohash_3.wav,no
DataSet/no/460209ac_nohash_4.wav,no
DataSet/no/4634529e_nohash_0.wav,no
DataSet/no/46a153d8_nohash_0.wav,no
DataSet/no/46a153d8_nohash_1.wav,no
DataSet/no/46a153d8_nohash_2.wav,no
DataSet/no/46a153d8_nohash_3.wav,no
DataSet/no/471a0925_nohash_0.wav,no
DataSet/no/471a0925_nohash_1.wav,no
DataSet/no/471a0925_nohash_2.wav,no
DataSet/no/471a0925_nohash_3.wav,no
DataSet/no/472b8045_nohash_0.wav,no
DataSet/no/472b8045_nohash_1.wav,no
DataSet/no/472b8045_nohash_2.wav,no
DataSet/no/472b8045_nohash_3.wav,no
DataSet/no/472b8045_nohash_4.wav,no
DataSet/no/479e64cc_nohash_0.wav,no
DataSet/no/47d01978_nohash_0.wav,no
DataSet/no/47d01978_nohash_1.wav,no
DataSet/no/483e2a6f_nohash_0.wav,no
DataSet/no/483e2a6f_nohash_1.wav,no
DataSet/no/48463cbc_nohash_0.wav,no
DataSet/no/4874a7e9_nohash_0.wav,no
DataSet/no/48bdc11c_nohash_0.wav,no
DataSet/no/48bdc11c_nohash_1.wav,no
DataSet/no/48bfde8e_nohash_0.wav,no
DataSet/no/48e8b82a_nohash_0.wav,no
DataSet/no/48e8b82a_nohash_1.wav,no
DataSet/no/4995d875_nohash_0.wav,no
DataSet/no/4995d875_nohash_1.wav,no
DataSet/no/4995d875_nohash_2.wav,no
DataSet/no/4995d875_nohash_3.wav,no
DataSet/no/4995d875_nohash_4.wav,no
DataSet/no/499be02e_nohash_0.wav,no
DataSet/no/499be02e_nohash_1.wav,no
DataSet/no/499be02e_nohash_2.wav,no
DataSet/no/499be02e_nohash_3.wav,no
DataSet/no/499be02e_nohash_4.wav,no
DataSet/no/49f30eed_nohash_0.wav,no
DataSet/no/4a1e736b_nohash_0.wav,no
DataSet/no/4a1e736b_nohash_1.wav,no
DataSet/no/4a1e736b_nohash_2.wav,no
DataSet/no/4a1e736b_nohash_3.wav,no
DataSet/no/4a1e736b_nohash_4.wav,no
DataSet/no/4a294341_nohash_0.wav,no
DataSet/no/4a294341_nohash_1.wav,no
DataSet/no/4a671512_nohash_0.wav,no
DataSet/no/4abb2400_nohash_0.wav,no
DataSet/no/4b39347d_nohash_0.wav,no
DataSet/no/4bb1244f_nohash_0.wav,no
DataSet/no/4bb1244f_nohash_1.wav,no
DataSet/no/4bb1244f_nohash_2.wav,no
DataSet/no/4bba14ce_nohash_0.wav,no
DataSet/no/4bc2c2c5_nohash_0.wav,no
DataSet/no/4bc2c2c5_nohash_1.wav,no
DataSet/no/4bc2c2c5_nohash_2.wav,no
DataSet/no/4beff0c5_nohash_0.wav,no
DataSet/no/4beff0c5_nohash_1.wav,no
DataSet/no/4c1aa16d_nohash_0.wav,no
DataSet/no/4c1aa16d_nohash_1.wav,no
DataSet/no/4c3cddb8_nohash_0.wav,no
DataSet/no/4c3cddb8_nohash_1.wav,no
DataSet/no/4c3cddb8_nohash_2.wav,no
DataSet/no/4c3cddb8_nohash_3.wav,no
DataSet/no/4c3cddb8_nohash_4.wav,no
DataSet/no/4c432947_nohash_0.wav,no
DataSet/no/4c432947_nohash_1.wav,no
DataSet/no/4c594e0f_nohash_0.wav,no
DataSet/no/4c6167ca_nohash_0.wav,no
DataSet/no/4c6167ca_nohash_1.wav,no
DataSet/no/4c6167ca_nohash_2.wav,no
DataSet/no/4c6167ca_nohash_3.wav,no
DataSet/no/4c6167ca_nohash_4.wav,no
DataSet/no/4c6167ca_nohash_5.wav,no
DataSet/no/4c6167ca_nohash_6.wav,no
DataSet/no/4c6944d6_nohash_0.wav,no
DataSet/no/4c6944d6_nohash_1.wav,no
DataSet/no/4c6944d6_nohash_2.wav,no
DataSet/no/4c6944d6_nohash_3.wav,no
DataSet/no/4c6944d6_nohash_4.wav,no
DataSet/no/4c6944d6_nohash_5.wav,no
DataSet/no/4c841771_nohash_0.wav,no
DataSet/no/4ca37738_nohash_0.wav,no
DataSet/no/4cb874bb_nohash_0.wav,no
DataSet/no/4cee0c60_nohash_0.wav,no
DataSet/no/4cee0c60_nohash_1.wav,no
DataSet/no/4cee0c60_nohash_2.wav,no
DataSet/no/4cee0c60_nohash_3.wav,no
DataSet/no/4d4e17f5_nohash_0.wav,no
DataSet/no/4d4e17f5_nohash_1.wav,no
DataSet/no/4d763ca4_nohash_0.wav,no
DataSet/no/4def68db_nohash_0.wav,no
DataSet/no/4e02d62d_nohash_0.wav,no
DataSet/no/4e02d62d_nohash_1.wav,no
DataSet/no/4e6902d0_nohash_0.wav,no
DataSet/no/4e6902d0_nohash_1.wav,no
DataSet/no/4e6902d0_nohash_2.wav,no
DataSet/no/4e6902d0_nohash_3.wav,no
DataSet/no/4e99c1b7_nohash_0.wav,no
DataSet/no/4e99c1b7_nohash_1.wav,no
DataSet/no/4e99c1b7_nohash_2.wav,no
DataSet/no/4e99c1b7_nohash_3.wav,no
DataSet/no/4f256313_nohash_0.wav,no
DataSet/no/4f256313_nohash_1.wav,no
DataSet/no/4f5c0b28_nohash_0.wav,no
DataSet/no/4f5c0b28_nohash_1.wav,no
DataSet/no/4fd1443e_nohash_0.wav,no
DataSet/no/4fd1443e_nohash_1.wav,no
DataSet/no/4fd1443e_nohash_2.wav,no
DataSet/no/4fd1443e_nohash_3.wav,no
DataSet/no/4fd4d073_nohash_0.wav,no
DataSet/no/508e30ee_nohash_0.wav,no
DataSet/no/508e30ee_nohash_1.wav,no
DataSet/no/508e30ee_nohash_2.wav,no
DataSet/no/508e30ee_nohash_3.wav,no
DataSet/no/50928b05_nohash_0.wav,no
DataSet/no/50a8ef27_nohash_0.wav,no
DataSet/no/50a8ef27_nohash_1.wav,no
DataSet/no/50b86bf8_nohash_0.wav,no
DataSet/no/50d1c8e3_nohash_0.wav,no
DataSet/no/50d1c8e3_nohash_1.wav,no
DataSet/no/50d1c8e3_nohash_2.wav,no
DataSet/no/50d1c8e3_nohash_3.wav,no
DataSet/no/50f55535_nohash_0.wav,no
DataSet/no/50f55535_nohash_1.wav,no
DataSet/no/51055bda_nohash_0.wav,no
DataSet/no/51055bda_nohash_1.wav,no
DataSet/no/51055bda_nohash_2.wav,no
DataSet/no/51055bda_nohash_3.wav,no
DataSet/no/51055bda_nohash_4.wav,no
DataSet/no/513aeddf_nohash_0.wav,no
DataSet/no/513aeddf_nohash_1.wav,no
DataSet/no/513aeddf_nohash_2.wav,no
DataSet/no/513aeddf_nohash_3.wav,no
DataSet/no/5170b77f_nohash_0.wav,no
DataSet/no/5170b77f_nohash_1.wav,no
DataSet/no/5170b77f_nohash_2.wav,no
DataSet/no/5170b77f_nohash_3.wav,no
DataSet/no/5188de0d_nohash_0.wav,no
DataSet/no/5188de0d_nohash_1.wav,no
DataSet/no/5195f0ec_nohash_0.wav,no
DataSet/no/51c5601d_nohash_0.wav,no
DataSet/no/51c5601d_nohash_1.wav,no
DataSet/no/51c5601d_nohash_2.wav,no
DataSet/no/51c5601d_nohash_3.wav,no
DataSet/no/51f7a034_nohash_0.wav,no
DataSet/no/51f7a034_nohash_1.wav,no
DataSet/no/51f7a034_nohash_2.wav,no
DataSet/no/51f7a034_nohash_3.wav,no
DataSet/no/520b2c17_nohash_0.wav,no
DataSet/no/520e8c0e_nohash_0.wav,no
DataSet/no/520e8c0e_nohash_1.wav,no
DataSet/no/520e8c0e_nohash_2.wav,no
DataSet/no/520e8c0e_nohash_3.wav,no
DataSet/no/52162b51_nohash_0.wav,no
DataSet/no/52162b51_nohash_1.wav,no
DataSet/no/52162b51_nohash_2.wav,no
DataSet/no/52162b51_nohash_3.wav,no
DataSet/no/52162b51_nohash_4.wav,no
DataSet/no/5236848b_nohash_0.wav,no
DataSet/no/525eaa62_nohash_0.wav,no
DataSet/no/525eaa62_nohash_1.wav,no
DataSet/no/525eaa62_nohash_2.wav,no
DataSet/no/525eaa62_nohash_3.wav,no
DataSet/no/525eaa62_nohash_4.wav,no
DataSet/no/52bfbce8_nohash_0.wav,no
DataSet/no/530306f5_nohash_0.wav,no
DataSet/no/531a5b8a_nohash_0.wav,no
DataSet/no/531a5b8a_nohash_1.wav,no
DataSet/no/533c6564_nohash_0.wav,no
DataSet/no/533c6564_nohash_1.wav,no
DataSet/no/53458368_nohash_0.wav,no
DataSet/no/53578f4e_nohash_0.wav,no
DataSet/no/538e1856_nohash_0.wav,no
DataSet/no/538e1856_nohash_1.wav,no
DataSet/no/53d5b86f_nohash_0.wav,no
DataSet/no/53d5b86f_nohash_1.wav,no
DataSet/no/53eb0a88_nohash_0.wav,no
DataSet/no/53fd1780_nohash_0.wav,no
DataSet/no/53fd1780_nohash_1.wav,no
DataSet/no/540d8427_nohash_0.wav,no
DataSet/no/541120c7_nohash_0.wav,no
DataSet/no/541120c7_nohash_1.wav,no
DataSet/no/541e4079_nohash_0.wav,no
DataSet/no/541e4079_nohash_1.wav,no
DataSet/no/541e4079_nohash_2.wav,no
DataSet/no/541e4079_nohash_3.wav,no
DataSet/no/542f38a2_nohash_0.wav,no
DataSet/no/542f38a2_nohash_1.wav,no
DataSet/no/542f38a2_nohash_2.wav,no
DataSet/no/54ad8f22_nohash_0.wav,no
DataSet/no/54ad8f22_nohash_1.wav,no
DataSet/no/54ad8f22_nohash_2.wav,no
DataSet/no/54ad8f22_nohash_3.wav,no
DataSet/no/54aecbd5_nohash_0.wav,no
DataSet/no/54aecbd5_nohash_1.wav,no
DataSet/no/54aecbd5_nohash_2.wav,no
DataSet/no/54aecbd5_nohash_3.wav,no
DataSet/no/54aecbd5_nohash_4.wav,no
DataSet/no/54b6d355_nohash_0.wav,no
DataSet/no/54b6d355_nohash_1.wav,no
DataSet/no/54b6d355_nohash_2.wav,no
DataSet/no/54b6d355_nohash_3.wav,no
DataSet/no/54b6d355_nohash_4.wav,no
DataSet/no/5588c7e6_nohash_0.wav,no
DataSet/no/559bc36a_nohash_0.wav,no
DataSet/no/559bc36a_nohash_1.wav,no
DataSet/no/559bc36a_nohash_2.wav,no
DataSet/no/559bc36a_nohash_3.wav,no
DataSet/no/55d3725a_nohash_0.wav,no
DataSet/no/55d3725a_nohash_1.wav,no
DataSet/no/55feffd5_nohash_0.wav,no
DataSet/no/55feffd5_nohash_1.wav,no
DataSet/no/55feffd5_nohash_2.wav,no
DataSet/no/5628d7b7_nohash_0.wav,no
DataSet/no/5628d7b7_nohash_1.wav,no
DataSet/no/563aa4e6_nohash_0.wav,no
DataSet/no/563aa4e6_nohash_1.wav,no
DataSet/no/563aa4e6_nohash_2.wav,no
DataSet/no/563aa4e6_nohash_3.wav,no
DataSet/no/563aa4e6_nohash_4.wav,no
DataSet/no/5677ec77_nohash_0.wav,no
DataSet/no/5677ec77_nohash_1.wav,no
DataSet/no/569455ff_nohash_0.wav,no
DataSet/no/56cd307a_nohash_0.wav,no
DataSet/no/56cd307a_nohash_1.wav,no
DataSet/no/56eab10e_nohash_0.wav,no
DataSet/no/56eb74ae_nohash_0.wav,no
DataSet/no/56eb74ae_nohash_1.wav,no
DataSet/no/56eb74ae_nohash_2.wav,no
DataSet/no/56eb74ae_nohash_3.wav,no
DataSet/no/56eb74ae_nohash_4.wav,no
DataSet/no/56f8a100_nohash_0.wav,no
DataSet/no/56f8a100_nohash_1.wav,no
DataSet/no/57152045_nohash_0.wav,no
DataSet/no/57152045_nohash_1.wav,no
DataSet/no/57152045_nohash_2.wav,no
DataSet/no/57152045_nohash_3.wav,no
DataSet/no/57152045_nohash_4.wav,no
DataSet/no/57152045_nohash_5.wav,no
DataSet/no/571c044e_nohash_0.wav,no
DataSet/no/571c044e_nohash_1.wav,no
DataSet/no/573cdb8a_nohash_0.wav,no
DataSet/no/573cdb8a_nohash_1.wav,no
DataSet/no/5744b6a7_nohash_0.wav,no
DataSet/no/574ec766_nohash_0.wav,no
DataSet/no/574ec766_nohash_1.wav,no
DataSet/no/574ec766_nohash_2.wav,no
DataSet/no/5769c5ab_nohash_0.wav,no
DataSet/no/5769c5ab_nohash_1.wav,no
DataSet/no/5769c5ab_nohash_2.wav,no
DataSet/no/5769c5ab_nohash_3.wav,no
DataSet/no/578d3efb_nohash_0.wav,no
DataSet/no/578d3efb_nohash_1.wav,no
DataSet/no/578d3efb_nohash_2.wav,no
DataSet/no/578d3efb_nohash_3.wav,no
DataSet/no/578d3efb_nohash_4.wav,no
DataSet/no/57b38f48_nohash_0.wav,no
DataSet/no/57b38f48_nohash_1.wav,no
DataSet/no/57cb3575_nohash_0.wav,no
DataSet/no/5828dfa2_nohash_0.wav,no
DataSet/no/589bce2c_nohash_0.wav,no
DataSet/no/589bce2c_nohash_1.wav,no
DataSet/no/589bce2c_nohash_2.wav,no
DataSet/no/58df33b5_nohash_0.wav,no
DataSet/no/59fe87e6_nohash_0.wav,no
DataSet/no/5a0bc987_nohash_0.wav,no
DataSet/no/5a0bc987_nohash_1.wav,no
DataSet/no/5a5721f8_nohash_0.wav,no
DataSet/no/5a5721f8_nohash_1.wav,no
DataSet/no/5a5721f8_nohash_2.wav,no
DataSet/no/5a5721f8_nohash_3.wav,no
DataSet/no/5a5721f8_nohash_4.wav,no
DataSet/no/5a98d407_nohash_0.wav,no
DataSet/no/5a98d407_nohash_1.wav,no
DataSet/no/5a98d407_nohash_2.wav,no
DataSet/no/5a98d407_nohash_3.wav,no
DataSet/no/5a98d407_nohash_4.wav,no
DataSet/no/5aac2efa_nohash_0.wav,no
DataSet/no/5ab63b0a_nohash_0.wav,no
DataSet/no/5ab63b0a_nohash_1.wav,no
DataSet/no/5af0ca83_nohash_0.wav,no
DataSet/no/5b09db89_nohash_0.wav,no
DataSet/no/5b09db89_nohash_1.wav,no
DataSet/no/5b09db89_nohash_2.wav,no
DataSet/no/5b09db89_nohash_3.wav,no
DataSet/no/5b09db89_nohash_4.wav,no
DataSet/no/5b1db3ee_nohash_0.wav,no
DataSet/no/5b34ad80_nohash_0.wav,no
DataSet/no/5ba724a7_nohash_0.wav,no
DataSet/no/5ba724a7_nohash_1.wav,no
DataSet/no/5be23def_nohash_0.wav,no
DataSet/no/5c237956_nohash_0.wav,no
DataSet/no/5c237956_nohash_1.wav,no
DataSet/no/5c237956_nohash_2.wav,no
DataSet/no/5c39594f_nohash_0.wav,no
DataSet/no/5c39594f_nohash_1.wav,no
DataSet/no/5c39594f_nohash_2.wav,no
DataSet/no/5c39594f_nohash_3.wav,no
DataSet/no/5c43ac9f_nohash_0.wav,no
DataSet/no/5c8af87a_nohash_0.wav,no
DataSet/no/5c8af87a_nohash_1.wav,no
DataSet/no/5c8af87a_nohash_2.wav,no
DataSet/no/5c8af87a_nohash_3.wav,no
DataSet/no/5c8af87a_nohash_4.wav,no
DataSet/no/5cf1ecce_nohash_0.wav,no
DataSet/no/5cf1ecce_nohash_1.wav,no
DataSet/no/5cf1ecce_nohash_2.wav,no
DataSet/no/5cf1ecce_nohash_3.wav,no
DataSet/no/5cf1ecce_nohash_4.wav,no
DataSet/no/5d4e3bb8_nohash_0.wav,no
DataSet/no/5d4e3bb8_nohash_1.wav,no
DataSet/no/5d4e3bb8_nohash_2.wav,no
DataSet/no/5db0e146_nohash_0.wav,no
DataSet/no/5de8f2f0_nohash_0.wav,no
DataSet/no/5e3dde6b_nohash_0.wav,no
DataSet/no/5e3dde6b_nohash_1.wav,no
DataSet/no/5e3dde6b_nohash_2.wav,no
DataSet/no/5e3dde6b_nohash_3.wav,no
DataSet/no/5ebc1cda_nohash_0.wav,no
DataSet/no/5ebc1cda_nohash_1.wav,no
DataSet/no/5ebc1cda_nohash_2.wav,no
DataSet/no/5ebc1cda_nohash_3.wav,no
DataSet/no/5ebc1cda_nohash_4.wav,no
DataSet/no/5ebc1cda_nohash_5.wav,no
DataSet/no/5efb758c_nohash_0.wav,no
DataSet/no/5efb758c_nohash_1.wav,no
DataSet/no/5f01c798_nohash_0.wav,no
DataSet/no/5f1253e9_nohash_0.wav,no
DataSet/no/5f1b1051_nohash_0.wav,no
DataSet/no/5f449e17_nohash_0.wav,no
DataSet/no/5f5eef60_nohash_0.wav,no
DataSet/no/5f5eef60_nohash_1.wav,no
DataSet/no/5f5eef60_nohash_2.wav,no
DataSet/no/5f5eef60_nohash_3.wav,no
DataSet/no/5f8097e1_nohash_0.wav,no
DataSet/no/5f8097e1_nohash_1.wav,no
DataSet/no/5f8097e1_nohash_2.wav,no
DataSet/no/5f8097e1_nohash_3.wav,no
DataSet/no/5f8097e1_nohash_4.wav,no
DataSet/no/5f814c23_nohash_0.wav,no
DataSet/no/5f9cd2eb_nohash_0.wav,no
DataSet/no/5f9cd2eb_nohash_1.wav,no
DataSet/no/5f9cd2eb_nohash_2.wav,no
DataSet/no/5f9cd2eb_nohash_3.wav,no
DataSet/no/5f9cd2eb_nohash_4.wav,no
DataSet/no/5f9cd2eb_nohash_5.wav,no
DataSet/no/5f9cd2eb_nohash_6.wav,no
DataSet/no/5f9cd2eb_nohash_7.wav,no
DataSet/no/5fadb538_nohash_0.wav,no
DataSet/no/5fadb538_nohash_1.wav,no
DataSet/no/5fadb538_nohash_2.wav,no
DataSet/no/5fadb538_nohash_3.wav,no
DataSet/no/5fadb538_nohash_4.wav,no
DataSet/no/5fb88f4c_nohash_0.wav,no
DataSet/no/5fb88f4c_nohash_1.wav,no
DataSet/no/5fc3ed24_nohash_0.wav,no
DataSet/no/5fe4a278_nohash_0.wav,no
DataSet/no/5fe4a278_nohash_1.wav,no
DataSet/no/5ff3f9a1_nohash_0.wav,no
DataSet/no/6021f08b_nohash_0.wav,no
DataSet/no/60472d26_nohash_0.wav,no
DataSet/no/60472d26_nohash_1.wav,no
DataSet/no/6071a214_nohash_0.wav,no
DataSet/no/6078eb0d_nohash_0.wav,no
DataSet/no/6078eb0d_nohash_1.wav,no
DataSet/no/6094340e_nohash_0.wav,no
DataSet/no/611d2b50_nohash_0.wav,no
DataSet/no/611d2b50_nohash_1.wav,no
DataSet/no/611d2b50_nohash_2.wav,no
DataSet/no/611d2b50_nohash_3.wav,no
DataSet/no/611d2b50_nohash_4.wav,no
DataSet/no/6124b431_nohash_0.wav,no
DataSet/no/6124b431_nohash_1.wav,no
DataSet/no/6124b431_nohash_2.wav,no
DataSet/no/61482e52_nohash_0.wav,no
DataSet/no/61482e52_nohash_1.wav,no
DataSet/no/61482e52_nohash_2.wav,no
DataSet/no/61482e52_nohash_3.wav,no
DataSet/no/616420be_nohash_0.wav,no
DataSet/no/616420be_nohash_1.wav,no
DataSet/no/616420be_nohash_2.wav,no
DataSet/no/616420be_nohash_3.wav,no
DataSet/no/616420be_nohash_4.wav,no
DataSet/no/617aeb6c_nohash_0.wav,no
DataSet/no/617aeb6c_nohash_1.wav,no
DataSet/no/617aeb6c_nohash_2.wav,no
DataSet/no/617aeb6c_nohash_3.wav,no
DataSet/no/617aeb6c_nohash_4.wav,no
DataSet/no/617de221_nohash_0.wav,no
DataSet/no/617de221_nohash_1.wav,no
DataSet/no/617de221_nohash_2.wav,no
DataSet/no/617de221_nohash_3.wav,no
DataSet/no/617de221_nohash_4.wav,no
DataSet/no/61a9f72a_nohash_0.wav,no
DataSet/no/61ab8fbc_nohash_0.wav,no
DataSet/no/61ab8fbc_nohash_1.wav,no
DataSet/no/61ab8fbc_nohash_2.wav,no
DataSet/no/61ab8fbc_nohash_3.wav,no
DataSet/no/61abbf52_nohash_0.wav,no
DataSet/no/61abbf52_nohash_1.wav,no
DataSet/no/61abbf52_nohash_2.wav,no
DataSet/no/61abbf52_nohash_3.wav,no
DataSet/no/61abbf52_nohash_4.wav,no
DataSet/no/61bcb275_nohash_0.wav,no
DataSet/no/61e2f74f_nohash_0.wav,no
DataSet/no/61e2f74f_nohash_1.wav,no
DataSet/no/61e2f74f_nohash_2.wav,no
DataSet/no/61e2f74f_nohash_3.wav,no
DataSet/no/61e2f74f_nohash_4.wav,no
DataSet/no/61e50f62_nohash_0.wav,no
DataSet/no/625fd898_nohash_0.wav,no
DataSet/no/62605293_nohash_0.wav,no
DataSet/no/62641b88_nohash_0.wav,no
DataSet/no/62641b88_nohash_1.wav,no
DataSet/no/6272b231_nohash_0.wav,no
DataSet/no/627c0bec_nohash_0.wav,no
DataSet/no/627c0bec_nohash_1.wav,no
DataSet/no/627c0bec_nohash_2.wav,no
DataSet/no/627c0bec_nohash_3.wav,no
DataSet/no/62f05757_nohash_0.wav,no
DataSet/no/62f05757_nohash_1.wav,no
DataSet/no/62f05757_nohash_2.wav,no
DataSet/no/62f05757_nohash_3.wav,no
DataSet/no/62ff07ef_nohash_0.wav,no
DataSet/no/62ff07ef_nohash_1.wav,no
DataSet/no/6366f61a_nohash_0.wav,no
DataSet/no/6366f61a_nohash_1.wav,no
DataSet/no/6366f61a_nohash_2.wav,no
DataSet/no/6366f61a_nohash_3.wav,no
DataSet/no/63f7a489_nohash_0.wav,no
DataSet/no/63f7a489_nohash_1.wav,no
DataSet/no/63f7a489_nohash_2.wav,no
DataSet/no/63f7a489_nohash_3.wav,no
DataSet/no/63f7a489_nohash_4.wav,no
DataSet/no/6414258b_nohash_0.wav,no
DataSet/no/6414258b_nohash_1.wav,no
DataSet/no/645ed69d_nohash_0.wav,no
DataSet/no/645ed69d_nohash_1.wav,no
DataSet/no/645ed69d_nohash_2.wav,no
DataSet/no/645ed69d_nohash_3.wav,no
DataSet/no/645ed69d_nohash_4.wav,no
DataSet/no/64da5281_nohash_0.wav,no
DataSet/no/64da5281_nohash_1.wav,no
DataSet/no/64da5281_nohash_2.wav,no
DataSet/no/64df20d8_nohash_0.wav,no
DataSet/no/64df20d8_nohash_1.wav,no
DataSet/no/64df20d8_nohash_2.wav,no
DataSet/no/64df20d8_nohash_3.wav,no
DataSet/no/64df20d8_nohash_4.wav,no
DataSet/no/64e48f55_nohash_0.wav,no
DataSet/no/64e48f55_nohash_1.wav,no
DataSet/no/64e48f55_nohash_2.wav,no
DataSet/no/64e48f55_nohash_3.wav,no
DataSet/no/64f83f0e_nohash_0.wav,no
DataSet/no/64f83f0e_nohash_1.wav,no
DataSet/no/65040d9b_nohash_0.wav,no
DataSet/no/650daf8e_nohash_0.wav,no
DataSet/no/651d108f_nohash_0.wav,no
DataSet/no/651d108f_nohash_1.wav,no
DataSet/no/653a48f5_nohash_0.wav,no
DataSet/no/6565a81d_nohash_0.wav,no
DataSet/no/6565a81d_nohash_1.wav,no
DataSet/no/6565a81d_nohash_2.wav,no
DataSet/no/6565a81d_nohash_3.wav,no
DataSet/no/6565a81d_nohash_4.wav,no
DataSet/no/65c73b55_nohash_0.wav,no
DataSet/no/65d14087_nohash_0.wav,no
DataSet/no/65d81c54_nohash_0.wav,no
DataSet/no/65d844fc_nohash_0.wav,no
DataSet/no/65ec06e5_nohash_0.wav,no
DataSet/no/66041c69_nohash_0.wav,no
DataSet/no/6640fdc0_nohash_0.wav,no
DataSet/no/6640fdc0_nohash_1.wav,no
DataSet/no/66a412a7_nohash_0.wav,no
DataSet/no/66a412a7_nohash_1.wav,no
DataSet/no/66aa0f29_nohash_0.wav,no
DataSet/no/66cbe2b3_nohash_0.wav,no
DataSet/no/66cbe2b3_nohash_1.wav,no
DataSet/no/66cbe2b3_nohash_2.wav,no
DataSet/no/66cff190_nohash_0.wav,no
DataSet/no/6727b579_nohash_0.wav,no
DataSet/no/6727b579_nohash_1.wav,no
DataSet/no/6727b579_nohash_2.wav,no
DataSet/no/6727b579_nohash_3.wav,no
DataSet/no/6727b579_nohash_4.wav,no
DataSet/no/6736bc64_nohash_0.wav,no
DataSet/no/6736bc64_nohash_1.wav,no
DataSet/no/674ca5ea_nohash_0.wav,no
DataSet/no/674ca5ea_nohash_1.wav,no
DataSet/no/676f8138_nohash_0.wav,no
DataSet/no/676f8138_nohash_1.wav,no
DataSet/no/676f8138_nohash_2.wav,no
DataSet/no/676f8138_nohash_3.wav,no
DataSet/no/676f8138_nohash_4.wav,no
DataSet/no/679463fc_nohash_0.wav,no
DataSet/no/679463fc_nohash_1.wav,no
DataSet/no/679463fc_nohash_2.wav,no
DataSet/no/679463fc_nohash_3.wav,no
DataSet/no/679463fc_nohash_4.wav,no
DataSet/no/6794a793_nohash_0.wav,no
DataSet/no/67961766_nohash_0.wav,no
DataSet/no/67961766_nohash_1.wav,no
DataSet/no/67bdbf56_nohash_0.wav,no
DataSet/no/67bdbf56_nohash_1.wav,no
DataSet/no/67bdbf56_nohash_2.wav,no
DataSet/no/67bdbf56_nohash_3.wav,no
DataSet/no/67fcdb05_nohash_0.wav,no
DataSet/no/682e1687_nohash_0.wav,no
DataSet/no/6846af18_nohash_0.wav,no
DataSet/no/6846af18_nohash_1.wav,no
DataSet/no/686d030b_nohash_0.wav,no
DataSet/no/686d030b_nohash_1.wav,no
DataSet/no/686d030b_nohash_2.wav,no
DataSet/no/686d030b_nohash_3.wav,no
DataSet/no/686d030b_nohash_4.wav,no
DataSet/no/68dd409e_nohash_0.wav,no
DataSet/no/68effe85_nohash_0.wav,no
DataSet/no/6904f0cb_nohash_0.wav,no
DataSet/no/6904f0cb_nohash_1.wav,no
DataSet/no/6904f0cb_nohash_2.wav,no
DataSet/no/69086eb0_nohash_0.wav,no
DataSet/no/692a88e6_nohash_0.wav,no
DataSet/no/692a88e6_nohash_1.wav,no
DataSet/no/692a88e6_nohash_2.wav,no
DataSet/no/692a88e6_nohash_3.wav,no
DataSet/no/692a88e6_nohash_4.wav,no
DataSet/no/6940f7f3_nohash_0.wav,no
DataSet/no/6940f7f3_nohash_1.wav,no
DataSet/no/6940f7f3_nohash_2.wav,no
DataSet/no/695c2127_nohash_0.wav,no
DataSet/no/695c2127_nohash_1.wav,no
DataSet/no/6969e51a_nohash_0.wav,no
DataSet/no/6969e51a_nohash_1.wav,no
DataSet/no/6969e51a_nohash_2.wav,no
DataSet/no/6969e51a_nohash_3.wav,no
DataSet/no/6969e51a_nohash_4.wav,no
DataSet/no/6982fc2a_nohash_0.wav,no
DataSet/no/6982fc2a_nohash_1.wav,no
DataSet/no/69a1a79f_nohash_0.wav,no
DataSet/no/69a1a79f_nohash_1.wav,no
DataSet/no/69a1a79f_nohash_2.wav,no
DataSet/no/69a1a79f_nohash_3.wav,no
DataSet/no/69a1a79f_nohash_4.wav,no
DataSet/no/69f609ec_nohash_0.wav,no
DataSet/no/6a014b29_nohash_0.wav,no
DataSet/no/6a27a9bf_nohash_0.wav,no
DataSet/no/6a2fb9a5_nohash_0.wav,no
DataSet/no/6a497f80_nohash_0.wav,no
DataSet/no/6a497f80_nohash_1.wav,no
DataSet/no/6a861f21_nohash_0.wav,no
DataSet/no/6aa8def4_nohash_0.wav,no
DataSet/no/6aa8def4_nohash_1.wav,no
DataSet/no/6aa8def4_nohash_2.wav,no
DataSet/no/6aa8def4_nohash_3.wav,no
DataSet/no/6aafb34f_nohash_0.wav,no
DataSet/no/6ac35824_nohash_0.wav,no
DataSet/no/6ac35824_nohash_1.wav,no
DataSet/no/6ace4fe1_nohash_0.wav,no
DataSet/no/6ace4fe1_nohash_1.wav,no
DataSet/no/6ace4fe1_nohash_2.wav,no
DataSet/no/6add0595_nohash_0.wav,no
DataSet/no/6af4aa07_nohash_0.wav,no
DataSet/no/6b7d5101_nohash_0.wav,no
DataSet/no/6b81fead_nohash_0.wav,no
DataSet/no/6bf5baf3_nohash_0.wav,no
DataSet/no/6bf5baf3_nohash_1.wav,no
DataSet/no/6bf5baf3_nohash_2.wav,no
DataSet/no/6bf5baf3_nohash_3.wav,no
DataSet/no/6bf5baf3_nohash_4.wav,no
DataSet/no/6c0f6493_nohash_0.wav,no
DataSet/no/6c0f6493_nohash_1.wav,no
DataSet/no/6c0f6493_nohash_2.wav,no
DataSet/no/6c0f6493_nohash_3.wav,no
DataSet/no/6c429c7b_nohash_0.wav,no
DataSet/no/6c429c7b_nohash_1.wav,no
DataSet/no/6c429c7b_nohash_2.wav,no
DataSet/no/6c429c7b_nohash_3.wav,no
DataSet/no/6c429c7b_nohash_4.wav,no
DataSet/no/6c9223bd_nohash_0.wav,no
DataSet/no/6c968bd9_nohash_0.wav,no
DataSet/no/6c968bd9_nohash_1.wav,no
DataSet/no/6c968bd9_nohash_2.wav,no
DataSet/no/6c968bd9_nohash_3.wav,no
DataSet/no/6c968bd9_nohash_4.wav,no
DataSet/no/6cb6eee7_nohash_0.wav,no
DataSet/no/6cc28ce5_nohash_0.wav,no
DataSet/no/6d1dcca6_nohash_0.wav,no
DataSet/no/6d1dcca6_nohash_1.wav,no
DataSet/no/6d2d3b0d_nohash_0.wav,no
DataSet/no/6d2d3b0d_nohash_1.wav,no
DataSet/no/6d2d3b0d_nohash_2.wav,no
DataSet/no/6d7af359_nohash_0.wav,no
DataSet/no/6d818f6c_nohash_0.wav,no
DataSet/no/6d818f6c_nohash_1.wav,no
DataSet/no/6d818f6c_nohash_2.wav,no
DataSet/no/6d818f6c_nohash_3.wav,no
DataSet/no/6e41a77e_nohash_0.wav,no
DataSet/no/6e41a77e_nohash_1.wav,no
DataSet/no/6e41a77e_nohash_2.wav,no
DataSet/no/6e74c582_nohash_0.wav,no
DataSet/no/6e916de8_nohash_0.wav,no
DataSet/no/6e916de8_nohash_1.wav,no
DataSet/no/6e916de8_nohash_2.wav,no
DataSet/no/6ef407da_nohash_0.wav,no
DataSet/no/6ef407da_nohash_1.wav,no
DataSet/no/6ef407da_nohash_2.wav,no
DataSet/no/6ef407da_nohash_3.wav,no
DataSet/no/6ef407da_nohash_4.wav,no
DataSet/no/6f1ffef6_nohash_0.wav,no
DataSet/no/6f1ffef6_nohash_1.wav,no
DataSet/no/6f1ffef6_nohash_2.wav,no
DataSet/no/6f2f57c1_nohash_0.wav,no
DataSet/no/6f5b4d3d_nohash_0.wav,no
DataSet/no/6f5eea74_nohash_0.wav,no
DataSet/no/6f689791_nohash_0.wav,no
DataSet/no/6f7724f5_nohash_0.wav,no
DataSet/no/6fb3d5a7_nohash_0.wav,no
DataSet/no/6fb3d5a7_nohash_1.wav,no
DataSet/no/6fb3d5a7_nohash_2.wav,no
DataSet/no/6fb3d5a7_nohash_3.wav,no
DataSet/no/7014b07e_nohash_0.wav,no
DataSet/no/7081436f_nohash_0.wav,no
DataSet/no/708a9569_nohash_0.wav,no
DataSet/no/708a9569_nohash_1.wav,no
DataSet/no/708b8d51_nohash_0.wav,no
DataSet/no/7096522d_nohash_0.wav,no
DataSet/no/70a00e98_nohash_0.wav,no
DataSet/no/70a00e98_nohash_1.wav,no
DataSet/no/70a00e98_nohash_2.wav,no
DataSet/no/70a00e98_nohash_3.wav,no
DataSet/no/70b0ccf4_nohash_0.wav,no
DataSet/no/70b0ccf4_nohash_1.wav,no
DataSet/no/70b0ccf4_nohash_2.wav,no
DataSet/no/7117fb6d_nohash_0.wav,no
DataSet/no/7117fb6d_nohash_1.wav,no
DataSet/no/7117fb6d_nohash_2.wav,no
DataSet/no/712e4d58_nohash_0.wav,no
DataSet/no/716757ce_nohash_0.wav,no
DataSet/no/7195ffa6_nohash_0.wav,no
DataSet/no/7195ffa6_nohash_1.wav,no
DataSet/no/71aa5b54_nohash_0.wav,no
DataSet/no/71aa5b54_nohash_1.wav,no
DataSet/no/71aa5b54_nohash_2.wav,no
DataSet/no/71d0ded4_nohash_0.wav,no
DataSet/no/71d0ded4_nohash_1.wav,no
DataSet/no/71d0ded4_nohash_2.wav,no
DataSet/no/71d0ded4_nohash_3.wav,no
DataSet/no/71d0ded4_nohash_4.wav,no
DataSet/no/71e6ab20_nohash_0.wav,no
DataSet/no/7211390b_nohash_0.wav,no
DataSet/no/7211390b_nohash_1.wav,no
DataSet/no/7211390b_nohash_2.wav,no
DataSet/no/7211390b_nohash_3.wav,no
DataSet/no/7211390b_nohash_4.wav,no
DataSet/no/7213ed54_nohash_0.wav,no
DataSet/no/7213ed54_nohash_1.wav,no
DataSet/no/7213ed54_nohash_2.wav,no
DataSet/no/7213ed54_nohash_3.wav,no
DataSet/no/7213ed54_nohash_4.wav,no
DataSet/no/721f767c_nohash_0.wav,no
DataSet/no/72242187_nohash_0.wav,no
DataSet/no/72242187_nohash_1.wav,no
DataSet/no/72242187_nohash_2.wav,no
DataSet/no/72242187_nohash_3.wav,no
DataSet/no/72242187_nohash_4.wav,no
DataSet/no/72320401_nohash_0.wav,no
DataSet/no/723efc4c_nohash_0.wav,no
DataSet/no/723efc4c_nohash_1.wav,no
DataSet/no/7257420c_nohash_0.wav,no
DataSet/no/72e382bd_nohash_0.wav,no
DataSet/no/72e382bd_nohash_1.wav,no
DataSet/no/72e382bd_nohash_2.wav,no
DataSet/no/72e382bd_nohash_3.wav,no
DataSet/no/72e382bd_nohash_4.wav,no
DataSet/no/7303215d_nohash_0.wav,no
DataSet/no/7318280c_nohash_0.wav,no
DataSet/no/735845ab_nohash_0.wav,no
DataSet/no/735845ab_nohash_1.wav,no
DataSet/no/735845ab_nohash_2.wav,no
DataSet/no/735845ab_nohash_3.wav,no
DataSet/no/73af0c50_nohash_0.wav,no
DataSet/no/73cccfaf_nohash_0.wav,no
DataSet/no/73cccfaf_nohash_1.wav,no
DataSet/no/73f20b00_nohash_0.wav,no
DataSet/no/73f20b00_nohash_1.wav,no
DataSet/no/73f20b00_nohash_2.wav,no
DataSet/no/73f20b00_nohash_3.wav,no
DataSet/no/73f20b00_nohash_4.wav,no
DataSet/no/74241b28_nohash_0.wav,no
DataSet/no/74241b28_nohash_1.wav,no
DataSet/no/74241b28_nohash_2.wav,no
DataSet/no/74241b28_nohash_3.wav,no
DataSet/no/74241b28_nohash_4.wav,no
DataSet/no/742d6431_nohash_0.wav,no
DataSet/no/742d6431_nohash_1.wav,no
DataSet/no/742d6431_nohash_2.wav,no
DataSet/no/742d6431_nohash_3.wav,no
DataSet/no/742d6431_nohash_4.wav,no
DataSet/no/742d6431_nohash_5.wav,no
DataSet/no/743edf9d_nohash_0.wav,no
DataSet/no/745a8e32_nohash_0.wav,no
DataSet/no/747e69fd_nohash_0.wav,no
DataSet/no/748cb308_nohash_0.wav,no
DataSet/no/750e3e75_nohash_0.wav,no
DataSet/no/75b631ff_nohash_0.wav,no
DataSet/no/75b631ff_nohash_1.wav,no
DataSet/no/7622d95b_nohash_0.wav,no
DataSet/no/7622d95b_nohash_1.wav,no
DataSet/no/7622d95b_nohash_2.wav,no
DataSet/no/7622d95b_nohash_3.wav,no
DataSet/no/763188c4_nohash_0.wav,no
DataSet/no/763188c4_nohash_1.wav,no
DataSet/no/763188c4_nohash_2.wav,no
DataSet/no/763188c4_nohash_3.wav,no
DataSet/no/765ffccb_nohash_0.wav,no
DataSet/no/765ffccb_nohash_1.wav,no
DataSet/no/765ffccb_nohash_2.wav,no
DataSet/no/765ffccb_nohash_3.wav,no
DataSet/no/76e53db9_nohash_0.wav,no
DataSet/no/772db621_nohash_0.wav,no
DataSet/no/772db621_nohash_1.wav,no
DataSet/no/773e26f7_nohash_0.wav,no
DataSet/no/773e26f7_nohash_1.wav,no
DataSet/no/773e26f7_nohash_2.wav,no
DataSet/no/773e26f7_nohash_3.wav,no
DataSet/no/773e26f7_nohash_4.wav,no
DataSet/no/778a4a01_nohash_0.wav,no
DataSet/no/779de043_nohash_0.wav,no
DataSet/no/779de043_nohash_1.wav,no
DataSet/no/779de043_nohash_2.wav,no
DataSet/no/779de043_nohash_3.wav,no
DataSet/no/779de043_nohash_4.wav,no
DataSet/no/77f185d3_nohash_0.wav,no
DataSet/no/78030270_nohash_0.wav,no
DataSet/no/78102205_nohash_0.wav,no
DataSet/no/7846fd85_nohash_0.wav,no
DataSet/no/7846fd85_nohash_1.wav,no
DataSet/no/7846fd85_nohash_2.wav,no
DataSet/no/7846fd85_nohash_3.wav,no
DataSet/no/7846fd85_nohash_4.wav,no
DataSet/no/784e281a_nohash_0.wav,no
DataSet/no/78884794_nohash_0.wav,no
DataSet/no/78884794_nohash_1.wav,no
DataSet/no/78884794_nohash_2.wav,no
DataSet/no/789e4ee7_nohash_0.wav,no
DataSet/no/798f702a_nohash_0.wav,no
DataSet/no/79b37d3a_nohash_0.wav,no
DataSet/no/79b37d3a_nohash_1.wav,no
DataSet/no/79b37d3a_nohash_2.wav,no
DataSet/no/7ab5b8f7_nohash_0.wav,no
DataSet/no/7b2e879e_nohash_0.wav,no
DataSet/no/7bae88ed_nohash_0.wav,no
DataSet/no/7be5a0f3_nohash_0.wav,no
DataSet/no/7be9f58a_nohash_0.wav,no
DataSet/no/7bf801d1_nohash_0.wav,no
DataSet/no/7c1d8533_nohash_0.wav,no
DataSet/no/7c1d8533_nohash_1.wav,no
DataSet/no/7c1d8533_nohash_2.wav,no
DataSet/no/7c83c5f6_nohash_0.wav,no
DataSet/no/7c83c5f6_nohash_1.wav,no
DataSet/no/7c83c5f6_nohash_2.wav,no
DataSet/no/7c83c5f6_nohash_3.wav,no
DataSet/no/7c83c5f6_nohash_4.wav,no
DataSet/no/7c86c03e_nohash_0.wav,no
DataSet/no/7c86c03e_nohash_1.wav,no
DataSet/no/7c9b43f0_nohash_0.wav,no
DataSet/no/7c9b43f0_nohash_1.wav,no
DataSet/no/7cb5c0b7_nohash_0.wav,no
DataSet/no/7cb5c0b7_nohash_1.wav,no
DataSet/no/7cf14c54_nohash_0.wav,no
DataSet/no/7cf14c54_nohash_1.wav,no
DataSet/no/7cf14c54_nohash_2.wav,no
DataSet/no/7d4beb11_nohash_0.wav,no
DataSet/no/7d4beb11_nohash_1.wav,no
DataSet/no/7d5f87c8_nohash_0.wav,no
DataSet/no/7d5f87c8_nohash_1.wav,no
DataSet/no/7d6b4b10_nohash_0.wav,no
DataSet/no/7d6b4b10_nohash_1.wav,no
DataSet/no/7d6b4b10_nohash_2.wav,no
DataSet/no/7d6b4b10_nohash_3.wav,no
DataSet/no/7d6b4b10_nohash_4.wav,no
DataSet/no/7d86b703_nohash_0.wav,no
DataSet/no/7d8babdb_nohash_0.wav,no
DataSet/no/7dc50b88_nohash_0.wav,no
DataSet/no/7dc95912_nohash_0.wav,no
DataSet/no/7e2d5caf_nohash_0.wav,no
DataSet/no/7e4fa1d8_nohash_0.wav,no
DataSet/no/7e556a2c_nohash_0.wav,no
DataSet/no/7e783e3f_nohash_0.wav,no
DataSet/no/7e783e3f_nohash_1.wav,no
DataSet/no/7e7ca854_nohash_0.wav,no
DataSet/no/7e7ca854_nohash_1.wav,no
DataSet/no/7e7ca854_nohash_2.wav,no
DataSet/no/7e7ca854_nohash_3.wav,no
DataSet/no/7ea032f3_nohash_0.wav,no
DataSet/no/7ea032f3_nohash_1.wav,no
DataSet/no/7ea032f3_nohash_2.wav,no
DataSet/no/7eee5973_nohash_0.wav,no
DataSet/no/7f581e94_nohash_0.wav,no
DataSet/no/7f74626f_nohash_0.wav,no
DataSet/no/7f74626f_nohash_1.wav,no
DataSet/no/7f74626f_nohash_2.wav,no
DataSet/no/7f74626f_nohash_3.wav,no
DataSet/no/7f74626f_nohash_4.wav,no
DataSet/no/7f9eb952_nohash_0.wav,no
DataSet/no/7f9eb952_nohash_1.wav,no
DataSet/no/7f9eb952_nohash_2.wav,no
DataSet/no/7f9eb952_nohash_3.wav,no
DataSet/no/7fb8d703_nohash_0.wav,no
DataSet/no/7fb8d703_nohash_1.wav,no
DataSet/no/7fb8d703_nohash_2.wav,no
DataSet/no/7fb8d703_nohash_3.wav,no
DataSet/no/7fb8d703_nohash_4.wav,no
DataSet/no/7fd25f7c_nohash_0.wav,no
DataSet/no/7fd25f7c_nohash_1.wav,no
DataSet/no/7fd25f7c_nohash_2.wav,no
DataSet/no/7fd25f7c_nohash_3.wav,no
DataSet/no/7ff4fc72_nohash_0.wav,no
DataSet/no/8012c69d_nohash_0.wav,no
DataSet/no/8012c69d_nohash_1.wav,no
DataSet/no/8012c69d_nohash_2.wav,no
DataSet/no/8012c69d_nohash_3.wav,no
DataSet/no/8012c69d_nohash_4.wav,no
DataSet/no/8056e897_nohash_0.wav,no
DataSet/no/80f056c0_nohash_0.wav,no
DataSet/no/80fe1dc7_nohash_0.wav,no
DataSet/no/81332c92_nohash_0.wav,no
DataSet/no/81332c92_nohash_1.wav,no
DataSet/no/81332c92_nohash_2.wav,no
DataSet/no/81332c92_nohash_3.wav,no
DataSet/no/81332c92_nohash_4.wav,no
DataSet/no/8134f43f_nohash_0.wav,no
DataSet/no/8134f43f_nohash_1.wav,no
DataSet/no/8134f43f_nohash_2.wav,no
DataSet/no/8134f43f_nohash_3.wav,no
DataSet/no/8134f43f_nohash_4.wav,no
DataSet/no/815f0f03_nohash_0.wav,no
DataSet/no/81898f68_nohash_0.wav,no
DataSet/no/81a345a3_nohash_0.wav,no
DataSet/no/821b64cc_nohash_0.wav,no
DataSet/no/821b64cc_nohash_1.wav,no
DataSet/no/82305c3a_nohash_0.wav,no
DataSet/no/824e8ce5_nohash_0.wav,no
DataSet/no/825f450d_nohash_0.wav,no
DataSet/no/8281a2a8_nohash_0.wav,no
DataSet/no/8281a2a8_nohash_1.wav,no
DataSet/no/8281a2a8_nohash_2.wav,no
DataSet/no/8281a2a8_nohash_3.wav,no
DataSet/no/8281a2a8_nohash_4.wav,no
DataSet/no/82b99576_nohash_0.wav,no
DataSet/no/82b99576_nohash_1.wav,no
DataSet/no/82b99576_nohash_2.wav,no
DataSet/no/82c6d220_nohash_0.wav,no
DataSet/no/82d0d3ba_nohash_0.wav,no
DataSet/no/82e7204d_nohash_0.wav,no
DataSet/no/833a0279_nohash_0.wav,no
DataSet/no/833d9f56_nohash_0.wav,no
DataSet/no/833d9f56_nohash_1.wav,no
DataSet/no/833d9f56_nohash_2.wav,no
DataSet/no/833d9f56_nohash_3.wav,no
DataSet/no/833d9f56_nohash_4.wav,no
DataSet/no/834f03fe_nohash_0.wav,no
DataSet/no/834f03fe_nohash_1.wav,no
DataSet/no/834f03fe_nohash_2.wav,no
DataSet/no/834f03fe_nohash_3.wav,no
DataSet/no/834f03fe_nohash_4.wav,no
DataSet/no/8353fea1_nohash_0.wav,no
DataSet/no/837a0f64_nohash_0.wav,no
DataSet/no/837a0f64_nohash_1.wav,no
DataSet/no/837a0f64_nohash_2.wav,no
DataSet/no/837a0f64_nohash_3.wav,no
DataSet/no/837a0f64_nohash_4.wav,no
DataSet/no/837f7378_nohash_0.wav,no
DataSet/no/837f7378_nohash_1.wav,no
DataSet/no/83957201_nohash_0.wav,no
DataSet/no/83c9e7e6_nohash_0.wav,no
DataSet/no/840eab5a_nohash_0.wav,no
DataSet/no/8442ea62_nohash_0.wav,no
DataSet/no/845f8553_nohash_0.wav,no
DataSet/no/845f8553_nohash_1.wav,no
DataSet/no/845f8553_nohash_2.wav,no
DataSet/no/845f8553_nohash_3.wav,no
DataSet/no/845f8553_nohash_4.wav,no
DataSet/no/8494fba8_nohash_0.wav,no
DataSet/no/8494fba8_nohash_1.wav,no
DataSet/no/84999496_nohash_0.wav,no
DataSet/no/84bf12ff_nohash_0.wav,no
DataSet/no/84bf12ff_nohash_1.wav,no
DataSet/no/84d1e469_nohash_0.wav,no
DataSet/no/84d1e469_nohash_1.wav,no
DataSet/no/84d1e469_nohash_2.wav,no
DataSet/no/850e2222_nohash_0.wav,no
DataSet/no/8523766b_nohash_0.wav,no
DataSet/no/8523766b_nohash_1.wav,no
DataSet/no/8549f25d_nohash_0.wav,no
DataSet/no/8549f25d_nohash_1.wav,no
DataSet/no/856eb138_nohash_0.wav,no
DataSet/no/856eb138_nohash_1.wav,no
DataSet/no/856eb138_nohash_2.wav,no
DataSet/no/856eb138_nohash_3.wav,no
DataSet/no/856eb138_nohash_4.wav,no
DataSet/no/85834399_nohash_0.wav,no
DataSet/no/85834399_nohash_1.wav,no
DataSet/no/85834399_nohash_2.wav,no
DataSet/no/85851131_nohash_0.wav,no
DataSet/no/85851131_nohash_1.wav,no
DataSet/no/85851131_nohash_2.wav,no
DataSet/no/85851131_nohash_3.wav,no
DataSet/no/85851131_nohash_4.wav,no
DataSet/no/85ac0c1b_nohash_0.wav,no
DataSet/no/85ac0c1b_nohash_1.wav,no
DataSet/no/85ac0c1b_nohash_2.wav,no
DataSet/no/85c60942_nohash_0.wav,no
DataSet/no/85c60942_nohash_1.wav,no
DataSet/no/8625475c_nohash_0.wav,no
DataSet/no/863880b7_nohash_0.wav,no
DataSet/no/863880b7_nohash_1.wav,no
DataSet/no/86478fab_nohash_0.wav,no
DataSet/no/86cb59b2_nohash_0.wav,no
DataSet/no/86cb59b2_nohash_1.wav,no
DataSet/no/86cb59b2_nohash_2.wav,no
DataSet/no/86cb59b2_nohash_3.wav,no
DataSet/no/86f12ac0_nohash_0.wav,no
DataSet/no/86f12ac0_nohash_1.wav,no
DataSet/no/86f3558f_nohash_0.wav,no
DataSet/no/86fa2dcd_nohash_0.wav,no
DataSet/no/86fa2dcd_nohash_1.wav,no
DataSet/no/87014d40_nohash_0.wav,no
DataSet/no/87014d40_nohash_1.wav,no
DataSet/no/87070229_nohash_0.wav,no
DataSet/no/87070229_nohash_1.wav,no
DataSet/no/87070229_nohash_2.wav,no
DataSet/no/87070229_nohash_3.wav,no
DataSet/no/8769c34c_nohash_0.wav,no
DataSet/no/8769c34c_nohash_1.wav,no
DataSet/no/8769c34c_nohash_2.wav,no
DataSet/no/876c84d6_nohash_0.wav,no
DataSet/no/876c84d6_nohash_1.wav,no
DataSet/no/876c84d6_nohash_2.wav,no
DataSet/no/87728a88_nohash_0.wav,no
DataSet/no/878befa7_nohash_0.wav,no
DataSet/no/878befa7_nohash_1.wav,no
DataSet/no/878befa7_nohash_2.wav,no
DataSet/no/879a2b38_nohash_0.wav,no
DataSet/no/879a2b38_nohash_1.wav,no
DataSet/no/879a2b38_nohash_2.wav,no
DataSet/no/87d5e978_nohash_0.wav,no
DataSet/no/87d5e978_nohash_1.wav,no
DataSet/no/87d5e978_nohash_2.wav,no
DataSet/no/87d5e978_nohash_3.wav,no
DataSet/no/87d5e978_nohash_4.wav,no
DataSet/no/88053e92_nohash_0.wav,no
DataSet/no/88053e92_nohash_1.wav,no
DataSet/no/88120683_nohash_0.wav,no
DataSet/no/881583a6_nohash_0.wav,no
DataSet/no/881583a6_nohash_1.wav,no
DataSet/no/881583a6_nohash_2.wav,no
DataSet/no/884ae8e1_nohash_0.wav,no
DataSet/no/884ae8e1_nohash_1.wav,no
DataSet/no/888a0c49_nohash_0.wav,no
DataSet/no/888a0c49_nohash_1.wav,no
DataSet/no/888a0c49_nohash_2.wav,no
DataSet/no/888a0c49_nohash_3.wav,no
DataSet/no/888a0c49_nohash_4.wav,no
DataSet/no/88a487ce_nohash_0.wav,no
DataSet/no/88a487ce_nohash_1.wav,no
DataSet/no/88f3719f_nohash_0.wav,no
DataSet/no/88f8a99c_nohash_0.wav,no
DataSet/no/88f8a99c_nohash_1.wav,no
DataSet/no/890cc926_nohash_0.wav,no
DataSet/no/890cc926_nohash_1.wav,no
DataSet/no/890cc926_nohash_2.wav,no
DataSet/no/890cc926_nohash_3.wav,no
DataSet/no/890cc926_nohash_4.wav,no
DataSet/no/890e4ee2_nohash_0.wav,no
DataSet/no/8910e5ef_nohash_0.wav,no
DataSet/no/8910e5ef_nohash_1.wav,no
DataSet/no/8931f494_nohash_0.wav,no
DataSet/no/893705bb_nohash_0.wav,no
DataSet/no/893705bb_nohash_1.wav,no
DataSet/no/893705bb_nohash_10.wav,no
DataSet/no/893705bb_nohash_11.wav,no
DataSet/no/893705bb_nohash_12.wav,no
DataSet/no/893705bb_nohash_2.wav,no
DataSet/no/893705bb_nohash_3.wav,no
DataSet/no/893705bb_nohash_4.wav,no
DataSet/no/893705bb_nohash_5.wav,no
DataSet/no/893705bb_nohash_6.wav,no
DataSet/no/893705bb_nohash_7.wav,no
DataSet/no/893705bb_nohash_8.wav,no
DataSet/no/893705bb_nohash_9.wav,no
DataSet/no/893b3c11_nohash_0.wav,no
DataSet/no/89947bd7_nohash_0.wav,no
DataSet/no/89947bd7_nohash_1.wav,no
DataSet/no/89947bd7_nohash_2.wav,no
DataSet/no/89947bd7_nohash_3.wav,no
DataSet/no/89947bd7_nohash_4.wav,no
DataSet/no/89d6d11e_nohash_0.wav,no
DataSet/no/89d6d11e_nohash_1.wav,no
DataSet/no/89ed36ab_nohash_0.wav,no
DataSet/no/89f3ab7d_nohash_0.wav,no
DataSet/no/89f3ab7d_nohash_1.wav,no
DataSet/no/89f680f3_nohash_0.wav,no
DataSet/no/89f680f3_nohash_1.wav,no
DataSet/no/8a194ee6_nohash_0.wav,no
DataSet/no/8a194ee6_nohash_1.wav,no
DataSet/no/8a1c449e_nohash_0.wav,no
DataSet/no/8a1c449e_nohash_1.wav,no
DataSet/no/8a28231e_nohash_0.wav,no
DataSet/no/8a325749_nohash_0.wav,no
DataSet/no/8a5acefd_nohash_0.wav,no
DataSet/no/8a744054_nohash_0.wav,no
DataSet/no/8a8756a4_nohash_0.wav,no
DataSet/no/8a90cf67_nohash_0.wav,no
DataSet/no/8a90cf67_nohash_1.wav,no
DataSet/no/8a90cf67_nohash_2.wav,no
DataSet/no/8b25410a_nohash_0.wav,no
DataSet/no/8b25410a_nohash_1.wav,no
DataSet/no/8b25410a_nohash_2.wav,no
DataSet/no/8b25410a_nohash_3.wav,no
DataSet/no/8b775397_nohash_0.wav,no
DataSet/no/8bbd98d0_nohash_0.wav,no
DataSet/no/8bf6acb9_nohash_0.wav,no
DataSet/no/8c3c4715_nohash_0.wav,no
DataSet/no/8c4854bc_nohash_0.wav,no
DataSet/no/8c7b691a_nohash_0.wav,no
DataSet/no/8c7c9168_nohash_0.wav,no
DataSet/no/8c7f81df_nohash_0.wav,no
DataSet/no/8c7f81df_nohash_1.wav,no
DataSet/no/8d4cdc60_nohash_0.wav,no
DataSet/no/8d5e1dc0_nohash_0.wav,no
DataSet/no/8d9cc260_nohash_0.wav,no
DataSet/no/8d9cc260_nohash_1.wav,no
DataSet/no/8dc18a75_nohash_0.wav,no
DataSet/no/8dc18a75_nohash_1.wav,no
DataSet/no/8dc18a75_nohash_2.wav,no
DataSet/no/8dc18a75_nohash_3.wav,no
DataSet/no/8dc18a75_nohash_4.wav,no
DataSet/no/8dc26a15_nohash_0.wav,no
DataSet/no/8dc26a15_nohash_1.wav,no
DataSet/no/8dd24423_nohash_0.wav,no
DataSet/no/8dd788d8_nohash_0.wav,no
DataSet/no/8dd788d8_nohash_1.wav,no
DataSet/no/8e05039f_nohash_0.wav,no
DataSet/no/8e05039f_nohash_1.wav,no
DataSet/no/8e05039f_nohash_2.wav,no
DataSet/no/8e05039f_nohash_3.wav,no
DataSet/no/8e05039f_nohash_4.wav,no
DataSet/no/8e523821_nohash_0.wav,no
DataSet/no/8e523821_nohash_1.wav,no
DataSet/no/8e523821_nohash_2.wav,no
DataSet/no/8e523821_nohash_3.wav,no
DataSet/no/8e523821_nohash_4.wav,no
DataSet/no/8e884ec4_nohash_0.wav,no
DataSet/no/8eb4a1bf_nohash_0.wav,no
DataSet/no/8eb4a1bf_nohash_1.wav,no
DataSet/no/8eb4a1bf_nohash_2.wav,no
DataSet/no/8eb4a1bf_nohash_3.wav,no
DataSet/no/8ec6dab6_nohash_0.wav,no
DataSet/no/8ec6dab6_nohash_1.wav,no
DataSet/no/8ec6dab6_nohash_2.wav,no
DataSet/no/8ed25ef8_nohash_0.wav,no
DataSet/no/8ed25ef8_nohash_1.wav,no
DataSet/no/8f3f252c_nohash_0.wav,no
DataSet/no/8f4c551f_nohash_0.wav,no
DataSet/no/8f4c551f_nohash_1.wav,no
DataSet/no/8fe52b97_nohash_0.wav,no
DataSet/no/8fe52b97_nohash_1.wav,no
DataSet/no/8fe67225_nohash_0.wav,no
DataSet/no/8fe67225_nohash_1.wav,no
DataSet/no/8fe67225_nohash_2.wav,no
DataSet/no/8fe67225_nohash_3.wav,no
DataSet/no/8fe67225_nohash_4.wav,no
DataSet/no/8ff44869_nohash_0.wav,no
DataSet/no/8ff44869_nohash_1.wav,no
DataSet/no/902258bb_nohash_0.wav,no
DataSet/no/90645155_nohash_0.wav,no
DataSet/no/90804775_nohash_0.wav,no
DataSet/no/90b0b91a_nohash_0.wav,no
DataSet/no/90b0b91a_nohash_1.wav,no
DataSet/no/90b0b91a_nohash_2.wav,no
DataSet/no/90b0b91a_nohash_3.wav,no
DataSet/no/90b94017_nohash_0.wav,no
DataSet/no/90e72357_nohash_0.wav,no
DataSet/no/90e72357_nohash_1.wav,no
DataSet/no/90e72357_nohash_2.wav,no
DataSet/no/9151f184_nohash_0.wav,no
DataSet/no/9151f184_nohash_1.wav,no
DataSet/no/9151f184_nohash_2.wav,no
DataSet/no/9151f184_nohash_3.wav,no
DataSet/no/9151f184_nohash_4.wav,no
DataSet/no/9190045a_nohash_0.wav,no
DataSet/no/919d3c0e_nohash_0.wav,no
DataSet/no/919d3c0e_nohash_1.wav,no
DataSet/no/91b03183_nohash_0.wav,no
DataSet/no/91b03183_nohash_1.wav,no
DataSet/no/91b03183_nohash_2.wav,no
DataSet/no/91b03183_nohash_3.wav,no
DataSet/no/91ffb786_nohash_0.wav,no
DataSet/no/91ffb786_nohash_1.wav,no
DataSet/no/91ffb786_nohash_2.wav,no
DataSet/no/92037d73_nohash_0.wav,no
DataSet/no/9229bff9_nohash_0.wav,no
DataSet/no/924c1a04_nohash_0.wav,no
DataSet/no/92a9c5e6_nohash_0.wav,no
DataSet/no/92a9c5e6_nohash_1.wav,no
DataSet/no/92a9c5e6_nohash_2.wav,no
DataSet/no/92a9c5e6_nohash_3.wav,no
DataSet/no/92b2bf59_nohash_0.wav,no
DataSet/no/93cf902e_nohash_0.wav,no
DataSet/no/93ec8b84_nohash_0.wav,no
DataSet/no/93ec8b84_nohash_1.wav,no
DataSet/no/93f30cc4_nohash_0.wav,no
DataSet/no/9448c397_nohash_0.wav,no
DataSet/no/9448c397_nohash_1.wav,no
DataSet/no/9448c397_nohash_2.wav,no
DataSet/no/9448c397_nohash_3.wav,no
DataSet/no/9448c397_nohash_4.wav,no
DataSet/no/94d370bf_nohash_0.wav,no
DataSet/no/94d370bf_nohash_1.wav,no
DataSet/no/94d370bf_nohash_2.wav,no
DataSet/no/94d370bf_nohash_3.wav,no
DataSet/no/94d370bf_nohash_4.wav,no
DataSet/no/94de6a6a_nohash_0.wav,no
DataSet/no/94de6a6a_nohash_1.wav,no
DataSet/no/94de6a6a_nohash_2.wav,no
DataSet/no/94de6a6a_nohash_3.wav,no
DataSet/no/94de6a6a_nohash_4.wav,no
DataSet/no/951cac20_nohash_0.wav,no
DataSet/no/951cac20_nohash_1.wav,no
DataSet/no/951cac20_nohash_2.wav,no
DataSet/no/951cac20_nohash_3.wav,no
DataSet/no/953fe1ad_nohash_0.wav,no
DataSet/no/953fe1ad_nohash_1.wav,no
DataSet/no/953fe1ad_nohash_2.wav,no
DataSet/no/953fe1ad_nohash_3.wav,no
DataSet/no/953fe1ad_nohash_4.wav,no
DataSet/no/954f190f_nohash_0.wav,no
DataSet/no/9587481f_nohash_0.wav,no
DataSet/no/9587481f_nohash_1.wav,no
DataSet/no/95fd5a0f_nohash_0.wav,no
DataSet/no/95fd5a0f_nohash_1.wav,no
DataSet/no/95fd5a0f_nohash_2.wav,no
DataSet/no/95fd5a0f_nohash_3.wav,no
DataSet/no/95fd5a0f_nohash_4.wav,no
DataSet/no/95fd5a0f_nohash_5.wav,no
DataSet/no/9637f43f_nohash_0.wav,no
DataSet/no/9637f43f_nohash_1.wav,no
DataSet/no/9637f43f_nohash_2.wav,no
DataSet/no/964e8cfd_nohash_0.wav,no
DataSet/no/964e8cfd_nohash_1.wav,no
DataSet/no/964e8cfd_nohash_2.wav,no
DataSet/no/964e8cfd_nohash_3.wav,no
DataSet/no/964e8cfd_nohash_4.wav,no
DataSet/no/96a48d28_nohash_0.wav,no
DataSet/no/96a48d28_nohash_1.wav,no
DataSet/no/96a48d28_nohash_2.wav,no
DataSet/no/96a48d28_nohash_3.wav,no
DataSet/no/96a48d28_nohash_4.wav,no
DataSet/no/96c67073_nohash_0.wav,no
DataSet/no/96c67073_nohash_1.wav,no
DataSet/no/96c67073_nohash_2.wav,no
DataSet/no/96cd0255_nohash_0.wav,no
DataSet/no/96d5276f_nohash_0.wav,no
DataSet/no/96d5276f_nohash_1.wav,no
DataSet/no/96d8bb6f_nohash_0.wav,no
DataSet/no/96d8bb6f_nohash_1.wav,no
DataSet/no/96d8bb6f_nohash_2.wav,no
DataSet/no/96de5e7f_nohash_0.wav,no
DataSet/no/96de5e7f_nohash_1.wav,no
DataSet/no/9712cce0_nohash_0.wav,no
DataSet/no/977a3be4_nohash_0.wav,no
DataSet/no/978240e1_nohash_0.wav,no
DataSet/no/978240e1_nohash_1.wav,no
DataSet/no/978240e1_nohash_2.wav,no
DataSet/no/9785931e_nohash_0.wav,no
DataSet/no/9785931e_nohash_1.wav,no
DataSet/no/9785931e_nohash_2.wav,no
DataSet/no/97ae8b25_nohash_0.wav,no
DataSet/no/97cbf436_nohash_0.wav,no
DataSet/no/97f493b9_nohash_0.wav,no
DataSet/no/97f493b9_nohash_1.wav,no
DataSet/no/97f4c236_nohash_0.wav,no
DataSet/no/97f4c236_nohash_1.wav,no
DataSet/no/97f4c236_nohash_2.wav,no
DataSet/no/97f4c236_nohash_3.wav,no
DataSet/no/97f4c236_nohash_4.wav,no
DataSet/no/98170b49_nohash_0.wav,no
DataSet/no/981e2a16_nohash_0.wav,no
DataSet/no/983577be_nohash_0.wav,no
DataSet/no/9886d8bf_nohash_0.wav,no
DataSet/no/9886d8bf_nohash_1.wav,no
DataSet/no/9886d8bf_nohash_2.wav,no
DataSet/no/9886d8bf_nohash_3.wav,no
DataSet/no/9886d8bf_nohash_4.wav,no
DataSet/no/988e2f9a_nohash_0.wav,no
DataSet/no/988e2f9a_nohash_1.wav,no
DataSet/no/988e2f9a_nohash_2.wav,no
DataSet/no/989a2213_nohash_0.wav,no
DataSet/no/98ea0818_nohash_0.wav,no
DataSet/no/98ea0818_nohash_1.wav,no
DataSet/no/98ea0818_nohash_2.wav,no
DataSet/no/98ea0818_nohash_3.wav,no
DataSet/no/98ea0818_nohash_4.wav,no
DataSet/no/98f4f088_nohash_0.wav,no
DataSet/no/997867e7_nohash_0.wav,no
DataSet/no/99a9b015_nohash_0.wav,no
DataSet/no/99a9b015_nohash_1.wav,no
DataSet/no/99fad6a0_nohash_0.wav,no
DataSet/no/9a356ab9_nohash_0.wav,no
DataSet/no/9a3f97f8_nohash_0.wav,no
DataSet/no/9a3f97f8_nohash_1.wav,no
DataSet/no/9a5db2cb_nohash_0.wav,no
DataSet/no/9a69672b_nohash_0.wav,no
DataSet/no/9a69672b_nohash_1.wav,no
DataSet/no/9a69672b_nohash_2.wav,no
DataSet/no/9a69672b_nohash_3.wav,no
DataSet/no/9a69672b_nohash_4.wav,no
DataSet/no/9a76f8c3_nohash_0.wav,no
DataSet/no/9a76f8c3_nohash_1.wav,no
DataSet/no/9a76f8c3_nohash_2.wav,no
DataSet/no/9a76f8c3_nohash_3.wav,no
DataSet/no/9a7c1f83_nohash_0.wav,no
DataSet/no/9a7c1f83_nohash_1.wav,no
DataSet/no/9a7c1f83_nohash_2.wav,no
DataSet/no/9a7c1f83_nohash_3.wav,no
DataSet/no/9a8d8d34_nohash_0.wav,no
DataSet/no/9a8d8d34_nohash_1.wav,no
DataSet/no/9aa21fa9_nohash_0.wav,no
DataSet/no/9aa21fa9_nohash_1.wav,no
DataSet/no/9aa21fa9_nohash_2.wav,no
DataSet/no/9aa21fa9_nohash_3.wav,no
DataSet/no/9aa21fa9_nohash_4.wav,no
DataSet/no/9acd0254_nohash_0.wav,no
DataSet/no/9acd0254_nohash_1.wav,no
DataSet/no/9b02d503_nohash_0.wav,no
DataSet/no/9b02d503_nohash_1.wav,no
DataSet/no/9b02d503_nohash_2.wav,no
DataSet/no/9b02d503_nohash_3.wav,no
DataSet/no/9b02d503_nohash_4.wav,no
DataSet/no/9b02d503_nohash_5.wav,no
DataSet/no/9b3ea809_nohash_0.wav,no
DataSet/no/9b402bc2_nohash_0.wav,no
DataSet/no/9b5815cd_nohash_0.wav,no
DataSet/no/9b6c08ba_nohash_0.wav,no
DataSet/no/9b8a7439_nohash_0.wav,no
DataSet/no/9b8a7439_nohash_1.wav,no
DataSet/no/9b8a7439_nohash_2.wav,no
DataSet/no/9b8a7439_nohash_3.wav,no
DataSet/no/9be15e93_nohash_0.wav,no
DataSet/no/9be15e93_nohash_1.wav,no
DataSet/no/9be15e93_nohash_2.wav,no
DataSet/no/9be15e93_nohash_3.wav,no
DataSet/no/9be15e93_nohash_4.wav,no
DataSet/no/9bea2ac7_nohash_0.wav,no
DataSet/no/9beccfc8_nohash_0.wav,no
DataSet/no/9c59dd28_nohash_0.wav,no
DataSet/no/9c59dd28_nohash_1.wav,no
DataSet/no/9cde5de8_nohash_0.wav,no
DataSet/no/9d171fee_nohash_0.wav,no
DataSet/no/9d32f10a_nohash_0.wav,no
DataSet/no/9d32f10a_nohash_1.wav,no
DataSet/no/9d8ac38b_nohash_0.wav,no
DataSet/no/9db2bfe9_nohash_0.wav,no
DataSet/no/9db2bfe9_nohash_1.wav,no
DataSet/no/9db2bfe9_nohash_2.wav,no
DataSet/no/9dcfba4b_nohash_0.wav,no
DataSet/no/9dcfba4b_nohash_1.wav,no
DataSet/no/9dcfba4b_nohash_2.wav,no
DataSet/no/9e075bf1_nohash_0.wav,no
DataSet/no/9e2ce5e3_nohash_0.wav,no
DataSet/no/9e2ce5e3_nohash_1.wav,no
DataSet/no/9e2ce5e3_nohash_2.wav,no
DataSet/no/9e92ef0c_nohash_0.wav,no
DataSet/no/9e92ef0c_nohash_1.wav,no
DataSet/no/9e92ef0c_nohash_2.wav,no
DataSet/no/9e92ef0c_nohash_3.wav,no
DataSet/no/9e92ef0c_nohash_4.wav,no
DataSet/no/9efe5140_nohash_0.wav,no
DataSet/no/9f6fbdb4_nohash_0.wav,no
DataSet/no/9f6fbdb4_nohash_1.wav,no
DataSet/no/9f7079fe_nohash_0.wav,no
DataSet/no/9f869f70_nohash_0.wav,no
DataSet/no/9f93e408_nohash_0.wav,no
DataSet/no/9f93e408_nohash_1.wav,no
DataSet/no/9f93e408_nohash_2.wav,no
DataSet/no/9fac5701_nohash_0.wav,no
DataSet/no/9fac5701_nohash_1.wav,no
DataSet/no/9fac5701_nohash_2.wav,no
DataSet/no/9fac5701_nohash_3.wav,no
DataSet/no/9ff2d2f4_nohash_0.wav,no
DataSet/no/9ff2d2f4_nohash_1.wav,no
DataSet/no/9ff2d2f4_nohash_2.wav,no
DataSet/no/9ff2d2f4_nohash_3.wav,no
DataSet/no/9ff2d2f4_nohash_4.wav,no
DataSet/no/a045368c_nohash_0.wav,no
DataSet/no/a045368c_nohash_1.wav,no
DataSet/no/a045368c_nohash_2.wav,no
DataSet/no/a045368c_nohash_3.wav,no
DataSet/no/a045368c_nohash_4.wav,no
DataSet/no/a04817c2_nohash_0.wav,no
DataSet/no/a04817c2_nohash_1.wav,no
DataSet/no/a04817c2_nohash_2.wav,no
DataSet/no/a04817c2_nohash_3.wav,no
DataSet/no/a04817c2_nohash_4.wav,no
DataSet/no/a05a90c1_nohash_0.wav,no
DataSet/no/a05a90c1_nohash_1.wav,no
DataSet/no/a05a90c1_nohash_2.wav,no
DataSet/no/a05a90c1_nohash_3.wav,no
DataSet/no/a0a8d759_nohash_0.wav,no
DataSet/no/a13e0a74_nohash_0.wav,no
DataSet/no/a1533da4_nohash_0.wav,no
DataSet/no/a16013b7_nohash_0.wav,no
DataSet/no/a16013b7_nohash_1.wav,no
DataSet/no/a16013b7_nohash_2.wav,no
DataSet/no/a16013b7_nohash_3.wav,no
DataSet/no/a16013b7_nohash_4.wav,no
DataSet/no/a16b3102_nohash_0.wav,no
DataSet/no/a19452d5_nohash_0.wav,no
DataSet/no/a1a59b72_nohash_0.wav,no
DataSet/no/a1c63f25_nohash_0.wav,no
DataSet/no/a1c63f25_nohash_1.wav,no
DataSet/no/a1c63f25_nohash_2.wav,no
DataSet/no/a1cf7fd8_nohash_0.wav,no
DataSet/no/a1cf7fd8_nohash_1.wav,no
DataSet/no/a1cf7fd8_nohash_2.wav,no
DataSet/no/a1cff772_nohash_0.wav,no
DataSet/no/a1cff772_nohash_1.wav,no
DataSet/no/a1cff772_nohash_2.wav,no
DataSet/no/a1cff772_nohash_3.wav,no
DataSet/no/a1cff772_nohash_4.wav,no
DataSet/no/a1dd919f_nohash_0.wav,no
DataSet/no/a1dd919f_nohash_1.wav,no
DataSet/no/a1e71565_nohash_0.wav,no
DataSet/no/a1e71565_nohash_1.wav,no
DataSet/no/a1e71565_nohash_2.wav,no
DataSet/no/a1e71565_nohash_3.wav,no
DataSet/no/a1e71565_nohash_4.wav,no
DataSet/no/a2473d62_nohash_0.wav,no
DataSet/no/a2473d62_nohash_1.wav,no
DataSet/no/a2473d62_nohash_2.wav,no
DataSet/no/a24cf51c_nohash_0.wav,no
DataSet/no/a24cf51c_nohash_1.wav,no
DataSet/no/a24cf51c_nohash_2.wav,no
DataSet/no/a293e285_nohash_0.wav,no
DataSet/no/a293e285_nohash_1.wav,no
DataSet/no/a293e285_nohash_2.wav,no
DataSet/no/a293e285_nohash_3.wav,no
DataSet/no/a2b16113_nohash_0.wav,no
DataSet/no/a2cc5444_nohash_0.wav,no
DataSet/no/a2cc5444_nohash_1.wav,no
DataSet/no/a2cc5444_nohash_2.wav,no
DataSet/no/a2cc5444_nohash_3.wav,no
DataSet/no/a2cc5444_nohash_4.wav,no
DataSet/no/a2fefcb4_nohash_0.wav,no
DataSet/no/a3fc7884_nohash_0.wav,no
DataSet/no/a40c62f1_nohash_0.wav,no
DataSet/no/a40c62f1_nohash_1.wav,no
DataSet/no/a4383927_nohash_0.wav,no
DataSet/no/a489191a_nohash_0.wav,no
DataSet/no/a489191a_nohash_1.wav,no
DataSet/no/a4b21cbc_nohash_0.wav,no
DataSet/no/a4b21cbc_nohash_1.wav,no
DataSet/no/a4baac4e_nohash_0.wav,no
DataSet/no/a4baac4e_nohash_1.wav,no
DataSet/no/a4baac4e_nohash_2.wav,no
DataSet/no/a4ca3afe_nohash_0.wav,no
DataSet/no/a4ca3afe_nohash_1.wav,no
DataSet/no/a4e8a997_nohash_0.wav,no
DataSet/no/a50a98d2_nohash_0.wav,no
DataSet/no/a527cb3c_nohash_0.wav,no
DataSet/no/a55105d0_nohash_0.wav,no
DataSet/no/a55105d0_nohash_1.wav,no
DataSet/no/a55105d0_nohash_2.wav,no
DataSet/no/a55105d0_nohash_3.wav,no
DataSet/no/a5609cce_nohash_0.wav,no
DataSet/no/a56859ea_nohash_0.wav,no
DataSet/no/a583c5b0_nohash_0.wav,no
DataSet/no/a591c2ea_nohash_0.wav,no
DataSet/no/a5b24175_nohash_0.wav,no
DataSet/no/a5b24175_nohash_1.wav,no
DataSet/no/a5b24175_nohash_2.wav,no
DataSet/no/a5b24175_nohash_3.wav,no
DataSet/no/a5d1becc_nohash_0.wav,no
DataSet/no/a5d1becc_nohash_1.wav,no
DataSet/no/a5d1becc_nohash_2.wav,no
DataSet/no/a5d1becc_nohash_3.wav,no
DataSet/no/a60a09cf_nohash_0.wav,no
DataSet/no/a60a09cf_nohash_1.wav,no
DataSet/no/a6285644_nohash_0.wav,no
DataSet/no/a62f807b_nohash_0.wav,no
DataSet/no/a6d586b7_nohash_0.wav,no
DataSet/no/a6d586b7_nohash_1.wav,no
DataSet/no/a6d586b7_nohash_2.wav,no
DataSet/no/a6d586b7_nohash_3.wav,no
DataSet/no/a6d586b7_nohash_4.wav,no
DataSet/no/a6f2fd71_nohash_0.wav,no
DataSet/no/a6f2fd71_nohash_1.wav,no
DataSet/no/a6f2fd71_nohash_2.wav,no
DataSet/no/a6f2fd71_nohash_3.wav,no
DataSet/no/a6f2fd71_nohash_4.wav,no
DataSet/no/a7200079_nohash_0.wav,no
DataSet/no/a7200079_nohash_1.wav,no
DataSet/no/a7200079_nohash_2.wav,no
DataSet/no/a7200079_nohash_3.wav,no
DataSet/no/a7200079_nohash_4.wav,no
DataSet/no/a7216980_nohash_0.wav,no
DataSet/no/a7216980_nohash_1.wav,no
DataSet/no/a7216980_nohash_2.wav,no
DataSet/no/a7216980_nohash_3.wav,no
DataSet/no/a7216980_nohash_4.wav,no
DataSet/no/a73be046_nohash_0.wav,no
DataSet/no/a73be046_nohash_1.wav,no
DataSet/no/a73be046_nohash_2.wav,no
DataSet/no/a74f3917_nohash_0.wav,no
DataSet/no/a74f3917_nohash_1.wav,no
DataSet/no/a77fbcfd_nohash_0.wav,no
DataSet/no/a77fbcfd_nohash_1.wav,no
DataSet/no/a77fbcfd_nohash_2.wav,no
DataSet/no/a77fbcfd_nohash_3.wav,no
DataSet/no/a77fbcfd_nohash_4.wav,no
DataSet/no/a7acbbeb_nohash_0.wav,no
DataSet/no/a7acbbeb_nohash_1.wav,no
DataSet/no/a7acbbeb_nohash_2.wav,no
DataSet/no/a7acbbeb_nohash_3.wav,no
DataSet/no/a7acbbeb_nohash_4.wav,no
DataSet/no/a7dd45cf_nohash_0.wav,no
DataSet/no/a7dd45cf_nohash_1.wav,no
DataSet/no/a827e3a1_nohash_0.wav,no
DataSet/no/a827e3a1_nohash_1.wav,no
DataSet/no/a84dee7b_nohash_0.wav,no
DataSet/no/a8688b67_nohash_0.wav,no
DataSet/no/a8688b67_nohash_1.wav,no
DataSet/no/a8cf01bc_nohash_0.wav,no
DataSet/no/a8ee11c7_nohash_0.wav,no
DataSet/no/a8ee11c7_nohash_1.wav,no
DataSet/no/a8ee11c7_nohash_2.wav,no
DataSet/no/a8f45bdc_nohash_0.wav,no
DataSet/no/a902ce9b_nohash_0.wav,no
DataSet/no/a928cc5b_nohash_0.wav,no
DataSet/no/a928cc5b_nohash_1.wav,no
DataSet/no/a928cc5b_nohash_2.wav,no
DataSet/no/a929f9b9_nohash_0.wav,no
DataSet/no/a929f9b9_nohash_1.wav,no
DataSet/no/a929f9b9_nohash_2.wav,no
DataSet/no/a929f9b9_nohash_3.wav,no
DataSet/no/a929f9b9_nohash_4.wav,no
DataSet/no/a97017df_nohash_0.wav,no
DataSet/no/a97017df_nohash_1.wav,no
DataSet/no/a97017df_nohash_2.wav,no
DataSet/no/a996cf66_nohash_0.wav,no
DataSet/no/a9b574b3_nohash_0.wav,no
DataSet/no/a9ca1818_nohash_0.wav,no
DataSet/no/a9ca1818_nohash_1.wav,no
DataSet/no/a9ca1818_nohash_2.wav,no
DataSet/no/a9ca1818_nohash_3.wav,no
DataSet/no/a9ca1818_nohash_4.wav,no
DataSet/no/aa109cfb_nohash_0.wav,no
DataSet/no/aa233654_nohash_0.wav,no
DataSet/no/aa62fdad_nohash_0.wav,no
DataSet/no/aa753bb9_nohash_0.wav,no
DataSet/no/aa80f517_nohash_0.wav,no
DataSet/no/aa80f517_nohash_1.wav,no
DataSet/no/aa80f517_nohash_2.wav,no
DataSet/no/aa80f517_nohash_3.wav,no
DataSet/no/ab00c4b2_nohash_0.wav,no
DataSet/no/ab00c4b2_nohash_1.wav,no
DataSet/no/ab3f0c1b_nohash_0.wav,no
DataSet/no/ab3f0c1b_nohash_1.wav,no
DataSet/no/ab46af55_nohash_0.wav,no
DataSet/no/ab46af55_nohash_1.wav,no
DataSet/no/ab46af55_nohash_2.wav,no
DataSet/no/ab46af55_nohash_3.wav,no
DataSet/no/ab46af55_nohash_4.wav,no
DataSet/no/ab46af55_nohash_5.wav,no
DataSet/no/ab46af55_nohash_6.wav,no
DataSet/no/ab5b211a_nohash_0.wav,no
DataSet/no/ab5b211a_nohash_1.wav,no
DataSet/no/ab71c9a7_nohash_0.wav,no
DataSet/no/ab76ac76_nohash_0.wav,no
DataSet/no/ab7b5acd_nohash_0.wav,no
DataSet/no/ab81c9c8_nohash_0.wav,no
DataSet/no/ab9b93e4_nohash_0.wav,no
DataSet/no/ab9b93e4_nohash_1.wav,no
DataSet/no/aba19127_nohash_0.wav,no
DataSet/no/aba19127_nohash_1.wav,no
DataSet/no/aba19127_nohash_2.wav,no
DataSet/no/abbfc3b4_nohash_0.wav,no
DataSet/no/abbfc3b4_nohash_1.wav,no
DataSet/no/ac4b3fc3_nohash_0.wav,no
DataSet/no/ac7840d8_nohash_0.wav,no
DataSet/no/ac7840d8_nohash_1.wav,no
DataSet/no/ac899eb7_nohash_0.wav,no
DataSet/no/ac9dee0e_nohash_0.wav,no
DataSet/no/ac9dee0e_nohash_1.wav,no
DataSet/no/ac9dee0e_nohash_2.wav,no
DataSet/no/ac9dee0e_nohash_3.wav,no
DataSet/no/ac9dee0e_nohash_4.wav,no
DataSet/no/aca15398_nohash_0.wav,no
DataSet/no/ace072ba_nohash_0.wav,no
DataSet/no/ace072ba_nohash_1.wav,no
DataSet/no/ace072ba_nohash_2.wav,no
DataSet/no/ace072ba_nohash_3.wav,no
DataSet/no/ace072ba_nohash_4.wav,no
DataSet/no/acfd5b5e_nohash_0.wav,no
DataSet/no/acfd5b5e_nohash_1.wav,no
DataSet/no/acfd5b5e_nohash_2.wav,no
DataSet/no/acfd5b5e_nohash_3.wav,no
DataSet/no/ad1429cf_nohash_0.wav,no
DataSet/no/ad340ed7_nohash_0.wav,no
DataSet/no/ad526ada_nohash_0.wav,no
DataSet/no/ad526ada_nohash_1.wav,no
DataSet/no/ad526ada_nohash_2.wav,no
DataSet/no/ad5aeec2_nohash_0.wav,no
DataSet/no/ad5aeec2_nohash_1.wav,no
DataSet/no/ad5aeec2_nohash_2.wav,no
DataSet/no/ad63d93c_nohash_0.wav,no
DataSet/no/ad63d93c_nohash_1.wav,no
DataSet/no/ad63d93c_nohash_2.wav,no
DataSet/no/ad63d93c_nohash_3.wav,no
DataSet/no/ad89eb1e_nohash_0.wav,no
DataSet/no/adec6a94_nohash_0.wav,no
DataSet/no/adec6a94_nohash_1.wav,no
DataSet/no/ae32324a_nohash_0.wav,no
DataSet/no/ae82c78c_nohash_0.wav,no
DataSet/no/ae82c78c_nohash_1.wav,no
DataSet/no/aeb99b1c_nohash_0.wav,no
DataSet/no/aeb99b1c_nohash_1.wav,no
DataSet/no/aeb99b1c_nohash_2.wav,no
DataSet/no/af130f12_nohash_0.wav,no
DataSet/no/af130f12_nohash_1.wav,no
DataSet/no/af30314d_nohash_0.wav,no
DataSet/no/af405b69_nohash_0.wav,no
DataSet/no/af405b69_nohash_1.wav,no
DataSet/no/af405b69_nohash_2.wav,no
DataSet/no/af6fbbf5_nohash_0.wav,no
DataSet/no/af6fbbf5_nohash_1.wav,no
DataSet/no/af6fbbf5_nohash_2.wav,no
DataSet/no/af6fbbf5_nohash_3.wav,no
DataSet/no/af790082_nohash_0.wav,no
DataSet/no/af790082_nohash_1.wav,no
DataSet/no/af790082_nohash_2.wav,no
DataSet/no/af790082_nohash_3.wav,no
DataSet/no/af790082_nohash_4.wav,no
DataSet/no/af7a8296_nohash_0.wav,no
DataSet/no/af7a8296_nohash_1.wav,no
DataSet/no/af8b2f2c_nohash_0.wav,no
DataSet/no/af8b2f2c_nohash_1.wav,no
DataSet/no/afb9e62e_nohash_0.wav,no
DataSet/no/afb9e62e_nohash_1.wav,no
DataSet/no/afe0b87d_nohash_0.wav,no
DataSet/no/aff582a1_nohash_0.wav,no
DataSet/no/aff582a1_nohash_1.wav,no
DataSet/no/aff582a1_nohash_2.wav,no
DataSet/no/aff582a1_nohash_3.wav,no
DataSet/no/b00dff7e_nohash_0.wav,no
DataSet/no/b00dff7e_nohash_1.wav,no
DataSet/no/b06c19b0_nohash_0.wav,no
DataSet/no/b06c19b0_nohash_1.wav,no
DataSet/no/b087aa0e_nohash_0.wav,no
DataSet/no/b089169d_nohash_0.wav,no
DataSet/no/b089169d_nohash_1.wav,no
DataSet/no/b089169d_nohash_2.wav,no
DataSet/no/b0ae6326_nohash_0.wav,no
DataSet/no/b0ae6326_nohash_1.wav,no
DataSet/no/b0ae6326_nohash_2.wav,no
DataSet/no/b0ae6326_nohash_3.wav,no
DataSet/no/b0bad4a9_nohash_0.wav,no
DataSet/no/b0c0197e_nohash_0.wav,no
DataSet/no/b0c0197e_nohash_1.wav,no
DataSet/no/b0f5b16d_nohash_0.wav,no
DataSet/no/b0f5b16d_nohash_1.wav,no
DataSet/no/b0f5b16d_nohash_2.wav,no
DataSet/no/b0f5b16d_nohash_3.wav,no
DataSet/no/b0f5b16d_nohash_4.wav,no
DataSet/no/b1114e4f_nohash_0.wav,no
DataSet/no/b1426003_nohash_0.wav,no
DataSet/no/b15fc37d_nohash_0.wav,no
DataSet/no/b15fc37d_nohash_1.wav,no
DataSet/no/b176f8e9_nohash_0.wav,no
DataSet/no/b176f8e9_nohash_1.wav,no
DataSet/no/b17f5ba0_nohash_0.wav,no
DataSet/no/b19f7f5f_nohash_0.wav,no
DataSet/no/b19f7f5f_nohash_1.wav,no
DataSet/no/b1df80c0_nohash_0.wav,no
DataSet/no/b1df80c0_nohash_1.wav,no
DataSet/no/b21f0fa4_nohash_0.wav,no
DataSet/no/b21f0fa4_nohash_1.wav,no
DataSet/no/b25b6065_nohash_0.wav,no
DataSet/no/b26343e9_nohash_0.wav,no
DataSet/no/b26343e9_nohash_1.wav,no
DataSet/no/b26343e9_nohash_2.wav,no
DataSet/no/b26343e9_nohash_3.wav,no
DataSet/no/b29f8b23_nohash_0.wav,no
DataSet/no/b29f8b23_nohash_1.wav,no
DataSet/no/b29f8b23_nohash_2.wav,no
DataSet/no/b29f8b23_nohash_3.wav,no
DataSet/no/b29f8b23_nohash_4.wav,no
DataSet/no/b2ae3928_nohash_0.wav,no
DataSet/no/b2ae3928_nohash_1.wav,no
DataSet/no/b2ae3928_nohash_2.wav,no
DataSet/no/b2ae3928_nohash_3.wav,no
DataSet/no/b2ae3928_nohash_4.wav,no
DataSet/no/b2e2773a_nohash_0.wav,no
DataSet/no/b2fbe484_nohash_0.wav,no
DataSet/no/b308773d_nohash_0.wav,no
DataSet/no/b308773d_nohash_1.wav,no
DataSet/no/b308773d_nohash_2.wav,no
DataSet/no/b31ad508_nohash_0.wav,no
DataSet/no/b36c27c2_nohash_0.wav,no
DataSet/no/b3849d6e_nohash_0.wav,no
DataSet/no/b3bdded5_nohash_0.wav,no
DataSet/no/b414c653_nohash_0.wav,no
DataSet/no/b414c653_nohash_1.wav,no
DataSet/no/b414c653_nohash_2.wav,no
DataSet/no/b414c653_nohash_3.wav,no
DataSet/no/b414c653_nohash_4.wav,no
DataSet/no/b433332a_nohash_0.wav,no
DataSet/no/b43c8f2f_nohash_0.wav,no
DataSet/no/b43c8f2f_nohash_1.wav,no
DataSet/no/b43de700_nohash_0.wav,no
DataSet/no/b44007bc_nohash_0.wav,no
DataSet/no/b49caed3_nohash_0.wav,no
DataSet/no/b49caed3_nohash_1.wav,no
DataSet/no/b49caed3_nohash_2.wav,no
DataSet/no/b49caed3_nohash_3.wav,no
DataSet/no/b4aa9fef_nohash_0.wav,no
DataSet/no/b4aa9fef_nohash_1.wav,no
DataSet/no/b4aa9fef_nohash_2.wav,no
DataSet/no/b4bef564_nohash_0.wav,no
DataSet/no/b4bef564_nohash_1.wav,no
DataSet/no/b4ea0d9a_nohash_0.wav,no
DataSet/no/b4ea0d9a_nohash_1.wav,no
DataSet/no/b4ea0d9a_nohash_2.wav,no
DataSet/no/b4ea0d9a_nohash_3.wav,no
DataSet/no/b4ea0d9a_nohash_4.wav,no
DataSet/no/b4ea0d9a_nohash_5.wav,no
DataSet/no/b528edb3_nohash_0.wav,no
DataSet/no/b528edb3_nohash_1.wav,no
DataSet/no/b528edb3_nohash_2.wav,no
DataSet/no/b528edb3_nohash_3.wav,no
DataSet/no/b528edb3_nohash_4.wav,no
DataSet/no/b5552931_nohash_0.wav,no
DataSet/no/b5552931_nohash_1.wav,no
DataSet/no/b5552931_nohash_2.wav,no
DataSet/no/b5552931_nohash_3.wav,no
DataSet/no/b5552931_nohash_4.wav,no
DataSet/no/b5935410_nohash_0.wav,no
DataSet/no/b59fa113_nohash_0.wav,no
DataSet/no/b59fa113_nohash_1.wav,no
DataSet/no/b5aacf2c_nohash_0.wav,no
DataSet/no/b5cf6ea8_nohash_0.wav,no
DataSet/no/b5cf6ea8_nohash_1.wav,no
DataSet/no/b5cf6ea8_nohash_2.wav,no
DataSet/no/b5cf6ea8_nohash_3.wav,no
DataSet/no/b5cf6ea8_nohash_4.wav,no
DataSet/no/b5cf6ea8_nohash_5.wav,no
DataSet/no/b5cf6ea8_nohash_6.wav,no
DataSet/no/b5cf6ea8_nohash_7.wav,no
DataSet/no/b5cf6ea8_nohash_8.wav,no
DataSet/no/b5d1e505_nohash_0.wav,no
DataSet/no/b6091c84_nohash_0.wav,no
DataSet/no/b6091c84_nohash_1.wav,no
DataSet/no/b63fea9e_nohash_0.wav,no
DataSet/no/b6573c88_nohash_0.wav,no
DataSet/no/b65f6015_nohash_0.wav,no
DataSet/no/b66f4f93_nohash_0.wav,no
DataSet/no/b66f4f93_nohash_1.wav,no
DataSet/no/b66f4f93_nohash_2.wav,no
DataSet/no/b66f4f93_nohash_3.wav,no
DataSet/no/b66f4f93_nohash_4.wav,no
DataSet/no/b66f4f93_nohash_5.wav,no
DataSet/no/b66f4f93_nohash_6.wav,no
DataSet/no/b66f4f93_nohash_7.wav,no
DataSet/no/b66f4f93_nohash_8.wav,no
DataSet/no/b69002d4_nohash_0.wav,no
DataSet/no/b69002d4_nohash_1.wav,no
DataSet/no/b69002d4_nohash_2.wav,no
DataSet/no/b69002d4_nohash_3.wav,no
DataSet/no/b69002d4_nohash_4.wav,no
DataSet/no/b69fe0e2_nohash_0.wav,no
DataSet/no/b69fe0e2_nohash_1.wav,no
DataSet/no/b69fe0e2_nohash_2.wav,no
DataSet/no/b69fe0e2_nohash_3.wav,no
DataSet/no/b69fe0e2_nohash_4.wav,no
DataSet/no/b6ebe225_nohash_0.wav,no
DataSet/no/b76f6088_nohash_0.wav,no
DataSet/no/b76f6088_nohash_1.wav,no
DataSet/no/b76f6088_nohash_2.wav,no
DataSet/no/b76f6088_nohash_3.wav,no
DataSet/no/b7a0754f_nohash_0.wav,no
DataSet/no/b7a0754f_nohash_1.wav,no
DataSet/no/b7a6f709_nohash_0.wav,no
DataSet/no/b7a6f709_nohash_1.wav,no
DataSet/no/b80d6c5e_nohash_0.wav,no
DataSet/no/b83c1acf_nohash_0.wav,no
DataSet/no/b83c1acf_nohash_1.wav,no
DataSet/no/b83c1acf_nohash_2.wav,no
DataSet/no/b83c1acf_nohash_3.wav,no
DataSet/no/b843de62_nohash_0.wav,no
DataSet/no/b843de62_nohash_1.wav,no
DataSet/no/b843de62_nohash_2.wav,no
DataSet/no/b84f83d2_nohash_0.wav,no
DataSet/no/b87bdb22_nohash_0.wav,no
DataSet/no/b87bdb22_nohash_1.wav,no
DataSet/no/b87bdb22_nohash_2.wav,no
DataSet/no/b87bdb22_nohash_3.wav,no
DataSet/no/b87bdb22_nohash_4.wav,no
DataSet/no/b8872c20_nohash_0.wav,no
DataSet/no/b8872c20_nohash_1.wav,no
DataSet/no/b8872c20_nohash_2.wav,no
DataSet/no/b8874962_nohash_0.wav,no
DataSet/no/b8874962_nohash_1.wav,no
DataSet/no/b8874962_nohash_2.wav,no
DataSet/no/b8874962_nohash_3.wav,no
DataSet/no/b8b8cb52_nohash_0.wav,no
DataSet/no/b91b718c_nohash_0.wav,no
DataSet/no/b91b718c_nohash_1.wav,no
DataSet/no/b91b718c_nohash_2.wav,no
DataSet/no/b91b718c_nohash_3.wav,no
DataSet/no/b91b718c_nohash_4.wav,no
DataSet/no/b9515bf3_nohash_0.wav,no
DataSet/no/b9515bf3_nohash_1.wav,no
DataSet/no/b9515bf3_nohash_2.wav,no
DataSet/no/b9515bf3_nohash_3.wav,no
DataSet/no/b97c9f77_nohash_0.wav,no
DataSet/no/b97c9f77_nohash_1.wav,no
DataSet/no/b97c9f77_nohash_2.wav,no
DataSet/no/b97c9f77_nohash_3.wav,no
DataSet/no/b97c9f77_nohash_4.wav,no
DataSet/no/b9cccd01_nohash_0.wav,no
DataSet/no/b9f46737_nohash_0.wav,no
DataSet/no/b9f46737_nohash_1.wav,no
DataSet/no/b9f46737_nohash_2.wav,no
DataSet/no/b9f46737_nohash_3.wav,no
DataSet/no/b9f46737_nohash_4.wav,no
DataSet/no/ba59cab3_nohash_0.wav,no
DataSet/no/bab36420_nohash_0.wav,no
DataSet/no/bab36420_nohash_1.wav,no
DataSet/no/bab36420_nohash_2.wav,no
DataSet/no/bab36420_nohash_3.wav,no
DataSet/no/bab36420_nohash_4.wav,no
DataSet/no/baeac2ba_nohash_0.wav,no
DataSet/no/baf01c1f_nohash_0.wav,no
DataSet/no/baf01c1f_nohash_1.wav,no
DataSet/no/bb05582b_nohash_0.wav,no
DataSet/no/bb05582b_nohash_1.wav,no
DataSet/no/bb05582b_nohash_2.wav,no
DataSet/no/bb05582b_nohash_3.wav,no
DataSet/no/bb05582b_nohash_4.wav,no
DataSet/no/bb6d4301_nohash_0.wav,no
DataSet/no/bb6d4301_nohash_1.wav,no
DataSet/no/bb6d4301_nohash_2.wav,no
DataSet/no/bb6d4301_nohash_3.wav,no
DataSet/no/bb6d4301_nohash_4.wav,no
DataSet/no/bbb2eb5b_nohash_0.wav,no
DataSet/no/bbb2eb5b_nohash_1.wav,no
DataSet/no/bbb2eb5b_nohash_2.wav,no
DataSet/no/bbbf4fbd_nohash_0.wav,no
DataSet/no/bbbf4fbd_nohash_1.wav,no
DataSet/no/bbc30633_nohash_0.wav,no
DataSet/no/bbc30633_nohash_1.wav,no
DataSet/no/bbc30633_nohash_2.wav,no
DataSet/no/bbc30633_nohash_3.wav,no
DataSet/no/bbd0bbd0_nohash_0.wav,no
DataSet/no/bbd0bbd0_nohash_1.wav,no
DataSet/no/bbd0bbd0_nohash_2.wav,no
DataSet/no/bbd0bbd0_nohash_3.wav,no
DataSet/no/bbf38549_nohash_0.wav,no
DataSet/no/bbf38549_nohash_1.wav,no
DataSet/no/bbf38549_nohash_2.wav,no
DataSet/no/bbf38549_nohash_3.wav,no
DataSet/no/bbf38549_nohash_4.wav,no
DataSet/no/bc065a17_nohash_0.wav,no
DataSet/no/bc196f81_nohash_0.wav,no
DataSet/no/bca56796_nohash_0.wav,no
DataSet/no/bca56796_nohash_1.wav,no
DataSet/no/bcdaa7a9_nohash_0.wav,no
DataSet/no/bcf614a2_nohash_0.wav,no
DataSet/no/bcf614a2_nohash_1.wav,no
DataSet/no/bcf614a2_nohash_2.wav,no
DataSet/no/bcf614a2_nohash_3.wav,no
DataSet/no/bd11a2e7_nohash_0.wav,no
DataSet/no/bd11a2e7_nohash_1.wav,no
DataSet/no/bd76a7fd_nohash_0.wav,no
DataSet/no/bd76a7fd_nohash_1.wav,no
DataSet/no/bd76a7fd_nohash_2.wav,no
DataSet/no/bd76a7fd_nohash_3.wav,no
DataSet/no/bd76a7fd_nohash_4.wav,no
DataSet/no/bd8412df_nohash_0.wav,no
DataSet/no/bd8412df_nohash_1.wav,no
DataSet/no/bdb90d38_nohash_0.wav,no
DataSet/no/bdd22e4d_nohash_0.wav,no
DataSet/no/bdd22e4d_nohash_1.wav,no
DataSet/no/bdd22e4d_nohash_2.wav,no
DataSet/no/bdd22e4d_nohash_3.wav,no
DataSet/no/bdd22e4d_nohash_4.wav,no
DataSet/no/bde0f20a_nohash_0.wav,no
DataSet/no/bde0f20a_nohash_1.wav,no
DataSet/no/bde0f20a_nohash_2.wav,no
DataSet/no/bde0f20a_nohash_3.wav,no
DataSet/no/bde0f20a_nohash_4.wav,no
DataSet/no/bdee441c_nohash_0.wav,no
DataSet/no/bdee441c_nohash_1.wav,no
DataSet/no/bdee441c_nohash_2.wav,no
DataSet/no/bdee441c_nohash_3.wav,no
DataSet/no/bdee441c_nohash_4.wav,no
DataSet/no/be0f2293_nohash_0.wav,no
DataSet/no/be7a5b2d_nohash_0.wav,no
DataSet/no/be7a5b2d_nohash_1.wav,no
DataSet/no/be7a5b2d_nohash_2.wav,no
DataSet/no/be7a5b2d_nohash_3.wav,no
DataSet/no/be7a5b2d_nohash_4.wav,no
DataSet/no/be7fa0a3_nohash_0.wav,no
DataSet/no/be7fa0a3_nohash_1.wav,no
DataSet/no/be91a00a_nohash_0.wav,no
DataSet/no/be91a00a_nohash_1.wav,no
DataSet/no/beb458a4_nohash_0.wav,no
DataSet/no/beb458a4_nohash_1.wav,no
DataSet/no/beb458a4_nohash_2.wav,no
DataSet/no/beb458a4_nohash_3.wav,no
DataSet/no/beb458a4_nohash_4.wav,no
DataSet/no/beb49c22_nohash_0.wav,no
DataSet/no/bf8d5617_nohash_0.wav,no
DataSet/no/bf8d5617_nohash_1.wav,no
DataSet/no/bf8d5617_nohash_2.wav,no
DataSet/no/bf8d5617_nohash_3.wav,no
DataSet/no/bf90a57a_nohash_0.wav,no
DataSet/no/bf90a57a_nohash_1.wav,no
DataSet/no/bf90a57a_nohash_2.wav,no
DataSet/no/bfa63751_nohash_0.wav,no
DataSet/no/bfa63751_nohash_1.wav,no
DataSet/no/bfaf2000_nohash_0.wav,no
DataSet/no/bfaf2000_nohash_1.wav,no
DataSet/no/bfb10243_nohash_0.wav,no
DataSet/no/bfbd0e6b_nohash_0.wav,no
DataSet/no/bfd26d6b_nohash_0.wav,no
DataSet/no/bfd26d6b_nohash_1.wav,no
DataSet/no/bfd26d6b_nohash_2.wav,no
DataSet/no/bfd26d6b_nohash_3.wav,no
DataSet/no/bfdb9801_nohash_0.wav,no
DataSet/no/bfdb9801_nohash_1.wav,no
DataSet/no/c013fe4d_nohash_0.wav,no
DataSet/no/c0445658_nohash_0.wav,no
DataSet/no/c0445658_nohash_1.wav,no
DataSet/no/c0445658_nohash_2.wav,no
DataSet/no/c0445658_nohash_3.wav,no
DataSet/no/c08585c1_nohash_0.wav,no
DataSet/no/c08585c1_nohash_1.wav,no
DataSet/no/c08585c1_nohash_2.wav,no
DataSet/no/c08585c1_nohash_3.wav,no
DataSet/no/c099668c_nohash_0.wav,no
DataSet/no/c0c0d87d_nohash_0.wav,no
DataSet/no/c0c0d87d_nohash_1.wav,no
DataSet/no/c0e0f834_nohash_0.wav,no
DataSet/no/c0e3ff37_nohash_0.wav,no
DataSet/no/c0e3ff37_nohash_1.wav,no
DataSet/no/c0e3ff37_nohash_2.wav,no
DataSet/no/c0e8f5a1_nohash_0.wav,no
DataSet/no/c0f8f4df_nohash_0.wav,no
DataSet/no/c0fb6812_nohash_0.wav,no
DataSet/no/c103a2d5_nohash_0.wav,no
DataSet/no/c103a2d5_nohash_1.wav,no
DataSet/no/c120e80e_nohash_0.wav,no
DataSet/no/c120e80e_nohash_1.wav,no
DataSet/no/c120e80e_nohash_2.wav,no
DataSet/no/c120e80e_nohash_3.wav,no
DataSet/no/c120e80e_nohash_4.wav,no
DataSet/no/c137814b_nohash_0.wav,no
DataSet/no/c18d8d00_nohash_0.wav,no
DataSet/no/c1b7c224_nohash_0.wav,no
DataSet/no/c1d39ce8_nohash_0.wav,no
DataSet/no/c1d39ce8_nohash_1.wav,no
DataSet/no/c1d39ce8_nohash_2.wav,no
DataSet/no/c1d39ce8_nohash_3.wav,no
DataSet/no/c1d39ce8_nohash_4.wav,no
DataSet/no/c1d39ce8_nohash_5.wav,no
DataSet/no/c1d39ce8_nohash_6.wav,no
DataSet/no/c1d39ce8_nohash_7.wav,no
DataSet/no/c1d39ce8_nohash_8.wav,no
DataSet/no/c1d39ce8_nohash_9.wav,no
DataSet/no/c1e0e8e3_nohash_0.wav,no
DataSet/no/c1e0e8e3_nohash_1.wav,no
DataSet/no/c1e0e8e3_nohash_2.wav,no
DataSet/no/c1e0e8e3_nohash_3.wav,no
DataSet/no/c1e0e8e3_nohash_4.wav,no
DataSet/no/c1eebc0b_nohash_0.wav,no
DataSet/no/c1eebc0b_nohash_1.wav,no
DataSet/no/c22d3f18_nohash_0.wav,no
DataSet/no/c22d3f18_nohash_1.wav,no
DataSet/no/c22d3f18_nohash_2.wav,no
DataSet/no/c22d3f18_nohash_3.wav,no
DataSet/no/c22d3f18_nohash_4.wav,no
DataSet/no/c22ebf46_nohash_0.wav,no
DataSet/no/c22ebf46_nohash_1.wav,no
DataSet/no/c22ebf46_nohash_2.wav,no
DataSet/no/c22ebf46_nohash_3.wav,no
DataSet/no/c22ebf46_nohash_4.wav,no
DataSet/no/c24d96eb_nohash_0.wav,no
DataSet/no/c256377f_nohash_0.wav,no
DataSet/no/c25a032b_nohash_0.wav,no
DataSet/no/c25a032b_nohash_1.wav,no
DataSet/no/c2bc4489_nohash_0.wav,no
DataSet/no/c2d15ea5_nohash_0.wav,no
DataSet/no/c2d15ea5_nohash_1.wav,no
DataSet/no/c2dccf38_nohash_0.wav,no
DataSet/no/c2dccf38_nohash_1.wav,no
DataSet/no/c2dccf38_nohash_2.wav,no
DataSet/no/c2dccf38_nohash_3.wav,no
DataSet/no/c2df23b2_nohash_0.wav,no
DataSet/no/c33682f0_nohash_0.wav,no
DataSet/no/c351e611_nohash_0.wav,no
DataSet/no/c351e611_nohash_1.wav,no
DataSet/no/c351e611_nohash_2.wav,no
DataSet/no/c351e611_nohash_3.wav,no
DataSet/no/c351e611_nohash_4.wav,no
DataSet/no/c37a72d3_nohash_0.wav,no
DataSet/no/c38720cb_nohash_0.wav,no
DataSet/no/c392e01d_nohash_0.wav,no
DataSet/no/c39703ec_nohash_0.wav,no
DataSet/no/c39703ec_nohash_1.wav,no
DataSet/no/c39703ec_nohash_2.wav,no
DataSet/no/c39703ec_nohash_3.wav,no
DataSet/no/c39703ec_nohash_4.wav,no
DataSet/no/c41d9052_nohash_0.wav,no
DataSet/no/c41d9052_nohash_1.wav,no
DataSet/no/c41d9052_nohash_2.wav,no
DataSet/no/c4500713_nohash_0.wav,no
DataSet/no/c4a7a867_nohash_0.wav,no
DataSet/no/c4cfbe43_nohash_0.wav,no
DataSet/no/c4cfbe43_nohash_1.wav,no
DataSet/no/c4e00ee9_nohash_0.wav,no
DataSet/no/c4e00ee9_nohash_1.wav,no
DataSet/no/c4e00ee9_nohash_2.wav,no
DataSet/no/c4e00ee9_nohash_3.wav,no
DataSet/no/c4e1f6e0_nohash_0.wav,no
DataSet/no/c4e1f6e0_nohash_1.wav,no
DataSet/no/c4e1f6e0_nohash_2.wav,no
DataSet/no/c4e1f6e0_nohash_3.wav,no
DataSet/no/c50f55b8_nohash_0.wav,no
DataSet/no/c50f55b8_nohash_1.wav,no
DataSet/no/c50f55b8_nohash_10.wav,no
DataSet/no/c50f55b8_nohash_11.wav,no
DataSet/no/c50f55b8_nohash_12.wav,no
DataSet/no/c50f55b8_nohash_13.wav,no
DataSet/no/c50f55b8_nohash_14.wav,no
DataSet/no/c50f55b8_nohash_15.wav,no
DataSet/no/c50f55b8_nohash_16.wav,no
DataSet/no/c50f55b8_nohash_17.wav,no
DataSet/no/c50f55b8_nohash_2.wav,no
DataSet/no/c50f55b8_nohash_3.wav,no
DataSet/no/c50f55b8_nohash_4.wav,no
DataSet/no/c50f55b8_nohash_5.wav,no
DataSet/no/c50f55b8_nohash_6.wav,no
DataSet/no/c50f55b8_nohash_7.wav,no
DataSet/no/c50f55b8_nohash_8.wav,no
DataSet/no/c50f55b8_nohash_9.wav,no
DataSet/no/c518d1b1_nohash_0.wav,no
DataSet/no/c53b335a_nohash_0.wav,no
DataSet/no/c5570933_nohash_0.wav,no
DataSet/no/c5570933_nohash_1.wav,no
DataSet/no/c5a1e46c_nohash_0.wav,no
DataSet/no/c5a1e46c_nohash_1.wav,no
DataSet/no/c5a1e46c_nohash_2.wav,no
DataSet/no/c5a1e46c_nohash_3.wav,no
DataSet/no/c5a1e46c_nohash_4.wav,no
DataSet/no/c5c60d8d_nohash_0.wav,no
DataSet/no/c633a455_nohash_0.wav,no
DataSet/no/c633a455_nohash_1.wav,no
DataSet/no/c634a189_nohash_0.wav,no
DataSet/no/c634a189_nohash_1.wav,no
DataSet/no/c634a189_nohash_2.wav,no
DataSet/no/c634a189_nohash_3.wav,no
DataSet/no/c634a189_nohash_4.wav,no
DataSet/no/c6389ab0_nohash_0.wav,no
DataSet/no/c6389ab0_nohash_1.wav,no
DataSet/no/c661be6e_nohash_0.wav,no
DataSet/no/c661be6e_nohash_1.wav,no
DataSet/no/c661be6e_nohash_2.wav,no
DataSet/no/c68cf200_nohash_0.wav,no
DataSet/no/c68cf200_nohash_1.wav,no
DataSet/no/c692524d_nohash_0.wav,no
DataSet/no/c692524d_nohash_1.wav,no
DataSet/no/c6a23ff5_nohash_0.wav,no
DataSet/no/c6ee87a7_nohash_0.wav,no
DataSet/no/c6ee87a7_nohash_1.wav,no
DataSet/no/c6ee87a7_nohash_2.wav,no
DataSet/no/c6ee87a7_nohash_3.wav,no
DataSet/no/c6ee87a7_nohash_4.wav,no
DataSet/no/c71e3acc_nohash_0.wav,no
DataSet/no/c741d0df_nohash_0.wav,no
DataSet/no/c79159aa_nohash_0.wav,no
DataSet/no/c79159aa_nohash_1.wav,no
DataSet/no/c79159aa_nohash_2.wav,no
DataSet/no/c79159aa_nohash_3.wav,no
DataSet/no/c79159aa_nohash_4.wav,no
DataSet/no/c7aa72e6_nohash_0.wav,no
DataSet/no/c7aa72e6_nohash_1.wav,no
DataSet/no/c7aaad67_nohash_0.wav,no
DataSet/no/c7aaad67_nohash_1.wav,no
DataSet/no/c7aaad67_nohash_2.wav,no
DataSet/no/c7b4049e_nohash_0.wav,no
DataSet/no/c7dc7278_nohash_0.wav,no
DataSet/no/c7dc7278_nohash_1.wav,no
DataSet/no/c7dc7278_nohash_2.wav,no
DataSet/no/c7dc7278_nohash_3.wav,no
DataSet/no/c7dc7278_nohash_4.wav,no
DataSet/no/c7e02d9c_nohash_0.wav,no
DataSet/no/c7f9ffb5_nohash_0.wav,no
DataSet/no/c842b5e4_nohash_0.wav,no
DataSet/no/c8771f88_nohash_0.wav,no
DataSet/no/c885a039_nohash_0.wav,no
DataSet/no/c8b904e3_nohash_0.wav,no
DataSet/no/c8b904e3_nohash_1.wav,no
DataSet/no/c8b904e3_nohash_2.wav,no
DataSet/no/c8db14a8_nohash_0.wav,no
DataSet/no/c8db14a8_nohash_1.wav,no
DataSet/no/c9027901_nohash_0.wav,no
DataSet/no/c90c0105_nohash_0.wav,no
DataSet/no/c91dbe66_nohash_0.wav,no
DataSet/no/c93d5e22_nohash_0.wav,no
DataSet/no/c93d5e22_nohash_1.wav,no
DataSet/no/c93d5e22_nohash_2.wav,no
DataSet/no/c93d5e22_nohash_3.wav,no
DataSet/no/c93d5e22_nohash_4.wav,no
DataSet/no/c948d727_nohash_0.wav,no
DataSet/no/c948d727_nohash_1.wav,no
DataSet/no/c948d727_nohash_2.wav,no
DataSet/no/c948d727_nohash_3.wav,no
DataSet/no/c948d727_nohash_4.wav,no
DataSet/no/c98bbbd3_nohash_0.wav,no
DataSet/no/c98bbbd3_nohash_1.wav,no
DataSet/no/c98bbbd3_nohash_2.wav,no
DataSet/no/c9b5ff26_nohash_0.wav,no
DataSet/no/c9b5ff26_nohash_1.wav,no
DataSet/no/c9b5ff26_nohash_2.wav,no
DataSet/no/c9b5ff26_nohash_3.wav,no
DataSet/no/c9b653a0_nohash_0.wav,no
DataSet/no/c9b653a0_nohash_1.wav,no
DataSet/no/c9b653a0_nohash_2.wav,no
DataSet/no/c9b653a0_nohash_3.wav,no
DataSet/no/c9b653a0_nohash_4.wav,no
DataSet/no/ca4912b6_nohash_0.wav,no
DataSet/no/ca4912b6_nohash_1.wav,no
DataSet/no/ca4912b6_nohash_2.wav,no
DataSet/no/ca4912b6_nohash_3.wav,no
DataSet/no/ca4d5368_nohash_0.wav,no
DataSet/no/ca4d5368_nohash_1.wav,no
DataSet/no/ca4d5368_nohash_2.wav,no
DataSet/no/ca4d5368_nohash_3.wav,no
DataSet/no/ca4d5368_nohash_4.wav,no
DataSet/no/ca4d5368_nohash_5.wav,no
DataSet/no/ca5d184c_nohash_0.wav,no
DataSet/no/ca6d5cd1_nohash_0.wav,no
DataSet/no/caa4779f_nohash_0.wav,no
DataSet/no/caa4779f_nohash_1.wav,no
DataSet/no/caa4779f_nohash_2.wav,no
DataSet/no/caa7feaf_nohash_0.wav,no
DataSet/no/caa7feaf_nohash_1.wav,no
DataSet/no/cab100c9_nohash_0.wav,no
DataSet/no/cab100c9_nohash_1.wav,no
DataSet/no/cae62f38_nohash_0.wav,no
DataSet/no/caf1803e_nohash_0.wav,no
DataSet/no/caf9fceb_nohash_0.wav,no
DataSet/no/cb164eea_nohash_0.wav,no
DataSet/no/cb2929ce_nohash_0.wav,no
DataSet/no/cb2929ce_nohash_1.wav,no
DataSet/no/cb2929ce_nohash_2.wav,no
DataSet/no/cb2929ce_nohash_3.wav,no
DataSet/no/cb2929ce_nohash_4.wav,no
DataSet/no/cb2929ce_nohash_5.wav,no
DataSet/no/cb62dbf1_nohash_0.wav,no
DataSet/no/cb62dbf1_nohash_1.wav,no
DataSet/no/cb62dbf1_nohash_2.wav,no
DataSet/no/cb62dbf1_nohash_3.wav,no
DataSet/no/cb62dbf1_nohash_4.wav,no
DataSet/no/cb72dfb6_nohash_0.wav,no
DataSet/no/cb72dfb6_nohash_1.wav,no
DataSet/no/cb72dfb6_nohash_2.wav,no
DataSet/no/cb72dfb6_nohash_3.wav,no
DataSet/no/cb72dfb6_nohash_4.wav,no
DataSet/no/cb802c63_nohash_0.wav,no
DataSet/no/cc3b5b62_nohash_0.wav,no
DataSet/no/cc3b5b62_nohash_1.wav,no
DataSet/no/cc3b5b62_nohash_2.wav,no
DataSet/no/cc3b5b62_nohash_3.wav,no
DataSet/no/cc3b5b62_nohash_4.wav,no
DataSet/no/cc3d1613_nohash_0.wav,no
DataSet/no/cc4f9250_nohash_0.wav,no
DataSet/no/cc4f9250_nohash_1.wav,no
DataSet/no/cc4f9250_nohash_2.wav,no
DataSet/no/cc4f9250_nohash_3.wav,no
DataSet/no/cc4f9250_nohash_4.wav,no
DataSet/no/cc554de3_nohash_0.wav,no
DataSet/no/cc592808_nohash_0.wav,no
DataSet/no/cc6ee39b_nohash_0.wav,no
DataSet/no/cc6ee39b_nohash_1.wav,no
DataSet/no/cc6ee39b_nohash_2.wav,no
DataSet/no/cc6ee39b_nohash_3.wav,no
DataSet/no/cc6ee39b_nohash_4.wav,no
DataSet/no/cc71bada_nohash_0.wav,no
DataSet/no/cc71bada_nohash_1.wav,no
DataSet/no/cc71bada_nohash_2.wav,no
DataSet/no/cc71bada_nohash_3.wav,no
DataSet/no/cc8b3228_nohash_0.wav,no
DataSet/no/cc8b3228_nohash_1.wav,no
DataSet/no/cc8b3228_nohash_2.wav,no
DataSet/no/cc8b3228_nohash_3.wav,no
DataSet/no/ccb1266b_nohash_0.wav,no
DataSet/no/ccb1266b_nohash_1.wav,no
DataSet/no/ccca5655_nohash_0.wav,no
DataSet/no/ccca5655_nohash_1.wav,no
DataSet/no/ccca5655_nohash_2.wav,no
DataSet/no/ccca5655_nohash_3.wav,no
DataSet/no/ccca5655_nohash_4.wav,no
DataSet/no/cce17a61_nohash_0.wav,no
DataSet/no/cce17a61_nohash_1.wav,no
DataSet/no/cce7416f_nohash_0.wav,no
DataSet/no/cce7416f_nohash_1.wav,no
DataSet/no/cce7416f_nohash_10.wav,no
DataSet/no/cce7416f_nohash_2.wav,no
DataSet/no/cce7416f_nohash_3.wav,no
DataSet/no/cce7416f_nohash_4.wav,no
DataSet/no/cce7416f_nohash_5.wav,no
DataSet/no/cce7416f_nohash_6.wav,no
DataSet/no/cce7416f_nohash_7.wav,no
DataSet/no/cce7416f_nohash_8.wav,no
DataSet/no/cce7416f_nohash_9.wav,no
DataSet/no/cd671b5f_nohash_0.wav,no
DataSet/no/cd671b5f_nohash_1.wav,no
DataSet/no/cd671b5f_nohash_2.wav,no
DataSet/no/cd671b5f_nohash_3.wav,no
DataSet/no/cd671b5f_nohash_4.wav,no
DataSet/no/cd68e997_nohash_0.wav,no
DataSet/no/cd68e997_nohash_1.wav,no
DataSet/no/cd7f8c1b_nohash_0.wav,no
DataSet/no/cd7f8c1b_nohash_1.wav,no
DataSet/no/cd7f8c1b_nohash_2.wav,no
DataSet/no/cd7f8c1b_nohash_3.wav,no
DataSet/no/cd7f8c1b_nohash_4.wav,no
DataSet/no/cd85758f_nohash_0.wav,no
DataSet/no/cd85758f_nohash_1.wav,no
DataSet/no/cd85758f_nohash_2.wav,no
DataSet/no/cd85758f_nohash_3.wav,no
DataSet/no/cd8b1781_nohash_0.wav,no
DataSet/no/cd911ace_nohash_0.wav,no
DataSet/no/cdbd6969_nohash_0.wav,no
DataSet/no/cdee383b_nohash_0.wav,no
DataSet/no/cdee383b_nohash_1.wav,no
DataSet/no/cdee383b_nohash_2.wav,no
DataSet/no/cdee383b_nohash_3.wav,no
DataSet/no/cdee383b_nohash_4.wav,no
DataSet/no/cdfbbe75_nohash_0.wav,no
DataSet/no/cdfbbe75_nohash_1.wav,no
DataSet/no/cdfbbe75_nohash_2.wav,no
DataSet/no/ce0cb033_nohash_0.wav,no
DataSet/no/ce0cb033_nohash_1.wav,no
DataSet/no/ce0cb033_nohash_2.wav,no
DataSet/no/ce0cb033_nohash_3.wav,no
DataSet/no/ceaadb24_nohash_0.wav,no
DataSet/no/ced4e2a1_nohash_0.wav,no
DataSet/no/cee22275_nohash_0.wav,no
DataSet/no/cee22275_nohash_1.wav,no
DataSet/no/cee22275_nohash_2.wav,no
DataSet/no/ceef6d96_nohash_0.wav,no
DataSet/no/ceef6d96_nohash_1.wav,no
DataSet/no/ceef6d96_nohash_2.wav,no
DataSet/no/ceef6d96_nohash_3.wav,no
DataSet/no/ceef6d96_nohash_4.wav,no
DataSet/no/cf68fad2_nohash_0.wav,no
DataSet/no/cf87b736_nohash_0.wav,no
DataSet/no/cf87b736_nohash_1.wav,no
DataSet/no/cf8d91cf_nohash_0.wav,no
DataSet/no/cf8d91cf_nohash_1.wav,no
DataSet/no/cfbedff9_nohash_0.wav,no
DataSet/no/cfbedff9_nohash_1.wav,no
DataSet/no/cfbedff9_nohash_2.wav,no
DataSet/no/cfbedff9_nohash_3.wav,no
DataSet/no/cfbedff9_nohash_4.wav,no
DataSet/no/cfde27ba_nohash_0.wav,no
DataSet/no/d0426d63_nohash_0.wav,no
DataSet/no/d070ea86_nohash_0.wav,no
DataSet/no/d070ea86_nohash_1.wav,no
DataSet/no/d070ea86_nohash_2.wav,no
DataSet/no/d070ea86_nohash_3.wav,no
DataSet/no/d070ea86_nohash_4.wav,no
DataSet/no/d0745d72_nohash_0.wav,no
DataSet/no/d0ce2418_nohash_0.wav,no
DataSet/no/d0f7bef5_nohash_0.wav,no
DataSet/no/d0f7bef5_nohash_1.wav,no
DataSet/no/d0faf7e4_nohash_0.wav,no
DataSet/no/d0faf7e4_nohash_1.wav,no
DataSet/no/d0faf7e4_nohash_2.wav,no
DataSet/no/d0faf7e4_nohash_3.wav,no
DataSet/no/d0faf7e4_nohash_4.wav,no
DataSet/no/d1214f15_nohash_0.wav,no
DataSet/no/d1dd03ed_nohash_0.wav,no
DataSet/no/d1dd03ed_nohash_1.wav,no
DataSet/no/d1dd03ed_nohash_2.wav,no
DataSet/no/d1dd03ed_nohash_3.wav,no
DataSet/no/d1dd03ed_nohash_4.wav,no
DataSet/no/d21fd169_nohash_0.wav,no
DataSet/no/d21fd169_nohash_1.wav,no
DataSet/no/d21fd169_nohash_2.wav,no
DataSet/no/d21fd169_nohash_3.wav,no
DataSet/no/d21fd169_nohash_4.wav,no
DataSet/no/d264f7b6_nohash_0.wav,no
DataSet/no/d264f7b6_nohash_1.wav,no
DataSet/no/d264f7b6_nohash_2.wav,no
DataSet/no/d264f7b6_nohash_3.wav,no
DataSet/no/d264f7b6_nohash_4.wav,no
DataSet/no/d278d8ef_nohash_0.wav,no
DataSet/no/d278d8ef_nohash_1.wav,no
DataSet/no/d278d8ef_nohash_2.wav,no
DataSet/no/d278d8ef_nohash_3.wav,no
DataSet/no/d278d8ef_nohash_4.wav,no
DataSet/no/d2eae23d_nohash_0.wav,no
DataSet/no/d31d8dd7_nohash_0.wav,no
DataSet/no/d3831f6a_nohash_0.wav,no
DataSet/no/d3831f6a_nohash_1.wav,no
DataSet/no/d3831f6a_nohash_2.wav,no
DataSet/no/d3831f6a_nohash_3.wav,no
DataSet/no/d394ef8e_nohash_0.wav,no
DataSet/no/d394ef8e_nohash_1.wav,no
DataSet/no/d394ef8e_nohash_2.wav,no
DataSet/no/d394ef8e_nohash_3.wav,no
DataSet/no/d394ef8e_nohash_4.wav,no
DataSet/no/d394ef8e_nohash_5.wav,no
DataSet/no/d3c2470e_nohash_0.wav,no
DataSet/no/d486fb84_nohash_0.wav,no
DataSet/no/d4d898d7_nohash_0.wav,no
DataSet/no/d4dddb92_nohash_0.wav,no
DataSet/no/d5356b9a_nohash_0.wav,no
DataSet/no/d5356b9a_nohash_1.wav,no
DataSet/no/d53e25ba_nohash_0.wav,no
DataSet/no/d55aa56c_nohash_0.wav,no
DataSet/no/d57febf0_nohash_0.wav,no
DataSet/no/d5b963aa_nohash_0.wav,no
DataSet/no/d5b963aa_nohash_1.wav,no
DataSet/no/d5b963aa_nohash_2.wav,no
DataSet/no/d5b963aa_nohash_3.wav,no
DataSet/no/d5b963aa_nohash_4.wav,no
DataSet/no/d5ca80c6_nohash_0.wav,no
DataSet/no/d5cdb23e_nohash_0.wav,no
DataSet/no/d6360b32_nohash_0.wav,no
DataSet/no/d6b155a5_nohash_0.wav,no
DataSet/no/d7467392_nohash_0.wav,no
DataSet/no/d7559b2d_nohash_0.wav,no
DataSet/no/d7559b2d_nohash_1.wav,no
DataSet/no/d78858d9_nohash_0.wav,no
DataSet/no/d7a58714_nohash_0.wav,no
DataSet/no/d7a58714_nohash_1.wav,no
DataSet/no/d7ca14ef_nohash_0.wav,no
DataSet/no/d84829e0_nohash_0.wav,no
DataSet/no/d8521ea0_nohash_0.wav,no
DataSet/no/d85270c1_nohash_0.wav,no
DataSet/no/d85270c1_nohash_1.wav,no
DataSet/no/d874a786_nohash_0.wav,no
DataSet/no/d8a5ace5_nohash_0.wav,no
DataSet/no/d8c314c0_nohash_0.wav,no
DataSet/no/d8c314c0_nohash_1.wav,no
DataSet/no/d8c52371_nohash_0.wav,no
DataSet/no/d8ed3745_nohash_0.wav,no
DataSet/no/d8ee4734_nohash_0.wav,no
DataSet/no/d8ee4734_nohash_1.wav,no
DataSet/no/d91a159e_nohash_0.wav,no
DataSet/no/d91a159e_nohash_1.wav,no
DataSet/no/d926bb17_nohash_0.wav,no
DataSet/no/d933bf5e_nohash_0.wav,no
DataSet/no/d94eb94f_nohash_0.wav,no
DataSet/no/d94eb94f_nohash_1.wav,no
DataSet/no/d952a17e_nohash_0.wav,no
DataSet/no/d952a17e_nohash_1.wav,no
DataSet/no/d962e5ac_nohash_0.wav,no
DataSet/no/d962e5ac_nohash_1.wav,no
DataSet/no/d962e5ac_nohash_2.wav,no
DataSet/no/d962e5ac_nohash_3.wav,no
DataSet/no/d98dd124_nohash_0.wav,no
DataSet/no/d98dd124_nohash_1.wav,no
DataSet/no/d98dd124_nohash_2.wav,no
DataSet/no/d98dd124_nohash_3.wav,no
DataSet/no/d98f6043_nohash_0.wav,no
DataSet/no/d9aa8c90_nohash_0.wav,no
DataSet/no/d9aa8c90_nohash_1.wav,no
DataSet/no/d9aa8c90_nohash_2.wav,no
DataSet/no/d9aa8c90_nohash_3.wav,no
DataSet/no/d9aa8c90_nohash_4.wav,no
DataSet/no/d9ae8983_nohash_0.wav,no
DataSet/no/d9ae8983_nohash_1.wav,no
DataSet/no/d9ae8983_nohash_2.wav,no
DataSet/no/d9b50b8b_nohash_0.wav,no
DataSet/no/d9d6559e_nohash_0.wav,no
DataSet/no/da040491_nohash_0.wav,no
DataSet/no/da040491_nohash_1.wav,no
DataSet/no/da040491_nohash_2.wav,no
DataSet/no/da040491_nohash_3.wav,no
DataSet/no/da040491_nohash_4.wav,no
DataSet/no/da15e796_nohash_0.wav,no
DataSet/no/da15e796_nohash_1.wav,no
DataSet/no/da27460c_nohash_0.wav,no
DataSet/no/da27460c_nohash_1.wav,no
DataSet/no/da2c5f1b_nohash_0.wav,no
DataSet/no/da4ef063_nohash_0.wav,no
DataSet/no/da584bc0_nohash_0.wav,no
DataSet/no/da584bc0_nohash_1.wav,no
DataSet/no/da584bc0_nohash_2.wav,no
DataSet/no/da5dadb9_nohash_0.wav,no
DataSet/no/da93deb7_nohash_0.wav,no
DataSet/no/da93deb7_nohash_1.wav,no
DataSet/no/dabd70c2_nohash_0.wav,no
DataSet/no/dac8b7f9_nohash_0.wav,no
DataSet/no/dae01802_nohash_0.wav,no
DataSet/no/dae01802_nohash_1.wav,no
DataSet/no/dae01802_nohash_2.wav,no
DataSet/no/dae01802_nohash_3.wav,no
DataSet/no/dae01802_nohash_4.wav,no
DataSet/no/db24628d_nohash_0.wav,no
DataSet/no/db24628d_nohash_1.wav,no
DataSet/no/db24628d_nohash_2.wav,no
DataSet/no/db24628d_nohash_3.wav,no
DataSet/no/db24628d_nohash_4.wav,no
DataSet/no/db72a474_nohash_0.wav,no
DataSet/no/db7c95b0_nohash_0.wav,no
DataSet/no/db8a3397_nohash_0.wav,no
DataSet/no/db9cfc88_nohash_0.wav,no
DataSet/no/dbaf8fc6_nohash_0.wav,no
DataSet/no/dc6e9c04_nohash_0.wav,no
DataSet/no/dc6e9c04_nohash_1.wav,no
DataSet/no/dc75148d_nohash_0.wav,no
DataSet/no/dca2797e_nohash_0.wav,no
DataSet/no/dca2797e_nohash_1.wav,no
DataSet/no/dca2797e_nohash_2.wav,no
DataSet/no/dca2797e_nohash_3.wav,no
DataSet/no/dca2797e_nohash_4.wav,no
DataSet/no/dcb57584_nohash_0.wav,no
DataSet/no/dcbfe008_nohash_0.wav,no
DataSet/no/dce05676_nohash_0.wav,no
DataSet/no/dce5041a_nohash_0.wav,no
DataSet/no/dce5041a_nohash_1.wav,no
DataSet/no/dce5041a_nohash_2.wav,no
DataSet/no/dd086776_nohash_0.wav,no
DataSet/no/dd6c6806_nohash_0.wav,no
DataSet/no/ddedba85_nohash_0.wav,no
DataSet/no/ddedba85_nohash_1.wav,no
DataSet/no/ddedba85_nohash_2.wav,no
DataSet/no/ddedba85_nohash_3.wav,no
DataSet/no/ddedba85_nohash_4.wav,no
DataSet/no/ddedba85_nohash_5.wav,no
DataSet/no/ddedba85_nohash_6.wav,no
DataSet/no/ddedba85_nohash_7.wav,no
DataSet/no/ddedba85_nohash_8.wav,no
DataSet/no/de08912f_nohash_0.wav,no
DataSet/no/de08912f_nohash_1.wav,no
DataSet/no/de3fe344_nohash_0.wav,no
DataSet/no/de3fe344_nohash_1.wav,no
DataSet/no/de3fe344_nohash_2.wav,no
DataSet/no/de3fe344_nohash_3.wav,no
DataSet/no/de3fe344_nohash_4.wav,no
DataSet/no/de41f895_nohash_0.wav,no
DataSet/no/de41f895_nohash_1.wav,no
DataSet/no/de4f7798_nohash_0.wav,no
DataSet/no/de4f7798_nohash_1.wav,no
DataSet/no/de650823_nohash_0.wav,no
DataSet/no/de89e2ca_nohash_0.wav,no
DataSet/no/de89e2ca_nohash_1.wav,no
DataSet/no/de89e2ca_nohash_2.wav,no
DataSet/no/de89e2ca_nohash_3.wav,no
DataSet/no/de89e2ca_nohash_4.wav,no
DataSet/no/dea820ce_nohash_0.wav,no
DataSet/no/dea820ce_nohash_1.wav,no
DataSet/no/dea820ce_nohash_2.wav,no
DataSet/no/dea820ce_nohash_3.wav,no
DataSet/no/dea820ce_nohash_4.wav,no
DataSet/no/dec73123_nohash_0.wav,no
DataSet/no/df038de4_nohash_0.wav,no
DataSet/no/df280250_nohash_0.wav,no
DataSet/no/df6bd83f_nohash_0.wav,no
DataSet/no/dfb6450b_nohash_0.wav,no
DataSet/no/e0315cf6_nohash_0.wav,no
DataSet/no/e0315cf6_nohash_1.wav,no
DataSet/no/e0315cf6_nohash_2.wav,no
DataSet/no/e0315cf6_nohash_3.wav,no
DataSet/no/e0322f2c_nohash_0.wav,no
DataSet/no/e04d7130_nohash_0.wav,no
DataSet/no/e0611c84_nohash_0.wav,no
DataSet/no/e0611c84_nohash_1.wav,no
DataSet/no/e0a7c5a0_nohash_0.wav,no
DataSet/no/e0c782d5_nohash_0.wav,no
DataSet/no/e0c782d5_nohash_1.wav,no
DataSet/no/e0c782d5_nohash_2.wav,no
DataSet/no/e10e2cbb_nohash_0.wav,no
DataSet/no/e11fbc6e_nohash_0.wav,no
DataSet/no/e11fbc6e_nohash_1.wav,no
DataSet/no/e11fbc6e_nohash_2.wav,no
DataSet/no/e11fbc6e_nohash_3.wav,no
DataSet/no/e1469561_nohash_0.wav,no
DataSet/no/e1469561_nohash_1.wav,no
DataSet/no/e1469561_nohash_2.wav,no
DataSet/no/e1469561_nohash_3.wav,no
DataSet/no/e1469561_nohash_4.wav,no
DataSet/no/e14d3db8_nohash_0.wav,no
DataSet/no/e1aa22e4_nohash_0.wav,no
DataSet/no/e1aa22e4_nohash_1.wav,no
DataSet/no/e2008f39_nohash_0.wav,no
DataSet/no/e20be42a_nohash_0.wav,no
DataSet/no/e2362167_nohash_0.wav,no
DataSet/no/e269bac0_nohash_0.wav,no
DataSet/no/e269bac0_nohash_1.wav,no
DataSet/no/e2b7d6d6_nohash_0.wav,no
DataSet/no/e32ff49d_nohash_0.wav,no
DataSet/no/e32ff49d_nohash_1.wav,no
DataSet/no/e32ff49d_nohash_2.wav,no
DataSet/no/e39a8ddc_nohash_0.wav,no
DataSet/no/e3b64217_nohash_0.wav,no
DataSet/no/e3b64217_nohash_1.wav,no
DataSet/no/e3e0f145_nohash_0.wav,no
DataSet/no/e3e0f145_nohash_1.wav,no
DataSet/no/e3e0f145_nohash_2.wav,no
DataSet/no/e3e0f145_nohash_3.wav,no
DataSet/no/e3e49931_nohash_0.wav,no
DataSet/no/e41a903b_nohash_0.wav,no
DataSet/no/e41a903b_nohash_1.wav,no
DataSet/no/e41a903b_nohash_2.wav,no
DataSet/no/e41a903b_nohash_3.wav,no
DataSet/no/e41a903b_nohash_4.wav,no
DataSet/no/e4200516_nohash_0.wav,no
DataSet/no/e453d477_nohash_0.wav,no
DataSet/no/e48a80ed_nohash_0.wav,no
DataSet/no/e48a80ed_nohash_1.wav,no
DataSet/no/e49428d9_nohash_0.wav,no
DataSet/no/e49428d9_nohash_1.wav,no
DataSet/no/e49428d9_nohash_2.wav,no
DataSet/no/e49428d9_nohash_3.wav,no
DataSet/no/e4a2cf79_nohash_0.wav,no
DataSet/no/e4a2cf79_nohash_1.wav,no
DataSet/no/e4a2cf79_nohash_2.wav,no
DataSet/no/e4b02540_nohash_0.wav,no
DataSet/no/e4be0cf6_nohash_0.wav,no
DataSet/no/e4be0cf6_nohash_1.wav,no
DataSet/no/e4be0cf6_nohash_2.wav,no
DataSet/no/e4be0cf6_nohash_3.wav,no
DataSet/no/e53139ad_nohash_0.wav,no
DataSet/no/e53139ad_nohash_1.wav,no
DataSet/no/e53139ad_nohash_2.wav,no
DataSet/no/e53139ad_nohash_3.wav,no
DataSet/no/e53139ad_nohash_4.wav,no
DataSet/no/e54a0f16_nohash_0.wav,no
DataSet/no/e54a0f16_nohash_1.wav,no
DataSet/no/e54a0f16_nohash_2.wav,no
DataSet/no/e54a0f16_nohash_3.wav,no
DataSet/no/e55a2b20_nohash_0.wav,no
DataSet/no/e55a2b20_nohash_1.wav,no
DataSet/no/e55a2b20_nohash_2.wav,no
DataSet/no/e57d35bc_nohash_0.wav,no
DataSet/no/e57d35bc_nohash_1.wav,no
DataSet/no/e57d35bc_nohash_2.wav,no
DataSet/no/e5afa9b0_nohash_0.wav,no
DataSet/no/e5c48e53_nohash_0.wav,no
DataSet/no/e5c48e53_nohash_1.wav,no
DataSet/no/e5dadd24_nohash_0.wav,no
DataSet/no/e5e54cee_nohash_0.wav,no
DataSet/no/e5e54cee_nohash_1.wav,no
DataSet/no/e6327279_nohash_0.wav,no
DataSet/no/e6327279_nohash_1.wav,no
DataSet/no/e6327279_nohash_2.wav,no
DataSet/no/e6327279_nohash_3.wav,no
DataSet/no/e63b69c5_nohash_0.wav,no
DataSet/no/e6515415_nohash_0.wav,no
DataSet/no/e6515415_nohash_1.wav,no
DataSet/no/e6be0830_nohash_0.wav,no
DataSet/no/e6db3894_nohash_0.wav,no
DataSet/no/e7117d00_nohash_0.wav,no
DataSet/no/e718c302_nohash_0.wav,no
DataSet/no/e71a9381_nohash_0.wav,no
DataSet/no/e71a9381_nohash_1.wav,no
DataSet/no/e71a9381_nohash_2.wav,no
DataSet/no/e71a9381_nohash_3.wav,no
DataSet/no/e71b4ce6_nohash_0.wav,no
DataSet/no/e72aa705_nohash_0.wav,no
DataSet/no/e76dd1ce_nohash_0.wav,no
DataSet/no/e77d88fc_nohash_0.wav,no
DataSet/no/e77d88fc_nohash_1.wav,no
DataSet/no/e7d0eb3f_nohash_0.wav,no
DataSet/no/e7ea8b76_nohash_0.wav,no
DataSet/no/e7ea8b76_nohash_1.wav,no
DataSet/no/e7ea8b76_nohash_2.wav,no
DataSet/no/e7ea8b76_nohash_3.wav,no
DataSet/no/e7ea8b76_nohash_4.wav,no
DataSet/no/e7ea8b76_nohash_5.wav,no
DataSet/no/e882abb2_nohash_0.wav,no
DataSet/no/e882abb2_nohash_1.wav,no
DataSet/no/e882abb2_nohash_2.wav,no
DataSet/no/e882abb2_nohash_3.wav,no
DataSet/no/e882abb2_nohash_4.wav,no
DataSet/no/e8c3c5ca_nohash_0.wav,no
DataSet/no/e8c3c5ca_nohash_1.wav,no
DataSet/no/e8d562ca_nohash_0.wav,no
DataSet/no/e8d562ca_nohash_1.wav,no
DataSet/no/e8e960fd_nohash_0.wav,no
DataSet/no/e900b652_nohash_0.wav,no
DataSet/no/e900b652_nohash_1.wav,no
DataSet/no/e9287461_nohash_0.wav,no
DataSet/no/e9287461_nohash_1.wav,no
DataSet/no/e95c70e2_nohash_0.wav,no
DataSet/no/e95c70e2_nohash_1.wav,no
DataSet/no/e98cb283_nohash_0.wav,no
DataSet/no/e99d36c8_nohash_0.wav,no
DataSet/no/e99d36c8_nohash_1.wav,no
DataSet/no/e9abfe31_nohash_0.wav,no
DataSet/no/e9abfe31_nohash_1.wav,no
DataSet/no/e9abfe31_nohash_2.wav,no
DataSet/no/e9abfe31_nohash_3.wav,no
DataSet/no/e9abfe31_nohash_4.wav,no
DataSet/no/e9bc5cc2_nohash_0.wav,no
DataSet/no/e9bc5cc2_nohash_1.wav,no
DataSet/no/e9bc5cc2_nohash_2.wav,no
DataSet/no/e9bc5cc2_nohash_3.wav,no
DataSet/no/e9bc5cc2_nohash_4.wav,no
DataSet/no/e9e07a2d_nohash_0.wav,no
DataSet/no/ea0cf37f_nohash_0.wav,no
DataSet/no/ea0cf37f_nohash_1.wav,no
DataSet/no/ea0cf37f_nohash_2.wav,no
DataSet/no/ea1f888c_nohash_0.wav,no
DataSet/no/ea7ca285_nohash_0.wav,no
DataSet/no/ea9f8e11_nohash_0.wav,no
DataSet/no/eaa83485_nohash_0.wav,no
DataSet/no/eaa83485_nohash_1.wav,no
DataSet/no/eaa83485_nohash_2.wav,no
DataSet/no/eaa83485_nohash_3.wav,no
DataSet/no/eaa83485_nohash_4.wav,no
DataSet/no/eb0676ec_nohash_0.wav,no
DataSet/no/eb0676ec_nohash_1.wav,no
DataSet/no/eb0676ec_nohash_2.wav,no
DataSet/no/eb0676ec_nohash_3.wav,no
DataSet/no/eb0676ec_nohash_4.wav,no
DataSet/no/eb3f7d82_nohash_0.wav,no
DataSet/no/eb3f7d82_nohash_1.wav,no
DataSet/no/eb3f7d82_nohash_2.wav,no
DataSet/no/eb3f7d82_nohash_3.wav,no
DataSet/no/eb67fcbc_nohash_0.wav,no
DataSet/no/eb67fcbc_nohash_1.wav,no
DataSet/no/eb67fcbc_nohash_2.wav,no
DataSet/no/eb6dab4a_nohash_0.wav,no
DataSet/no/ec201020_nohash_0.wav,no
DataSet/no/ec201020_nohash_1.wav,no
DataSet/no/ec201020_nohash_2.wav,no
DataSet/no/ec201020_nohash_3.wav,no
DataSet/no/ec21c46b_nohash_0.wav,no
DataSet/no/ec21c46b_nohash_1.wav,no
DataSet/no/ec21c46b_nohash_2.wav,no
DataSet/no/ec545975_nohash_0.wav,no
DataSet/no/ec74a8a5_nohash_0.wav,no
DataSet/no/ec74a8a5_nohash_1.wav,no
DataSet/no/ec7d1151_nohash_0.wav,no
DataSet/no/ec989d6d_nohash_0.wav,no
DataSet/no/ec989d6d_nohash_1.wav,no
DataSet/no/ec989d6d_nohash_2.wav,no
DataSet/no/ec989d6d_nohash_3.wav,no
DataSet/no/ec989d6d_nohash_4.wav,no
DataSet/no/ecef25ba_nohash_0.wav,no
DataSet/no/ecef25ba_nohash_1.wav,no
DataSet/no/ed032775_nohash_0.wav,no
DataSet/no/ed032775_nohash_1.wav,no
DataSet/no/ed032775_nohash_2.wav,no
DataSet/no/ed032775_nohash_3.wav,no
DataSet/no/ed032775_nohash_4.wav,no
DataSet/no/eda072b5_nohash_0.wav,no
DataSet/no/edc53350_nohash_0.wav,no
DataSet/no/edd8bfe3_nohash_0.wav,no
DataSet/no/ede2f4ee_nohash_0.wav,no
DataSet/no/ee07dcb9_nohash_0.wav,no
DataSet/no/ee07dcb9_nohash_1.wav,no
DataSet/no/ee1d8d49_nohash_0.wav,no
DataSet/no/ee1d8d49_nohash_1.wav,no
DataSet/no/ee1d8d49_nohash_2.wav,no
DataSet/no/ee1d8d49_nohash_3.wav,no
DataSet/no/ee1d8d49_nohash_4.wav,no
DataSet/no/ee202358_nohash_0.wav,no
DataSet/no/ee202358_nohash_1.wav,no
DataSet/no/ee202358_nohash_2.wav,no
DataSet/no/ee202358_nohash_3.wav,no
DataSet/no/ee23b031_nohash_0.wav,no
DataSet/no/ee23b031_nohash_1.wav,no
DataSet/no/ee4a907f_nohash_0.wav,no
DataSet/no/eeaf97c3_nohash_0.wav,no
DataSet/no/eeaf97c3_nohash_1.wav,no
DataSet/no/eeaf97c3_nohash_2.wav,no
DataSet/no/eeaf97c3_nohash_3.wav,no
DataSet/no/eeaf97c3_nohash_4.wav,no
DataSet/no/ef2a3cfb_nohash_0.wav,no
DataSet/no/ef3367d9_nohash_0.wav,no
DataSet/no/ef3367d9_nohash_1.wav,no
DataSet/no/ef3367d9_nohash_2.wav,no
DataSet/no/ef3367d9_nohash_3.wav,no
DataSet/no/ef3367d9_nohash_4.wav,no
DataSet/no/ef3367d9_nohash_5.wav,no
DataSet/no/ef3367d9_nohash_6.wav,no
DataSet/no/ef3367d9_nohash_7.wav,no
DataSet/no/ef77b778_nohash_0.wav,no
DataSet/no/ef77b778_nohash_1.wav,no
DataSet/no/ef77b778_nohash_2.wav,no
DataSet/no/ef77b778_nohash_3.wav,no
DataSet/no/efa16ffd_nohash_0.wav,no
DataSet/no/efbb27a6_nohash_0.wav,no
DataSet/no/efbc3952_nohash_0.wav,no
DataSet/no/f01a0d63_nohash_0.wav,no
DataSet/no/f01a0d63_nohash_1.wav,no
DataSet/no/f01a0d63_nohash_2.wav,no
DataSet/no/f035e2ea_nohash_0.wav,no
DataSet/no/f035e2ea_nohash_1.wav,no
DataSet/no/f035e2ea_nohash_2.wav,no
DataSet/no/f035e2ea_nohash_3.wav,no
DataSet/no/f0522ff4_nohash_0.wav,no
DataSet/no/f0522ff4_nohash_1.wav,no
DataSet/no/f0522ff4_nohash_2.wav,no
DataSet/no/f0522ff4_nohash_3.wav,no
DataSet/no/f0522ff4_nohash_4.wav,no
DataSet/no/f0659908_nohash_0.wav,no
DataSet/no/f0659908_nohash_1.wav,no
DataSet/no/f0659908_nohash_2.wav,no
DataSet/no/f0659908_nohash_3.wav,no
DataSet/no/f0ac2522_nohash_0.wav,no
DataSet/no/f0ac2522_nohash_1.wav,no
DataSet/no/f0ae7203_nohash_0.wav,no
DataSet/no/f0ebef1b_nohash_0.wav,no
DataSet/no/f104f742_nohash_0.wav,no
DataSet/no/f15a354c_nohash_0.wav,no
DataSet/no/f174517e_nohash_0.wav,no
DataSet/no/f19279c4_nohash_0.wav,no
DataSet/no/f192e6b4_nohash_0.wav,no
DataSet/no/f19c1390_nohash_0.wav,no
DataSet/no/f19c1390_nohash_1.wav,no
DataSet/no/f19c1390_nohash_2.wav,no
DataSet/no/f19c1390_nohash_3.wav,no
DataSet/no/f19c1390_nohash_4.wav,no
DataSet/no/f19d1738_nohash_0.wav,no
DataSet/no/f1d8a638_nohash_0.wav,no
DataSet/no/f1d8a638_nohash_1.wav,no
DataSet/no/f1d8a638_nohash_2.wav,no
DataSet/no/f216055e_nohash_0.wav,no
DataSet/no/f21893dc_nohash_0.wav,no
DataSet/no/f250345e_nohash_0.wav,no
DataSet/no/f2898d06_nohash_0.wav,no
DataSet/no/f2898d06_nohash_1.wav,no
DataSet/no/f2898d06_nohash_2.wav,no
DataSet/no/f2898d06_nohash_3.wav,no
DataSet/no/f2898d06_nohash_4.wav,no
DataSet/no/f292725f_nohash_0.wav,no
DataSet/no/f2a90886_nohash_0.wav,no
DataSet/no/f2dd248e_nohash_0.wav,no
DataSet/no/f2dd248e_nohash_1.wav,no
DataSet/no/f2e59fea_nohash_0.wav,no
DataSet/no/f2e59fea_nohash_1.wav,no
DataSet/no/f2e59fea_nohash_2.wav,no
DataSet/no/f2e59fea_nohash_3.wav,no
DataSet/no/f2e59fea_nohash_4.wav,no
DataSet/no/f2e9b610_nohash_0.wav,no
DataSet/no/f2e9b610_nohash_1.wav,no
DataSet/no/f2e9b610_nohash_2.wav,no
DataSet/no/f2e9b610_nohash_3.wav,no
DataSet/no/f2e9b610_nohash_4.wav,no
DataSet/no/f2f0d244_nohash_0.wav,no
DataSet/no/f2f0d244_nohash_1.wav,no
DataSet/no/f2f0d244_nohash_2.wav,no
DataSet/no/f2f0d244_nohash_3.wav,no
DataSet/no/f2f0d244_nohash_4.wav,no
DataSet/no/f30285c8_nohash_0.wav,no
DataSet/no/f30285c8_nohash_1.wav,no
DataSet/no/f30285c8_nohash_2.wav,no
DataSet/no/f30285c8_nohash_3.wav,no
DataSet/no/f35eedd7_nohash_0.wav,no
DataSet/no/f3cee168_nohash_0.wav,no
DataSet/no/f3cee168_nohash_1.wav,no
DataSet/no/f3d06008_nohash_0.wav,no
DataSet/no/f427aa81_nohash_0.wav,no
DataSet/no/f428ca69_nohash_0.wav,no
DataSet/no/f42e234b_nohash_0.wav,no
DataSet/no/f4386675_nohash_0.wav,no
DataSet/no/f4386675_nohash_1.wav,no
DataSet/no/f4504600_nohash_0.wav,no
DataSet/no/f4504600_nohash_1.wav,no
DataSet/no/f4504600_nohash_2.wav,no
DataSet/no/f4cae173_nohash_0.wav,no
DataSet/no/f4cae173_nohash_1.wav,no
DataSet/no/f4f59743_nohash_0.wav,no
DataSet/no/f5341341_nohash_0.wav,no
DataSet/no/f5341341_nohash_1.wav,no
DataSet/no/f5341341_nohash_2.wav,no
DataSet/no/f5341341_nohash_3.wav,no
DataSet/no/f5341341_nohash_4.wav,no
DataSet/no/f550b7dc_nohash_0.wav,no
DataSet/no/f5626af6_nohash_0.wav,no
DataSet/no/f5626af6_nohash_1.wav,no
DataSet/no/f5626af6_nohash_2.wav,no
DataSet/no/f5626af6_nohash_3.wav,no
DataSet/no/f5626af6_nohash_4.wav,no
DataSet/no/f568162b_nohash_0.wav,no
DataSet/no/f568162b_nohash_1.wav,no
DataSet/no/f568162b_nohash_2.wav,no
DataSet/no/f568162b_nohash_3.wav,no
DataSet/no/f568162b_nohash_4.wav,no
DataSet/no/f5733968_nohash_0.wav,no
DataSet/no/f5733968_nohash_1.wav,no
DataSet/no/f5733968_nohash_2.wav,no
DataSet/no/f5733968_nohash_3.wav,no
DataSet/no/f575faf3_nohash_0.wav,no
DataSet/no/f575faf3_nohash_1.wav,no
DataSet/no/f575faf3_nohash_2.wav,no
DataSet/no/f575faf3_nohash_3.wav,no
DataSet/no/f575faf3_nohash_4.wav,no
DataSet/no/f5e5e8b0_nohash_0.wav,no
DataSet/no/f5e5e8b0_nohash_1.wav,no
DataSet/no/f603e3f9_nohash_0.wav,no
DataSet/no/f618568f_nohash_0.wav,no
DataSet/no/f632210f_nohash_0.wav,no
DataSet/no/f632210f_nohash_1.wav,no
DataSet/no/f638a812_nohash_0.wav,no
DataSet/no/f638a812_nohash_1.wav,no
DataSet/no/f6581345_nohash_0.wav,no
DataSet/no/f6581345_nohash_1.wav,no
DataSet/no/f6617a86_nohash_0.wav,no
DataSet/no/f6617a86_nohash_1.wav,no
DataSet/no/f68160c0_nohash_0.wav,no
DataSet/no/f68160c0_nohash_1.wav,no
DataSet/no/f68160c0_nohash_2.wav,no
DataSet/no/f68160c0_nohash_3.wav,no
DataSet/no/f68160c0_nohash_4.wav,no
DataSet/no/f736ab63_nohash_0.wav,no
DataSet/no/f736ab63_nohash_1.wav,no
DataSet/no/f736ab63_nohash_2.wav,no
DataSet/no/f736ab63_nohash_3.wav,no
DataSet/no/f736ab63_nohash_4.wav,no
DataSet/no/f798ac78_nohash_0.wav,no
DataSet/no/f798ac78_nohash_1.wav,no
DataSet/no/f798ac78_nohash_2.wav,no
DataSet/no/f798ac78_nohash_3.wav,no
DataSet/no/f804cbb3_nohash_0.wav,no
DataSet/no/f804cbb3_nohash_1.wav,no
DataSet/no/f810e799_nohash_0.wav,no
DataSet/no/f816db77_nohash_0.wav,no
DataSet/no/f822b9bf_nohash_0.wav,no
DataSet/no/f822b9bf_nohash_1.wav,no
DataSet/no/f822b9bf_nohash_2.wav,no
DataSet/no/f822b9bf_nohash_3.wav,no
DataSet/no/f822b9bf_nohash_4.wav,no
DataSet/no/f84762e5_nohash_0.wav,no
DataSet/no/f84762e5_nohash_1.wav,no
DataSet/no/f875f965_nohash_0.wav,no
DataSet/no/f8ad3941_nohash_0.wav,no
DataSet/no/f8ba7c0e_nohash_0.wav,no
DataSet/no/f8ba7c0e_nohash_1.wav,no
DataSet/no/f8ba7c0e_nohash_2.wav,no
DataSet/no/f8ba7c0e_nohash_3.wav,no
DataSet/no/f8f60f59_nohash_0.wav,no
DataSet/no/f8f60f59_nohash_1.wav,no
DataSet/no/f8f60f59_nohash_2.wav,no
DataSet/no/f8f60f59_nohash_3.wav,no
DataSet/no/f9273a21_nohash_0.wav,no
DataSet/no/f9318c93_nohash_0.wav,no
DataSet/no/f953e1af_nohash_0.wav,no
DataSet/no/f953e1af_nohash_1.wav,no
DataSet/no/f953e1af_nohash_2.wav,no
DataSet/no/f953e1af_nohash_3.wav,no
DataSet/no/f9643d42_nohash_0.wav,no
DataSet/no/f9643d42_nohash_1.wav,no
DataSet/no/f9643d42_nohash_2.wav,no
DataSet/no/f9643d42_nohash_3.wav,no
DataSet/no/f9643d42_nohash_4.wav,no
DataSet/no/f9af823e_nohash_0.wav,no
DataSet/no/f9af823e_nohash_1.wav,no
DataSet/no/fa446c16_nohash_0.wav,no
DataSet/no/fa446c16_nohash_1.wav,no
DataSet/no/fa44fcf5_nohash_0.wav,no
DataSet/no/fa52ddf6_nohash_0.wav,no
DataSet/no/fa52ddf6_nohash_1.wav,no
DataSet/no/fa52ddf6_nohash_2.wav,no
DataSet/no/fa52ddf6_nohash_3.wav,no
DataSet/no/fa52ddf6_nohash_4.wav,no
DataSet/no/fa57ab3b_nohash_0.wav,no
DataSet/no/fa57ab3b_nohash_1.wav,no
DataSet/no/fa57ab3b_nohash_2.wav,no
DataSet/no/fa57ab3b_nohash_3.wav,no
DataSet/no/fa57ab3b_nohash_4.wav,no
DataSet/no/fa70c187_nohash_0.wav,no
DataSet/no/fa7895de_nohash_0.wav,no
DataSet/no/fac74f6a_nohash_0.wav,no
DataSet/no/fac74f6a_nohash_1.wav,no
DataSet/no/fac74f6a_nohash_2.wav,no
DataSet/no/facd97c0_nohash_0.wav,no
DataSet/no/fafe8101_nohash_0.wav,no
DataSet/no/fb01a182_nohash_0.wav,no
DataSet/no/fb01a182_nohash_1.wav,no
DataSet/no/fb24c826_nohash_0.wav,no
DataSet/no/fb727898_nohash_0.wav,no
DataSet/no/fb727898_nohash_1.wav,no
DataSet/no/fb727898_nohash_2.wav,no
DataSet/no/fb727898_nohash_3.wav,no
DataSet/no/fb7eb481_nohash_0.wav,no
DataSet/no/fb7eb481_nohash_1.wav,no
DataSet/no/fb7eb481_nohash_2.wav,no
DataSet/no/fb7eb481_nohash_3.wav,no
DataSet/no/fb7eb481_nohash_4.wav,no
DataSet/no/fb8c31a9_nohash_0.wav,no
DataSet/no/fb8c31a9_nohash_1.wav,no
DataSet/no/fb8c31a9_nohash_2.wav,no
DataSet/no/fb8c31a9_nohash_3.wav,no
DataSet/no/fb8c31a9_nohash_4.wav,no
DataSet/no/fb9d6d23_nohash_0.wav,no
DataSet/no/fbb2f6cc_nohash_0.wav,no
DataSet/no/fbb2f6cc_nohash_1.wav,no
DataSet/no/fbb2f6cc_nohash_2.wav,no
DataSet/no/fbb2f6cc_nohash_3.wav,no
DataSet/no/fbb2f6cc_nohash_4.wav,no
DataSet/no/fbb56351_nohash_0.wav,no
DataSet/no/fbb56351_nohash_1.wav,no
DataSet/no/fbb56351_nohash_2.wav,no
DataSet/no/fbb56351_nohash_3.wav,no
DataSet/no/fbb56351_nohash_4.wav,no
DataSet/no/fbf3dd31_nohash_0.wav,no
DataSet/no/fbf3dd31_nohash_1.wav,no
DataSet/no/fbf3dd31_nohash_2.wav,no
DataSet/no/fbf3dd31_nohash_3.wav,no
DataSet/no/fc3ba625_nohash_0.wav,no
DataSet/no/fc3ba625_nohash_1.wav,no
DataSet/no/fc3ba625_nohash_2.wav,no
DataSet/no/fc3ba625_nohash_3.wav,no
DataSet/no/fc3ba625_nohash_4.wav,no
DataSet/no/fc94edb0_nohash_0.wav,no
DataSet/no/fcb25a78_nohash_0.wav,no
DataSet/no/fcb25a78_nohash_1.wav,no
DataSet/no/fd5ccd39_nohash_0.wav,no
DataSet/no/fd5ccd39_nohash_1.wav,no
DataSet/no/fd5ccd39_nohash_2.wav,no
DataSet/no/fd5ccd39_nohash_3.wav,no
DataSet/no/fd5ccd39_nohash_4.wav,no
DataSet/no/fd9c7413_nohash_0.wav,no
DataSet/no/fdb5155e_nohash_0.wav,no
DataSet/no/fe11e258_nohash_0.wav,no
DataSet/no/fe1916ba_nohash_0.wav,no
DataSet/no/fe291fa9_nohash_0.wav,no
DataSet/no/fe291fa9_nohash_1.wav,no
DataSet/no/fe5c4a7a_nohash_0.wav,no
DataSet/no/fe5c4a7a_nohash_1.wav,no
DataSet/no/feb1d305_nohash_0.wav,no
DataSet/no/ff21fb59_nohash_0.wav,no
DataSet/no/ff2b842e_nohash_0.wav,no
DataSet/no/ff2b842e_nohash_1.wav,no
DataSet/no/ff2b842e_nohash_2.wav,no
DataSet/no/ff2b842e_nohash_3.wav,no
DataSet/no/ff2b842e_nohash_4.wav,no
DataSet/no/ff4ed4f3_nohash_0.wav,no
DataSet/no/ff4ed4f3_nohash_1.wav,no
DataSet/no/ff4ed4f3_nohash_2.wav,no
DataSet/no/ff4ed4f3_nohash_3.wav,no
DataSet/no/ff63ab0b_nohash_0.wav,no
DataSet/no/ff63ab0b_nohash_1.wav,no
DataSet/no/ff63ab0b_nohash_2.wav,no
DataSet/no/ffa76c4a_nohash_0.wav,no
DataSet/no/ffb86d3c_nohash_0.wav,no
DataSet/no/ffd2ba2f_nohash_0.wav,no
DataSet/no/ffd2ba2f_nohash_1.wav,no
DataSet/no/ffd2ba2f_nohash_2.wav,no
DataSet/no/ffd2ba2f_nohash_3.wav,no
DataSet/no/fffcabd1_nohash_0.wav,no
DataSet/stop/004ae714_nohash_0.wav,stop
DataSet/stop/00970ce1_nohash_0.wav,stop
DataSet/stop/00970ce1_nohash_1.wav,stop
DataSet/stop/012187a4_nohash_0.wav,stop
DataSet/stop/012187a4_nohash_1.wav,stop
DataSet/stop/012c8314_nohash_0.wav,stop
DataSet/stop/0132a06d_nohash_0.wav,stop
DataSet/stop/0132a06d_nohash_1.wav,stop
DataSet/stop/0132a06d_nohash_2.wav,stop
DataSet/stop/0132a06d_nohash_3.wav,stop
DataSet/stop/0135f3f2_nohash_0.wav,stop
DataSet/stop/0135f3f2_nohash_1.wav,stop
DataSet/stop/0137b3f4_nohash_0.wav,stop
DataSet/stop/0137b3f4_nohash_1.wav,stop
DataSet/stop/0137b3f4_nohash_2.wav,stop
DataSet/stop/0137b3f4_nohash_3.wav,stop
DataSet/stop/0137b3f4_nohash_4.wav,stop
DataSet/stop/014f9f65_nohash_0.wav,stop
DataSet/stop/014f9f65_nohash_1.wav,stop
DataSet/stop/01648c51_nohash_0.wav,stop
DataSet/stop/017c4098_nohash_0.wav,stop
DataSet/stop/017c4098_nohash_1.wav,stop
DataSet/stop/017c4098_nohash_2.wav,stop
DataSet/stop/017c4098_nohash_3.wav,stop
DataSet/stop/017c4098_nohash_4.wav,stop
DataSet/stop/019fa366_nohash_0.wav,stop
DataSet/stop/019fa366_nohash_1.wav,stop
DataSet/stop/01b4757a_nohash_0.wav,stop
DataSet/stop/01b4757a_nohash_1.wav,stop
DataSet/stop/01b4757a_nohash_2.wav,stop
DataSet/stop/01bb6a2a_nohash_0.wav,stop
DataSet/stop/01bb6a2a_nohash_1.wav,stop
DataSet/stop/01bb6a2a_nohash_2.wav,stop
DataSet/stop/01bcfc0c_nohash_0.wav,stop
DataSet/stop/01bcfc0c_nohash_1.wav,stop
DataSet/stop/01d22d03_nohash_0.wav,stop
DataSet/stop/0227998e_nohash_0.wav,stop
DataSet/stop/0227998e_nohash_1.wav,stop
DataSet/stop/0227998e_nohash_2.wav,stop
DataSet/stop/0227998e_nohash_3.wav,stop
DataSet/stop/022cd682_nohash_0.wav,stop
DataSet/stop/023a61ad_nohash_0.wav,stop
DataSet/stop/023a61ad_nohash_1.wav,stop
DataSet/stop/026290a7_nohash_0.wav,stop
DataSet/stop/02ade946_nohash_0.wav,stop
DataSet/stop/02ade946_nohash_1.wav,stop
DataSet/stop/02ade946_nohash_2.wav,stop
DataSet/stop/02ade946_nohash_3.wav,stop
DataSet/stop/02e42bed_nohash_0.wav,stop
DataSet/stop/02e85b60_nohash_0.wav,stop
DataSet/stop/030ec18b_nohash_0.wav,stop
DataSet/stop/030ec18b_nohash_1.wav,stop
DataSet/stop/035de8fe_nohash_0.wav,stop
DataSet/stop/0362539c_nohash_0.wav,stop
DataSet/stop/038da7ee_nohash_0.wav,stop
DataSet/stop/03c96658_nohash_0.wav,stop
DataSet/stop/03c96658_nohash_1.wav,stop
DataSet/stop/03cf93b1_nohash_0.wav,stop
DataSet/stop/042a8dde_nohash_0.wav,stop
DataSet/stop/0447d7c1_nohash_0.wav,stop
DataSet/stop/050170cb_nohash_0.wav,stop
DataSet/stop/050170cb_nohash_1.wav,stop
DataSet/stop/050170cb_nohash_2.wav,stop
DataSet/stop/050170cb_nohash_3.wav,stop
DataSet/stop/050170cb_nohash_4.wav,stop
DataSet/stop/05739450_nohash_0.wav,stop
DataSet/stop/05739450_nohash_1.wav,stop
DataSet/stop/05739450_nohash_2.wav,stop
DataSet/stop/0585b66d_nohash_0.wav,stop
DataSet/stop/0585b66d_nohash_1.wav,stop
DataSet/stop/0585b66d_nohash_2.wav,stop
DataSet/stop/0585b66d_nohash_3.wav,stop
DataSet/stop/05cf43ef_nohash_0.wav,stop
DataSet/stop/06076b6b_nohash_0.wav,stop
DataSet/stop/060cd039_nohash_0.wav,stop
DataSet/stop/063d48cf_nohash_0.wav,stop
DataSet/stop/067f61e2_nohash_0.wav,stop
DataSet/stop/067f61e2_nohash_1.wav,stop
DataSet/stop/067f61e2_nohash_2.wav,stop
DataSet/stop/067f61e2_nohash_3.wav,stop
DataSet/stop/06f6c194_nohash_0.wav,stop
DataSet/stop/06f6c194_nohash_1.wav,stop
DataSet/stop/06f6c194_nohash_2.wav,stop
DataSet/stop/06f6c194_nohash_3.wav,stop
DataSet/stop/06f6c194_nohash_4.wav,stop
DataSet/stop/07089da9_nohash_0.wav,stop
DataSet/stop/07089da9_nohash_1.wav,stop
DataSet/stop/07089da9_nohash_2.wav,stop
DataSet/stop/07089da9_nohash_3.wav,stop
DataSet/stop/07089da9_nohash_4.wav,stop
DataSet/stop/070b49af_nohash_0.wav,stop
DataSet/stop/0717b9f6_nohash_0.wav,stop
DataSet/stop/0717b9f6_nohash_1.wav,stop
DataSet/stop/0717b9f6_nohash_2.wav,stop
DataSet/stop/0717b9f6_nohash_3.wav,stop
DataSet/stop/07363607_nohash_0.wav,stop
DataSet/stop/07363607_nohash_1.wav,stop
DataSet/stop/079dfce3_nohash_0.wav,stop
DataSet/stop/07ad9b59_nohash_0.wav,stop
DataSet/stop/07ad9b59_nohash_1.wav,stop
DataSet/stop/07ad9b59_nohash_2.wav,stop
DataSet/stop/07de53d3_nohash_0.wav,stop
DataSet/stop/07de53d3_nohash_1.wav,stop
DataSet/stop/08ab231c_nohash_0.wav,stop
DataSet/stop/08ab231c_nohash_1.wav,stop
DataSet/stop/08ab231c_nohash_2.wav,stop
DataSet/stop/08ab231c_nohash_3.wav,stop
DataSet/stop/08ab231c_nohash_4.wav,stop
DataSet/stop/08ab8082_nohash_0.wav,stop
DataSet/stop/093f65a1_nohash_0.wav,stop
DataSet/stop/093f65a1_nohash_1.wav,stop
DataSet/stop/0943c746_nohash_0.wav,stop
DataSet/stop/095847e4_nohash_0.wav,stop
DataSet/stop/095847e4_nohash_1.wav,stop
DataSet/stop/099d52ad_nohash_0.wav,stop
DataSet/stop/099d52ad_nohash_1.wav,stop
DataSet/stop/099d52ad_nohash_2.wav,stop
DataSet/stop/099d52ad_nohash_3.wav,stop
DataSet/stop/09a7aa2a_nohash_0.wav,stop
DataSet/stop/09ddc105_nohash_0.wav,stop
DataSet/stop/09ddc105_nohash_1.wav,stop
DataSet/stop/0a196374_nohash_0.wav,stop
DataSet/stop/0a196374_nohash_1.wav,stop
DataSet/stop/0a196374_nohash_2.wav,stop
DataSet/stop/0a2b400e_nohash_0.wav,stop
DataSet/stop/0a2b400e_nohash_1.wav,stop
DataSet/stop/0a2b400e_nohash_2.wav,stop
DataSet/stop/0a2b400e_nohash_3.wav,stop
DataSet/stop/0a2b400e_nohash_4.wav,stop
DataSet/stop/0a5636ca_nohash_0.wav,stop
DataSet/stop/0ab3b47d_nohash_0.wav,stop
DataSet/stop/0ac15fe9_nohash_0.wav,stop
DataSet/stop/0b40aa8e_nohash_0.wav,stop
DataSet/stop/0b56bcfe_nohash_0.wav,stop
DataSet/stop/0b56bcfe_nohash_1.wav,stop
DataSet/stop/0b7ee1a0_nohash_0.wav,stop
DataSet/stop/0b7ee1a0_nohash_1.wav,stop
DataSet/stop/0b7ee1a0_nohash_2.wav,stop
DataSet/stop/0ba018fc_nohash_0.wav,stop
DataSet/stop/0ba018fc_nohash_1.wav,stop
DataSet/stop/0ba018fc_nohash_2.wav,stop
DataSet/stop/0ba018fc_nohash_3.wav,stop
DataSet/stop/0ba018fc_nohash_4.wav,stop
DataSet/stop/0bd689d7_nohash_0.wav,stop
DataSet/stop/0bd689d7_nohash_1.wav,stop
DataSet/stop/0bd689d7_nohash_2.wav,stop
DataSet/stop/0bde966a_nohash_0.wav,stop
DataSet/stop/0bfec55f_nohash_0.wav,stop
DataSet/stop/0c09f202_nohash_0.wav,stop
DataSet/stop/0c2d2ffa_nohash_0.wav,stop
DataSet/stop/0c40e715_nohash_0.wav,stop
DataSet/stop/0c40e715_nohash_1.wav,stop
DataSet/stop/0cb74144_nohash_0.wav,stop
DataSet/stop/0cb74144_nohash_1.wav,stop
DataSet/stop/0cc6b0b0_nohash_0.wav,stop
DataSet/stop/0cd323ec_nohash_0.wav,stop
DataSet/stop/0cd323ec_nohash_1.wav,stop
DataSet/stop/0d2bcf9d_nohash_0.wav,stop
DataSet/stop/0d2bcf9d_nohash_1.wav,stop
DataSet/stop/0d6d7360_nohash_0.wav,stop
DataSet/stop/0d6d7360_nohash_1.wav,stop
DataSet/stop/0d6d7360_nohash_2.wav,stop
DataSet/stop/0d6d7360_nohash_3.wav,stop
DataSet/stop/0d82fd99_nohash_0.wav,stop
DataSet/stop/0d82fd99_nohash_1.wav,stop
DataSet/stop/0d82fd99_nohash_2.wav,stop
DataSet/stop/0d82fd99_nohash_3.wav,stop
DataSet/stop/0d85a428_nohash_0.wav,stop
DataSet/stop/0d90d8e1_nohash_0.wav,stop
DataSet/stop/0d90d8e1_nohash_1.wav,stop
DataSet/stop/0d90d8e1_nohash_2.wav,stop
DataSet/stop/0d90d8e1_nohash_3.wav,stop
DataSet/stop/0d90d8e1_nohash_4.wav,stop
DataSet/stop/0e17f595_nohash_0.wav,stop
DataSet/stop/0e17f595_nohash_1.wav,stop
DataSet/stop/0e5193e6_nohash_0.wav,stop
DataSet/stop/0e6e36c9_nohash_0.wav,stop
DataSet/stop/0e6e36c9_nohash_1.wav,stop
DataSet/stop/0e6e36c9_nohash_2.wav,stop
DataSet/stop/0e6e36c9_nohash_3.wav,stop
DataSet/stop/0e6e36c9_nohash_4.wav,stop
DataSet/stop/0ea0e2f4_nohash_0.wav,stop
DataSet/stop/0ea9c8ce_nohash_0.wav,stop
DataSet/stop/0ea9c8ce_nohash_1.wav,stop
DataSet/stop/0ea9c8ce_nohash_2.wav,stop
DataSet/stop/0ea9c8ce_nohash_3.wav,stop
DataSet/stop/0f2442b6_nohash_0.wav,stop
DataSet/stop/0f3f64d5_nohash_0.wav,stop
DataSet/stop/0f3f64d5_nohash_1.wav,stop
DataSet/stop/0f46028a_nohash_0.wav,stop
DataSet/stop/0f46028a_nohash_1.wav,stop
DataSet/stop/0f46028a_nohash_2.wav,stop
DataSet/stop/0f46028a_nohash_3.wav,stop
DataSet/stop/0f46028a_nohash_4.wav,stop
DataSet/stop/0f7266cf_nohash_0.wav,stop
DataSet/stop/0f7266cf_nohash_1.wav,stop
DataSet/stop/0f7266cf_nohash_2.wav,stop
DataSet/stop/0f7266cf_nohash_3.wav,stop
DataSet/stop/0f7266cf_nohash_4.wav,stop
DataSet/stop/0f7dc557_nohash_0.wav,stop
DataSet/stop/0fa1e7a9_nohash_0.wav,stop
DataSet/stop/0fa1e7a9_nohash_1.wav,stop
DataSet/stop/0fa1e7a9_nohash_2.wav,stop
DataSet/stop/0ff728b5_nohash_0.wav,stop
DataSet/stop/0ff728b5_nohash_1.wav,stop
DataSet/stop/0ff728b5_nohash_2.wav,stop
DataSet/stop/0ff728b5_nohash_3.wav,stop
DataSet/stop/0ff728b5_nohash_4.wav,stop
DataSet/stop/102192fd_nohash_0.wav,stop
DataSet/stop/105a0eea_nohash_0.wav,stop
DataSet/stop/105e72bb_nohash_0.wav,stop
DataSet/stop/105e72bb_nohash_1.wav,stop
DataSet/stop/10627519_nohash_0.wav,stop
DataSet/stop/106a6183_nohash_0.wav,stop
DataSet/stop/106a6183_nohash_1.wav,stop
DataSet/stop/106a6183_nohash_2.wav,stop
DataSet/stop/106a6183_nohash_3.wav,stop
DataSet/stop/106a6183_nohash_4.wav,stop
DataSet/stop/10ace7eb_nohash_0.wav,stop
DataSet/stop/10ace7eb_nohash_1.wav,stop
DataSet/stop/10ace7eb_nohash_2.wav,stop
DataSet/stop/10ace7eb_nohash_3.wav,stop
DataSet/stop/10c6d873_nohash_0.wav,stop
DataSet/stop/10c6d873_nohash_1.wav,stop
DataSet/stop/10f2bb12_nohash_0.wav,stop
DataSet/stop/11099149_nohash_0.wav,stop
DataSet/stop/11321027_nohash_0.wav,stop
DataSet/stop/11321027_nohash_1.wav,stop
DataSet/stop/11379f4d_nohash_0.wav,stop
DataSet/stop/113b3fbc_nohash_0.wav,stop
DataSet/stop/113b3fbc_nohash_1.wav,stop
DataSet/stop/113b3fbc_nohash_2.wav,stop
DataSet/stop/113b3fbc_nohash_3.wav,stop
DataSet/stop/113b3fbc_nohash_4.wav,stop
DataSet/stop/118261a9_nohash_0.wav,stop
DataSet/stop/11860c84_nohash_0.wav,stop
DataSet/stop/11860c84_nohash_1.wav,stop
DataSet/stop/11860c84_nohash_2.wav,stop
DataSet/stop/11a022ba_nohash_0.wav,stop
DataSet/stop/11b1df78_nohash_0.wav,stop
DataSet/stop/122c5aa7_nohash_0.wav,stop
DataSet/stop/122c5aa7_nohash_1.wav,stop
DataSet/stop/122c5aa7_nohash_2.wav,stop
DataSet/stop/122c5aa7_nohash_3.wav,stop
DataSet/stop/122c5aa7_nohash_4.wav,stop
DataSet/stop/12529547_nohash_0.wav,stop
DataSet/stop/12623a81_nohash_0.wav,stop
DataSet/stop/12623a81_nohash_1.wav,stop
DataSet/stop/12c206ea_nohash_0.wav,stop
DataSet/stop/131e738d_nohash_0.wav,stop
DataSet/stop/131e738d_nohash_1.wav,stop
DataSet/stop/131e738d_nohash_2.wav,stop
DataSet/stop/131e738d_nohash_3.wav,stop
DataSet/stop/131e738d_nohash_4.wav,stop
DataSet/stop/135c6841_nohash_0.wav,stop
DataSet/stop/135c6841_nohash_1.wav,stop
DataSet/stop/1365dd89_nohash_0.wav,stop
DataSet/stop/13a93b33_nohash_0.wav,stop
DataSet/stop/13d7b8c9_nohash_0.wav,stop
DataSet/stop/13dce503_nohash_0.wav,stop
DataSet/stop/144d27ff_nohash_0.wav,stop
DataSet/stop/144d27ff_nohash_1.wav,stop
DataSet/stop/146d97db_nohash_0.wav,stop
DataSet/stop/146d97db_nohash_1.wav,stop
DataSet/stop/1473be6a_nohash_0.wav,stop
DataSet/stop/1473be6a_nohash_1.wav,stop
DataSet/stop/1474273a_nohash_0.wav,stop
DataSet/stop/14872d06_nohash_0.wav,stop
DataSet/stop/1496195a_nohash_0.wav,stop
DataSet/stop/1496195a_nohash_1.wav,stop
DataSet/stop/1496195a_nohash_2.wav,stop
DataSet/stop/1496195a_nohash_3.wav,stop
DataSet/stop/1496195a_nohash_4.wav,stop
DataSet/stop/14c7b073_nohash_0.wav,stop
DataSet/stop/14c7b073_nohash_1.wav,stop
DataSet/stop/14c7b073_nohash_2.wav,stop
DataSet/stop/14c7b073_nohash_3.wav,stop
DataSet/stop/14c7b073_nohash_4.wav,stop
DataSet/stop/151bfb79_nohash_0.wav,stop
DataSet/stop/15c371c7_nohash_0.wav,stop
DataSet/stop/15c563d7_nohash_0.wav,stop
DataSet/stop/15c563d7_nohash_1.wav,stop
DataSet/stop/15c563d7_nohash_2.wav,stop
DataSet/stop/15c563d7_nohash_3.wav,stop
DataSet/stop/15c563d7_nohash_4.wav,stop
DataSet/stop/15dd287d_nohash_0.wav,stop
DataSet/stop/15dd287d_nohash_1.wav,stop
DataSet/stop/15dd287d_nohash_2.wav,stop
DataSet/stop/15dd287d_nohash_3.wav,stop
DataSet/stop/15dd287d_nohash_4.wav,stop
DataSet/stop/15f04ff8_nohash_0.wav,stop
DataSet/stop/161fcca8_nohash_0.wav,stop
DataSet/stop/1657c9fa_nohash_0.wav,stop
DataSet/stop/1706c35f_nohash_0.wav,stop
DataSet/stop/1706c35f_nohash_1.wav,stop
DataSet/stop/171b56dc_nohash_0.wav,stop
DataSet/stop/171edea9_nohash_0.wav,stop
DataSet/stop/171edea9_nohash_1.wav,stop
DataSet/stop/171edea9_nohash_2.wav,stop
DataSet/stop/173ae793_nohash_0.wav,stop
DataSet/stop/173ae793_nohash_1.wav,stop
DataSet/stop/1746d7b6_nohash_0.wav,stop
DataSet/stop/1746d7b6_nohash_1.wav,stop
DataSet/stop/179a61b7_nohash_0.wav,stop
DataSet/stop/179a61b7_nohash_1.wav,stop
DataSet/stop/179a61b7_nohash_2.wav,stop
DataSet/stop/179a61b7_nohash_3.wav,stop
DataSet/stop/179a61b7_nohash_4.wav,stop
DataSet/stop/17cc40ee_nohash_0.wav,stop
DataSet/stop/17cc40ee_nohash_1.wav,stop
DataSet/stop/17f0e206_nohash_0.wav,stop
DataSet/stop/1816b768_nohash_0.wav,stop
DataSet/stop/1816b768_nohash_1.wav,stop
DataSet/stop/1816b768_nohash_2.wav,stop
DataSet/stop/1816b768_nohash_3.wav,stop
DataSet/stop/1851e33b_nohash_0.wav,stop
DataSet/stop/187af8be_nohash_0.wav,stop
DataSet/stop/1887fe04_nohash_0.wav,stop
DataSet/stop/1890e5c3_nohash_0.wav,stop
DataSet/stop/1890e5c3_nohash_1.wav,stop
DataSet/stop/189cbabe_nohash_0.wav,stop
DataSet/stop/189cbabe_nohash_1.wav,stop
DataSet/stop/189cbabe_nohash_2.wav,stop
DataSet/stop/189cbabe_nohash_3.wav,stop
DataSet/stop/18a8f03f_nohash_0.wav,stop
DataSet/stop/18d84076_nohash_0.wav,stop
DataSet/stop/18e910f4_nohash_0.wav,stop
DataSet/stop/18e910f4_nohash_1.wav,stop
DataSet/stop/18e910f4_nohash_2.wav,stop
DataSet/stop/18e910f4_nohash_3.wav,stop
DataSet/stop/18e910f4_nohash_4.wav,stop
DataSet/stop/18f8afd5_nohash_0.wav,stop
DataSet/stop/18f8afd5_nohash_1.wav,stop
DataSet/stop/18f8afd5_nohash_2.wav,stop
DataSet/stop/18f8afd5_nohash_3.wav,stop
DataSet/stop/18ffa72d_nohash_0.wav,stop
DataSet/stop/18ffa72d_nohash_1.wav,stop
DataSet/stop/190821dc_nohash_0.wav,stop
DataSet/stop/190821dc_nohash_1.wav,stop
DataSet/stop/190821dc_nohash_2.wav,stop
DataSet/stop/190821dc_nohash_3.wav,stop
DataSet/stop/195c120a_nohash_0.wav,stop
DataSet/stop/195c120a_nohash_1.wav,stop
DataSet/stop/195c120a_nohash_2.wav,stop
DataSet/stop/195c120a_nohash_3.wav,stop
DataSet/stop/196e84b7_nohash_0.wav,stop
DataSet/stop/196e84b7_nohash_1.wav,stop
DataSet/stop/1970b130_nohash_0.wav,stop
DataSet/stop/197f4153_nohash_0.wav,stop
DataSet/stop/197f4153_nohash_1.wav,stop
DataSet/stop/197f4153_nohash_2.wav,stop
DataSet/stop/197f4153_nohash_3.wav,stop
DataSet/stop/1993db46_nohash_0.wav,stop
DataSet/stop/199da2bf_nohash_0.wav,stop
DataSet/stop/19a1e5c7_nohash_0.wav,stop
DataSet/stop/19b05529_nohash_0.wav,stop
DataSet/stop/19e246ad_nohash_0.wav,stop
DataSet/stop/19e98e89_nohash_0.wav,stop
DataSet/stop/1a073312_nohash_0.wav,stop
DataSet/stop/1a0f9c63_nohash_0.wav,stop
DataSet/stop/1a4259c3_nohash_0.wav,stop
DataSet/stop/1a673010_nohash_0.wav,stop
DataSet/stop/1a673010_nohash_1.wav,stop
DataSet/stop/1a73dcd1_nohash_0.wav,stop
DataSet/stop/1a892463_nohash_0.wav,stop
DataSet/stop/1a994c9f_nohash_0.wav,stop
DataSet/stop/1a994c9f_nohash_1.wav,stop
DataSet/stop/1a994c9f_nohash_2.wav,stop
DataSet/stop/1a994c9f_nohash_3.wav,stop
DataSet/stop/1a9afd33_nohash_0.wav,stop
DataSet/stop/1a9afd33_nohash_1.wav,stop
DataSet/stop/1acc97de_nohash_0.wav,stop
DataSet/stop/1acc97de_nohash_1.wav,stop
DataSet/stop/1acc97de_nohash_2.wav,stop
DataSet/stop/1acc97de_nohash_3.wav,stop
DataSet/stop/1acc97de_nohash_4.wav,stop
DataSet/stop/1aed7c6d_nohash_0.wav,stop
DataSet/stop/1afd49bf_nohash_0.wav,stop
DataSet/stop/1afd49bf_nohash_1.wav,stop
DataSet/stop/1b18600d_nohash_0.wav,stop
DataSet/stop/1b42b551_nohash_0.wav,stop
DataSet/stop/1b42b551_nohash_1.wav,stop
DataSet/stop/1b42b551_nohash_2.wav,stop
DataSet/stop/1b42b551_nohash_3.wav,stop
DataSet/stop/1b42b551_nohash_4.wav,stop
DataSet/stop/1b4c9b89_nohash_0.wav,stop
DataSet/stop/1b4c9b89_nohash_1.wav,stop
DataSet/stop/1b4c9b89_nohash_2.wav,stop
DataSet/stop/1b4c9b89_nohash_3.wav,stop
DataSet/stop/1b4c9b89_nohash_4.wav,stop
DataSet/stop/1b627376_nohash_0.wav,stop
DataSet/stop/1b755c65_nohash_0.wav,stop
DataSet/stop/1b755c65_nohash_1.wav,stop
DataSet/stop/1b835b87_nohash_0.wav,stop
DataSet/stop/1b835b87_nohash_1.wav,stop
DataSet/stop/1b88bf70_nohash_0.wav,stop
DataSet/stop/1b88bf70_nohash_1.wav,stop
DataSet/stop/1b88bf70_nohash_2.wav,stop
DataSet/stop/1c1060b1_nohash_0.wav,stop
DataSet/stop/1c1060b1_nohash_1.wav,stop
DataSet/stop/1c3f4fac_nohash_0.wav,stop
DataSet/stop/1c45ceb2_nohash_0.wav,stop
DataSet/stop/1c45ceb2_nohash_1.wav,stop
DataSet/stop/1c45ceb2_nohash_2.wav,stop
DataSet/stop/1c6e5447_nohash_0.wav,stop
DataSet/stop/1c6e5447_nohash_1.wav,stop
DataSet/stop/1c76f5f3_nohash_0.wav,stop
DataSet/stop/1c84a139_nohash_0.wav,stop
DataSet/stop/1c84a139_nohash_1.wav,stop
DataSet/stop/1c84a139_nohash_2.wav,stop
DataSet/stop/1c84a139_nohash_3.wav,stop
DataSet/stop/1cbcc7a7_nohash_0.wav,stop
DataSet/stop/1cec8d71_nohash_0.wav,stop
DataSet/stop/1cec8d71_nohash_1.wav,stop
DataSet/stop/1d919a90_nohash_0.wav,stop
DataSet/stop/1d919a90_nohash_1.wav,stop
DataSet/stop/1d919a90_nohash_2.wav,stop
DataSet/stop/1dc86f91_nohash_0.wav,stop
DataSet/stop/1dc86f91_nohash_1.wav,stop
DataSet/stop/1dc86f91_nohash_2.wav,stop
DataSet/stop/1dc86f91_nohash_3.wav,stop
DataSet/stop/1dc86f91_nohash_4.wav,stop
DataSet/stop/1dce06e8_nohash_0.wav,stop
DataSet/stop/1dce06e8_nohash_1.wav,stop
DataSet/stop/1e02ffc5_nohash_0.wav,stop
DataSet/stop/1e02ffc5_nohash_1.wav,stop
DataSet/stop/1e02ffc5_nohash_2.wav,stop
DataSet/stop/1e02ffc5_nohash_3.wav,stop
DataSet/stop/1e02ffc5_nohash_4.wav,stop
DataSet/stop/1e31353f_nohash_0.wav,stop
DataSet/stop/1e31353f_nohash_1.wav,stop
DataSet/stop/1e31353f_nohash_2.wav,stop
DataSet/stop/1e412fac_nohash_0.wav,stop
DataSet/stop/1e9b215e_nohash_0.wav,stop
DataSet/stop/1e9b215e_nohash_1.wav,stop
DataSet/stop/1e9e6bdd_nohash_0.wav,stop
DataSet/stop/1e9e6bdd_nohash_1.wav,stop
DataSet/stop/1e9e6bdd_nohash_2.wav,stop
DataSet/stop/1e9e6bdd_nohash_3.wav,stop
DataSet/stop/1ecfb537_nohash_0.wav,stop
DataSet/stop/1ecfb537_nohash_1.wav,stop
DataSet/stop/1ecfb537_nohash_2.wav,stop
DataSet/stop/1ecfb537_nohash_3.wav,stop
DataSet/stop/1ecfb537_nohash_4.wav,stop
DataSet/stop/1ed0b13d_nohash_0.wav,stop
DataSet/stop/1ed0b13d_nohash_1.wav,stop
DataSet/stop/1ed0b13d_nohash_2.wav,stop
DataSet/stop/1ed0b13d_nohash_3.wav,stop
DataSet/stop/1ed0b13d_nohash_4.wav,stop
DataSet/stop/1ed557b9_nohash_0.wav,stop
DataSet/stop/1eddce1d_nohash_0.wav,stop
DataSet/stop/1f3e4139_nohash_0.wav,stop
DataSet/stop/1f653d27_nohash_0.wav,stop
DataSet/stop/1fd85ee4_nohash_0.wav,stop
DataSet/stop/1fe4c891_nohash_0.wav,stop
DataSet/stop/1fe4c891_nohash_1.wav,stop
DataSet/stop/1ffd513b_nohash_0.wav,stop
DataSet/stop/20174140_nohash_0.wav,stop
DataSet/stop/20fd451f_nohash_0.wav,stop
DataSet/stop/20fd451f_nohash_1.wav,stop
DataSet/stop/20fd451f_nohash_2.wav,stop
DataSet/stop/20fd451f_nohash_3.wav,stop
DataSet/stop/20fd451f_nohash_4.wav,stop
DataSet/stop/211b928a_nohash_0.wav,stop
DataSet/stop/211b928a_nohash_1.wav,stop
DataSet/stop/211b928a_nohash_2.wav,stop
DataSet/stop/211b928a_nohash_3.wav,stop
DataSet/stop/211b928a_nohash_4.wav,stop
DataSet/stop/2144be19_nohash_0.wav,stop
DataSet/stop/214ccb20_nohash_0.wav,stop
DataSet/stop/21832144_nohash_0.wav,stop
DataSet/stop/21832144_nohash_1.wav,stop
DataSet/stop/21832144_nohash_2.wav,stop
DataSet/stop/21832144_nohash_3.wav,stop
DataSet/stop/21832144_nohash_4.wav,stop
DataSet/stop/21e8c417_nohash_0.wav,stop
DataSet/stop/21e8c417_nohash_1.wav,stop
DataSet/stop/220ee1ef_nohash_0.wav,stop
DataSet/stop/22296dbe_nohash_0.wav,stop
DataSet/stop/22296dbe_nohash_1.wav,stop
DataSet/stop/22296dbe_nohash_2.wav,stop
DataSet/stop/22296dbe_nohash_3.wav,stop
DataSet/stop/2250f5f2_nohash_0.wav,stop
DataSet/stop/226537ab_nohash_0.wav,stop
DataSet/stop/226537ab_nohash_1.wav,stop
DataSet/stop/226537ab_nohash_2.wav,stop
DataSet/stop/226537ab_nohash_3.wav,stop
DataSet/stop/226537ab_nohash_4.wav,stop
DataSet/stop/2275edbb_nohash_0.wav,stop
DataSet/stop/2296b1af_nohash_0.wav,stop
DataSet/stop/2296b1af_nohash_1.wav,stop
DataSet/stop/229978fd_nohash_0.wav,stop
DataSet/stop/229978fd_nohash_1.wav,stop
DataSet/stop/229978fd_nohash_2.wav,stop
DataSet/stop/229978fd_nohash_3.wav,stop
DataSet/stop/229978fd_nohash_4.wav,stop
DataSet/stop/22aa3665_nohash_0.wav,stop
DataSet/stop/22aa3665_nohash_1.wav,stop
DataSet/stop/22cb56b3_nohash_0.wav,stop
DataSet/stop/2313e093_nohash_0.wav,stop
DataSet/stop/2313e093_nohash_1.wav,stop
DataSet/stop/2313e093_nohash_2.wav,stop
DataSet/stop/234ab0fb_nohash_0.wav,stop
DataSet/stop/234d6a48_nohash_0.wav,stop
DataSet/stop/234d6a48_nohash_1.wav,stop
DataSet/stop/234d6a48_nohash_2.wav,stop
DataSet/stop/234d6a48_nohash_3.wav,stop
DataSet/stop/234d6a48_nohash_4.wav,stop
DataSet/stop/235b444f_nohash_0.wav,stop
DataSet/stop/235b444f_nohash_1.wav,stop
DataSet/stop/235b444f_nohash_2.wav,stop
DataSet/stop/235b444f_nohash_3.wav,stop
DataSet/stop/238c112c_nohash_0.wav,stop
DataSet/stop/23da904f_nohash_0.wav,stop
DataSet/stop/23da904f_nohash_1.wav,stop
DataSet/stop/23da904f_nohash_2.wav,stop
DataSet/stop/23da904f_nohash_3.wav,stop
DataSet/stop/23da904f_nohash_4.wav,stop
DataSet/stop/24632875_nohash_0.wav,stop
DataSet/stop/24632875_nohash_1.wav,stop
DataSet/stop/24694eb6_nohash_0.wav,stop
DataSet/stop/24694eb6_nohash_1.wav,stop
DataSet/stop/24a3e589_nohash_0.wav,stop
DataSet/stop/24a3e589_nohash_1.wav,stop
DataSet/stop/24a3e589_nohash_2.wav,stop
DataSet/stop/24a3e589_nohash_3.wav,stop
DataSet/stop/24a3e589_nohash_4.wav,stop
DataSet/stop/24befdb3_nohash_0.wav,stop
DataSet/stop/24befdb3_nohash_1.wav,stop
DataSet/stop/24befdb3_nohash_2.wav,stop
DataSet/stop/24befdb3_nohash_3.wav,stop
DataSet/stop/24befdb3_nohash_4.wav,stop
DataSet/stop/24c9f572_nohash_0.wav,stop
DataSet/stop/24c9f572_nohash_1.wav,stop
DataSet/stop/24ed94ab_nohash_0.wav,stop
DataSet/stop/24ed94ab_nohash_1.wav,stop
DataSet/stop/24ed94ab_nohash_2.wav,stop
DataSet/stop/2510c044_nohash_0.wav,stop
DataSet/stop/25132942_nohash_0.wav,stop
DataSet/stop/25132942_nohash_1.wav,stop
DataSet/stop/25132942_nohash_2.wav,stop
DataSet/stop/256c0a05_nohash_0.wav,stop
DataSet/stop/256c0a05_nohash_1.wav,stop
DataSet/stop/256c0a05_nohash_2.wav,stop
DataSet/stop/256c0a05_nohash_3.wav,stop
DataSet/stop/256c0a05_nohash_4.wav,stop
DataSet/stop/257251e0_nohash_0.wav,stop
DataSet/stop/257251e0_nohash_1.wav,stop
DataSet/stop/2579e514_nohash_0.wav,stop
DataSet/stop/2579e514_nohash_1.wav,stop
DataSet/stop/257e17e0_nohash_0.wav,stop
DataSet/stop/25c14394_nohash_0.wav,stop
DataSet/stop/25e95412_nohash_0.wav,stop
DataSet/stop/25e95412_nohash_1.wav,stop
DataSet/stop/25e95412_nohash_2.wav,stop
DataSet/stop/25e95412_nohash_3.wav,stop
DataSet/stop/25e95412_nohash_4.wav,stop
DataSet/stop/25e95412_nohash_5.wav,stop
DataSet/stop/25e95412_nohash_6.wav,stop
DataSet/stop/264f471d_nohash_0.wav,stop
DataSet/stop/264f471d_nohash_1.wav,stop
DataSet/stop/264f471d_nohash_2.wav,stop
DataSet/stop/264f471d_nohash_3.wav,stop
DataSet/stop/265bd13a_nohash_0.wav,stop
DataSet/stop/26631bee_nohash_0.wav,stop
DataSet/stop/26631bee_nohash_1.wav,stop
DataSet/stop/26a093e1_nohash_0.wav,stop
DataSet/stop/26b28ea7_nohash_0.wav,stop
DataSet/stop/26c54f73_nohash_0.wav,stop
DataSet/stop/26e573a9_nohash_0.wav,stop
DataSet/stop/26e573a9_nohash_1.wav,stop
DataSet/stop/270bfa52_nohash_0.wav,stop
DataSet/stop/2748cce7_nohash_0.wav,stop
DataSet/stop/2748cce7_nohash_1.wav,stop
DataSet/stop/274c008f_nohash_0.wav,stop
DataSet/stop/2796ac50_nohash_0.wav,stop
DataSet/stop/27c24504_nohash_0.wav,stop
DataSet/stop/27c24504_nohash_1.wav,stop
DataSet/stop/27c24504_nohash_2.wav,stop
DataSet/stop/27c24504_nohash_3.wav,stop
DataSet/stop/27c30960_nohash_0.wav,stop
DataSet/stop/27c30960_nohash_1.wav,stop
DataSet/stop/28460a60_nohash_0.wav,stop
DataSet/stop/28612180_nohash_0.wav,stop
DataSet/stop/28ce0c58_nohash_0.wav,stop
DataSet/stop/28ce0c58_nohash_1.wav,stop
DataSet/stop/28ce0c58_nohash_2.wav,stop
DataSet/stop/28ce0c58_nohash_3.wav,stop
DataSet/stop/28ce0c58_nohash_4.wav,stop
DataSet/stop/28e47b1a_nohash_0.wav,stop
DataSet/stop/28e47b1a_nohash_1.wav,stop
DataSet/stop/28e47b1a_nohash_2.wav,stop
DataSet/stop/28e47b1a_nohash_3.wav,stop
DataSet/stop/28e47b1a_nohash_4.wav,stop
DataSet/stop/28ed6bc9_nohash_0.wav,stop
DataSet/stop/28ed6bc9_nohash_1.wav,stop
DataSet/stop/28ed6bc9_nohash_2.wav,stop
DataSet/stop/28ed6bc9_nohash_3.wav,stop
DataSet/stop/28ef2a01_nohash_0.wav,stop
DataSet/stop/28ef2a01_nohash_1.wav,stop
DataSet/stop/2903efb3_nohash_0.wav,stop
DataSet/stop/2903efb3_nohash_1.wav,stop
DataSet/stop/29229c21_nohash_0.wav,stop
DataSet/stop/29229c21_nohash_1.wav,stop
DataSet/stop/29229c21_nohash_2.wav,stop
DataSet/stop/29229c21_nohash_3.wav,stop
DataSet/stop/29229c21_nohash_4.wav,stop
DataSet/stop/2927c601_nohash_0.wav,stop
DataSet/stop/2927c601_nohash_1.wav,stop
DataSet/stop/2927c601_nohash_2.wav,stop
DataSet/stop/2927c601_nohash_3.wav,stop
DataSet/stop/299c14b1_nohash_0.wav,stop
DataSet/stop/299c14b1_nohash_1.wav,stop
DataSet/stop/29dce108_nohash_0.wav,stop
DataSet/stop/29dce108_nohash_1.wav,stop
DataSet/stop/29dce108_nohash_2.wav,stop
DataSet/stop/29dce108_nohash_3.wav,stop
DataSet/stop/29fb33da_nohash_0.wav,stop
DataSet/stop/29fb33da_nohash_1.wav,stop
DataSet/stop/29fb33da_nohash_2.wav,stop
DataSet/stop/29fb33da_nohash_3.wav,stop
DataSet/stop/29fb33da_nohash_4.wav,stop
DataSet/stop/2a1f4853_nohash_0.wav,stop
DataSet/stop/2a1f4853_nohash_1.wav,stop
DataSet/stop/2a1f4853_nohash_2.wav,stop
DataSet/stop/2a89ad5c_nohash_0.wav,stop
DataSet/stop/2a89ad5c_nohash_1.wav,stop
DataSet/stop/2aa787cf_nohash_0.wav,stop
DataSet/stop/2aca1e72_nohash_0.wav,stop
DataSet/stop/2aca1e72_nohash_1.wav,stop
DataSet/stop/2aca1e72_nohash_2.wav,stop
DataSet/stop/2aca1e72_nohash_3.wav,stop
DataSet/stop/2aca1e72_nohash_4.wav,stop
DataSet/stop/2aca1e72_nohash_5.wav,stop
DataSet/stop/2aca1e72_nohash_6.wav,stop
DataSet/stop/2aca1e72_nohash_7.wav,stop
DataSet/stop/2aca1e72_nohash_8.wav,stop
DataSet/stop/2aca1e72_nohash_9.wav,stop
DataSet/stop/2ad772d6_nohash_0.wav,stop
DataSet/stop/2ad772d6_nohash_1.wav,stop
DataSet/stop/2b3f509b_nohash_0.wav,stop
DataSet/stop/2b42e7a2_nohash_0.wav,stop
DataSet/stop/2b42e7a2_nohash_1.wav,stop
DataSet/stop/2b5e346d_nohash_0.wav,stop
DataSet/stop/2b5e346d_nohash_1.wav,stop
DataSet/stop/2b5e346d_nohash_2.wav,stop
DataSet/stop/2b5e346d_nohash_3.wav,stop
DataSet/stop/2b5e346d_nohash_4.wav,stop
DataSet/stop/2b715941_nohash_0.wav,stop
DataSet/stop/2bd2cad5_nohash_0.wav,stop
DataSet/stop/2bd2cad5_nohash_1.wav,stop
DataSet/stop/2bdbe5f7_nohash_0.wav,stop
DataSet/stop/2bdbe5f7_nohash_1.wav,stop
DataSet/stop/2bdbe5f7_nohash_2.wav,stop
DataSet/stop/2bdbe5f7_nohash_3.wav,stop
DataSet/stop/2bdbe5f7_nohash_4.wav,stop
DataSet/stop/2bfe70ef_nohash_0.wav,stop
DataSet/stop/2bfe70ef_nohash_1.wav,stop
DataSet/stop/2bfe70ef_nohash_2.wav,stop
DataSet/stop/2c6446f7_nohash_0.wav,stop
DataSet/stop/2c6446f7_nohash_1.wav,stop
DataSet/stop/2c6d3924_nohash_0.wav,stop
DataSet/stop/2c727642_nohash_0.wav,stop
DataSet/stop/2ce7534c_nohash_0.wav,stop
DataSet/stop/2ce7534c_nohash_1.wav,stop
DataSet/stop/2ce7534c_nohash_2.wav,stop
DataSet/stop/2cf28b70_nohash_0.wav,stop
DataSet/stop/2da58b32_nohash_0.wav,stop
DataSet/stop/2da58b32_nohash_1.wav,stop
DataSet/stop/2da58b32_nohash_2.wav,stop
DataSet/stop/2da58b32_nohash_3.wav,stop
DataSet/stop/2da58b32_nohash_4.wav,stop
DataSet/stop/2dc4f05d_nohash_0.wav,stop
DataSet/stop/2dc4f05d_nohash_1.wav,stop
DataSet/stop/2dc4f05d_nohash_2.wav,stop
DataSet/stop/2dcb6848_nohash_0.wav,stop
DataSet/stop/2dcb6848_nohash_1.wav,stop
DataSet/stop/2dce72b3_nohash_0.wav,stop
DataSet/stop/2e0d80f7_nohash_0.wav,stop
DataSet/stop/2e0d80f7_nohash_1.wav,stop
DataSet/stop/2e75d37a_nohash_0.wav,stop
DataSet/stop/2e75d37a_nohash_1.wav,stop
DataSet/stop/2e75d37a_nohash_2.wav,stop
DataSet/stop/2e7fac30_nohash_0.wav,stop
DataSet/stop/2f0a410b_nohash_0.wav,stop
DataSet/stop/2f0ce4d9_nohash_0.wav,stop
DataSet/stop/2f0ce4d9_nohash_1.wav,stop
DataSet/stop/2f0ce4d9_nohash_2.wav,stop
DataSet/stop/2f0ce4d9_nohash_3.wav,stop
DataSet/stop/2f0ce4d9_nohash_4.wav,stop
DataSet/stop/2f666bb2_nohash_0.wav,stop
DataSet/stop/2f666bb2_nohash_1.wav,stop
DataSet/stop/2f666bb2_nohash_2.wav,stop
DataSet/stop/2fa39636_nohash_0.wav,stop
DataSet/stop/2fa39636_nohash_1.wav,stop
DataSet/stop/2fcb6397_nohash_0.wav,stop
DataSet/stop/2fcb6397_nohash_1.wav,stop
DataSet/stop/2fcb6397_nohash_2.wav,stop
DataSet/stop/2fcb6397_nohash_3.wav,stop
DataSet/stop/2fcb6397_nohash_4.wav,stop
DataSet/stop/2fee065a_nohash_0.wav,stop
DataSet/stop/2fee065a_nohash_1.wav,stop
DataSet/stop/2fee065a_nohash_2.wav,stop
DataSet/stop/2fee065a_nohash_3.wav,stop
DataSet/stop/2fee065a_nohash_4.wav,stop
DataSet/stop/300384f0_nohash_0.wav,stop
DataSet/stop/30060aba_nohash_0.wav,stop
DataSet/stop/30060aba_nohash_1.wav,stop
DataSet/stop/30060aba_nohash_2.wav,stop
DataSet/stop/30060aba_nohash_3.wav,stop
DataSet/stop/3006c271_nohash_0.wav,stop
DataSet/stop/3006c271_nohash_1.wav,stop
DataSet/stop/30276d03_nohash_0.wav,stop
DataSet/stop/30276d03_nohash_1.wav,stop
DataSet/stop/30276d03_nohash_2.wav,stop
DataSet/stop/30276d03_nohash_3.wav,stop
DataSet/stop/305776dd_nohash_0.wav,stop
DataSet/stop/305776dd_nohash_1.wav,stop
DataSet/stop/305776dd_nohash_2.wav,stop
DataSet/stop/30802c5d_nohash_0.wav,stop
DataSet/stop/30a09789_nohash_0.wav,stop
DataSet/stop/30a09789_nohash_1.wav,stop
DataSet/stop/30aabd44_nohash_0.wav,stop
DataSet/stop/30f31e42_nohash_0.wav,stop
DataSet/stop/30f6e665_nohash_0.wav,stop
DataSet/stop/3102f006_nohash_0.wav,stop
DataSet/stop/3102f006_nohash_1.wav,stop
DataSet/stop/3102f006_nohash_2.wav,stop
DataSet/stop/3102f006_nohash_3.wav,stop
DataSet/stop/3102f006_nohash_4.wav,stop
DataSet/stop/3108acca_nohash_0.wav,stop
DataSet/stop/3108acca_nohash_1.wav,stop
DataSet/stop/311fde72_nohash_0.wav,stop
DataSet/stop/311fde72_nohash_1.wav,stop
DataSet/stop/311fde72_nohash_2.wav,stop
DataSet/stop/311fde72_nohash_3.wav,stop
DataSet/stop/311fde72_nohash_4.wav,stop
DataSet/stop/3143fdff_nohash_0.wav,stop
DataSet/stop/31ac8b88_nohash_0.wav,stop
DataSet/stop/31d68957_nohash_0.wav,stop
DataSet/stop/31db232b_nohash_0.wav,stop
DataSet/stop/31db232b_nohash_1.wav,stop
DataSet/stop/31f01a8d_nohash_0.wav,stop
DataSet/stop/31f01a8d_nohash_1.wav,stop
DataSet/stop/31f01a8d_nohash_2.wav,stop
DataSet/stop/31f01a8d_nohash_3.wav,stop
DataSet/stop/31f01a8d_nohash_4.wav,stop
DataSet/stop/31fd5cf5_nohash_0.wav,stop
DataSet/stop/3209ec42_nohash_0.wav,stop
DataSet/stop/321aba74_nohash_0.wav,stop
DataSet/stop/321aba74_nohash_1.wav,stop
DataSet/stop/321aba74_nohash_2.wav,stop
DataSet/stop/321aba74_nohash_3.wav,stop
DataSet/stop/321aba74_nohash_4.wav,stop
DataSet/stop/322d17d3_nohash_0.wav,stop
DataSet/stop/322d17d3_nohash_1.wav,stop
DataSet/stop/322d17d3_nohash_2.wav,stop
DataSet/stop/322d17d3_nohash_3.wav,stop
DataSet/stop/322d17d3_nohash_4.wav,stop
DataSet/stop/324210dd_nohash_0.wav,stop
DataSet/stop/324210dd_nohash_1.wav,stop
DataSet/stop/324210dd_nohash_2.wav,stop
DataSet/stop/324210dd_nohash_3.wav,stop
DataSet/stop/324210dd_nohash_4.wav,stop
DataSet/stop/32561e9e_nohash_0.wav,stop
DataSet/stop/325a0c39_nohash_0.wav,stop
DataSet/stop/327289eb_nohash_0.wav,stop
DataSet/stop/327289eb_nohash_1.wav,stop
DataSet/stop/327289eb_nohash_2.wav,stop
DataSet/stop/327289eb_nohash_3.wav,stop
DataSet/stop/3291330e_nohash_0.wav,stop
DataSet/stop/3291330e_nohash_1.wav,stop
DataSet/stop/3291330e_nohash_2.wav,stop
DataSet/stop/3291330e_nohash_3.wav,stop
DataSet/stop/3291330e_nohash_4.wav,stop
DataSet/stop/32ad5b65_nohash_0.wav,stop
DataSet/stop/32ad5b65_nohash_1.wav,stop
DataSet/stop/32ad5b65_nohash_2.wav,stop
DataSet/stop/32ad5b65_nohash_3.wav,stop
DataSet/stop/32ad5b65_nohash_4.wav,stop
DataSet/stop/32efce64_nohash_0.wav,stop
DataSet/stop/33246bc2_nohash_0.wav,stop
DataSet/stop/33246bc2_nohash_1.wav,stop
DataSet/stop/332d33b1_nohash_0.wav,stop
DataSet/stop/332d33b1_nohash_1.wav,stop
DataSet/stop/332d33b1_nohash_2.wav,stop
DataSet/stop/332d33b1_nohash_3.wav,stop
DataSet/stop/332d33b1_nohash_4.wav,stop
DataSet/stop/333784b7_nohash_0.wav,stop
DataSet/stop/333784b7_nohash_1.wav,stop
DataSet/stop/333784b7_nohash_2.wav,stop
DataSet/stop/333784b7_nohash_3.wav,stop
DataSet/stop/333784b7_nohash_4.wav,stop
DataSet/stop/333d7ddb_nohash_0.wav,stop
DataSet/stop/333d7ddb_nohash_1.wav,stop
DataSet/stop/333d7ddb_nohash_2.wav,stop
DataSet/stop/333d7ddb_nohash_3.wav,stop
DataSet/stop/3367cff6_nohash_0.wav,stop
DataSet/stop/3389305e_nohash_0.wav,stop
DataSet/stop/3389305e_nohash_1.wav,stop
DataSet/stop/3389305e_nohash_2.wav,stop
DataSet/stop/338dacf5_nohash_0.wav,stop
DataSet/stop/33903159_nohash_0.wav,stop
DataSet/stop/33f60c62_nohash_0.wav,stop
DataSet/stop/340c8b10_nohash_0.wav,stop
DataSet/stop/340c8b10_nohash_1.wav,stop
DataSet/stop/340c8b10_nohash_2.wav,stop
DataSet/stop/34805883_nohash_0.wav,stop
DataSet/stop/34d5aa5a_nohash_0.wav,stop
DataSet/stop/34d5aa5a_nohash_1.wav,stop
DataSet/stop/352ffbe3_nohash_0.wav,stop
DataSet/stop/352ffbe3_nohash_1.wav,stop
DataSet/stop/353b4d33_nohash_0.wav,stop
DataSet/stop/3589bc72_nohash_0.wav,stop
DataSet/stop/3589bc72_nohash_1.wav,stop
DataSet/stop/3589bc72_nohash_2.wav,stop
DataSet/stop/3589bc72_nohash_3.wav,stop
DataSet/stop/3589bc72_nohash_4.wav,stop
DataSet/stop/35c8fa78_nohash_0.wav,stop
DataSet/stop/35d1b6ee_nohash_0.wav,stop
DataSet/stop/35d1b6ee_nohash_1.wav,stop
DataSet/stop/35d1b6ee_nohash_2.wav,stop
DataSet/stop/35d1b6ee_nohash_3.wav,stop
DataSet/stop/35d1b6ee_nohash_4.wav,stop
DataSet/stop/36050ef3_nohash_0.wav,stop
DataSet/stop/36050ef3_nohash_1.wav,stop
DataSet/stop/36050ef3_nohash_2.wav,stop
DataSet/stop/36050ef3_nohash_3.wav,stop
DataSet/stop/36050ef3_nohash_4.wav,stop
DataSet/stop/363c6bad_nohash_0.wav,stop
DataSet/stop/364c0853_nohash_0.wav,stop
DataSet/stop/364f979f_nohash_0.wav,stop
DataSet/stop/365531e2_nohash_0.wav,stop
DataSet/stop/365531e2_nohash_1.wav,stop
DataSet/stop/365908bd_nohash_0.wav,stop
DataSet/stop/365908bd_nohash_1.wav,stop
DataSet/stop/365908bd_nohash_2.wav,stop
DataSet/stop/365908bd_nohash_3.wav,stop
DataSet/stop/365908bd_nohash_4.wav,stop
DataSet/stop/3659fc1c_nohash_0.wav,stop
DataSet/stop/3659fc1c_nohash_1.wav,stop
DataSet/stop/368bedd4_nohash_0.wav,stop
DataSet/stop/370844f7_nohash_0.wav,stop
DataSet/stop/3777c08e_nohash_0.wav,stop
DataSet/stop/3777c08e_nohash_1.wav,stop
DataSet/stop/377e916b_nohash_0.wav,stop
DataSet/stop/37a3cd33_nohash_0.wav,stop
DataSet/stop/37b03ab1_nohash_0.wav,stop
DataSet/stop/37bd115d_nohash_0.wav,stop
DataSet/stop/37bd115d_nohash_1.wav,stop
DataSet/stop/37bd115d_nohash_2.wav,stop
DataSet/stop/37d38e44_nohash_0.wav,stop
DataSet/stop/37d38e44_nohash_1.wav,stop
DataSet/stop/37dca74f_nohash_0.wav,stop
DataSet/stop/37dca74f_nohash_1.wav,stop
DataSet/stop/37dca74f_nohash_2.wav,stop
DataSet/stop/37dca74f_nohash_3.wav,stop
DataSet/stop/37dca74f_nohash_4.wav,stop
DataSet/stop/37e8db82_nohash_0.wav,stop
DataSet/stop/37fc5d97_nohash_0.wav,stop
DataSet/stop/37fc5d97_nohash_1.wav,stop
DataSet/stop/37fc5d97_nohash_2.wav,stop
DataSet/stop/380abbad_nohash_0.wav,stop
DataSet/stop/3824c00e_nohash_0.wav,stop
DataSet/stop/3847619e_nohash_0.wav,stop
DataSet/stop/3852fca2_nohash_0.wav,stop
DataSet/stop/38c388bc_nohash_0.wav,stop
DataSet/stop/38d78313_nohash_0.wav,stop
DataSet/stop/38d78313_nohash_1.wav,stop
DataSet/stop/38d78313_nohash_2.wav,stop
DataSet/stop/38d78313_nohash_3.wav,stop
DataSet/stop/3903b558_nohash_0.wav,stop
DataSet/stop/39543cfd_nohash_0.wav,stop
DataSet/stop/39833acb_nohash_0.wav,stop
DataSet/stop/39833acb_nohash_1.wav,stop
DataSet/stop/39833acb_nohash_2.wav,stop
DataSet/stop/39833acb_nohash_3.wav,stop
DataSet/stop/39833acb_nohash_4.wav,stop
DataSet/stop/39999a0f_nohash_0.wav,stop
DataSet/stop/39a12648_nohash_0.wav,stop
DataSet/stop/39a12648_nohash_1.wav,stop
DataSet/stop/39a12648_nohash_2.wav,stop
DataSet/stop/39a12648_nohash_3.wav,stop
DataSet/stop/39a45230_nohash_0.wav,stop
DataSet/stop/39a6b995_nohash_0.wav,stop
DataSet/stop/39afb88e_nohash_0.wav,stop
DataSet/stop/39b5fdab_nohash_0.wav,stop
DataSet/stop/39ec87ac_nohash_0.wav,stop
DataSet/stop/3a182c98_nohash_0.wav,stop
DataSet/stop/3a182c98_nohash_1.wav,stop
DataSet/stop/3a33d3a4_nohash_0.wav,stop
DataSet/stop/3a33d3a4_nohash_1.wav,stop
DataSet/stop/3a33d3a4_nohash_2.wav,stop
DataSet/stop/3a3ee7ed_nohash_0.wav,stop
DataSet/stop/3a3ee7ed_nohash_1.wav,stop
DataSet/stop/3a3ee7ed_nohash_2.wav,stop
DataSet/stop/3a3ee7ed_nohash_3.wav,stop
DataSet/stop/3a53b856_nohash_0.wav,stop
DataSet/stop/3a69f765_nohash_0.wav,stop
DataSet/stop/3a69f765_nohash_1.wav,stop
DataSet/stop/3a69f765_nohash_2.wav,stop
DataSet/stop/3a69f765_nohash_3.wav,stop
DataSet/stop/3a69f765_nohash_4.wav,stop
DataSet/stop/3a789a0d_nohash_0.wav,stop
DataSet/stop/3a7d8872_nohash_0.wav,stop
DataSet/stop/3a929277_nohash_0.wav,stop
DataSet/stop/3a929277_nohash_1.wav,stop
DataSet/stop/3a929277_nohash_2.wav,stop
DataSet/stop/3a929277_nohash_3.wav,stop
DataSet/stop/3a929277_nohash_4.wav,stop
DataSet/stop/3aa6f4e2_nohash_0.wav,stop
DataSet/stop/3aa6f4e2_nohash_1.wav,stop
DataSet/stop/3b195250_nohash_0.wav,stop
DataSet/stop/3b195250_nohash_1.wav,stop
DataSet/stop/3b195250_nohash_2.wav,stop
DataSet/stop/3b195250_nohash_3.wav,stop
DataSet/stop/3b3d2f59_nohash_0.wav,stop
DataSet/stop/3b3d2f59_nohash_1.wav,stop
DataSet/stop/3b3d2f59_nohash_2.wav,stop
DataSet/stop/3b3d2f59_nohash_3.wav,stop
DataSet/stop/3b4f8f24_nohash_0.wav,stop
DataSet/stop/3b4f8f24_nohash_1.wav,stop
DataSet/stop/3b4f8f24_nohash_2.wav,stop
DataSet/stop/3b7f817e_nohash_0.wav,stop
DataSet/stop/3b7f817e_nohash_1.wav,stop
DataSet/stop/3bb68054_nohash_0.wav,stop
DataSet/stop/3bb68054_nohash_1.wav,stop
DataSet/stop/3bb68054_nohash_2.wav,stop
DataSet/stop/3bb68054_nohash_3.wav,stop
DataSet/stop/3bb68054_nohash_4.wav,stop
DataSet/stop/3bc21161_nohash_0.wav,stop
DataSet/stop/3bc21161_nohash_1.wav,stop
DataSet/stop/3bc21161_nohash_2.wav,stop
DataSet/stop/3bc21161_nohash_3.wav,stop
DataSet/stop/3bc21161_nohash_4.wav,stop
DataSet/stop/3bdf05d3_nohash_0.wav,stop
DataSet/stop/3bfd30e6_nohash_0.wav,stop
DataSet/stop/3bfd30e6_nohash_1.wav,stop
DataSet/stop/3bfd30e6_nohash_2.wav,stop
DataSet/stop/3bfd30e6_nohash_3.wav,stop
DataSet/stop/3bfd30e6_nohash_4.wav,stop
DataSet/stop/3c1e12cf_nohash_0.wav,stop
DataSet/stop/3c1e12cf_nohash_1.wav,stop
DataSet/stop/3c257192_nohash_0.wav,stop
DataSet/stop/3c257192_nohash_1.wav,stop
DataSet/stop/3c257192_nohash_2.wav,stop
DataSet/stop/3c257192_nohash_3.wav,stop
DataSet/stop/3c4aa5ef_nohash_0.wav,stop
DataSet/stop/3c4aa5ef_nohash_1.wav,stop
DataSet/stop/3c4aa5ef_nohash_2.wav,stop
DataSet/stop/3c4aa5ef_nohash_3.wav,stop
DataSet/stop/3ca784ec_nohash_0.wav,stop
DataSet/stop/3ca784ec_nohash_1.wav,stop
DataSet/stop/3ca784ec_nohash_2.wav,stop
DataSet/stop/3ca784ec_nohash_3.wav,stop
DataSet/stop/3cc595de_nohash_0.wav,stop
DataSet/stop/3cc595de_nohash_1.wav,stop
DataSet/stop/3cc595de_nohash_2.wav,stop
DataSet/stop/3cc595de_nohash_3.wav,stop
DataSet/stop/3cc595de_nohash_4.wav,stop
DataSet/stop/3cdecb0b_nohash_0.wav,stop
DataSet/stop/3ce4910e_nohash_0.wav,stop
DataSet/stop/3ce4910e_nohash_1.wav,stop
DataSet/stop/3ce4910e_nohash_2.wav,stop
DataSet/stop/3ce4910e_nohash_3.wav,stop
DataSet/stop/3cfc6b3a_nohash_0.wav,stop
DataSet/stop/3d3ddaf8_nohash_0.wav,stop
DataSet/stop/3d3ddaf8_nohash_1.wav,stop
DataSet/stop/3d53244b_nohash_0.wav,stop
DataSet/stop/3d53244b_nohash_1.wav,stop
DataSet/stop/3d53244b_nohash_2.wav,stop
DataSet/stop/3d53244b_nohash_3.wav,stop
DataSet/stop/3d53244b_nohash_4.wav,stop
DataSet/stop/3d794813_nohash_0.wav,stop
DataSet/stop/3d794813_nohash_1.wav,stop
DataSet/stop/3d794813_nohash_2.wav,stop
DataSet/stop/3d794813_nohash_3.wav,stop
DataSet/stop/3d794813_nohash_4.wav,stop
DataSet/stop/3d86b69a_nohash_0.wav,stop
DataSet/stop/3d86b69a_nohash_1.wav,stop
DataSet/stop/3d86b69a_nohash_2.wav,stop
DataSet/stop/3d9200b9_nohash_0.wav,stop
DataSet/stop/3de53d23_nohash_0.wav,stop
DataSet/stop/3df9a3d4_nohash_0.wav,stop
DataSet/stop/3df9a3d4_nohash_1.wav,stop
DataSet/stop/3dfd6c23_nohash_0.wav,stop
DataSet/stop/3e31dffe_nohash_0.wav,stop
DataSet/stop/3e31dffe_nohash_1.wav,stop
DataSet/stop/3e31dffe_nohash_2.wav,stop
DataSet/stop/3e31dffe_nohash_3.wav,stop
DataSet/stop/3e31dffe_nohash_4.wav,stop
DataSet/stop/3e3fa7fd_nohash_0.wav,stop
DataSet/stop/3ec05c3d_nohash_0.wav,stop
DataSet/stop/3ed3e49a_nohash_0.wav,stop
DataSet/stop/3ee0fc39_nohash_0.wav,stop
DataSet/stop/3f170018_nohash_0.wav,stop
DataSet/stop/3f45a0cf_nohash_0.wav,stop
DataSet/stop/3f45a0cf_nohash_1.wav,stop
DataSet/stop/3f45a0cf_nohash_2.wav,stop
DataSet/stop/3f45a0cf_nohash_3.wav,stop
DataSet/stop/3ffa3457_nohash_0.wav,stop
DataSet/stop/3ffa3457_nohash_1.wav,stop
DataSet/stop/40738a2d_nohash_0.wav,stop
DataSet/stop/40738a2d_nohash_1.wav,stop
DataSet/stop/40738a2d_nohash_2.wav,stop
DataSet/stop/409c962a_nohash_0.wav,stop
DataSet/stop/413997c1_nohash_0.wav,stop
DataSet/stop/41474817_nohash_0.wav,stop
DataSet/stop/41777abb_nohash_0.wav,stop
DataSet/stop/41777abb_nohash_1.wav,stop
DataSet/stop/418e7158_nohash_0.wav,stop
DataSet/stop/418e7158_nohash_1.wav,stop
DataSet/stop/41dce6f5_nohash_0.wav,stop
DataSet/stop/421ed23f_nohash_0.wav,stop
DataSet/stop/4249c833_nohash_0.wav,stop
DataSet/stop/4254621e_nohash_0.wav,stop
DataSet/stop/4290ca61_nohash_0.wav,stop
DataSet/stop/42a99aec_nohash_0.wav,stop
DataSet/stop/42a99aec_nohash_1.wav,stop
DataSet/stop/42a99aec_nohash_2.wav,stop
DataSet/stop/42a99aec_nohash_3.wav,stop
DataSet/stop/42a99aec_nohash_4.wav,stop
DataSet/stop/42f81601_nohash_0.wav,stop
DataSet/stop/42f81601_nohash_1.wav,stop
DataSet/stop/42f81601_nohash_2.wav,stop
DataSet/stop/42f81601_nohash_3.wav,stop
DataSet/stop/42f81601_nohash_4.wav,stop
DataSet/stop/434a267c_nohash_0.wav,stop
DataSet/stop/434a267c_nohash_1.wav,stop
DataSet/stop/434a267c_nohash_2.wav,stop
DataSet/stop/435695e3_nohash_0.wav,stop
DataSet/stop/435695e3_nohash_1.wav,stop
DataSet/stop/435695e3_nohash_2.wav,stop
DataSet/stop/435695e3_nohash_3.wav,stop
DataSet/stop/43691f67_nohash_0.wav,stop
DataSet/stop/437455be_nohash_0.wav,stop
DataSet/stop/439c84f4_nohash_0.wav,stop
DataSet/stop/439c84f4_nohash_1.wav,stop
DataSet/stop/439c84f4_nohash_2.wav,stop
DataSet/stop/439c84f4_nohash_3.wav,stop
DataSet/stop/439c84f4_nohash_4.wav,stop
DataSet/stop/43fc47a7_nohash_0.wav,stop
DataSet/stop/43fc47a7_nohash_1.wav,stop
DataSet/stop/43fc47a7_nohash_2.wav,stop
DataSet/stop/4407ba92_nohash_0.wav,stop
DataSet/stop/44715c1c_nohash_0.wav,stop
DataSet/stop/44bc77f7_nohash_0.wav,stop
DataSet/stop/44bc77f7_nohash_1.wav,stop
DataSet/stop/44dad20e_nohash_0.wav,stop
DataSet/stop/44e9d8d2_nohash_0.wav,stop
DataSet/stop/44f68a83_nohash_0.wav,stop
DataSet/stop/45692b02_nohash_0.wav,stop
DataSet/stop/45692b02_nohash_1.wav,stop
DataSet/stop/45692b02_nohash_2.wav,stop
DataSet/stop/45864319_nohash_0.wav,stop
DataSet/stop/45adf84a_nohash_0.wav,stop
DataSet/stop/460209ac_nohash_0.wav,stop
DataSet/stop/460209ac_nohash_1.wav,stop
DataSet/stop/460209ac_nohash_2.wav,stop
DataSet/stop/460209ac_nohash_3.wav,stop
DataSet/stop/460209ac_nohash_4.wav,stop
DataSet/stop/46114b4e_nohash_0.wav,stop
DataSet/stop/46114b4e_nohash_1.wav,stop
DataSet/stop/4620dc14_nohash_0.wav,stop
DataSet/stop/462dca36_nohash_0.wav,stop
DataSet/stop/462dca36_nohash_1.wav,stop
DataSet/stop/462dca36_nohash_2.wav,stop
DataSet/stop/462e1919_nohash_0.wav,stop
DataSet/stop/462e1919_nohash_1.wav,stop
DataSet/stop/462e1919_nohash_2.wav,stop
DataSet/stop/4634529e_nohash_0.wav,stop
DataSet/stop/4634529e_nohash_1.wav,stop
DataSet/stop/4649256f_nohash_0.wav,stop
DataSet/stop/4649256f_nohash_1.wav,stop
DataSet/stop/46a153d8_nohash_0.wav,stop
DataSet/stop/46a153d8_nohash_1.wav,stop
DataSet/stop/46a153d8_nohash_2.wav,stop
DataSet/stop/46a153d8_nohash_3.wav,stop
DataSet/stop/471a0925_nohash_0.wav,stop
DataSet/stop/471a0925_nohash_1.wav,stop
DataSet/stop/471a0925_nohash_2.wav,stop
DataSet/stop/471a0925_nohash_3.wav,stop
DataSet/stop/472b8045_nohash_0.wav,stop
DataSet/stop/472b8045_nohash_1.wav,stop
DataSet/stop/472b8045_nohash_2.wav,stop
DataSet/stop/472b8045_nohash_3.wav,stop
DataSet/stop/472b8045_nohash_4.wav,stop
DataSet/stop/47565088_nohash_0.wav,stop
DataSet/stop/47565088_nohash_1.wav,stop
DataSet/stop/475b61f1_nohash_0.wav,stop
DataSet/stop/479e64cc_nohash_0.wav,stop
DataSet/stop/479e64cc_nohash_1.wav,stop
DataSet/stop/47d01978_nohash_0.wav,stop
DataSet/stop/483e2a6f_nohash_0.wav,stop
DataSet/stop/48463cbc_nohash_0.wav,stop
DataSet/stop/48463cbc_nohash_1.wav,stop
DataSet/stop/4874a7e9_nohash_0.wav,stop
DataSet/stop/48a8a69d_nohash_0.wav,stop
DataSet/stop/48a9f771_nohash_0.wav,stop
DataSet/stop/48a9f771_nohash_1.wav,stop
DataSet/stop/48a9f771_nohash_2.wav,stop
DataSet/stop/48bdc11c_nohash_0.wav,stop
DataSet/stop/48bfde8e_nohash_0.wav,stop
DataSet/stop/48e8b82a_nohash_0.wav,stop
DataSet/stop/48e8b82a_nohash_1.wav,stop
DataSet/stop/48e8b82a_nohash_2.wav,stop
DataSet/stop/493392c6_nohash_0.wav,stop
DataSet/stop/4954abe8_nohash_0.wav,stop
DataSet/stop/4995d875_nohash_0.wav,stop
DataSet/stop/4995d875_nohash_1.wav,stop
DataSet/stop/4995d875_nohash_2.wav,stop
DataSet/stop/499be02e_nohash_0.wav,stop
DataSet/stop/499be02e_nohash_1.wav,stop
DataSet/stop/499be02e_nohash_2.wav,stop
DataSet/stop/499be02e_nohash_3.wav,stop
DataSet/stop/499be02e_nohash_4.wav,stop
DataSet/stop/49f30eed_nohash_0.wav,stop
DataSet/stop/4a1e736b_nohash_0.wav,stop
DataSet/stop/4a1e736b_nohash_1.wav,stop
DataSet/stop/4a1e736b_nohash_2.wav,stop
DataSet/stop/4a1e736b_nohash_3.wav,stop
DataSet/stop/4a1e736b_nohash_4.wav,stop
DataSet/stop/4a4e28f1_nohash_0.wav,stop
DataSet/stop/4abb2400_nohash_0.wav,stop
DataSet/stop/4abefdf5_nohash_0.wav,stop
DataSet/stop/4abefdf5_nohash_1.wav,stop
DataSet/stop/4b25f620_nohash_0.wav,stop
DataSet/stop/4b39347d_nohash_0.wav,stop
DataSet/stop/4b39347d_nohash_1.wav,stop
DataSet/stop/4b3a7ad5_nohash_0.wav,stop
DataSet/stop/4bb1244f_nohash_0.wav,stop
DataSet/stop/4bb1244f_nohash_1.wav,stop
DataSet/stop/4bba14ce_nohash_0.wav,stop
DataSet/stop/4bc2c2c5_nohash_0.wav,stop
DataSet/stop/4bc2c2c5_nohash_1.wav,stop
DataSet/stop/4bc2c2c5_nohash_2.wav,stop
DataSet/stop/4c13fe25_nohash_0.wav,stop
DataSet/stop/4c13fe25_nohash_1.wav,stop
DataSet/stop/4c3cddb8_nohash_0.wav,stop
DataSet/stop/4c3cddb8_nohash_1.wav,stop
DataSet/stop/4c3cddb8_nohash_2.wav,stop
DataSet/stop/4c3cddb8_nohash_3.wav,stop
DataSet/stop/4c3cddb8_nohash_4.wav,stop
DataSet/stop/4c432947_nohash_0.wav,stop
DataSet/stop/4c432947_nohash_1.wav,stop
DataSet/stop/4c6167ca_nohash_0.wav,stop
DataSet/stop/4c6167ca_nohash_1.wav,stop
DataSet/stop/4c6167ca_nohash_2.wav,stop
DataSet/stop/4c6167ca_nohash_3.wav,stop
DataSet/stop/4c6167ca_nohash_4.wav,stop
DataSet/stop/4c6167ca_nohash_5.wav,stop
DataSet/stop/4c6167ca_nohash_6.wav,stop
DataSet/stop/4c6944d6_nohash_0.wav,stop
DataSet/stop/4c6944d6_nohash_1.wav,stop
DataSet/stop/4c6944d6_nohash_2.wav,stop
DataSet/stop/4c6944d6_nohash_3.wav,stop
DataSet/stop/4c6944d6_nohash_4.wav,stop
DataSet/stop/4c6944d6_nohash_5.wav,stop
DataSet/stop/4c6944d6_nohash_6.wav,stop
DataSet/stop/4c6944d6_nohash_7.wav,stop
DataSet/stop/4c77947d_nohash_0.wav,stop
DataSet/stop/4c77947d_nohash_1.wav,stop
DataSet/stop/4c77947d_nohash_2.wav,stop
DataSet/stop/4cee0c60_nohash_0.wav,stop
DataSet/stop/4cee0c60_nohash_1.wav,stop
DataSet/stop/4cee0c60_nohash_2.wav,stop
DataSet/stop/4cee0c60_nohash_3.wav,stop
DataSet/stop/4cee0c60_nohash_4.wav,stop
DataSet/stop/4d0d9906_nohash_0.wav,stop
DataSet/stop/4d4e17f5_nohash_0.wav,stop
DataSet/stop/4d9e07cf_nohash_0.wav,stop
DataSet/stop/4e6902d0_nohash_0.wav,stop
DataSet/stop/4e6902d0_nohash_1.wav,stop
DataSet/stop/4e6902d0_nohash_2.wav,stop
DataSet/stop/4e6902d0_nohash_3.wav,stop
DataSet/stop/4e6902d0_nohash_4.wav,stop
DataSet/stop/4e8c5516_nohash_0.wav,stop
DataSet/stop/4e99c1b7_nohash_0.wav,stop
DataSet/stop/4e99c1b7_nohash_1.wav,stop
DataSet/stop/4e99c1b7_nohash_2.wav,stop
DataSet/stop/4e99c1b7_nohash_3.wav,stop
DataSet/stop/4ec7d027_nohash_0.wav,stop
DataSet/stop/4f781a59_nohash_0.wav,stop
DataSet/stop/4f8ef132_nohash_0.wav,stop
DataSet/stop/4f8ef132_nohash_1.wav,stop
DataSet/stop/4fce7686_nohash_0.wav,stop
DataSet/stop/4fd1443e_nohash_0.wav,stop
DataSet/stop/4fd1443e_nohash_1.wav,stop
DataSet/stop/4fd1443e_nohash_2.wav,stop
DataSet/stop/4fd1443e_nohash_3.wav,stop
DataSet/stop/4fd4d073_nohash_0.wav,stop
DataSet/stop/50033893_nohash_0.wav,stop
DataSet/stop/5087f68b_nohash_0.wav,stop
DataSet/stop/508e30ee_nohash_0.wav,stop
DataSet/stop/508e30ee_nohash_1.wav,stop
DataSet/stop/508e30ee_nohash_2.wav,stop
DataSet/stop/50a8ef27_nohash_0.wav,stop
DataSet/stop/50a8ef27_nohash_1.wav,stop
DataSet/stop/5104f2f4_nohash_0.wav,stop
DataSet/stop/51055bda_nohash_0.wav,stop
DataSet/stop/51055bda_nohash_1.wav,stop
DataSet/stop/51055bda_nohash_2.wav,stop
DataSet/stop/51055bda_nohash_3.wav,stop
DataSet/stop/51055bda_nohash_4.wav,stop
DataSet/stop/513aeddf_nohash_0.wav,stop
DataSet/stop/513aeddf_nohash_1.wav,stop
DataSet/stop/513aeddf_nohash_2.wav,stop
DataSet/stop/513aeddf_nohash_3.wav,stop
DataSet/stop/513aeddf_nohash_4.wav,stop
DataSet/stop/5165cf0a_nohash_0.wav,stop
DataSet/stop/5170b77f_nohash_0.wav,stop
DataSet/stop/5170b77f_nohash_1.wav,stop
DataSet/stop/5170b77f_nohash_2.wav,stop
DataSet/stop/5170b77f_nohash_3.wav,stop
DataSet/stop/5184ed3e_nohash_0.wav,stop
DataSet/stop/5184ed3e_nohash_1.wav,stop
DataSet/stop/5184ed3e_nohash_2.wav,stop
DataSet/stop/5188de0d_nohash_0.wav,stop
DataSet/stop/5188de0d_nohash_1.wav,stop
DataSet/stop/5195f0ec_nohash_0.wav,stop
DataSet/stop/5195f0ec_nohash_1.wav,stop
DataSet/stop/51c5601d_nohash_0.wav,stop
DataSet/stop/51c5601d_nohash_1.wav,stop
DataSet/stop/51c5601d_nohash_2.wav,stop
DataSet/stop/51c5601d_nohash_3.wav,stop
DataSet/stop/51eefcc6_nohash_0.wav,stop
DataSet/stop/51eefcc6_nohash_1.wav,stop
DataSet/stop/51f4d5b0_nohash_0.wav,stop
DataSet/stop/51f7a034_nohash_0.wav,stop
DataSet/stop/51f7a034_nohash_1.wav,stop
DataSet/stop/51f7a034_nohash_2.wav,stop
DataSet/stop/520b2c17_nohash_0.wav,stop
DataSet/stop/52162b51_nohash_0.wav,stop
DataSet/stop/52162b51_nohash_1.wav,stop
DataSet/stop/52162b51_nohash_2.wav,stop
DataSet/stop/52162b51_nohash_3.wav,stop
DataSet/stop/5236848b_nohash_0.wav,stop
DataSet/stop/525eaa62_nohash_0.wav,stop
DataSet/stop/525eaa62_nohash_1.wav,stop
DataSet/stop/525eaa62_nohash_2.wav,stop
DataSet/stop/525eaa62_nohash_3.wav,stop
DataSet/stop/525eaa62_nohash_4.wav,stop
DataSet/stop/528f9242_nohash_0.wav,stop
DataSet/stop/529eda42_nohash_0.wav,stop
DataSet/stop/529eda42_nohash_1.wav,stop
DataSet/stop/529eda42_nohash_2.wav,stop
DataSet/stop/52e228e9_nohash_0.wav,stop
DataSet/stop/52e228e9_nohash_1.wav,stop
DataSet/stop/531a5b8a_nohash_0.wav,stop
DataSet/stop/531a5b8a_nohash_1.wav,stop
DataSet/stop/533c6564_nohash_0.wav,stop
DataSet/stop/53458368_nohash_0.wav,stop
DataSet/stop/53458368_nohash_1.wav,stop
DataSet/stop/53fd1780_nohash_0.wav,stop
DataSet/stop/540d8427_nohash_0.wav,stop
DataSet/stop/541120c7_nohash_0.wav,stop
DataSet/stop/541120c7_nohash_1.wav,stop
DataSet/stop/54ad8f22_nohash_0.wav,stop
DataSet/stop/54ad8f22_nohash_1.wav,stop
DataSet/stop/54ad8f22_nohash_2.wav,stop
DataSet/stop/54ad8f22_nohash_3.wav,stop
DataSet/stop/54aecbd5_nohash_0.wav,stop
DataSet/stop/54aecbd5_nohash_1.wav,stop
DataSet/stop/54aecbd5_nohash_2.wav,stop
DataSet/stop/54aecbd5_nohash_3.wav,stop
DataSet/stop/54aecbd5_nohash_4.wav,stop
DataSet/stop/54b6d355_nohash_0.wav,stop
DataSet/stop/54b6d355_nohash_1.wav,stop
DataSet/stop/54b6d355_nohash_2.wav,stop
DataSet/stop/54b6d355_nohash_3.wav,stop
DataSet/stop/54b6d355_nohash_4.wav,stop
DataSet/stop/54d9ccb5_nohash_0.wav,stop
DataSet/stop/54d9ccb5_nohash_1.wav,stop
DataSet/stop/54d9ccb5_nohash_2.wav,stop
DataSet/stop/54d9ccb5_nohash_3.wav,stop
DataSet/stop/551e42e8_nohash_0.wav,stop
DataSet/stop/559bc36a_nohash_0.wav,stop
DataSet/stop/559bc36a_nohash_1.wav,stop
DataSet/stop/55d3725a_nohash_0.wav,stop
DataSet/stop/55feffd5_nohash_0.wav,stop
DataSet/stop/5628d7b7_nohash_0.wav,stop
DataSet/stop/563aa4e6_nohash_0.wav,stop
DataSet/stop/563aa4e6_nohash_1.wav,stop
DataSet/stop/563aa4e6_nohash_2.wav,stop
DataSet/stop/563aa4e6_nohash_3.wav,stop
DataSet/stop/563aa4e6_nohash_4.wav,stop
DataSet/stop/5677ec77_nohash_0.wav,stop
DataSet/stop/5677ec77_nohash_1.wav,stop
DataSet/stop/56cd307a_nohash_0.wav,stop
DataSet/stop/56cd307a_nohash_1.wav,stop
DataSet/stop/56eb74ae_nohash_0.wav,stop
DataSet/stop/56eb74ae_nohash_1.wav,stop
DataSet/stop/56eb74ae_nohash_2.wav,stop
DataSet/stop/56eb74ae_nohash_3.wav,stop
DataSet/stop/56eb74ae_nohash_4.wav,stop
DataSet/stop/57152045_nohash_0.wav,stop
DataSet/stop/57152045_nohash_1.wav,stop
DataSet/stop/57152045_nohash_2.wav,stop
DataSet/stop/57152045_nohash_3.wav,stop
DataSet/stop/57152045_nohash_4.wav,stop
DataSet/stop/57152045_nohash_5.wav,stop
DataSet/stop/57376a4c_nohash_0.wav,stop
DataSet/stop/57376a4c_nohash_1.wav,stop
DataSet/stop/57376a4c_nohash_2.wav,stop
DataSet/stop/573cdb8a_nohash_0.wav,stop
DataSet/stop/573cdb8a_nohash_1.wav,stop
DataSet/stop/573cdb8a_nohash_2.wav,stop
DataSet/stop/5769c5ab_nohash_0.wav,stop
DataSet/stop/5769c5ab_nohash_1.wav,stop
DataSet/stop/5769c5ab_nohash_2.wav,stop
DataSet/stop/5769c5ab_nohash_3.wav,stop
DataSet/stop/5769c5ab_nohash_4.wav,stop
DataSet/stop/578d3efb_nohash_0.wav,stop
DataSet/stop/578d3efb_nohash_1.wav,stop
DataSet/stop/578d3efb_nohash_2.wav,stop
DataSet/stop/578d3efb_nohash_3.wav,stop
DataSet/stop/578d3efb_nohash_4.wav,stop
DataSet/stop/57b38f48_nohash_0.wav,stop
DataSet/stop/57b68383_nohash_0.wav,stop
DataSet/stop/57cb3575_nohash_0.wav,stop
DataSet/stop/57de2379_nohash_0.wav,stop
DataSet/stop/587f3271_nohash_0.wav,stop
DataSet/stop/589bce2c_nohash_0.wav,stop
DataSet/stop/58df33b5_nohash_0.wav,stop
DataSet/stop/58df33b5_nohash_1.wav,stop
DataSet/stop/59b98a22_nohash_0.wav,stop
DataSet/stop/59c3a7f2_nohash_0.wav,stop
DataSet/stop/59c3a7f2_nohash_1.wav,stop
DataSet/stop/59fe87e6_nohash_0.wav,stop
DataSet/stop/59fe87e6_nohash_1.wav,stop
DataSet/stop/5a0bc987_nohash_0.wav,stop
DataSet/stop/5a5721f8_nohash_0.wav,stop
DataSet/stop/5a5721f8_nohash_1.wav,stop
DataSet/stop/5a5721f8_nohash_2.wav,stop
DataSet/stop/5a98d407_nohash_0.wav,stop
DataSet/stop/5a98d407_nohash_1.wav,stop
DataSet/stop/5a98d407_nohash_2.wav,stop
DataSet/stop/5a9f7324_nohash_0.wav,stop
DataSet/stop/5a9f7324_nohash_1.wav,stop
DataSet/stop/5a9f7324_nohash_2.wav,stop
DataSet/stop/5ac04a92_nohash_0.wav,stop
DataSet/stop/5ac04a92_nohash_1.wav,stop
DataSet/stop/5ac04a92_nohash_2.wav,stop
DataSet/stop/5af0ca83_nohash_0.wav,stop
DataSet/stop/5af0ca83_nohash_1.wav,stop
DataSet/stop/5b09db89_nohash_0.wav,stop
DataSet/stop/5b09db89_nohash_1.wav,stop
DataSet/stop/5b09db89_nohash_2.wav,stop
DataSet/stop/5b09db89_nohash_3.wav,stop
DataSet/stop/5b09db89_nohash_4.wav,stop
DataSet/stop/5b26c81b_nohash_0.wav,stop
DataSet/stop/5b26c81b_nohash_1.wav,stop
DataSet/stop/5b32733e_nohash_0.wav,stop
DataSet/stop/5b32733e_nohash_1.wav,stop
DataSet/stop/5ba724a7_nohash_0.wav,stop
DataSet/stop/5ba724a7_nohash_1.wav,stop
DataSet/stop/5bf1f1cb_nohash_0.wav,stop
DataSet/stop/5c39594f_nohash_0.wav,stop
DataSet/stop/5c39594f_nohash_1.wav,stop
DataSet/stop/5c39594f_nohash_2.wav,stop
DataSet/stop/5c39594f_nohash_3.wav,stop
DataSet/stop/5c39594f_nohash_4.wav,stop
DataSet/stop/5c8af87a_nohash_0.wav,stop
DataSet/stop/5c8af87a_nohash_1.wav,stop
DataSet/stop/5c8af87a_nohash_2.wav,stop
DataSet/stop/5cf1ecce_nohash_0.wav,stop
DataSet/stop/5cf1ecce_nohash_1.wav,stop
DataSet/stop/5cf1ecce_nohash_2.wav,stop
DataSet/stop/5cf1ecce_nohash_3.wav,stop
DataSet/stop/5cf1ecce_nohash_4.wav,stop
DataSet/stop/5d4e3bb8_nohash_0.wav,stop
DataSet/stop/5d9bb361_nohash_0.wav,stop
DataSet/stop/5e033479_nohash_0.wav,stop
DataSet/stop/5e1b34a6_nohash_0.wav,stop
DataSet/stop/5e3dde6b_nohash_0.wav,stop
DataSet/stop/5e3dde6b_nohash_1.wav,stop
DataSet/stop/5e3dde6b_nohash_2.wav,stop
DataSet/stop/5e3dde6b_nohash_3.wav,stop
DataSet/stop/5e3dde6b_nohash_4.wav,stop
DataSet/stop/5eb5fc74_nohash_0.wav,stop
DataSet/stop/5ebc1cda_nohash_0.wav,stop
DataSet/stop/5ebc1cda_nohash_1.wav,stop
DataSet/stop/5ebc1cda_nohash_2.wav,stop
DataSet/stop/5ebc1cda_nohash_3.wav,stop
DataSet/stop/5ebc1cda_nohash_4.wav,stop
DataSet/stop/5ebc1cda_nohash_5.wav,stop
DataSet/stop/5ebc1cda_nohash_6.wav,stop
DataSet/stop/5ebc1cda_nohash_7.wav,stop
DataSet/stop/5efb758c_nohash_0.wav,stop
DataSet/stop/5f01c798_nohash_0.wav,stop
DataSet/stop/5f1253e9_nohash_0.wav,stop
DataSet/stop/5f1b1051_nohash_0.wav,stop
DataSet/stop/5f1b1051_nohash_1.wav,stop
DataSet/stop/5f5eef60_nohash_0.wav,stop
DataSet/stop/5f5eef60_nohash_1.wav,stop
DataSet/stop/5f5eef60_nohash_2.wav,stop
DataSet/stop/5f5eef60_nohash_3.wav,stop
DataSet/stop/5f5eef60_nohash_4.wav,stop
DataSet/stop/5f8097e1_nohash_0.wav,stop
DataSet/stop/5f8097e1_nohash_1.wav,stop
DataSet/stop/5f8097e1_nohash_2.wav,stop
DataSet/stop/5f8097e1_nohash_3.wav,stop
DataSet/stop/5f814c23_nohash_0.wav,stop
DataSet/stop/5f8e50a0_nohash_0.wav,stop
DataSet/stop/5f9cd2eb_nohash_0.wav,stop
DataSet/stop/5f9cd2eb_nohash_1.wav,stop
DataSet/stop/5f9cd2eb_nohash_2.wav,stop
DataSet/stop/5f9cd2eb_nohash_3.wav,stop
DataSet/stop/5f9cd2eb_nohash_4.wav,stop
DataSet/stop/5f9cd2eb_nohash_5.wav,stop
DataSet/stop/5f9cd2eb_nohash_6.wav,stop
DataSet/stop/5fadb538_nohash_0.wav,stop
DataSet/stop/5fadb538_nohash_1.wav,stop
DataSet/stop/5fadb538_nohash_2.wav,stop
DataSet/stop/5fadb538_nohash_3.wav,stop
DataSet/stop/5fadb538_nohash_4.wav,stop
DataSet/stop/5fc3ed24_nohash_0.wav,stop
DataSet/stop/5fc3ed24_nohash_1.wav,stop
DataSet/stop/5fc3ed24_nohash_2.wav,stop
DataSet/stop/5fe4a278_nohash_0.wav,stop
DataSet/stop/5ff3f9a1_nohash_0.wav,stop
DataSet/stop/60402b64_nohash_0.wav,stop
DataSet/stop/60472d26_nohash_0.wav,stop
DataSet/stop/605ed0ff_nohash_0.wav,stop
DataSet/stop/6078eb0d_nohash_0.wav,stop
DataSet/stop/6094340e_nohash_0.wav,stop
DataSet/stop/6094340e_nohash_1.wav,stop
DataSet/stop/6094340e_nohash_2.wav,stop
DataSet/stop/611d2b50_nohash_0.wav,stop
DataSet/stop/611d2b50_nohash_1.wav,stop
DataSet/stop/611d2b50_nohash_2.wav,stop
DataSet/stop/611d2b50_nohash_3.wav,stop
DataSet/stop/6124b431_nohash_0.wav,stop
DataSet/stop/6124b431_nohash_1.wav,stop
DataSet/stop/6124b431_nohash_2.wav,stop
DataSet/stop/6124b431_nohash_3.wav,stop
DataSet/stop/61482e52_nohash_0.wav,stop
DataSet/stop/61482e52_nohash_1.wav,stop
DataSet/stop/61482e52_nohash_2.wav,stop
DataSet/stop/61482e52_nohash_3.wav,stop
DataSet/stop/616420be_nohash_0.wav,stop
DataSet/stop/616420be_nohash_1.wav,stop
DataSet/stop/616420be_nohash_2.wav,stop
DataSet/stop/616420be_nohash_3.wav,stop
DataSet/stop/616420be_nohash_4.wav,stop
DataSet/stop/6166ae21_nohash_0.wav,stop
DataSet/stop/617aeb6c_nohash_0.wav,stop
DataSet/stop/617aeb6c_nohash_1.wav,stop
DataSet/stop/617aeb6c_nohash_2.wav,stop
DataSet/stop/617aeb6c_nohash_3.wav,stop
DataSet/stop/617aeb6c_nohash_4.wav,stop
DataSet/stop/617de221_nohash_0.wav,stop
DataSet/stop/617de221_nohash_1.wav,stop
DataSet/stop/617de221_nohash_2.wav,stop
DataSet/stop/617de221_nohash_3.wav,stop
DataSet/stop/617de221_nohash_4.wav,stop
DataSet/stop/619b5164_nohash_0.wav,stop
DataSet/stop/61a9f72a_nohash_0.wav,stop
DataSet/stop/61ab8fbc_nohash_0.wav,stop
DataSet/stop/61ab8fbc_nohash_1.wav,stop
DataSet/stop/61ab8fbc_nohash_2.wav,stop
DataSet/stop/61ab8fbc_nohash_3.wav,stop
DataSet/stop/61abbf52_nohash_0.wav,stop
DataSet/stop/61abbf52_nohash_1.wav,stop
DataSet/stop/61abbf52_nohash_2.wav,stop
DataSet/stop/61abbf52_nohash_3.wav,stop
DataSet/stop/61abbf52_nohash_4.wav,stop
DataSet/stop/61abbf52_nohash_5.wav,stop
DataSet/stop/61bcb275_nohash_0.wav,stop
DataSet/stop/61d3e51e_nohash_0.wav,stop
DataSet/stop/61e2f74f_nohash_0.wav,stop
DataSet/stop/61e2f74f_nohash_1.wav,stop
DataSet/stop/61e2f74f_nohash_2.wav,stop
DataSet/stop/61e2f74f_nohash_3.wav,stop
DataSet/stop/61e2f74f_nohash_4.wav,stop
DataSet/stop/620ff0fa_nohash_0.wav,stop
DataSet/stop/620ff0fa_nohash_1.wav,stop
DataSet/stop/62581901_nohash_0.wav,stop
DataSet/stop/62581901_nohash_1.wav,stop
DataSet/stop/62605293_nohash_0.wav,stop
DataSet/stop/62605293_nohash_1.wav,stop
DataSet/stop/62641b88_nohash_0.wav,stop
DataSet/stop/626e323f_nohash_0.wav,stop
DataSet/stop/626e323f_nohash_1.wav,stop
DataSet/stop/6272b231_nohash_0.wav,stop
DataSet/stop/627c0bec_nohash_0.wav,stop
DataSet/stop/62b7c848_nohash_0.wav,stop
DataSet/stop/62ef962d_nohash_0.wav,stop
DataSet/stop/62f05757_nohash_0.wav,stop
DataSet/stop/62f05757_nohash_1.wav,stop
DataSet/stop/62f05757_nohash_2.wav,stop
DataSet/stop/62f05757_nohash_3.wav,stop
DataSet/stop/6301e683_nohash_0.wav,stop
DataSet/stop/6347b393_nohash_0.wav,stop
DataSet/stop/637c702a_nohash_0.wav,stop
DataSet/stop/637c702a_nohash_1.wav,stop
DataSet/stop/637c702a_nohash_2.wav,stop
DataSet/stop/63996b7c_nohash_0.wav,stop
DataSet/stop/63996b7c_nohash_1.wav,stop
DataSet/stop/63f7a489_nohash_0.wav,stop
DataSet/stop/63f7a489_nohash_1.wav,stop
DataSet/stop/63f7a489_nohash_2.wav,stop
DataSet/stop/63f7a489_nohash_3.wav,stop
DataSet/stop/6414258b_nohash_0.wav,stop
DataSet/stop/64220627_nohash_0.wav,stop
DataSet/stop/64220627_nohash_1.wav,stop
DataSet/stop/64220627_nohash_2.wav,stop
DataSet/stop/645ed69d_nohash_0.wav,stop
DataSet/stop/645ed69d_nohash_1.wav,stop
DataSet/stop/645ed69d_nohash_2.wav,stop
DataSet/stop/645ed69d_nohash_3.wav,stop
DataSet/stop/645ed69d_nohash_4.wav,stop
DataSet/stop/64a80906_nohash_0.wav,stop
DataSet/stop/64df20d8_nohash_0.wav,stop
DataSet/stop/64df20d8_nohash_1.wav,stop
DataSet/stop/64df20d8_nohash_2.wav,stop
DataSet/stop/64df20d8_nohash_3.wav,stop
DataSet/stop/64e48f55_nohash_0.wav,stop
DataSet/stop/64e48f55_nohash_1.wav,stop
DataSet/stop/64e48f55_nohash_2.wav,stop
DataSet/stop/64f83f0e_nohash_0.wav,stop
DataSet/stop/64f83f0e_nohash_1.wav,stop
DataSet/stop/65040d9b_nohash_0.wav,stop
DataSet/stop/650daf8e_nohash_0.wav,stop
DataSet/stop/651d108f_nohash_0.wav,stop
DataSet/stop/652b3da7_nohash_0.wav,stop
DataSet/stop/653a48f5_nohash_0.wav,stop
DataSet/stop/654772d3_nohash_0.wav,stop
DataSet/stop/6565a81d_nohash_0.wav,stop
DataSet/stop/6565a81d_nohash_1.wav,stop
DataSet/stop/6565a81d_nohash_2.wav,stop
DataSet/stop/6565a81d_nohash_3.wav,stop
DataSet/stop/6565a81d_nohash_4.wav,stop
DataSet/stop/656e8bb3_nohash_0.wav,stop
DataSet/stop/65846c5f_nohash_0.wav,stop
DataSet/stop/65c73b55_nohash_0.wav,stop
DataSet/stop/65d81c54_nohash_0.wav,stop
DataSet/stop/66774579_nohash_0.wav,stop
DataSet/stop/66a412a7_nohash_0.wav,stop
DataSet/stop/66aa0f29_nohash_0.wav,stop
DataSet/stop/66cbe2b3_nohash_0.wav,stop
DataSet/stop/66cff190_nohash_0.wav,stop
DataSet/stop/66cff190_nohash_1.wav,stop
DataSet/stop/6727b579_nohash_0.wav,stop
DataSet/stop/6727b579_nohash_1.wav,stop
DataSet/stop/6727b579_nohash_2.wav,stop
DataSet/stop/6727b579_nohash_3.wav,stop
DataSet/stop/6727b579_nohash_4.wav,stop
DataSet/stop/674ca5ea_nohash_0.wav,stop
DataSet/stop/676f8138_nohash_0.wav,stop
DataSet/stop/676f8138_nohash_1.wav,stop
DataSet/stop/676f8138_nohash_2.wav,stop
DataSet/stop/676f8138_nohash_3.wav,stop
DataSet/stop/676f8138_nohash_4.wav,stop
DataSet/stop/679463fc_nohash_0.wav,stop
DataSet/stop/679463fc_nohash_1.wav,stop
DataSet/stop/679463fc_nohash_2.wav,stop
DataSet/stop/679463fc_nohash_3.wav,stop
DataSet/stop/6794a793_nohash_0.wav,stop
DataSet/stop/67961766_nohash_0.wav,stop
DataSet/stop/67bdbf56_nohash_0.wav,stop
DataSet/stop/67bdbf56_nohash_1.wav,stop
DataSet/stop/67bdbf56_nohash_2.wav,stop
DataSet/stop/67bdbf56_nohash_3.wav,stop
DataSet/stop/67bdbf56_nohash_4.wav,stop
DataSet/stop/67c7fecb_nohash_0.wav,stop
DataSet/stop/67fcdb05_nohash_0.wav,stop
DataSet/stop/682e1687_nohash_0.wav,stop
DataSet/stop/6846af18_nohash_0.wav,stop
DataSet/stop/6846af18_nohash_1.wav,stop
DataSet/stop/686d030b_nohash_0.wav,stop
DataSet/stop/686d030b_nohash_1.wav,stop
DataSet/stop/686d030b_nohash_2.wav,stop
DataSet/stop/686d030b_nohash_3.wav,stop
DataSet/stop/686d030b_nohash_4.wav,stop
DataSet/stop/68dd409e_nohash_0.wav,stop
DataSet/stop/68dd409e_nohash_1.wav,stop
DataSet/stop/68dd409e_nohash_2.wav,stop
DataSet/stop/68effe85_nohash_0.wav,stop
DataSet/stop/68effe85_nohash_1.wav,stop
DataSet/stop/6904f0cb_nohash_0.wav,stop
DataSet/stop/6904f0cb_nohash_1.wav,stop
DataSet/stop/6904f0cb_nohash_2.wav,stop
DataSet/stop/692a88e6_nohash_0.wav,stop
DataSet/stop/692a88e6_nohash_1.wav,stop
DataSet/stop/692a88e6_nohash_2.wav,stop
DataSet/stop/692a88e6_nohash_3.wav,stop
DataSet/stop/692a88e6_nohash_4.wav,stop
DataSet/stop/6940f7f3_nohash_0.wav,stop
DataSet/stop/6969e51a_nohash_0.wav,stop
DataSet/stop/6969e51a_nohash_1.wav,stop
DataSet/stop/6969e51a_nohash_2.wav,stop
DataSet/stop/6969e51a_nohash_3.wav,stop
DataSet/stop/6982fc2a_nohash_0.wav,stop
DataSet/stop/69953f48_nohash_0.wav,stop
DataSet/stop/69953f48_nohash_1.wav,stop
DataSet/stop/69a1a79f_nohash_0.wav,stop
DataSet/stop/69a1a79f_nohash_1.wav,stop
DataSet/stop/69a1a79f_nohash_2.wav,stop
DataSet/stop/69a1a79f_nohash_3.wav,stop
DataSet/stop/69a1a79f_nohash_4.wav,stop
DataSet/stop/69f609ec_nohash_0.wav,stop
DataSet/stop/69f609ec_nohash_1.wav,stop
DataSet/stop/69f609ec_nohash_2.wav,stop
DataSet/stop/6a014b29_nohash_0.wav,stop
DataSet/stop/6a014b29_nohash_1.wav,stop
DataSet/stop/6a014b29_nohash_2.wav,stop
DataSet/stop/6a27a9bf_nohash_0.wav,stop
DataSet/stop/6a2fb9a5_nohash_0.wav,stop
DataSet/stop/6aa8def4_nohash_0.wav,stop
DataSet/stop/6aa8def4_nohash_1.wav,stop
DataSet/stop/6aa8def4_nohash_2.wav,stop
DataSet/stop/6aa8def4_nohash_3.wav,stop
DataSet/stop/6aafb34f_nohash_0.wav,stop
DataSet/stop/6aafb34f_nohash_1.wav,stop
DataSet/stop/6ace4fe1_nohash_0.wav,stop
DataSet/stop/6ace4fe1_nohash_1.wav,stop
DataSet/stop/6ace4fe1_nohash_2.wav,stop
DataSet/stop/6ace4fe1_nohash_3.wav,stop
DataSet/stop/6ace4fe1_nohash_4.wav,stop
DataSet/stop/6adb8ad9_nohash_0.wav,stop
DataSet/stop/6add0595_nohash_0.wav,stop
DataSet/stop/6af4aa07_nohash_0.wav,stop
DataSet/stop/6af4aa07_nohash_1.wav,stop
DataSet/stop/6bf5baf3_nohash_0.wav,stop
DataSet/stop/6bf5baf3_nohash_1.wav,stop
DataSet/stop/6bf5baf3_nohash_2.wav,stop
DataSet/stop/6bf5baf3_nohash_3.wav,stop
DataSet/stop/6c0f6493_nohash_0.wav,stop
DataSet/stop/6c0f6493_nohash_1.wav,stop
DataSet/stop/6c0f6493_nohash_2.wav,stop
DataSet/stop/6c0f6493_nohash_3.wav,stop
DataSet/stop/6c0f6493_nohash_4.wav,stop
DataSet/stop/6c429c7b_nohash_0.wav,stop
DataSet/stop/6c429c7b_nohash_1.wav,stop
DataSet/stop/6c429c7b_nohash_2.wav,stop
DataSet/stop/6c429c7b_nohash_3.wav,stop
DataSet/stop/6c429c7b_nohash_4.wav,stop
DataSet/stop/6c88cf25_nohash_0.wav,stop
DataSet/stop/6c88cf25_nohash_1.wav,stop
DataSet/stop/6c9223bd_nohash_0.wav,stop
DataSet/stop/6c968bd9_nohash_0.wav,stop
DataSet/stop/6c968bd9_nohash_1.wav,stop
DataSet/stop/6c968bd9_nohash_2.wav,stop
DataSet/stop/6c968bd9_nohash_3.wav,stop
DataSet/stop/6c9a1ac2_nohash_0.wav,stop
DataSet/stop/6cb6eee7_nohash_0.wav,stop
DataSet/stop/6ceeb9aa_nohash_0.wav,stop
DataSet/stop/6ceeb9aa_nohash_1.wav,stop
DataSet/stop/6cf5459b_nohash_0.wav,stop
DataSet/stop/6cf5459b_nohash_1.wav,stop
DataSet/stop/6d1dcca6_nohash_0.wav,stop
DataSet/stop/6d7af359_nohash_0.wav,stop
DataSet/stop/6d818f6c_nohash_0.wav,stop
DataSet/stop/6d818f6c_nohash_1.wav,stop
DataSet/stop/6dfff95a_nohash_0.wav,stop
DataSet/stop/6e2ef3d5_nohash_0.wav,stop
DataSet/stop/6e2ef3d5_nohash_1.wav,stop
DataSet/stop/6e8b9b7b_nohash_0.wav,stop
DataSet/stop/6e8b9b7b_nohash_1.wav,stop
DataSet/stop/6ef407da_nohash_0.wav,stop
DataSet/stop/6ef407da_nohash_1.wav,stop
DataSet/stop/6ef407da_nohash_2.wav,stop
DataSet/stop/6ef407da_nohash_3.wav,stop
DataSet/stop/6f2c6f7e_nohash_0.wav,stop
DataSet/stop/6f2c6f7e_nohash_1.wav,stop
DataSet/stop/6f2f57c1_nohash_0.wav,stop
DataSet/stop/6f342826_nohash_0.wav,stop
DataSet/stop/6f5eea74_nohash_0.wav,stop
DataSet/stop/6f689791_nohash_0.wav,stop
DataSet/stop/6f689791_nohash_1.wav,stop
DataSet/stop/6f689791_nohash_2.wav,stop
DataSet/stop/6f7724f5_nohash_0.wav,stop
DataSet/stop/6f9088d7_nohash_0.wav,stop
DataSet/stop/6f9088d7_nohash_1.wav,stop
DataSet/stop/6fb3d5a7_nohash_0.wav,stop
DataSet/stop/6fb3d5a7_nohash_1.wav,stop
DataSet/stop/6fb3d5a7_nohash_2.wav,stop
DataSet/stop/6fb3d5a7_nohash_3.wav,stop
DataSet/stop/6fca237d_nohash_0.wav,stop
DataSet/stop/7014b07e_nohash_0.wav,stop
DataSet/stop/7014b07e_nohash_1.wav,stop
DataSet/stop/7081436f_nohash_0.wav,stop
DataSet/stop/708b8d51_nohash_0.wav,stop
DataSet/stop/7096522d_nohash_0.wav,stop
DataSet/stop/7096522d_nohash_1.wav,stop
DataSet/stop/70a00e98_nohash_0.wav,stop
DataSet/stop/70a00e98_nohash_1.wav,stop
DataSet/stop/70a00e98_nohash_2.wav,stop
DataSet/stop/70a00e98_nohash_3.wav,stop
DataSet/stop/70a00e98_nohash_4.wav,stop
DataSet/stop/712e4d58_nohash_0.wav,stop
DataSet/stop/712e4d58_nohash_1.wav,stop
DataSet/stop/712e4d58_nohash_2.wav,stop
DataSet/stop/712e4d58_nohash_3.wav,stop
DataSet/stop/716757ce_nohash_0.wav,stop
DataSet/stop/716757ce_nohash_1.wav,stop
DataSet/stop/71904de3_nohash_0.wav,stop
DataSet/stop/71904de3_nohash_1.wav,stop
DataSet/stop/7192fddc_nohash_0.wav,stop
DataSet/stop/7195ffa6_nohash_0.wav,stop
DataSet/stop/71bf8f48_nohash_0.wav,stop
DataSet/stop/71d0ded4_nohash_0.wav,stop
DataSet/stop/71d0ded4_nohash_1.wav,stop
DataSet/stop/71d0ded4_nohash_2.wav,stop
DataSet/stop/71d0ded4_nohash_3.wav,stop
DataSet/stop/71d0ded4_nohash_4.wav,stop
DataSet/stop/71e6ab20_nohash_0.wav,stop
DataSet/stop/71e6ab20_nohash_1.wav,stop
DataSet/stop/71e6ab20_nohash_2.wav,stop
DataSet/stop/71e6ab20_nohash_3.wav,stop
DataSet/stop/71f6fed7_nohash_0.wav,stop
DataSet/stop/71f6fed7_nohash_1.wav,stop
DataSet/stop/71f6fed7_nohash_2.wav,stop
DataSet/stop/7211390b_nohash_0.wav,stop
DataSet/stop/7211390b_nohash_1.wav,stop
DataSet/stop/7211390b_nohash_2.wav,stop
DataSet/stop/7211390b_nohash_3.wav,stop
DataSet/stop/7213ed54_nohash_0.wav,stop
DataSet/stop/7213ed54_nohash_1.wav,stop
DataSet/stop/7213ed54_nohash_2.wav,stop
DataSet/stop/7213ed54_nohash_3.wav,stop
DataSet/stop/7213ed54_nohash_4.wav,stop
DataSet/stop/721f767c_nohash_0.wav,stop
DataSet/stop/72242187_nohash_0.wav,stop
DataSet/stop/72242187_nohash_1.wav,stop
DataSet/stop/72242187_nohash_2.wav,stop
DataSet/stop/72242187_nohash_3.wav,stop
DataSet/stop/723efc4c_nohash_0.wav,stop
DataSet/stop/7257420c_nohash_0.wav,stop
DataSet/stop/726382d6_nohash_0.wav,stop
DataSet/stop/728be664_nohash_0.wav,stop
DataSet/stop/72aa7259_nohash_0.wav,stop
DataSet/stop/72aa7259_nohash_1.wav,stop
DataSet/stop/72aa7259_nohash_2.wav,stop
DataSet/stop/72be9202_nohash_0.wav,stop
DataSet/stop/72e382bd_nohash_0.wav,stop
DataSet/stop/72e382bd_nohash_1.wav,stop
DataSet/stop/72e382bd_nohash_2.wav,stop
DataSet/stop/72e382bd_nohash_3.wav,stop
DataSet/stop/72e382bd_nohash_4.wav,stop
DataSet/stop/7303215d_nohash_0.wav,stop
DataSet/stop/7303215d_nohash_1.wav,stop
DataSet/stop/73124b26_nohash_0.wav,stop
DataSet/stop/73124b26_nohash_1.wav,stop
DataSet/stop/7318280c_nohash_0.wav,stop
DataSet/stop/735845ab_nohash_0.wav,stop
DataSet/stop/735845ab_nohash_1.wav,stop
DataSet/stop/73f0c1f7_nohash_0.wav,stop
DataSet/stop/73f0c1f7_nohash_1.wav,stop
DataSet/stop/73f20b00_nohash_0.wav,stop
DataSet/stop/73f20b00_nohash_1.wav,stop
DataSet/stop/73f20b00_nohash_2.wav,stop
DataSet/stop/73f20b00_nohash_3.wav,stop
DataSet/stop/74241b28_nohash_0.wav,stop
DataSet/stop/74241b28_nohash_1.wav,stop
DataSet/stop/74241b28_nohash_2.wav,stop
DataSet/stop/74241b28_nohash_3.wav,stop
DataSet/stop/742d6431_nohash_0.wav,stop
DataSet/stop/742d6431_nohash_1.wav,stop
DataSet/stop/742d6431_nohash_2.wav,stop
DataSet/stop/742d6431_nohash_3.wav,stop
DataSet/stop/743edf9d_nohash_0.wav,stop
DataSet/stop/74551073_nohash_0.wav,stop
DataSet/stop/74551073_nohash_1.wav,stop
DataSet/stop/74551073_nohash_2.wav,stop
DataSet/stop/7464b22e_nohash_0.wav,stop
DataSet/stop/747e69fd_nohash_0.wav,stop
DataSet/stop/74b73f88_nohash_0.wav,stop
DataSet/stop/74b73f88_nohash_1.wav,stop
DataSet/stop/7622d95b_nohash_0.wav,stop
DataSet/stop/763188c4_nohash_0.wav,stop
DataSet/stop/763188c4_nohash_1.wav,stop
DataSet/stop/763188c4_nohash_2.wav,stop
DataSet/stop/763188c4_nohash_3.wav,stop
DataSet/stop/76424fa5_nohash_0.wav,stop
DataSet/stop/765ffccb_nohash_0.wav,stop
DataSet/stop/765ffccb_nohash_1.wav,stop
DataSet/stop/76b58705_nohash_0.wav,stop
DataSet/stop/76e53db9_nohash_0.wav,stop
DataSet/stop/772db621_nohash_0.wav,stop
DataSet/stop/772db621_nohash_1.wav,stop
DataSet/stop/773e26f7_nohash_0.wav,stop
DataSet/stop/773e26f7_nohash_1.wav,stop
DataSet/stop/773e26f7_nohash_2.wav,stop
DataSet/stop/773e26f7_nohash_3.wav,stop
DataSet/stop/773e26f7_nohash_4.wav,stop
DataSet/stop/77655bdf_nohash_0.wav,stop
DataSet/stop/77655bdf_nohash_1.wav,stop
DataSet/stop/778a4a01_nohash_0.wav,stop
DataSet/stop/778a4a01_nohash_1.wav,stop
DataSet/stop/7799c9cd_nohash_0.wav,stop
DataSet/stop/779de043_nohash_0.wav,stop
DataSet/stop/779de043_nohash_1.wav,stop
DataSet/stop/779de043_nohash_2.wav,stop
DataSet/stop/779de043_nohash_3.wav,stop
DataSet/stop/779de043_nohash_4.wav,stop
DataSet/stop/77def3ee_nohash_0.wav,stop
DataSet/stop/77f185d3_nohash_0.wav,stop
DataSet/stop/78030270_nohash_0.wav,stop
DataSet/stop/7846fd85_nohash_0.wav,stop
DataSet/stop/7846fd85_nohash_1.wav,stop
DataSet/stop/7846fd85_nohash_2.wav,stop
DataSet/stop/7846fd85_nohash_3.wav,stop
DataSet/stop/7846fd85_nohash_4.wav,stop
DataSet/stop/784e281a_nohash_0.wav,stop
DataSet/stop/784e281a_nohash_1.wav,stop
DataSet/stop/784e281a_nohash_2.wav,stop
DataSet/stop/78622c2b_nohash_0.wav,stop
DataSet/stop/7910d292_nohash_0.wav,stop
DataSet/stop/7910d292_nohash_1.wav,stop
DataSet/stop/7add4c5f_nohash_0.wav,stop
DataSet/stop/7add4c5f_nohash_1.wav,stop
DataSet/stop/7bae88ed_nohash_0.wav,stop
DataSet/stop/7be9f58a_nohash_0.wav,stop
DataSet/stop/7be9f58a_nohash_1.wav,stop
DataSet/stop/7c1d8533_nohash_0.wav,stop
DataSet/stop/7c1d8533_nohash_1.wav,stop
DataSet/stop/7c1d8533_nohash_2.wav,stop
DataSet/stop/7c2a3fa4_nohash_0.wav,stop
DataSet/stop/7c2a3fa4_nohash_1.wav,stop
DataSet/stop/7c75a504_nohash_0.wav,stop
DataSet/stop/7c83c5f6_nohash_0.wav,stop
DataSet/stop/7c83c5f6_nohash_1.wav,stop
DataSet/stop/7c83c5f6_nohash_2.wav,stop
DataSet/stop/7c83c5f6_nohash_3.wav,stop
DataSet/stop/7c83c5f6_nohash_4.wav,stop
DataSet/stop/7c9b43f0_nohash_0.wav,stop
DataSet/stop/7cb5c0b7_nohash_0.wav,stop
DataSet/stop/7cbf645a_nohash_0.wav,stop
DataSet/stop/7cf14c54_nohash_0.wav,stop
DataSet/stop/7cf14c54_nohash_1.wav,stop
DataSet/stop/7cf14c54_nohash_2.wav,stop
DataSet/stop/7cf14c54_nohash_3.wav,stop
DataSet/stop/7cf14c54_nohash_4.wav,stop
DataSet/stop/7d149b38_nohash_0.wav,stop
DataSet/stop/7d5f87c8_nohash_0.wav,stop
DataSet/stop/7d6b4b10_nohash_0.wav,stop
DataSet/stop/7d6b4b10_nohash_1.wav,stop
DataSet/stop/7d6b4b10_nohash_2.wav,stop
DataSet/stop/7d6b4b10_nohash_3.wav,stop
DataSet/stop/7d86b703_nohash_0.wav,stop
DataSet/stop/7d86b703_nohash_1.wav,stop
DataSet/stop/7d86b703_nohash_2.wav,stop
DataSet/stop/7dc50b88_nohash_0.wav,stop
DataSet/stop/7dc95912_nohash_0.wav,stop
DataSet/stop/7e2d5caf_nohash_0.wav,stop
DataSet/stop/7e4fa1d8_nohash_0.wav,stop
DataSet/stop/7e6bd776_nohash_0.wav,stop
DataSet/stop/7e6bd776_nohash_1.wav,stop
DataSet/stop/7e6bd776_nohash_2.wav,stop
DataSet/stop/7e7ca854_nohash_0.wav,stop
DataSet/stop/7e7ca854_nohash_1.wav,stop
DataSet/stop/7e7ca854_nohash_2.wav,stop
DataSet/stop/7e843da8_nohash_0.wav,stop
DataSet/stop/7ea032f3_nohash_0.wav,stop
DataSet/stop/7ea032f3_nohash_1.wav,stop
DataSet/stop/7ea032f3_nohash_2.wav,stop
DataSet/stop/7ea032f3_nohash_3.wav,stop
DataSet/stop/7eee5973_nohash_0.wav,stop
DataSet/stop/7eee5973_nohash_1.wav,stop
DataSet/stop/7f208e83_nohash_0.wav,stop
DataSet/stop/7f581e94_nohash_0.wav,stop
DataSet/stop/7f74626f_nohash_0.wav,stop
DataSet/stop/7f74626f_nohash_1.wav,stop
DataSet/stop/7f74626f_nohash_2.wav,stop
DataSet/stop/7f74626f_nohash_3.wav,stop
DataSet/stop/7f74626f_nohash_4.wav,stop
DataSet/stop/7f9eb952_nohash_0.wav,stop
DataSet/stop/7f9eb952_nohash_1.wav,stop
DataSet/stop/7f9eb952_nohash_2.wav,stop
DataSet/stop/7f9eb952_nohash_3.wav,stop
DataSet/stop/7f9eb952_nohash_4.wav,stop
DataSet/stop/7fa5fa1f_nohash_0.wav,stop
DataSet/stop/7fa5fa1f_nohash_1.wav,stop
DataSet/stop/7fb8d703_nohash_0.wav,stop
DataSet/stop/7fb8d703_nohash_1.wav,stop
DataSet/stop/7fb8d703_nohash_2.wav,stop
DataSet/stop/7fb8d703_nohash_3.wav,stop
DataSet/stop/7fb8d703_nohash_4.wav,stop
DataSet/stop/7fd25f7c_nohash_0.wav,stop
DataSet/stop/7fd25f7c_nohash_1.wav,stop
DataSet/stop/7fd25f7c_nohash_2.wav,stop
DataSet/stop/7fd25f7c_nohash_3.wav,stop
DataSet/stop/7ff085e1_nohash_0.wav,stop
DataSet/stop/7ff4fc72_nohash_0.wav,stop
DataSet/stop/7ff4fc72_nohash_1.wav,stop
DataSet/stop/7ff4fc72_nohash_2.wav,stop
DataSet/stop/8012c69d_nohash_0.wav,stop
DataSet/stop/8012c69d_nohash_1.wav,stop
DataSet/stop/8012c69d_nohash_2.wav,stop
DataSet/stop/8012c69d_nohash_3.wav,stop
DataSet/stop/8012c69d_nohash_4.wav,stop
DataSet/stop/8056e897_nohash_0.wav,stop
DataSet/stop/80c45ed6_nohash_0.wav,stop
DataSet/stop/80c45ed6_nohash_1.wav,stop
DataSet/stop/80fe1dc7_nohash_0.wav,stop
DataSet/stop/81332c92_nohash_0.wav,stop
DataSet/stop/81332c92_nohash_1.wav,stop
DataSet/stop/81332c92_nohash_2.wav,stop
DataSet/stop/81332c92_nohash_3.wav,stop
DataSet/stop/81332c92_nohash_4.wav,stop
DataSet/stop/8134f43f_nohash_0.wav,stop
DataSet/stop/8134f43f_nohash_1.wav,stop
DataSet/stop/8134f43f_nohash_2.wav,stop
DataSet/stop/8134f43f_nohash_3.wav,stop
DataSet/stop/8134f43f_nohash_4.wav,stop
DataSet/stop/815f0f03_nohash_0.wav,stop
DataSet/stop/81898f68_nohash_0.wav,stop
DataSet/stop/81dc4a94_nohash_0.wav,stop
DataSet/stop/821b64cc_nohash_0.wav,stop
DataSet/stop/821b64cc_nohash_1.wav,stop
DataSet/stop/821b64cc_nohash_2.wav,stop
DataSet/stop/823353e5_nohash_0.wav,stop
DataSet/stop/823353e5_nohash_1.wav,stop
DataSet/stop/824e8ce5_nohash_0.wav,stop
DataSet/stop/824e8ce5_nohash_1.wav,stop
DataSet/stop/825f450d_nohash_0.wav,stop
DataSet/stop/825f450d_nohash_1.wav,stop
DataSet/stop/825f450d_nohash_2.wav,stop
DataSet/stop/826268f8_nohash_0.wav,stop
DataSet/stop/8281a2a8_nohash_0.wav,stop
DataSet/stop/8281a2a8_nohash_1.wav,stop
DataSet/stop/8281a2a8_nohash_2.wav,stop
DataSet/stop/8281a2a8_nohash_3.wav,stop
DataSet/stop/82951cf0_nohash_0.wav,stop
DataSet/stop/82951cf0_nohash_1.wav,stop
DataSet/stop/82b99576_nohash_0.wav,stop
DataSet/stop/82c6d220_nohash_0.wav,stop
DataSet/stop/82c6d220_nohash_1.wav,stop
DataSet/stop/82c6d220_nohash_2.wav,stop
DataSet/stop/82e7204d_nohash_0.wav,stop
DataSet/stop/82e7204d_nohash_1.wav,stop
DataSet/stop/8335f893_nohash_0.wav,stop
DataSet/stop/8335f893_nohash_1.wav,stop
DataSet/stop/833d9f56_nohash_0.wav,stop
DataSet/stop/833d9f56_nohash_1.wav,stop
DataSet/stop/833d9f56_nohash_2.wav,stop
DataSet/stop/833d9f56_nohash_3.wav,stop
DataSet/stop/833d9f56_nohash_4.wav,stop
DataSet/stop/834f03fe_nohash_0.wav,stop
DataSet/stop/834f03fe_nohash_1.wav,stop
DataSet/stop/834f03fe_nohash_2.wav,stop
DataSet/stop/834f03fe_nohash_3.wav,stop
DataSet/stop/834f03fe_nohash_4.wav,stop
DataSet/stop/837a0f64_nohash_0.wav,stop
DataSet/stop/837a0f64_nohash_1.wav,stop
DataSet/stop/837a0f64_nohash_2.wav,stop
DataSet/stop/837a0f64_nohash_3.wav,stop
DataSet/stop/837a0f64_nohash_4.wav,stop
DataSet/stop/83957201_nohash_0.wav,stop
DataSet/stop/83957201_nohash_1.wav,stop
DataSet/stop/83f9c4ab_nohash_0.wav,stop
DataSet/stop/840c366d_nohash_0.wav,stop
DataSet/stop/840eab5a_nohash_0.wav,stop
DataSet/stop/840eab5a_nohash_1.wav,stop
DataSet/stop/8442ea62_nohash_0.wav,stop
DataSet/stop/8442ea62_nohash_1.wav,stop
DataSet/stop/8442ea62_nohash_2.wav,stop
DataSet/stop/845f8553_nohash_0.wav,stop
DataSet/stop/845f8553_nohash_1.wav,stop
DataSet/stop/845f8553_nohash_2.wav,stop
DataSet/stop/845f8553_nohash_3.wav,stop
DataSet/stop/845f8553_nohash_4.wav,stop
DataSet/stop/84999496_nohash_0.wav,stop
DataSet/stop/84bf12ff_nohash_0.wav,stop
DataSet/stop/84bf12ff_nohash_1.wav,stop
DataSet/stop/850e2222_nohash_0.wav,stop
DataSet/stop/8523766b_nohash_0.wav,stop
DataSet/stop/8536c82d_nohash_0.wav,stop
DataSet/stop/856eb138_nohash_0.wav,stop
DataSet/stop/856eb138_nohash_1.wav,stop
DataSet/stop/856eb138_nohash_2.wav,stop
DataSet/stop/856eb138_nohash_3.wav,stop
DataSet/stop/856eb138_nohash_4.wav,stop
DataSet/stop/857366dd_nohash_0.wav,stop
DataSet/stop/85834399_nohash_0.wav,stop
DataSet/stop/85851131_nohash_0.wav,stop
DataSet/stop/85851131_nohash_1.wav,stop
DataSet/stop/85851131_nohash_2.wav,stop
DataSet/stop/85851131_nohash_3.wav,stop
DataSet/stop/85851131_nohash_4.wav,stop
DataSet/stop/85b877b5_nohash_0.wav,stop
DataSet/stop/85c5eaa0_nohash_0.wav,stop
DataSet/stop/85c5eaa0_nohash_1.wav,stop
DataSet/stop/8601f33b_nohash_0.wav,stop
DataSet/stop/86402da1_nohash_0.wav,stop
DataSet/stop/86402da1_nohash_1.wav,stop
DataSet/stop/86478fab_nohash_0.wav,stop
DataSet/stop/86478fab_nohash_1.wav,stop
DataSet/stop/86648261_nohash_0.wav,stop
DataSet/stop/86cb59b2_nohash_0.wav,stop
DataSet/stop/87070229_nohash_0.wav,stop
DataSet/stop/87070229_nohash_1.wav,stop
DataSet/stop/87070229_nohash_2.wav,stop
DataSet/stop/87070229_nohash_3.wav,stop
DataSet/stop/87070229_nohash_4.wav,stop
DataSet/stop/8769c34c_nohash_0.wav,stop
DataSet/stop/8769c34c_nohash_1.wav,stop
DataSet/stop/8769c34c_nohash_2.wav,stop
DataSet/stop/8769c34c_nohash_3.wav,stop
DataSet/stop/878befa7_nohash_0.wav,stop
DataSet/stop/878befa7_nohash_1.wav,stop
DataSet/stop/878befa7_nohash_2.wav,stop
DataSet/stop/879a2b38_nohash_0.wav,stop
DataSet/stop/879a2b38_nohash_1.wav,stop
DataSet/stop/879a2b38_nohash_2.wav,stop
DataSet/stop/879a2b38_nohash_3.wav,stop
DataSet/stop/87c62767_nohash_0.wav,stop
DataSet/stop/87d5e978_nohash_0.wav,stop
DataSet/stop/87d5e978_nohash_1.wav,stop
DataSet/stop/87d5e978_nohash_2.wav,stop
DataSet/stop/87d5e978_nohash_3.wav,stop
DataSet/stop/87eff300_nohash_0.wav,stop
DataSet/stop/87eff300_nohash_1.wav,stop
DataSet/stop/88053e92_nohash_0.wav,stop
DataSet/stop/88053e92_nohash_1.wav,stop
DataSet/stop/88053e92_nohash_2.wav,stop
DataSet/stop/88120683_nohash_0.wav,stop
DataSet/stop/884ae8e1_nohash_0.wav,stop
DataSet/stop/884ae8e1_nohash_1.wav,stop
DataSet/stop/888a0c49_nohash_0.wav,stop
DataSet/stop/888a0c49_nohash_1.wav,stop
DataSet/stop/888a0c49_nohash_2.wav,stop
DataSet/stop/888a0c49_nohash_3.wav,stop
DataSet/stop/888a0c49_nohash_4.wav,stop
DataSet/stop/88a487ce_nohash_0.wav,stop
DataSet/stop/88d009d2_nohash_0.wav,stop
DataSet/stop/88e85150_nohash_0.wav,stop
DataSet/stop/88e90bc1_nohash_0.wav,stop
DataSet/stop/88f3719f_nohash_0.wav,stop
DataSet/stop/88f3719f_nohash_1.wav,stop
DataSet/stop/88f3719f_nohash_2.wav,stop
DataSet/stop/88f3719f_nohash_3.wav,stop
DataSet/stop/88f8a99c_nohash_0.wav,stop
DataSet/stop/890cc926_nohash_0.wav,stop
DataSet/stop/890cc926_nohash_1.wav,stop
DataSet/stop/890cc926_nohash_2.wav,stop
DataSet/stop/890cc926_nohash_3.wav,stop
DataSet/stop/890cc926_nohash_4.wav,stop
DataSet/stop/890e4ee2_nohash_0.wav,stop
DataSet/stop/893705bb_nohash_0.wav,stop
DataSet/stop/893705bb_nohash_1.wav,stop
DataSet/stop/893705bb_nohash_10.wav,stop
DataSet/stop/893705bb_nohash_11.wav,stop
DataSet/stop/893705bb_nohash_12.wav,stop
DataSet/stop/893705bb_nohash_13.wav,stop
DataSet/stop/893705bb_nohash_14.wav,stop
DataSet/stop/893705bb_nohash_15.wav,stop
DataSet/stop/893705bb_nohash_16.wav,stop
DataSet/stop/893705bb_nohash_17.wav,stop
DataSet/stop/893705bb_nohash_18.wav,stop
DataSet/stop/893705bb_nohash_19.wav,stop
DataSet/stop/893705bb_nohash_2.wav,stop
DataSet/stop/893705bb_nohash_20.wav,stop
DataSet/stop/893705bb_nohash_21.wav,stop
DataSet/stop/893705bb_nohash_3.wav,stop
DataSet/stop/893705bb_nohash_4.wav,stop
DataSet/stop/893705bb_nohash_5.wav,stop
DataSet/stop/893705bb_nohash_6.wav,stop
DataSet/stop/893705bb_nohash_7.wav,stop
DataSet/stop/893705bb_nohash_8.wav,stop
DataSet/stop/893705bb_nohash_9.wav,stop
DataSet/stop/89947bd7_nohash_0.wav,stop
DataSet/stop/89947bd7_nohash_1.wav,stop
DataSet/stop/89947bd7_nohash_2.wav,stop
DataSet/stop/89947bd7_nohash_3.wav,stop
DataSet/stop/89e59d18_nohash_0.wav,stop
DataSet/stop/89ed36ab_nohash_0.wav,stop
DataSet/stop/89f3ab7d_nohash_0.wav,stop
DataSet/stop/8a0457c9_nohash_0.wav,stop
DataSet/stop/8a194ee6_nohash_0.wav,stop
DataSet/stop/8a194ee6_nohash_1.wav,stop
DataSet/stop/8a1c449e_nohash_0.wav,stop
DataSet/stop/8a1c449e_nohash_1.wav,stop
DataSet/stop/8a28231e_nohash_0.wav,stop
DataSet/stop/8a28231e_nohash_1.wav,stop
DataSet/stop/8a56f36e_nohash_0.wav,stop
DataSet/stop/8a5acefd_nohash_0.wav,stop
DataSet/stop/8a90cf67_nohash_0.wav,stop
DataSet/stop/8aa35b0c_nohash_0.wav,stop
DataSet/stop/8b25410a_nohash_0.wav,stop
DataSet/stop/8b25410a_nohash_1.wav,stop
DataSet/stop/8b25410a_nohash_2.wav,stop
DataSet/stop/8b25410a_nohash_3.wav,stop
DataSet/stop/8b25410a_nohash_4.wav,stop
DataSet/stop/8b775397_nohash_0.wav,stop
DataSet/stop/8bf6acb9_nohash_0.wav,stop
DataSet/stop/8bf6acb9_nohash_1.wav,stop
DataSet/stop/8c0e5970_nohash_0.wav,stop
DataSet/stop/8c0e5970_nohash_1.wav,stop
DataSet/stop/8c3c4715_nohash_0.wav,stop
DataSet/stop/8c4854bc_nohash_0.wav,stop
DataSet/stop/8c780627_nohash_0.wav,stop
DataSet/stop/8c888bbb_nohash_0.wav,stop
DataSet/stop/8ca3b1db_nohash_0.wav,stop
DataSet/stop/8ca3b1db_nohash_1.wav,stop
DataSet/stop/8d5d076d_nohash_0.wav,stop
DataSet/stop/8d5d076d_nohash_1.wav,stop
DataSet/stop/8d5e1dc0_nohash_0.wav,stop
DataSet/stop/8d8d9855_nohash_0.wav,stop
DataSet/stop/8d9cc260_nohash_0.wav,stop
DataSet/stop/8d9cc260_nohash_1.wav,stop
DataSet/stop/8dc18a75_nohash_0.wav,stop
DataSet/stop/8dc18a75_nohash_1.wav,stop
DataSet/stop/8dc18a75_nohash_2.wav,stop
DataSet/stop/8dc18a75_nohash_3.wav,stop
DataSet/stop/8dc26a15_nohash_0.wav,stop
DataSet/stop/8dc26a15_nohash_1.wav,stop
DataSet/stop/8dd24423_nohash_0.wav,stop
DataSet/stop/8dd788d8_nohash_0.wav,stop
DataSet/stop/8dd788d8_nohash_1.wav,stop
DataSet/stop/8dd788d8_nohash_2.wav,stop
DataSet/stop/8e05039f_nohash_0.wav,stop
DataSet/stop/8e05039f_nohash_1.wav,stop
DataSet/stop/8e05039f_nohash_2.wav,stop
DataSet/stop/8e05039f_nohash_3.wav,stop
DataSet/stop/8e05039f_nohash_4.wav,stop
DataSet/stop/8e523821_nohash_0.wav,stop
DataSet/stop/8e523821_nohash_1.wav,stop
DataSet/stop/8e523821_nohash_2.wav,stop
DataSet/stop/8e523821_nohash_3.wav,stop
DataSet/stop/8e523821_nohash_4.wav,stop
DataSet/stop/8e69dc2f_nohash_0.wav,stop
DataSet/stop/8ea6dec6_nohash_0.wav,stop
DataSet/stop/8eb4a1bf_nohash_0.wav,stop
DataSet/stop/8eb4a1bf_nohash_1.wav,stop
DataSet/stop/8eb4a1bf_nohash_2.wav,stop
DataSet/stop/8eb4a1bf_nohash_3.wav,stop
DataSet/stop/8ec6dab6_nohash_0.wav,stop
DataSet/stop/8f3f252c_nohash_0.wav,stop
DataSet/stop/8f3f252c_nohash_1.wav,stop
DataSet/stop/8f4c551f_nohash_0.wav,stop
DataSet/stop/8f4c551f_nohash_1.wav,stop
DataSet/stop/8f4c551f_nohash_2.wav,stop
DataSet/stop/8fce59ff_nohash_0.wav,stop
DataSet/stop/8fce59ff_nohash_1.wav,stop
DataSet/stop/8fe52b97_nohash_0.wav,stop
DataSet/stop/8fe67225_nohash_0.wav,stop
DataSet/stop/8fe67225_nohash_1.wav,stop
DataSet/stop/8fe67225_nohash_2.wav,stop
DataSet/stop/8fe67225_nohash_3.wav,stop
DataSet/stop/8fe67225_nohash_4.wav,stop
DataSet/stop/8ff44869_nohash_0.wav,stop
DataSet/stop/8ff44869_nohash_1.wav,stop
DataSet/stop/90804775_nohash_0.wav,stop
DataSet/stop/90804775_nohash_1.wav,stop
DataSet/stop/90804775_nohash_2.wav,stop
DataSet/stop/90e72357_nohash_0.wav,stop
DataSet/stop/90e72357_nohash_1.wav,stop
DataSet/stop/90e72357_nohash_2.wav,stop
DataSet/stop/9151f184_nohash_0.wav,stop
DataSet/stop/9151f184_nohash_1.wav,stop
DataSet/stop/9151f184_nohash_2.wav,stop
DataSet/stop/91942e89_nohash_0.wav,stop
DataSet/stop/919d3c0e_nohash_0.wav,stop
DataSet/stop/91b03183_nohash_0.wav,stop
DataSet/stop/91b03183_nohash_1.wav,stop
DataSet/stop/91b03183_nohash_2.wav,stop
DataSet/stop/91bed2e0_nohash_0.wav,stop
DataSet/stop/91ffb786_nohash_0.wav,stop
DataSet/stop/91ffb786_nohash_1.wav,stop
DataSet/stop/92521ccc_nohash_0.wav,stop
DataSet/stop/92a9c5e6_nohash_0.wav,stop
DataSet/stop/92a9c5e6_nohash_1.wav,stop
DataSet/stop/92a9c5e6_nohash_2.wav,stop
DataSet/stop/92a9c5e6_nohash_3.wav,stop
DataSet/stop/92b0a735_nohash_0.wav,stop
DataSet/stop/92b2bf59_nohash_0.wav,stop
DataSet/stop/92e17cc4_nohash_0.wav,stop
DataSet/stop/92e17cc4_nohash_1.wav,stop
DataSet/stop/92e17cc4_nohash_2.wav,stop
DataSet/stop/9307154f_nohash_0.wav,stop
DataSet/stop/9385508d_nohash_0.wav,stop
DataSet/stop/93cf902e_nohash_0.wav,stop
DataSet/stop/94403ad3_nohash_0.wav,stop
DataSet/stop/9448c397_nohash_0.wav,stop
DataSet/stop/9448c397_nohash_1.wav,stop
DataSet/stop/9448c397_nohash_2.wav,stop
DataSet/stop/9448c397_nohash_3.wav,stop
DataSet/stop/9448c397_nohash_4.wav,stop
DataSet/stop/94d370bf_nohash_0.wav,stop
DataSet/stop/94d370bf_nohash_1.wav,stop
DataSet/stop/94d370bf_nohash_2.wav,stop
DataSet/stop/94d370bf_nohash_3.wav,stop
DataSet/stop/94d370bf_nohash_4.wav,stop
DataSet/stop/94de6a6a_nohash_0.wav,stop
DataSet/stop/94de6a6a_nohash_1.wav,stop
DataSet/stop/94de6a6a_nohash_2.wav,stop
DataSet/stop/94de6a6a_nohash_3.wav,stop
DataSet/stop/94de6a6a_nohash_4.wav,stop
DataSet/stop/951cac20_nohash_0.wav,stop
DataSet/stop/953fe1ad_nohash_0.wav,stop
DataSet/stop/953fe1ad_nohash_1.wav,stop
DataSet/stop/953fe1ad_nohash_2.wav,stop
DataSet/stop/953fe1ad_nohash_3.wav,stop
DataSet/stop/953fe1ad_nohash_4.wav,stop
DataSet/stop/95458fae_nohash_0.wav,stop
DataSet/stop/954f190f_nohash_0.wav,stop
DataSet/stop/954f190f_nohash_1.wav,stop
DataSet/stop/954f190f_nohash_2.wav,stop
DataSet/stop/9587481f_nohash_0.wav,stop
DataSet/stop/9587481f_nohash_1.wav,stop
DataSet/stop/95fd5a0f_nohash_0.wav,stop
DataSet/stop/95fd5a0f_nohash_1.wav,stop
DataSet/stop/95fd5a0f_nohash_2.wav,stop
DataSet/stop/96105282_nohash_0.wav,stop
DataSet/stop/962f27eb_nohash_0.wav,stop
DataSet/stop/964e8cfd_nohash_0.wav,stop
DataSet/stop/964e8cfd_nohash_1.wav,stop
DataSet/stop/964e8cfd_nohash_2.wav,stop
DataSet/stop/964e8cfd_nohash_3.wav,stop
DataSet/stop/964e8cfd_nohash_4.wav,stop
DataSet/stop/96a48d28_nohash_0.wav,stop
DataSet/stop/96a48d28_nohash_1.wav,stop
DataSet/stop/96a48d28_nohash_2.wav,stop
DataSet/stop/96a48d28_nohash_3.wav,stop
DataSet/stop/96a48d28_nohash_4.wav,stop
DataSet/stop/96c66ab7_nohash_0.wav,stop
DataSet/stop/96c66ab7_nohash_1.wav,stop
DataSet/stop/96d5276f_nohash_0.wav,stop
DataSet/stop/96d5276f_nohash_1.wav,stop
DataSet/stop/96d8bb6f_nohash_0.wav,stop
DataSet/stop/96d8bb6f_nohash_1.wav,stop
DataSet/stop/96d8bb6f_nohash_2.wav,stop
DataSet/stop/96d8bb6f_nohash_3.wav,stop
DataSet/stop/97101ef3_nohash_0.wav,stop
DataSet/stop/9735764a_nohash_0.wav,stop
DataSet/stop/9735764a_nohash_1.wav,stop
DataSet/stop/9735764a_nohash_2.wav,stop
DataSet/stop/977a3be4_nohash_0.wav,stop
DataSet/stop/978240e1_nohash_0.wav,stop
DataSet/stop/978240e1_nohash_1.wav,stop
DataSet/stop/978240e1_nohash_2.wav,stop
DataSet/stop/978240e1_nohash_3.wav,stop
DataSet/stop/978240e1_nohash_4.wav,stop
DataSet/stop/97addd88_nohash_0.wav,stop
DataSet/stop/97addd88_nohash_1.wav,stop
DataSet/stop/97addd88_nohash_2.wav,stop
DataSet/stop/97ae8b25_nohash_0.wav,stop
DataSet/stop/97e0c576_nohash_0.wav,stop
DataSet/stop/97f493b9_nohash_0.wav,stop
DataSet/stop/97f493b9_nohash_1.wav,stop
DataSet/stop/97f4c236_nohash_0.wav,stop
DataSet/stop/97f4c236_nohash_1.wav,stop
DataSet/stop/97f4c236_nohash_2.wav,stop
DataSet/stop/97f4c236_nohash_3.wav,stop
DataSet/stop/97f4c236_nohash_4.wav,stop
DataSet/stop/982babaf_nohash_0.wav,stop
DataSet/stop/982babaf_nohash_1.wav,stop
DataSet/stop/982babaf_nohash_2.wav,stop
DataSet/stop/982babaf_nohash_3.wav,stop
DataSet/stop/98447c43_nohash_0.wav,stop
DataSet/stop/98447c43_nohash_1.wav,stop
DataSet/stop/9886d8bf_nohash_0.wav,stop
DataSet/stop/9886d8bf_nohash_1.wav,stop
DataSet/stop/9886d8bf_nohash_2.wav,stop
DataSet/stop/9886d8bf_nohash_3.wav,stop
DataSet/stop/9886d8bf_nohash_4.wav,stop
DataSet/stop/98ea0818_nohash_0.wav,stop
DataSet/stop/98ea0818_nohash_1.wav,stop
DataSet/stop/98ea0818_nohash_2.wav,stop
DataSet/stop/98ea0818_nohash_3.wav,stop
DataSet/stop/98ea0818_nohash_4.wav,stop
DataSet/stop/98ea0818_nohash_5.wav,stop
DataSet/stop/99e6cab8_nohash_0.wav,stop
DataSet/stop/99fad6a0_nohash_0.wav,stop
DataSet/stop/9a2e5b3c_nohash_0.wav,stop
DataSet/stop/9a2e5b3c_nohash_1.wav,stop
DataSet/stop/9a356ab9_nohash_0.wav,stop
DataSet/stop/9a69672b_nohash_0.wav,stop
DataSet/stop/9a69672b_nohash_1.wav,stop
DataSet/stop/9a69672b_nohash_2.wav,stop
DataSet/stop/9a69672b_nohash_3.wav,stop
DataSet/stop/9a69672b_nohash_4.wav,stop
DataSet/stop/9a76f8c3_nohash_0.wav,stop
DataSet/stop/9a76f8c3_nohash_1.wav,stop
DataSet/stop/9a76f8c3_nohash_2.wav,stop
DataSet/stop/9a76f8c3_nohash_3.wav,stop
DataSet/stop/9a76f8c3_nohash_4.wav,stop
DataSet/stop/9a7c1f83_nohash_0.wav,stop
DataSet/stop/9a7c1f83_nohash_1.wav,stop
DataSet/stop/9a7c1f83_nohash_2.wav,stop
DataSet/stop/9a7c1f83_nohash_3.wav,stop
DataSet/stop/9a7c1f83_nohash_4.wav,stop
DataSet/stop/9a7c1f83_nohash_5.wav,stop
DataSet/stop/9a8d8d34_nohash_0.wav,stop
DataSet/stop/9a8d8d34_nohash_1.wav,stop
DataSet/stop/9a8d8d34_nohash_2.wav,stop
DataSet/stop/9a8d8d34_nohash_3.wav,stop
DataSet/stop/9aa21fa9_nohash_0.wav,stop
DataSet/stop/9aa21fa9_nohash_1.wav,stop
DataSet/stop/9aa21fa9_nohash_2.wav,stop
DataSet/stop/9aa21fa9_nohash_3.wav,stop
DataSet/stop/9aa21fa9_nohash_4.wav,stop
DataSet/stop/9ab86dd0_nohash_0.wav,stop
DataSet/stop/9ab86dd0_nohash_1.wav,stop
DataSet/stop/9acd0254_nohash_0.wav,stop
DataSet/stop/9acd0254_nohash_1.wav,stop
DataSet/stop/9acd0254_nohash_2.wav,stop
DataSet/stop/9b02d503_nohash_0.wav,stop
DataSet/stop/9b02d503_nohash_1.wav,stop
DataSet/stop/9b02d503_nohash_2.wav,stop
DataSet/stop/9b02d503_nohash_3.wav,stop
DataSet/stop/9b3ea809_nohash_0.wav,stop
DataSet/stop/9b402bc2_nohash_0.wav,stop
DataSet/stop/9b6c08ba_nohash_0.wav,stop
DataSet/stop/9b8a7439_nohash_0.wav,stop
DataSet/stop/9b8a7439_nohash_1.wav,stop
DataSet/stop/9b8a7439_nohash_2.wav,stop
DataSet/stop/9b8a7439_nohash_3.wav,stop
DataSet/stop/9b8a7439_nohash_4.wav,stop
DataSet/stop/9be15e93_nohash_0.wav,stop
DataSet/stop/9be15e93_nohash_1.wav,stop
DataSet/stop/9be15e93_nohash_2.wav,stop
DataSet/stop/9be15e93_nohash_3.wav,stop
DataSet/stop/9be15e93_nohash_4.wav,stop
DataSet/stop/9c06a3f3_nohash_0.wav,stop
DataSet/stop/9c24bc76_nohash_0.wav,stop
DataSet/stop/9d050657_nohash_0.wav,stop
DataSet/stop/9d050657_nohash_1.wav,stop
DataSet/stop/9d171fee_nohash_0.wav,stop
DataSet/stop/9d4bab4f_nohash_0.wav,stop
DataSet/stop/9d4bab4f_nohash_1.wav,stop
DataSet/stop/9d7036f9_nohash_0.wav,stop
DataSet/stop/9d7036f9_nohash_1.wav,stop
DataSet/stop/9db2bfe9_nohash_0.wav,stop
DataSet/stop/9db2bfe9_nohash_1.wav,stop
DataSet/stop/9db2bfe9_nohash_2.wav,stop
DataSet/stop/9dc1889e_nohash_0.wav,stop
DataSet/stop/9dc1889e_nohash_1.wav,stop
DataSet/stop/9dc1889e_nohash_2.wav,stop
DataSet/stop/9dcfba4b_nohash_0.wav,stop
DataSet/stop/9e075bf1_nohash_0.wav,stop
DataSet/stop/9e075bf1_nohash_1.wav,stop
DataSet/stop/9e2ce5e3_nohash_0.wav,stop
DataSet/stop/9e42ae25_nohash_0.wav,stop
DataSet/stop/9e6bb505_nohash_0.wav,stop
DataSet/stop/9e92ef0c_nohash_0.wav,stop
DataSet/stop/9e92ef0c_nohash_1.wav,stop
DataSet/stop/9e92ef0c_nohash_2.wav,stop
DataSet/stop/9e92ef0c_nohash_3.wav,stop
DataSet/stop/9e92ef0c_nohash_4.wav,stop
DataSet/stop/9f22307d_nohash_0.wav,stop
DataSet/stop/9f4098cb_nohash_0.wav,stop
DataSet/stop/9f4098cb_nohash_1.wav,stop
DataSet/stop/9f63152b_nohash_0.wav,stop
DataSet/stop/9f63152b_nohash_1.wav,stop
DataSet/stop/9f63152b_nohash_2.wav,stop
DataSet/stop/9f7079fe_nohash_0.wav,stop
DataSet/stop/9f7079fe_nohash_1.wav,stop
DataSet/stop/9f869f70_nohash_0.wav,stop
DataSet/stop/9f92fb7c_nohash_0.wav,stop
DataSet/stop/9f92fb7c_nohash_1.wav,stop
DataSet/stop/9f93e408_nohash_0.wav,stop
DataSet/stop/9f93e408_nohash_1.wav,stop
DataSet/stop/9fa86a74_nohash_0.wav,stop
DataSet/stop/9fac5701_nohash_0.wav,stop
DataSet/stop/9fac5701_nohash_1.wav,stop
DataSet/stop/9ff1b8b6_nohash_0.wav,stop
DataSet/stop/9ff2d2f4_nohash_0.wav,stop
DataSet/stop/9ff2d2f4_nohash_1.wav,stop
DataSet/stop/9ff2d2f4_nohash_2.wav,stop
DataSet/stop/9ff2d2f4_nohash_3.wav,stop
DataSet/stop/a045368c_nohash_0.wav,stop
DataSet/stop/a045368c_nohash_1.wav,stop
DataSet/stop/a045368c_nohash_2.wav,stop
DataSet/stop/a045368c_nohash_3.wav,stop
DataSet/stop/a045368c_nohash_4.wav,stop
DataSet/stop/a04817c2_nohash_0.wav,stop
DataSet/stop/a04817c2_nohash_1.wav,stop
DataSet/stop/a04817c2_nohash_2.wav,stop
DataSet/stop/a04817c2_nohash_3.wav,stop
DataSet/stop/a04817c2_nohash_4.wav,stop
DataSet/stop/a05a90c1_nohash_0.wav,stop
DataSet/stop/a05a90c1_nohash_1.wav,stop
DataSet/stop/a05a90c1_nohash_2.wav,stop
DataSet/stop/a05a90c1_nohash_3.wav,stop
DataSet/stop/a108341b_nohash_0.wav,stop
DataSet/stop/a1533da4_nohash_0.wav,stop
DataSet/stop/a1533da4_nohash_1.wav,stop
DataSet/stop/a16013b7_nohash_0.wav,stop
DataSet/stop/a16013b7_nohash_1.wav,stop
DataSet/stop/a16013b7_nohash_2.wav,stop
DataSet/stop/a16013b7_nohash_3.wav,stop
DataSet/stop/a16013b7_nohash_4.wav,stop
DataSet/stop/a16b3102_nohash_0.wav,stop
DataSet/stop/a19452d5_nohash_0.wav,stop
DataSet/stop/a1a59b72_nohash_0.wav,stop
DataSet/stop/a1a59b72_nohash_1.wav,stop
DataSet/stop/a1c63f25_nohash_0.wav,stop
DataSet/stop/a1c63f25_nohash_1.wav,stop
DataSet/stop/a1cff772_nohash_0.wav,stop
DataSet/stop/a1cff772_nohash_1.wav,stop
DataSet/stop/a1cff772_nohash_2.wav,stop
DataSet/stop/a1cff772_nohash_3.wav,stop
DataSet/stop/a1cff772_nohash_4.wav,stop
DataSet/stop/a1cff772_nohash_5.wav,stop
DataSet/stop/a1dd919f_nohash_0.wav,stop
DataSet/stop/a1e71565_nohash_0.wav,stop
DataSet/stop/a1e71565_nohash_1.wav,stop
DataSet/stop/a1e71565_nohash_2.wav,stop
DataSet/stop/a1e71565_nohash_3.wav,stop
DataSet/stop/a24582a0_nohash_0.wav,stop
DataSet/stop/a2473d62_nohash_0.wav,stop
DataSet/stop/a2473d62_nohash_1.wav,stop
DataSet/stop/a2473d62_nohash_2.wav,stop
DataSet/stop/a24cf51c_nohash_0.wav,stop
DataSet/stop/a2b16113_nohash_0.wav,stop
DataSet/stop/a2cc5444_nohash_0.wav,stop
DataSet/stop/a2cc5444_nohash_1.wav,stop
DataSet/stop/a2cc5444_nohash_2.wav,stop
DataSet/stop/a2cc5444_nohash_3.wav,stop
DataSet/stop/a2fefcb4_nohash_0.wav,stop
DataSet/stop/a3255f5c_nohash_0.wav,stop
DataSet/stop/a331d9cb_nohash_0.wav,stop
DataSet/stop/a42a88ff_nohash_0.wav,stop
DataSet/stop/a434d52e_nohash_0.wav,stop
DataSet/stop/a434d52e_nohash_1.wav,stop
DataSet/stop/a4383927_nohash_0.wav,stop
DataSet/stop/a4383927_nohash_1.wav,stop
DataSet/stop/a489191a_nohash_0.wav,stop
DataSet/stop/a489191a_nohash_1.wav,stop
DataSet/stop/a489191a_nohash_2.wav,stop
DataSet/stop/a489191a_nohash_3.wav,stop
DataSet/stop/a489191a_nohash_4.wav,stop
DataSet/stop/a4b21cbc_nohash_0.wav,stop
DataSet/stop/a4baac4e_nohash_0.wav,stop
DataSet/stop/a4ca3afe_nohash_0.wav,stop
DataSet/stop/a4ca3afe_nohash_1.wav,stop
DataSet/stop/a4e8a997_nohash_0.wav,stop
DataSet/stop/a4e8a997_nohash_1.wav,stop
DataSet/stop/a4effc43_nohash_0.wav,stop
DataSet/stop/a4effc43_nohash_1.wav,stop
DataSet/stop/a518d1cf_nohash_0.wav,stop
DataSet/stop/a518d1cf_nohash_1.wav,stop
DataSet/stop/a55105d0_nohash_0.wav,stop
DataSet/stop/a55105d0_nohash_1.wav,stop
DataSet/stop/a55105d0_nohash_2.wav,stop
DataSet/stop/a55105d0_nohash_3.wav,stop
DataSet/stop/a5a16097_nohash_0.wav,stop
DataSet/stop/a5d1becc_nohash_0.wav,stop
DataSet/stop/a5d1becc_nohash_1.wav,stop
DataSet/stop/a5d1becc_nohash_2.wav,stop
DataSet/stop/a5d485dc_nohash_0.wav,stop
DataSet/stop/a6d586b7_nohash_0.wav,stop
DataSet/stop/a6d586b7_nohash_1.wav,stop
DataSet/stop/a6d586b7_nohash_2.wav,stop
DataSet/stop/a6d586b7_nohash_3.wav,stop
DataSet/stop/a6d586b7_nohash_4.wav,stop
DataSet/stop/a6f2fd71_nohash_0.wav,stop
DataSet/stop/a6f2fd71_nohash_1.wav,stop
DataSet/stop/a6f2fd71_nohash_2.wav,stop
DataSet/stop/a6f2fd71_nohash_3.wav,stop
DataSet/stop/a6f2fd71_nohash_4.wav,stop
DataSet/stop/a7200079_nohash_0.wav,stop
DataSet/stop/a7200079_nohash_1.wav,stop
DataSet/stop/a7200079_nohash_2.wav,stop
DataSet/stop/a7200079_nohash_3.wav,stop
DataSet/stop/a7200079_nohash_4.wav,stop
DataSet/stop/a7216980_nohash_0.wav,stop
DataSet/stop/a7216980_nohash_1.wav,stop
DataSet/stop/a7216980_nohash_2.wav,stop
DataSet/stop/a7216980_nohash_3.wav,stop
DataSet/stop/a7216980_nohash_4.wav,stop
DataSet/stop/a74f3917_nohash_0.wav,stop
DataSet/stop/a74f3917_nohash_1.wav,stop
DataSet/stop/a77fbcfd_nohash_0.wav,stop
DataSet/stop/a77fbcfd_nohash_1.wav,stop
DataSet/stop/a77fbcfd_nohash_2.wav,stop
DataSet/stop/a77fbcfd_nohash_3.wav,stop
DataSet/stop/a77fbcfd_nohash_4.wav,stop
DataSet/stop/a7acbbeb_nohash_0.wav,stop
DataSet/stop/a7acbbeb_nohash_1.wav,stop
DataSet/stop/a7acbbeb_nohash_2.wav,stop
DataSet/stop/a7dd45cf_nohash_0.wav,stop
DataSet/stop/a827e3a1_nohash_0.wav,stop
DataSet/stop/a827e3a1_nohash_1.wav,stop
DataSet/stop/a827e3a1_nohash_2.wav,stop
DataSet/stop/a827e3a1_nohash_3.wav,stop
DataSet/stop/a8688b67_nohash_0.wav,stop
DataSet/stop/a8cb6dda_nohash_0.wav,stop
DataSet/stop/a8cb6dda_nohash_1.wav,stop
DataSet/stop/a8cf01bc_nohash_0.wav,stop
DataSet/stop/a8e25ebb_nohash_0.wav,stop
DataSet/stop/a8e25ebb_nohash_1.wav,stop
DataSet/stop/a902ce9b_nohash_0.wav,stop
DataSet/stop/a902ce9b_nohash_1.wav,stop
DataSet/stop/a902ce9b_nohash_2.wav,stop
DataSet/stop/a929f9b9_nohash_0.wav,stop
DataSet/stop/a929f9b9_nohash_1.wav,stop
DataSet/stop/a929f9b9_nohash_2.wav,stop
DataSet/stop/a929f9b9_nohash_3.wav,stop
DataSet/stop/a929f9b9_nohash_4.wav,stop
DataSet/stop/a95dbfd4_nohash_0.wav,stop
DataSet/stop/a95dbfd4_nohash_1.wav,stop
DataSet/stop/a996cf66_nohash_0.wav,stop
DataSet/stop/a9abc695_nohash_0.wav,stop
DataSet/stop/a9abc695_nohash_1.wav,stop
DataSet/stop/a9b574b3_nohash_0.wav,stop
DataSet/stop/a9ca1818_nohash_0.wav,stop
DataSet/stop/a9ca1818_nohash_1.wav,stop
DataSet/stop/a9ca1818_nohash_2.wav,stop
DataSet/stop/a9ca1818_nohash_3.wav,stop
DataSet/stop/a9ca1818_nohash_4.wav,stop
DataSet/stop/aa109cfb_nohash_0.wav,stop
DataSet/stop/aa48c94a_nohash_0.wav,stop
DataSet/stop/aa62fdad_nohash_0.wav,stop
DataSet/stop/aa80f517_nohash_0.wav,stop
DataSet/stop/aa80f517_nohash_1.wav,stop
DataSet/stop/aa80f517_nohash_2.wav,stop
DataSet/stop/aa80f517_nohash_3.wav,stop
DataSet/stop/aa80f517_nohash_4.wav,stop
DataSet/stop/aac5b7c1_nohash_0.wav,stop
DataSet/stop/ab00c4b2_nohash_0.wav,stop
DataSet/stop/ab00c4b2_nohash_1.wav,stop
DataSet/stop/ab1299bb_nohash_0.wav,stop
DataSet/stop/ab46af55_nohash_0.wav,stop
DataSet/stop/ab46af55_nohash_1.wav,stop
DataSet/stop/ab46af55_nohash_2.wav,stop
DataSet/stop/ab46af55_nohash_3.wav,stop
DataSet/stop/ab46af55_nohash_4.wav,stop
DataSet/stop/ab46af55_nohash_5.wav,stop
DataSet/stop/ab46af55_nohash_6.wav,stop
DataSet/stop/ab46af55_nohash_7.wav,stop
DataSet/stop/ab5ae445_nohash_0.wav,stop
DataSet/stop/ab5ae445_nohash_1.wav,stop
DataSet/stop/ab5ae445_nohash_2.wav,stop
DataSet/stop/ab5d7179_nohash_0.wav,stop
DataSet/stop/ab71c9a7_nohash_0.wav,stop
DataSet/stop/ab76ac76_nohash_0.wav,stop
DataSet/stop/ab9b93e4_nohash_0.wav,stop
DataSet/stop/ab9b93e4_nohash_1.wav,stop
DataSet/stop/ab9b93e4_nohash_2.wav,stop
DataSet/stop/ab9b93e4_nohash_3.wav,stop
DataSet/stop/abbfc3b4_nohash_0.wav,stop
DataSet/stop/abbfc3b4_nohash_1.wav,stop
DataSet/stop/ac4b3fc3_nohash_0.wav,stop
DataSet/stop/ac4b3fc3_nohash_1.wav,stop
DataSet/stop/ac9dee0e_nohash_0.wav,stop
DataSet/stop/ac9dee0e_nohash_1.wav,stop
DataSet/stop/ac9dee0e_nohash_2.wav,stop
DataSet/stop/ac9dee0e_nohash_3.wav,stop
DataSet/stop/acde7e73_nohash_0.wav,stop
DataSet/stop/ace072ba_nohash_0.wav,stop
DataSet/stop/ace072ba_nohash_1.wav,stop
DataSet/stop/ace072ba_nohash_2.wav,stop
DataSet/stop/ace072ba_nohash_3.wav,stop
DataSet/stop/acfd3bc3_nohash_0.wav,stop
DataSet/stop/acfd3bc3_nohash_1.wav,stop
DataSet/stop/acfd3bc3_nohash_2.wav,stop
DataSet/stop/acfd3bc3_nohash_3.wav,stop
DataSet/stop/acfd5b5e_nohash_0.wav,stop
DataSet/stop/acfd5b5e_nohash_1.wav,stop
DataSet/stop/acfd5b5e_nohash_2.wav,stop
DataSet/stop/ad1429cf_nohash_0.wav,stop
DataSet/stop/ad1429cf_nohash_1.wav,stop
DataSet/stop/ad63d93c_nohash_0.wav,stop
DataSet/stop/ad63d93c_nohash_1.wav,stop
DataSet/stop/ad63d93c_nohash_2.wav,stop
DataSet/stop/ad63d93c_nohash_3.wav,stop
DataSet/stop/ad63d93c_nohash_4.wav,stop
DataSet/stop/ad89eb1e_nohash_0.wav,stop
DataSet/stop/adc216c5_nohash_0.wav,stop
DataSet/stop/adec6a94_nohash_0.wav,stop
DataSet/stop/ae04cdbe_nohash_0.wav,stop
DataSet/stop/ae32324a_nohash_0.wav,stop
DataSet/stop/ae82c78c_nohash_0.wav,stop
DataSet/stop/ae927455_nohash_0.wav,stop
DataSet/stop/aeb99b1c_nohash_0.wav,stop
DataSet/stop/aef8dcf5_nohash_0.wav,stop
DataSet/stop/aef8dcf5_nohash_1.wav,stop
DataSet/stop/aef8dcf5_nohash_2.wav,stop
DataSet/stop/af130f12_nohash_0.wav,stop
DataSet/stop/af30314d_nohash_0.wav,stop
DataSet/stop/af6fbbf5_nohash_0.wav,stop
DataSet/stop/af6fbbf5_nohash_1.wav,stop
DataSet/stop/af790082_nohash_0.wav,stop
DataSet/stop/af790082_nohash_1.wav,stop
DataSet/stop/af790082_nohash_2.wav,stop
DataSet/stop/af790082_nohash_3.wav,stop
DataSet/stop/afabfa0e_nohash_0.wav,stop
DataSet/stop/afb9e62e_nohash_0.wav,stop
DataSet/stop/afd53389_nohash_0.wav,stop
DataSet/stop/afe0b87d_nohash_0.wav,stop
DataSet/stop/aff582a1_nohash_0.wav,stop
DataSet/stop/aff582a1_nohash_1.wav,stop
DataSet/stop/aff582a1_nohash_2.wav,stop
DataSet/stop/aff582a1_nohash_3.wav,stop
DataSet/stop/b00dff7e_nohash_0.wav,stop
DataSet/stop/b06c19b0_nohash_0.wav,stop
DataSet/stop/b089169d_nohash_0.wav,stop
DataSet/stop/b0ae6326_nohash_0.wav,stop
DataSet/stop/b0ae6326_nohash_1.wav,stop
DataSet/stop/b0ae6326_nohash_2.wav,stop
DataSet/stop/b0ae6326_nohash_3.wav,stop
DataSet/stop/b0f24c9b_nohash_0.wav,stop
DataSet/stop/b0f24c9b_nohash_1.wav,stop
DataSet/stop/b0f5b16d_nohash_0.wav,stop
DataSet/stop/b0f5b16d_nohash_1.wav,stop
DataSet/stop/b0f5b16d_nohash_2.wav,stop
DataSet/stop/b0f5b16d_nohash_3.wav,stop
DataSet/stop/b0f5b16d_nohash_4.wav,stop
DataSet/stop/b10b0654_nohash_0.wav,stop
DataSet/stop/b1114e4f_nohash_0.wav,stop
DataSet/stop/b1426003_nohash_0.wav,stop
DataSet/stop/b1426003_nohash_1.wav,stop
DataSet/stop/b15fc37d_nohash_0.wav,stop
DataSet/stop/b17f5ba0_nohash_0.wav,stop
DataSet/stop/b1f8326d_nohash_0.wav,stop
DataSet/stop/b21f0fa4_nohash_0.wav,stop
DataSet/stop/b26343e9_nohash_0.wav,stop
DataSet/stop/b26343e9_nohash_1.wav,stop
DataSet/stop/b29f8b23_nohash_0.wav,stop
DataSet/stop/b29f8b23_nohash_1.wav,stop
DataSet/stop/b29f8b23_nohash_2.wav,stop
DataSet/stop/b2ae3928_nohash_0.wav,stop
DataSet/stop/b2ae3928_nohash_1.wav,stop
DataSet/stop/b2ae3928_nohash_2.wav,stop
DataSet/stop/b2ae3928_nohash_3.wav,stop
DataSet/stop/b2ae3928_nohash_4.wav,stop
DataSet/stop/b2e2773a_nohash_0.wav,stop
DataSet/stop/b2e2773a_nohash_1.wav,stop
DataSet/stop/b308773d_nohash_0.wav,stop
DataSet/stop/b308773d_nohash_1.wav,stop
DataSet/stop/b308773d_nohash_2.wav,stop
DataSet/stop/b308773d_nohash_3.wav,stop
DataSet/stop/b308773d_nohash_4.wav,stop
DataSet/stop/b3327675_nohash_0.wav,stop
DataSet/stop/b3327675_nohash_1.wav,stop
DataSet/stop/b3327675_nohash_2.wav,stop
DataSet/stop/b36c27c2_nohash_0.wav,stop
DataSet/stop/b3bdded5_nohash_0.wav,stop
DataSet/stop/b3bdded5_nohash_1.wav,stop
DataSet/stop/b3bdded5_nohash_2.wav,stop
DataSet/stop/b414c653_nohash_0.wav,stop
DataSet/stop/b414c653_nohash_1.wav,stop
DataSet/stop/b414c653_nohash_2.wav,stop
DataSet/stop/b414c653_nohash_3.wav,stop
DataSet/stop/b414c653_nohash_4.wav,stop
DataSet/stop/b433332a_nohash_0.wav,stop
DataSet/stop/b43c8f2f_nohash_0.wav,stop
DataSet/stop/b43c8f2f_nohash_1.wav,stop
DataSet/stop/b43de700_nohash_0.wav,stop
DataSet/stop/b44007bc_nohash_0.wav,stop
DataSet/stop/b4604db4_nohash_0.wav,stop
DataSet/stop/b4604db4_nohash_1.wav,stop
DataSet/stop/b46e8153_nohash_0.wav,stop
DataSet/stop/b49caed3_nohash_0.wav,stop
DataSet/stop/b49caed3_nohash_1.wav,stop
DataSet/stop/b49caed3_nohash_2.wav,stop
DataSet/stop/b49caed3_nohash_3.wav,stop
DataSet/stop/b49caed3_nohash_4.wav,stop
DataSet/stop/b4aa9fef_nohash_0.wav,stop
DataSet/stop/b4aa9fef_nohash_1.wav,stop
DataSet/stop/b4aa9fef_nohash_2.wav,stop
DataSet/stop/b4aa9fef_nohash_3.wav,stop
DataSet/stop/b4bef564_nohash_0.wav,stop
DataSet/stop/b4bef564_nohash_1.wav,stop
DataSet/stop/b4ea0d9a_nohash_0.wav,stop
DataSet/stop/b4ea0d9a_nohash_1.wav,stop
DataSet/stop/b4ea0d9a_nohash_2.wav,stop
DataSet/stop/b4ea0d9a_nohash_3.wav,stop
DataSet/stop/b4ea0d9a_nohash_4.wav,stop
DataSet/stop/b4ea0d9a_nohash_5.wav,stop
DataSet/stop/b4ea0d9a_nohash_6.wav,stop
DataSet/stop/b528edb3_nohash_0.wav,stop
DataSet/stop/b528edb3_nohash_1.wav,stop
DataSet/stop/b528edb3_nohash_2.wav,stop
DataSet/stop/b528edb3_nohash_3.wav,stop
DataSet/stop/b528edb3_nohash_4.wav,stop
DataSet/stop/b52bd596_nohash_0.wav,stop
DataSet/stop/b544d4fd_nohash_0.wav,stop
DataSet/stop/b544d4fd_nohash_1.wav,stop
DataSet/stop/b5552931_nohash_0.wav,stop
DataSet/stop/b5552931_nohash_1.wav,stop
DataSet/stop/b5552931_nohash_2.wav,stop
DataSet/stop/b5552931_nohash_3.wav,stop
DataSet/stop/b5552931_nohash_4.wav,stop
DataSet/stop/b55a09be_nohash_0.wav,stop
DataSet/stop/b55a09be_nohash_1.wav,stop
DataSet/stop/b55a09be_nohash_2.wav,stop
DataSet/stop/b59fa113_nohash_0.wav,stop
DataSet/stop/b5cf6ea8_nohash_0.wav,stop
DataSet/stop/b5cf6ea8_nohash_1.wav,stop
DataSet/stop/b5cf6ea8_nohash_2.wav,stop
DataSet/stop/b5cf6ea8_nohash_3.wav,stop
DataSet/stop/b5cf6ea8_nohash_4.wav,stop
DataSet/stop/b5cf6ea8_nohash_5.wav,stop
DataSet/stop/b5cf6ea8_nohash_6.wav,stop
DataSet/stop/b63fea9e_nohash_0.wav,stop
DataSet/stop/b65f6015_nohash_0.wav,stop
DataSet/stop/b65f6015_nohash_1.wav,stop
DataSet/stop/b665723d_nohash_0.wav,stop
DataSet/stop/b66f4f93_nohash_0.wav,stop
DataSet/stop/b66f4f93_nohash_1.wav,stop
DataSet/stop/b66f4f93_nohash_2.wav,stop
DataSet/stop/b66f4f93_nohash_3.wav,stop
DataSet/stop/b66f4f93_nohash_4.wav,stop
DataSet/stop/b66f4f93_nohash_5.wav,stop
DataSet/stop/b66f4f93_nohash_6.wav,stop
DataSet/stop/b66f4f93_nohash_7.wav,stop
DataSet/stop/b66f4f93_nohash_8.wav,stop
DataSet/stop/b69002d4_nohash_0.wav,stop
DataSet/stop/b69002d4_nohash_1.wav,stop
DataSet/stop/b69002d4_nohash_2.wav,stop
DataSet/stop/b69002d4_nohash_3.wav,stop
DataSet/stop/b69002d4_nohash_4.wav,stop
DataSet/stop/b69fe0e2_nohash_0.wav,stop
DataSet/stop/b69fe0e2_nohash_1.wav,stop
DataSet/stop/b69fe0e2_nohash_2.wav,stop
DataSet/stop/b69fe0e2_nohash_3.wav,stop
DataSet/stop/b6d11c9b_nohash_0.wav,stop
DataSet/stop/b6e6aa2e_nohash_0.wav,stop
DataSet/stop/b6e6aa2e_nohash_1.wav,stop
DataSet/stop/b6ebe225_nohash_0.wav,stop
DataSet/stop/b7016c27_nohash_0.wav,stop
DataSet/stop/b71ebf79_nohash_0.wav,stop
DataSet/stop/b72e58c9_nohash_0.wav,stop
DataSet/stop/b72e58c9_nohash_1.wav,stop
DataSet/stop/b76f6088_nohash_0.wav,stop
DataSet/stop/b76f6088_nohash_1.wav,stop
DataSet/stop/b76f6088_nohash_2.wav,stop
DataSet/stop/b76f6088_nohash_3.wav,stop
DataSet/stop/b76f6088_nohash_4.wav,stop
DataSet/stop/b7a0754f_nohash_0.wav,stop
DataSet/stop/b7a0754f_nohash_1.wav,stop
DataSet/stop/b7a0754f_nohash_2.wav,stop
DataSet/stop/b7a0754f_nohash_3.wav,stop
DataSet/stop/b7a0754f_nohash_4.wav,stop
DataSet/stop/b80d6c5e_nohash_0.wav,stop
DataSet/stop/b80d6c5e_nohash_1.wav,stop
DataSet/stop/b83c1acf_nohash_0.wav,stop
DataSet/stop/b83c1acf_nohash_1.wav,stop
DataSet/stop/b83c1acf_nohash_2.wav,stop
DataSet/stop/b83c1acf_nohash_3.wav,stop
DataSet/stop/b83c1acf_nohash_4.wav,stop
DataSet/stop/b843de62_nohash_0.wav,stop
DataSet/stop/b84f83d2_nohash_0.wav,stop
DataSet/stop/b87bdb22_nohash_0.wav,stop
DataSet/stop/b87bdb22_nohash_1.wav,stop
DataSet/stop/b87bdb22_nohash_2.wav,stop
DataSet/stop/b87bdb22_nohash_3.wav,stop
DataSet/stop/b8874962_nohash_0.wav,stop
DataSet/stop/b8874962_nohash_1.wav,stop
DataSet/stop/b8874962_nohash_2.wav,stop
DataSet/stop/b8874962_nohash_3.wav,stop
DataSet/stop/b8874962_nohash_4.wav,stop
DataSet/stop/b8b8cb52_nohash_0.wav,stop
DataSet/stop/b91b718c_nohash_0.wav,stop
DataSet/stop/b91b718c_nohash_1.wav,stop
DataSet/stop/b91b718c_nohash_2.wav,stop
DataSet/stop/b91b718c_nohash_3.wav,stop
DataSet/stop/b93528e3_nohash_0.wav,stop
DataSet/stop/b93528e3_nohash_1.wav,stop
DataSet/stop/b93528e3_nohash_2.wav,stop
DataSet/stop/b9515bf3_nohash_0.wav,stop
DataSet/stop/b9515bf3_nohash_1.wav,stop
DataSet/stop/b9515bf3_nohash_2.wav,stop
DataSet/stop/b9515bf3_nohash_3.wav,stop
DataSet/stop/b959cd0c_nohash_0.wav,stop
DataSet/stop/b959cd0c_nohash_1.wav,stop
DataSet/stop/b959cd0c_nohash_2.wav,stop
DataSet/stop/b97c9f77_nohash_0.wav,stop
DataSet/stop/b97c9f77_nohash_1.wav,stop
DataSet/stop/b97c9f77_nohash_2.wav,stop
DataSet/stop/b97c9f77_nohash_3.wav,stop
DataSet/stop/b97c9f77_nohash_4.wav,stop
DataSet/stop/b9cccd01_nohash_0.wav,stop
DataSet/stop/b9f46737_nohash_0.wav,stop
DataSet/stop/b9f46737_nohash_1.wav,stop
DataSet/stop/b9f46737_nohash_2.wav,stop
DataSet/stop/b9f46737_nohash_3.wav,stop
DataSet/stop/b9f46737_nohash_4.wav,stop
DataSet/stop/ba676390_nohash_0.wav,stop
DataSet/stop/bab36420_nohash_0.wav,stop
DataSet/stop/bab36420_nohash_1.wav,stop
DataSet/stop/bab36420_nohash_2.wav,stop
DataSet/stop/bab36420_nohash_3.wav,stop
DataSet/stop/bab36420_nohash_4.wav,stop
DataSet/stop/baeac2ba_nohash_0.wav,stop
DataSet/stop/baf01c1f_nohash_0.wav,stop
DataSet/stop/baf01c1f_nohash_1.wav,stop
DataSet/stop/bb05582b_nohash_0.wav,stop
DataSet/stop/bb05582b_nohash_1.wav,stop
DataSet/stop/bb05582b_nohash_2.wav,stop
DataSet/stop/bb05582b_nohash_3.wav,stop
DataSet/stop/bb05582b_nohash_4.wav,stop
DataSet/stop/bb31b82b_nohash_0.wav,stop
DataSet/stop/bb31b82b_nohash_1.wav,stop
DataSet/stop/bb6d4301_nohash_0.wav,stop
DataSet/stop/bb6d4301_nohash_1.wav,stop
DataSet/stop/bb6d4301_nohash_2.wav,stop
DataSet/stop/bb6d4301_nohash_3.wav,stop
DataSet/stop/bbaa7946_nohash_0.wav,stop
DataSet/stop/bbb2eb5b_nohash_0.wav,stop
DataSet/stop/bbb2eb5b_nohash_1.wav,stop
DataSet/stop/bbbf4fbd_nohash_0.wav,stop
DataSet/stop/bbc30633_nohash_0.wav,stop
DataSet/stop/bbc30633_nohash_1.wav,stop
DataSet/stop/bbc30633_nohash_2.wav,stop
DataSet/stop/bbc30633_nohash_3.wav,stop
DataSet/stop/bbc30633_nohash_4.wav,stop
DataSet/stop/bbd0bbd0_nohash_0.wav,stop
DataSet/stop/bbd0bbd0_nohash_1.wav,stop
DataSet/stop/bbd0bbd0_nohash_2.wav,stop
DataSet/stop/bbd0bbd0_nohash_3.wav,stop
DataSet/stop/bbd0bbd0_nohash_4.wav,stop
DataSet/stop/bbf38549_nohash_0.wav,stop
DataSet/stop/bbf38549_nohash_1.wav,stop
DataSet/stop/bbf38549_nohash_2.wav,stop
DataSet/stop/bbf38549_nohash_3.wav,stop
DataSet/stop/bc065a17_nohash_0.wav,stop
DataSet/stop/bc065a17_nohash_1.wav,stop
DataSet/stop/bc196f81_nohash_0.wav,stop
DataSet/stop/bc196f81_nohash_1.wav,stop
DataSet/stop/bcf614a2_nohash_0.wav,stop
DataSet/stop/bcf614a2_nohash_1.wav,stop
DataSet/stop/bcf614a2_nohash_2.wav,stop
DataSet/stop/bcf614a2_nohash_3.wav,stop
DataSet/stop/bd11a2e7_nohash_0.wav,stop
DataSet/stop/bd11c654_nohash_0.wav,stop
DataSet/stop/bd11c654_nohash_1.wav,stop
DataSet/stop/bd76a7fd_nohash_0.wav,stop
DataSet/stop/bd76a7fd_nohash_1.wav,stop
DataSet/stop/bd76a7fd_nohash_2.wav,stop
DataSet/stop/bd76a7fd_nohash_3.wav,stop
DataSet/stop/bd76a7fd_nohash_4.wav,stop
DataSet/stop/bd8412df_nohash_0.wav,stop
DataSet/stop/bd8412df_nohash_1.wav,stop
DataSet/stop/bdd22e4d_nohash_0.wav,stop
DataSet/stop/bdd22e4d_nohash_1.wav,stop
DataSet/stop/bdd22e4d_nohash_2.wav,stop
DataSet/stop/bde0f20a_nohash_0.wav,stop
DataSet/stop/bde0f20a_nohash_1.wav,stop
DataSet/stop/bde0f20a_nohash_2.wav,stop
DataSet/stop/bde0f20a_nohash_3.wav,stop
DataSet/stop/bdee441c_nohash_0.wav,stop
DataSet/stop/bdee441c_nohash_1.wav,stop
DataSet/stop/bdee441c_nohash_2.wav,stop
DataSet/stop/bdee441c_nohash_3.wav,stop
DataSet/stop/bdee441c_nohash_4.wav,stop
DataSet/stop/be7a5b2d_nohash_0.wav,stop
DataSet/stop/be7a5b2d_nohash_1.wav,stop
DataSet/stop/be7a5b2d_nohash_2.wav,stop
DataSet/stop/be7a5b2d_nohash_3.wav,stop
DataSet/stop/be7a5b2d_nohash_4.wav,stop
DataSet/stop/be91a00a_nohash_0.wav,stop
DataSet/stop/beb458a4_nohash_0.wav,stop
DataSet/stop/beb458a4_nohash_1.wav,stop
DataSet/stop/beb458a4_nohash_2.wav,stop
DataSet/stop/beb458a4_nohash_3.wav,stop
DataSet/stop/bed06fac_nohash_0.wav,stop
DataSet/stop/bf70feda_nohash_0.wav,stop
DataSet/stop/bf70feda_nohash_1.wav,stop
DataSet/stop/bf8d5617_nohash_0.wav,stop
DataSet/stop/bf8d5617_nohash_1.wav,stop
DataSet/stop/bfaf2000_nohash_0.wav,stop
DataSet/stop/bfb10243_nohash_0.wav,stop
DataSet/stop/bfd26d6b_nohash_0.wav,stop
DataSet/stop/bfd26d6b_nohash_1.wav,stop
DataSet/stop/bfd26d6b_nohash_2.wav,stop
DataSet/stop/bfd26d6b_nohash_3.wav,stop
DataSet/stop/bfd26d6b_nohash_4.wav,stop
DataSet/stop/bfdb9801_nohash_0.wav,stop
DataSet/stop/c0445658_nohash_0.wav,stop
DataSet/stop/c0445658_nohash_1.wav,stop
DataSet/stop/c0445658_nohash_2.wav,stop
DataSet/stop/c0445658_nohash_3.wav,stop
DataSet/stop/c08e5058_nohash_0.wav,stop
DataSet/stop/c0c0d87d_nohash_0.wav,stop
DataSet/stop/c0c0d87d_nohash_1.wav,stop
DataSet/stop/c0fb6812_nohash_0.wav,stop
DataSet/stop/c0fb6812_nohash_1.wav,stop
DataSet/stop/c120e80e_nohash_0.wav,stop
DataSet/stop/c120e80e_nohash_1.wav,stop
DataSet/stop/c120e80e_nohash_2.wav,stop
DataSet/stop/c120e80e_nohash_3.wav,stop
DataSet/stop/c120e80e_nohash_4.wav,stop
DataSet/stop/c120e80e_nohash_5.wav,stop
DataSet/stop/c1cc6e95_nohash_0.wav,stop
DataSet/stop/c1d39ce8_nohash_0.wav,stop
DataSet/stop/c1d39ce8_nohash_1.wav,stop
DataSet/stop/c1d39ce8_nohash_2.wav,stop
DataSet/stop/c1d39ce8_nohash_3.wav,stop
DataSet/stop/c1d39ce8_nohash_4.wav,stop
DataSet/stop/c1d39ce8_nohash_5.wav,stop
DataSet/stop/c1d39ce8_nohash_6.wav,stop
DataSet/stop/c1d39ce8_nohash_7.wav,stop
DataSet/stop/c1d39ce8_nohash_8.wav,stop
DataSet/stop/c1d39ce8_nohash_9.wav,stop
DataSet/stop/c1e0e8e3_nohash_0.wav,stop
DataSet/stop/c1e0e8e3_nohash_1.wav,stop
DataSet/stop/c1e0e8e3_nohash_2.wav,stop
DataSet/stop/c1e0e8e3_nohash_3.wav,stop
DataSet/stop/c1e0e8e3_nohash_4.wav,stop
DataSet/stop/c22d3f18_nohash_0.wav,stop
DataSet/stop/c22d3f18_nohash_1.wav,stop
DataSet/stop/c22d3f18_nohash_2.wav,stop
DataSet/stop/c22d3f18_nohash_3.wav,stop
DataSet/stop/c22d3f18_nohash_4.wav,stop
DataSet/stop/c22ebf46_nohash_0.wav,stop
DataSet/stop/c22ebf46_nohash_1.wav,stop
DataSet/stop/c22ebf46_nohash_2.wav,stop
DataSet/stop/c22ebf46_nohash_3.wav,stop
DataSet/stop/c22ebf46_nohash_4.wav,stop
DataSet/stop/c245d3d7_nohash_0.wav,stop
DataSet/stop/c24d96eb_nohash_0.wav,stop
DataSet/stop/c25a032b_nohash_0.wav,stop
DataSet/stop/c2aeb59d_nohash_0.wav,stop
DataSet/stop/c2bc4489_nohash_0.wav,stop
DataSet/stop/c2d74084_nohash_0.wav,stop
DataSet/stop/c2dccf38_nohash_0.wav,stop
DataSet/stop/c2dccf38_nohash_1.wav,stop
DataSet/stop/c2dccf38_nohash_2.wav,stop
DataSet/stop/c2dccf38_nohash_3.wav,stop
DataSet/stop/c2dccf38_nohash_4.wav,stop
DataSet/stop/c2dccf38_nohash_5.wav,stop
DataSet/stop/c33682f0_nohash_0.wav,stop
DataSet/stop/c33682f0_nohash_1.wav,stop
DataSet/stop/c351e611_nohash_0.wav,stop
DataSet/stop/c351e611_nohash_1.wav,stop
DataSet/stop/c351e611_nohash_2.wav,stop
DataSet/stop/c351e611_nohash_3.wav,stop
DataSet/stop/c351e611_nohash_4.wav,stop
DataSet/stop/c38720cb_nohash_0.wav,stop
DataSet/stop/c392e01d_nohash_0.wav,stop
DataSet/stop/c39703ec_nohash_0.wav,stop
DataSet/stop/c39703ec_nohash_1.wav,stop
DataSet/stop/c39703ec_nohash_2.wav,stop
DataSet/stop/c39703ec_nohash_3.wav,stop
DataSet/stop/c44d2a58_nohash_0.wav,stop
DataSet/stop/c44d2a58_nohash_1.wav,stop
DataSet/stop/c4500713_nohash_0.wav,stop
DataSet/stop/c4a7a867_nohash_0.wav,stop
DataSet/stop/c4e00ee9_nohash_0.wav,stop
DataSet/stop/c4e00ee9_nohash_1.wav,stop
DataSet/stop/c4e00ee9_nohash_2.wav,stop
DataSet/stop/c4e00ee9_nohash_3.wav,stop
DataSet/stop/c4e00ee9_nohash_4.wav,stop
DataSet/stop/c4e1f6e0_nohash_0.wav,stop
DataSet/stop/c50f55b8_nohash_0.wav,stop
DataSet/stop/c50f55b8_nohash_1.wav,stop
DataSet/stop/c50f55b8_nohash_10.wav,stop
DataSet/stop/c50f55b8_nohash_11.wav,stop
DataSet/stop/c50f55b8_nohash_12.wav,stop
DataSet/stop/c50f55b8_nohash_13.wav,stop
DataSet/stop/c50f55b8_nohash_14.wav,stop
DataSet/stop/c50f55b8_nohash_15.wav,stop
DataSet/stop/c50f55b8_nohash_16.wav,stop
DataSet/stop/c50f55b8_nohash_2.wav,stop
DataSet/stop/c50f55b8_nohash_3.wav,stop
DataSet/stop/c50f55b8_nohash_4.wav,stop
DataSet/stop/c50f55b8_nohash_5.wav,stop
DataSet/stop/c50f55b8_nohash_6.wav,stop
DataSet/stop/c50f55b8_nohash_7.wav,stop
DataSet/stop/c50f55b8_nohash_8.wav,stop
DataSet/stop/c50f55b8_nohash_9.wav,stop
DataSet/stop/c518d1b1_nohash_0.wav,stop
DataSet/stop/c518d1b1_nohash_1.wav,stop
DataSet/stop/c53b335a_nohash_0.wav,stop
DataSet/stop/c5570933_nohash_0.wav,stop
DataSet/stop/c5a1e46c_nohash_0.wav,stop
DataSet/stop/c5a1e46c_nohash_1.wav,stop
DataSet/stop/c5c60d8d_nohash_0.wav,stop
DataSet/stop/c5e3817f_nohash_0.wav,stop
DataSet/stop/c633a455_nohash_0.wav,stop
DataSet/stop/c634a189_nohash_0.wav,stop
DataSet/stop/c634a189_nohash_1.wav,stop
DataSet/stop/c634a189_nohash_2.wav,stop
DataSet/stop/c634a189_nohash_3.wav,stop
DataSet/stop/c634a189_nohash_4.wav,stop
DataSet/stop/c6389ab0_nohash_0.wav,stop
DataSet/stop/c6389ab0_nohash_1.wav,stop
DataSet/stop/c661be6e_nohash_0.wav,stop
DataSet/stop/c661be6e_nohash_1.wav,stop
DataSet/stop/c661be6e_nohash_2.wav,stop
DataSet/stop/c68cf200_nohash_0.wav,stop
DataSet/stop/c6a23ff5_nohash_0.wav,stop
DataSet/stop/c6ee87a7_nohash_0.wav,stop
DataSet/stop/c6ee87a7_nohash_1.wav,stop
DataSet/stop/c6ee87a7_nohash_2.wav,stop
DataSet/stop/c6ee87a7_nohash_3.wav,stop
DataSet/stop/c6ee87a7_nohash_4.wav,stop
DataSet/stop/c7124b73_nohash_0.wav,stop
DataSet/stop/c71e3acc_nohash_0.wav,stop
DataSet/stop/c79159aa_nohash_0.wav,stop
DataSet/stop/c79159aa_nohash_1.wav,stop
DataSet/stop/c79159aa_nohash_2.wav,stop
DataSet/stop/c79159aa_nohash_3.wav,stop
DataSet/stop/c79159aa_nohash_4.wav,stop
DataSet/stop/c7aa72e6_nohash_0.wav,stop
DataSet/stop/c7dc7278_nohash_0.wav,stop
DataSet/stop/c7dc7278_nohash_1.wav,stop
DataSet/stop/c7dc7278_nohash_2.wav,stop
DataSet/stop/c7dc7278_nohash_3.wav,stop
DataSet/stop/c86d4fd4_nohash_0.wav,stop
DataSet/stop/c8771f88_nohash_0.wav,stop
DataSet/stop/c885a039_nohash_0.wav,stop
DataSet/stop/c93d5e22_nohash_0.wav,stop
DataSet/stop/c93d5e22_nohash_1.wav,stop
DataSet/stop/c93d5e22_nohash_2.wav,stop
DataSet/stop/c93d5e22_nohash_3.wav,stop
DataSet/stop/c948d727_nohash_0.wav,stop
DataSet/stop/c948d727_nohash_1.wav,stop
DataSet/stop/c948d727_nohash_2.wav,stop
DataSet/stop/c948d727_nohash_3.wav,stop
DataSet/stop/c948d727_nohash_4.wav,stop
DataSet/stop/c98bbbd3_nohash_0.wav,stop
DataSet/stop/c98bbbd3_nohash_1.wav,stop
DataSet/stop/c9b5ff26_nohash_0.wav,stop
DataSet/stop/c9b5ff26_nohash_1.wav,stop
DataSet/stop/c9b5ff26_nohash_2.wav,stop
DataSet/stop/c9b5ff26_nohash_3.wav,stop
DataSet/stop/c9b5ff26_nohash_4.wav,stop
DataSet/stop/c9b653a0_nohash_0.wav,stop
DataSet/stop/c9b653a0_nohash_1.wav,stop
DataSet/stop/c9b653a0_nohash_2.wav,stop
DataSet/stop/c9b653a0_nohash_3.wav,stop
DataSet/stop/c9b653a0_nohash_4.wav,stop
DataSet/stop/c9e251d2_nohash_0.wav,stop
DataSet/stop/ca48dc76_nohash_0.wav,stop
DataSet/stop/ca4912b6_nohash_0.wav,stop
DataSet/stop/ca4912b6_nohash_1.wav,stop
DataSet/stop/ca4912b6_nohash_2.wav,stop
DataSet/stop/ca4912b6_nohash_3.wav,stop
DataSet/stop/ca4912b6_nohash_4.wav,stop
DataSet/stop/ca4d5368_nohash_0.wav,stop
DataSet/stop/ca4d5368_nohash_1.wav,stop
DataSet/stop/ca4d5368_nohash_2.wav,stop
DataSet/stop/ca4d5368_nohash_3.wav,stop
DataSet/stop/ca4d5368_nohash_4.wav,stop
DataSet/stop/ca4eeab0_nohash_0.wav,stop
DataSet/stop/ca6d5cd1_nohash_0.wav,stop
DataSet/stop/caa4779f_nohash_0.wav,stop
DataSet/stop/caa4779f_nohash_1.wav,stop
DataSet/stop/caa4779f_nohash_2.wav,stop
DataSet/stop/caa7feaf_nohash_0.wav,stop
DataSet/stop/cae62f38_nohash_0.wav,stop
DataSet/stop/caedb73a_nohash_0.wav,stop
DataSet/stop/caf1803e_nohash_0.wav,stop
DataSet/stop/caf1803e_nohash_1.wav,stop
DataSet/stop/cb164eea_nohash_0.wav,stop
DataSet/stop/cb164eea_nohash_1.wav,stop
DataSet/stop/cb2929ce_nohash_0.wav,stop
DataSet/stop/cb2929ce_nohash_1.wav,stop
DataSet/stop/cb5d2c6e_nohash_0.wav,stop
DataSet/stop/cb62dbf1_nohash_0.wav,stop
DataSet/stop/cb62dbf1_nohash_1.wav,stop
DataSet/stop/cb62dbf1_nohash_2.wav,stop
DataSet/stop/cb62dbf1_nohash_3.wav,stop
DataSet/stop/cb62dbf1_nohash_4.wav,stop
DataSet/stop/cb72dfb6_nohash_0.wav,stop
DataSet/stop/cb72dfb6_nohash_1.wav,stop
DataSet/stop/cb72dfb6_nohash_2.wav,stop
DataSet/stop/cb72dfb6_nohash_3.wav,stop
DataSet/stop/cb72dfb6_nohash_4.wav,stop
DataSet/stop/cc3b5b62_nohash_0.wav,stop
DataSet/stop/cc3b5b62_nohash_1.wav,stop
DataSet/stop/cc3b5b62_nohash_2.wav,stop
DataSet/stop/cc3b5b62_nohash_3.wav,stop
DataSet/stop/cc3d1613_nohash_0.wav,stop
DataSet/stop/cc4f9250_nohash_0.wav,stop
DataSet/stop/cc4f9250_nohash_1.wav,stop
DataSet/stop/cc4f9250_nohash_2.wav,stop
DataSet/stop/cc4f9250_nohash_3.wav,stop
DataSet/stop/cc554de3_nohash_0.wav,stop
DataSet/stop/cc592808_nohash_0.wav,stop
DataSet/stop/cc592808_nohash_1.wav,stop
DataSet/stop/cc6ee39b_nohash_0.wav,stop
DataSet/stop/cc6ee39b_nohash_1.wav,stop
DataSet/stop/cc6ee39b_nohash_2.wav,stop
DataSet/stop/cc6ee39b_nohash_3.wav,stop
DataSet/stop/cc6ee39b_nohash_4.wav,stop
DataSet/stop/cc71bada_nohash_0.wav,stop
DataSet/stop/cc71bada_nohash_1.wav,stop
DataSet/stop/cc8b3228_nohash_0.wav,stop
DataSet/stop/cc8b3228_nohash_1.wav,stop
DataSet/stop/cc8b3228_nohash_2.wav,stop
DataSet/stop/cc8b3228_nohash_3.wav,stop
DataSet/stop/cc8b3228_nohash_4.wav,stop
DataSet/stop/ccca5655_nohash_0.wav,stop
DataSet/stop/ccca5655_nohash_1.wav,stop
DataSet/stop/ccca5655_nohash_2.wav,stop
DataSet/stop/ccca5655_nohash_3.wav,stop
DataSet/stop/cce17a61_nohash_0.wav,stop
DataSet/stop/cce7416f_nohash_0.wav,stop
DataSet/stop/cce7416f_nohash_1.wav,stop
DataSet/stop/cce7416f_nohash_10.wav,stop
DataSet/stop/cce7416f_nohash_2.wav,stop
DataSet/stop/cce7416f_nohash_3.wav,stop
DataSet/stop/cce7416f_nohash_4.wav,stop
DataSet/stop/cce7416f_nohash_5.wav,stop
DataSet/stop/cce7416f_nohash_6.wav,stop
DataSet/stop/cce7416f_nohash_7.wav,stop
DataSet/stop/cce7416f_nohash_8.wav,stop
DataSet/stop/cce7416f_nohash_9.wav,stop
DataSet/stop/cd671b5f_nohash_0.wav,stop
DataSet/stop/cd671b5f_nohash_1.wav,stop
DataSet/stop/cd671b5f_nohash_2.wav,stop
DataSet/stop/cd671b5f_nohash_3.wav,stop
DataSet/stop/cd671b5f_nohash_4.wav,stop
DataSet/stop/cd68e997_nohash_0.wav,stop
DataSet/stop/cd7f8c1b_nohash_0.wav,stop
DataSet/stop/cd7f8c1b_nohash_1.wav,stop
DataSet/stop/cd7f8c1b_nohash_2.wav,stop
DataSet/stop/cd7f8c1b_nohash_3.wav,stop
DataSet/stop/cd7f8c1b_nohash_4.wav,stop
DataSet/stop/cd85758f_nohash_0.wav,stop
DataSet/stop/cd85758f_nohash_1.wav,stop
DataSet/stop/cd85758f_nohash_2.wav,stop
DataSet/stop/cd85758f_nohash_3.wav,stop
DataSet/stop/cd85758f_nohash_4.wav,stop
DataSet/stop/cdbd6969_nohash_0.wav,stop
DataSet/stop/cdee383b_nohash_0.wav,stop
DataSet/stop/cdee383b_nohash_1.wav,stop
DataSet/stop/cdee383b_nohash_2.wav,stop
DataSet/stop/cdee383b_nohash_3.wav,stop
DataSet/stop/cdfbbe75_nohash_0.wav,stop
DataSet/stop/ce0cb033_nohash_0.wav,stop
DataSet/stop/ce0cb033_nohash_1.wav,stop
DataSet/stop/ce0cb033_nohash_2.wav,stop
DataSet/stop/ce0cb033_nohash_3.wav,stop
DataSet/stop/ce0cb033_nohash_4.wav,stop
DataSet/stop/ce49cb60_nohash_0.wav,stop
DataSet/stop/ce7a8e92_nohash_0.wav,stop
DataSet/stop/ce7a8e92_nohash_1.wav,stop
DataSet/stop/ce7a8e92_nohash_2.wav,stop
DataSet/stop/ce9410da_nohash_0.wav,stop
DataSet/stop/ce9410da_nohash_1.wav,stop
DataSet/stop/ceaadb24_nohash_0.wav,stop
DataSet/stop/ceaadb24_nohash_1.wav,stop
DataSet/stop/ceaadb24_nohash_2.wav,stop
DataSet/stop/ced4e2a1_nohash_0.wav,stop
DataSet/stop/ced4e2a1_nohash_1.wav,stop
DataSet/stop/ced4e2a1_nohash_2.wav,stop
DataSet/stop/cee22275_nohash_0.wav,stop
DataSet/stop/cee22275_nohash_1.wav,stop
DataSet/stop/ceef6d96_nohash_0.wav,stop
DataSet/stop/ceef6d96_nohash_1.wav,stop
DataSet/stop/ceef6d96_nohash_2.wav,stop
DataSet/stop/cf68fad2_nohash_0.wav,stop
DataSet/stop/cf68fad2_nohash_1.wav,stop
DataSet/stop/cf87b736_nohash_0.wav,stop
DataSet/stop/cf8d91cf_nohash_0.wav,stop
DataSet/stop/cfbedff9_nohash_0.wav,stop
DataSet/stop/cfbedff9_nohash_1.wav,stop
DataSet/stop/cfbedff9_nohash_2.wav,stop
DataSet/stop/cfbedff9_nohash_3.wav,stop
DataSet/stop/cfde27ba_nohash_0.wav,stop
DataSet/stop/d0426d63_nohash_0.wav,stop
DataSet/stop/d0426d63_nohash_1.wav,stop
DataSet/stop/d070ea86_nohash_0.wav,stop
DataSet/stop/d070ea86_nohash_1.wav,stop
DataSet/stop/d070ea86_nohash_2.wav,stop
DataSet/stop/d070ea86_nohash_3.wav,stop
DataSet/stop/d0745d72_nohash_0.wav,stop
DataSet/stop/d0745d72_nohash_1.wav,stop
DataSet/stop/d0858dce_nohash_0.wav,stop
DataSet/stop/d0f7bef5_nohash_0.wav,stop
DataSet/stop/d0faf7e4_nohash_0.wav,stop
DataSet/stop/d0faf7e4_nohash_1.wav,stop
DataSet/stop/d0faf7e4_nohash_2.wav,stop
DataSet/stop/d0faf7e4_nohash_3.wav,stop
DataSet/stop/d0fb9ff4_nohash_0.wav,stop
DataSet/stop/d1214f15_nohash_0.wav,stop
DataSet/stop/d1453a87_nohash_0.wav,stop
DataSet/stop/d1a4fb3f_nohash_0.wav,stop
DataSet/stop/d1d3e64d_nohash_0.wav,stop
DataSet/stop/d1d3e64d_nohash_1.wav,stop
DataSet/stop/d1d3e64d_nohash_2.wav,stop
DataSet/stop/d1dd03ed_nohash_0.wav,stop
DataSet/stop/d1dd03ed_nohash_1.wav,stop
DataSet/stop/d1dd03ed_nohash_2.wav,stop
DataSet/stop/d1dd03ed_nohash_3.wav,stop
DataSet/stop/d21fd169_nohash_0.wav,stop
DataSet/stop/d21fd169_nohash_1.wav,stop
DataSet/stop/d21fd169_nohash_2.wav,stop
DataSet/stop/d21fd169_nohash_3.wav,stop
DataSet/stop/d264f7b6_nohash_0.wav,stop
DataSet/stop/d264f7b6_nohash_1.wav,stop
DataSet/stop/d264f7b6_nohash_2.wav,stop
DataSet/stop/d264f7b6_nohash_3.wav,stop
DataSet/stop/d264f7b6_nohash_4.wav,stop
DataSet/stop/d264f7b6_nohash_5.wav,stop
DataSet/stop/d278d8ef_nohash_0.wav,stop
DataSet/stop/d278d8ef_nohash_1.wav,stop
DataSet/stop/d278d8ef_nohash_2.wav,stop
DataSet/stop/d278d8ef_nohash_3.wav,stop
DataSet/stop/d278d8ef_nohash_4.wav,stop
DataSet/stop/d2eae23d_nohash_0.wav,stop
DataSet/stop/d2f4f431_nohash_0.wav,stop
DataSet/stop/d2f4f431_nohash_1.wav,stop
DataSet/stop/d31d8dd7_nohash_0.wav,stop
DataSet/stop/d37e4bf1_nohash_0.wav,stop
DataSet/stop/d3831f6a_nohash_0.wav,stop
DataSet/stop/d3831f6a_nohash_1.wav,stop
DataSet/stop/d3831f6a_nohash_2.wav,stop
DataSet/stop/d3831f6a_nohash_3.wav,stop
DataSet/stop/d3831f6a_nohash_4.wav,stop
DataSet/stop/d394ef8e_nohash_0.wav,stop
DataSet/stop/d394ef8e_nohash_1.wav,stop
DataSet/stop/d394ef8e_nohash_2.wav,stop
DataSet/stop/d3a18257_nohash_0.wav,stop
DataSet/stop/d3a18257_nohash_1.wav,stop
DataSet/stop/d3d8fcd0_nohash_0.wav,stop
DataSet/stop/d3d8fcd0_nohash_1.wav,stop
DataSet/stop/d3f22f0e_nohash_0.wav,stop
DataSet/stop/d3f22f0e_nohash_1.wav,stop
DataSet/stop/d4082f3e_nohash_0.wav,stop
DataSet/stop/d486fb84_nohash_0.wav,stop
DataSet/stop/d4dddb92_nohash_0.wav,stop
DataSet/stop/d4dddb92_nohash_1.wav,stop
DataSet/stop/d5356b9a_nohash_0.wav,stop
DataSet/stop/d571f9d7_nohash_0.wav,stop
DataSet/stop/d57febf0_nohash_0.wav,stop
DataSet/stop/d5b963aa_nohash_0.wav,stop
DataSet/stop/d5b963aa_nohash_1.wav,stop
DataSet/stop/d5b963aa_nohash_2.wav,stop
DataSet/stop/d5ca80c6_nohash_0.wav,stop
DataSet/stop/d5dd88da_nohash_0.wav,stop
DataSet/stop/d6b155a5_nohash_0.wav,stop
DataSet/stop/d71ad617_nohash_0.wav,stop
DataSet/stop/d7467392_nohash_0.wav,stop
DataSet/stop/d7467392_nohash_1.wav,stop
DataSet/stop/d7529c0c_nohash_0.wav,stop
DataSet/stop/d7529c0c_nohash_1.wav,stop
DataSet/stop/d7559b2d_nohash_0.wav,stop
DataSet/stop/d78858d9_nohash_0.wav,stop
DataSet/stop/d78858d9_nohash_1.wav,stop
DataSet/stop/d78858d9_nohash_2.wav,stop
DataSet/stop/d84829e0_nohash_0.wav,stop
DataSet/stop/d874a786_nohash_0.wav,stop
DataSet/stop/d8ee4734_nohash_0.wav,stop
DataSet/stop/d91a159e_nohash_0.wav,stop
DataSet/stop/d933bf5e_nohash_0.wav,stop
DataSet/stop/d933bf5e_nohash_1.wav,stop
DataSet/stop/d933bf5e_nohash_2.wav,stop
DataSet/stop/d962e5ac_nohash_0.wav,stop
DataSet/stop/d962e5ac_nohash_1.wav,stop
DataSet/stop/d962e5ac_nohash_2.wav,stop
DataSet/stop/d962e5ac_nohash_3.wav,stop
DataSet/stop/d962e5ac_nohash_4.wav,stop
DataSet/stop/d98dd124_nohash_0.wav,stop
DataSet/stop/d98dd124_nohash_1.wav,stop
DataSet/stop/d98dd124_nohash_2.wav,stop
DataSet/stop/d98dd124_nohash_3.wav,stop
DataSet/stop/d9aa8c90_nohash_0.wav,stop
DataSet/stop/d9aa8c90_nohash_1.wav,stop
DataSet/stop/d9aa8c90_nohash_2.wav,stop
DataSet/stop/d9aa8c90_nohash_3.wav,stop
DataSet/stop/d9aa8c90_nohash_4.wav,stop
DataSet/stop/d9ae8983_nohash_0.wav,stop
DataSet/stop/d9b50b8b_nohash_0.wav,stop
DataSet/stop/d9b50b8b_nohash_1.wav,stop
DataSet/stop/d9b8fab2_nohash_0.wav,stop
DataSet/stop/d9b8fab2_nohash_1.wav,stop
DataSet/stop/d9d6559e_nohash_0.wav,stop
DataSet/stop/da040491_nohash_0.wav,stop
DataSet/stop/da040491_nohash_1.wav,stop
DataSet/stop/da040491_nohash_2.wav,stop
DataSet/stop/da040491_nohash_3.wav,stop
DataSet/stop/da15e796_nohash_0.wav,stop
DataSet/stop/da1d320c_nohash_0.wav,stop
DataSet/stop/da27460c_nohash_0.wav,stop
DataSet/stop/da27460c_nohash_1.wav,stop
DataSet/stop/da27460c_nohash_2.wav,stop
DataSet/stop/da2c5f1b_nohash_0.wav,stop
DataSet/stop/da584bc0_nohash_0.wav,stop
DataSet/stop/da584bc0_nohash_1.wav,stop
DataSet/stop/da584bc0_nohash_2.wav,stop
DataSet/stop/da584bc0_nohash_3.wav,stop
DataSet/stop/da584bc0_nohash_4.wav,stop
DataSet/stop/da7689f1_nohash_0.wav,stop
DataSet/stop/da8fa823_nohash_0.wav,stop
DataSet/stop/da8fa823_nohash_1.wav,stop
DataSet/stop/dabd70c2_nohash_0.wav,stop
DataSet/stop/dabf67d9_nohash_0.wav,stop
DataSet/stop/dae01802_nohash_0.wav,stop
DataSet/stop/dae01802_nohash_1.wav,stop
DataSet/stop/dae01802_nohash_2.wav,stop
DataSet/stop/dae01802_nohash_3.wav,stop
DataSet/stop/dae01802_nohash_4.wav,stop
DataSet/stop/daf230ac_nohash_0.wav,stop
DataSet/stop/db24628d_nohash_0.wav,stop
DataSet/stop/db24628d_nohash_1.wav,stop
DataSet/stop/db24628d_nohash_2.wav,stop
DataSet/stop/db24628d_nohash_3.wav,stop
DataSet/stop/db43cd03_nohash_0.wav,stop
DataSet/stop/db79a764_nohash_0.wav,stop
DataSet/stop/db79a764_nohash_1.wav,stop
DataSet/stop/db7c95b0_nohash_0.wav,stop
DataSet/stop/db7c95b0_nohash_1.wav,stop
DataSet/stop/db9d52d2_nohash_0.wav,stop
DataSet/stop/dbaf8fc6_nohash_0.wav,stop
DataSet/stop/dbaf8fc6_nohash_1.wav,stop
DataSet/stop/dc269564_nohash_0.wav,stop
DataSet/stop/dc6e9c04_nohash_0.wav,stop
DataSet/stop/dc7ec25b_nohash_0.wav,stop
DataSet/stop/dca2797e_nohash_0.wav,stop
DataSet/stop/dca2797e_nohash_1.wav,stop
DataSet/stop/dca2797e_nohash_2.wav,stop
DataSet/stop/dca2797e_nohash_3.wav,stop
DataSet/stop/dca2797e_nohash_4.wav,stop
DataSet/stop/dcc012ec_nohash_0.wav,stop
DataSet/stop/dd664d92_nohash_0.wav,stop
DataSet/stop/ddedba85_nohash_0.wav,stop
DataSet/stop/ddedba85_nohash_1.wav,stop
DataSet/stop/ddedba85_nohash_2.wav,stop
DataSet/stop/ddedba85_nohash_3.wav,stop
DataSet/stop/ddedba85_nohash_4.wav,stop
DataSet/stop/de040337_nohash_0.wav,stop
DataSet/stop/de08912f_nohash_0.wav,stop
DataSet/stop/de3fe344_nohash_0.wav,stop
DataSet/stop/de3fe344_nohash_1.wav,stop
DataSet/stop/de3fe344_nohash_2.wav,stop
DataSet/stop/de3fe344_nohash_3.wav,stop
DataSet/stop/de3fe344_nohash_4.wav,stop
DataSet/stop/de41f895_nohash_0.wav,stop
DataSet/stop/de41f895_nohash_1.wav,stop
DataSet/stop/de4f7798_nohash_0.wav,stop
DataSet/stop/de650823_nohash_0.wav,stop
DataSet/stop/de89e2ca_nohash_0.wav,stop
DataSet/stop/de89e2ca_nohash_1.wav,stop
DataSet/stop/de89e2ca_nohash_2.wav,stop
DataSet/stop/de89e2ca_nohash_3.wav,stop
DataSet/stop/de89e2ca_nohash_4.wav,stop
DataSet/stop/dea820ce_nohash_0.wav,stop
DataSet/stop/dea820ce_nohash_1.wav,stop
DataSet/stop/dea820ce_nohash_2.wav,stop
DataSet/stop/df038de4_nohash_0.wav,stop
DataSet/stop/df1d5024_nohash_0.wav,stop
DataSet/stop/df1d5024_nohash_1.wav,stop
DataSet/stop/df1d5024_nohash_2.wav,stop
DataSet/stop/df1d5024_nohash_3.wav,stop
DataSet/stop/df280250_nohash_0.wav,stop
DataSet/stop/df280250_nohash_1.wav,stop
DataSet/stop/df280250_nohash_2.wav,stop
DataSet/stop/dfb6450b_nohash_0.wav,stop
DataSet/stop/dfdabe19_nohash_0.wav,stop
DataSet/stop/dff327c5_nohash_0.wav,stop
DataSet/stop/dff327c5_nohash_1.wav,stop
DataSet/stop/e0315cf6_nohash_0.wav,stop
DataSet/stop/e0315cf6_nohash_1.wav,stop
DataSet/stop/e0315cf6_nohash_2.wav,stop
DataSet/stop/e0315cf6_nohash_3.wav,stop
DataSet/stop/e04d7130_nohash_0.wav,stop
DataSet/stop/e04d7130_nohash_1.wav,stop
DataSet/stop/e04d7130_nohash_2.wav,stop
DataSet/stop/e0611c84_nohash_0.wav,stop
DataSet/stop/e07dd7d4_nohash_0.wav,stop
DataSet/stop/e0c782d5_nohash_0.wav,stop
DataSet/stop/e0c782d5_nohash_1.wav,stop
DataSet/stop/e0c782d5_nohash_2.wav,stop
DataSet/stop/e0c782d5_nohash_3.wav,stop
DataSet/stop/e0c782d5_nohash_4.wav,stop
DataSet/stop/e0ff1e9c_nohash_0.wav,stop
DataSet/stop/e0ff1e9c_nohash_1.wav,stop
DataSet/stop/e0ff1e9c_nohash_2.wav,stop
DataSet/stop/e102119e_nohash_0.wav,stop
DataSet/stop/e11fbc6e_nohash_0.wav,stop
DataSet/stop/e11fbc6e_nohash_1.wav,stop
DataSet/stop/e11fbc6e_nohash_2.wav,stop
DataSet/stop/e11fbc6e_nohash_3.wav,stop
DataSet/stop/e11fbc6e_nohash_4.wav,stop
DataSet/stop/e1469561_nohash_0.wav,stop
DataSet/stop/e1469561_nohash_1.wav,stop
DataSet/stop/e1469561_nohash_2.wav,stop
DataSet/stop/e1469561_nohash_3.wav,stop
DataSet/stop/e1469561_nohash_4.wav,stop
DataSet/stop/e14d3db8_nohash_0.wav,stop
DataSet/stop/e1936ce8_nohash_0.wav,stop
DataSet/stop/e1936ce8_nohash_1.wav,stop
DataSet/stop/e1aa22e4_nohash_0.wav,stop
DataSet/stop/e1aa22e4_nohash_1.wav,stop
DataSet/stop/e1aa22e4_nohash_2.wav,stop
DataSet/stop/e2008f39_nohash_0.wav,stop
DataSet/stop/e20be42a_nohash_0.wav,stop
DataSet/stop/e20be42a_nohash_1.wav,stop
DataSet/stop/e20be42a_nohash_2.wav,stop
DataSet/stop/e2286c18_nohash_0.wav,stop
DataSet/stop/e2286c18_nohash_1.wav,stop
DataSet/stop/e2286c18_nohash_2.wav,stop
DataSet/stop/e2362167_nohash_0.wav,stop
DataSet/stop/e2362167_nohash_1.wav,stop
DataSet/stop/e2362167_nohash_2.wav,stop
DataSet/stop/e2b7d6d6_nohash_0.wav,stop
DataSet/stop/e2b7d6d6_nohash_1.wav,stop
DataSet/stop/e2b7d6d6_nohash_2.wav,stop
DataSet/stop/e32ff49d_nohash_0.wav,stop
DataSet/stop/e32ff49d_nohash_1.wav,stop
DataSet/stop/e32ff49d_nohash_2.wav,stop
DataSet/stop/e3b64217_nohash_0.wav,stop
DataSet/stop/e3e0f145_nohash_0.wav,stop
DataSet/stop/e3e0f145_nohash_1.wav,stop
DataSet/stop/e3e0f145_nohash_2.wav,stop
DataSet/stop/e3e0f145_nohash_3.wav,stop
DataSet/stop/e3e0f145_nohash_4.wav,stop
DataSet/stop/e41a903b_nohash_0.wav,stop
DataSet/stop/e41a903b_nohash_1.wav,stop
DataSet/stop/e41a903b_nohash_2.wav,stop
DataSet/stop/e41a903b_nohash_3.wav,stop
DataSet/stop/e41a903b_nohash_4.wav,stop
DataSet/stop/e4200516_nohash_0.wav,stop
DataSet/stop/e48a80ed_nohash_0.wav,stop
DataSet/stop/e4b02540_nohash_0.wav,stop
DataSet/stop/e4be0cf6_nohash_0.wav,stop
DataSet/stop/e4be0cf6_nohash_1.wav,stop
DataSet/stop/e4be0cf6_nohash_2.wav,stop
DataSet/stop/e4be0cf6_nohash_3.wav,stop
DataSet/stop/e53139ad_nohash_0.wav,stop
DataSet/stop/e53139ad_nohash_1.wav,stop
DataSet/stop/e53139ad_nohash_2.wav,stop
DataSet/stop/e53139ad_nohash_3.wav,stop
DataSet/stop/e53139ad_nohash_4.wav,stop
DataSet/stop/e54a0f16_nohash_0.wav,stop
DataSet/stop/e54a0f16_nohash_1.wav,stop
DataSet/stop/e54a0f16_nohash_2.wav,stop
DataSet/stop/e54a0f16_nohash_3.wav,stop
DataSet/stop/e55a2b20_nohash_0.wav,stop
DataSet/stop/e55a2b20_nohash_1.wav,stop
DataSet/stop/e5afa9b0_nohash_0.wav,stop
DataSet/stop/e5afa9b0_nohash_1.wav,stop
DataSet/stop/e5d2e09d_nohash_0.wav,stop
DataSet/stop/e5d2e09d_nohash_1.wav,stop
DataSet/stop/e5d2e09d_nohash_2.wav,stop
DataSet/stop/e5d2e09d_nohash_3.wav,stop
DataSet/stop/e5d2e09d_nohash_4.wav,stop
DataSet/stop/e5e54cee_nohash_0.wav,stop
DataSet/stop/e62056e2_nohash_0.wav,stop
DataSet/stop/e6327279_nohash_0.wav,stop
DataSet/stop/e6327279_nohash_1.wav,stop
DataSet/stop/e6327279_nohash_2.wav,stop
DataSet/stop/e63b69c5_nohash_0.wav,stop
DataSet/stop/e63b69c5_nohash_1.wav,stop
DataSet/stop/e6515415_nohash_0.wav,stop
DataSet/stop/e6515415_nohash_1.wav,stop
DataSet/stop/e6e29c47_nohash_0.wav,stop
DataSet/stop/e7117d00_nohash_0.wav,stop
DataSet/stop/e71a9381_nohash_0.wav,stop
DataSet/stop/e71a9381_nohash_1.wav,stop
DataSet/stop/e71a9381_nohash_2.wav,stop
DataSet/stop/e71a9381_nohash_3.wav,stop
DataSet/stop/e71a9381_nohash_4.wav,stop
DataSet/stop/e71b4ce6_nohash_0.wav,stop
DataSet/stop/e71b4ce6_nohash_1.wav,stop
DataSet/stop/e72aa705_nohash_0.wav,stop
DataSet/stop/e72aa705_nohash_1.wav,stop
DataSet/stop/e7334395_nohash_0.wav,stop
DataSet/stop/e77d88fc_nohash_0.wav,stop
DataSet/stop/e77d88fc_nohash_1.wav,stop
DataSet/stop/e7bcee8a_nohash_0.wav,stop
DataSet/stop/e7bcee8a_nohash_1.wav,stop
DataSet/stop/e7bcee8a_nohash_2.wav,stop
DataSet/stop/e7bcee8a_nohash_3.wav,stop
DataSet/stop/e7d0eb3f_nohash_0.wav,stop
DataSet/stop/e7ea8b76_nohash_0.wav,stop
DataSet/stop/e7ea8b76_nohash_1.wav,stop
DataSet/stop/e7ea8b76_nohash_2.wav,stop
DataSet/stop/e7ea8b76_nohash_3.wav,stop
DataSet/stop/e7ea8b76_nohash_4.wav,stop
DataSet/stop/e7ebf59c_nohash_0.wav,stop
DataSet/stop/e805a617_nohash_0.wav,stop
DataSet/stop/e805a617_nohash_1.wav,stop
DataSet/stop/e882abb2_nohash_0.wav,stop
DataSet/stop/e882abb2_nohash_1.wav,stop
DataSet/stop/e882abb2_nohash_2.wav,stop
DataSet/stop/e882abb2_nohash_3.wav,stop
DataSet/stop/e8b6f6fe_nohash_0.wav,stop
DataSet/stop/e8d562ca_nohash_0.wav,stop
DataSet/stop/e8e960fd_nohash_0.wav,stop
DataSet/stop/e900b652_nohash_0.wav,stop
DataSet/stop/e9287461_nohash_0.wav,stop
DataSet/stop/e9287461_nohash_1.wav,stop
DataSet/stop/e9287461_nohash_2.wav,stop
DataSet/stop/e9323bd9_nohash_0.wav,stop
DataSet/stop/e9323bd9_nohash_1.wav,stop
DataSet/stop/e9901cf0_nohash_0.wav,stop
DataSet/stop/e99d36c8_nohash_0.wav,stop
DataSet/stop/e99d36c8_nohash_1.wav,stop
DataSet/stop/e9abfe31_nohash_0.wav,stop
DataSet/stop/e9b61425_nohash_0.wav,stop
DataSet/stop/e9b61425_nohash_1.wav,stop
DataSet/stop/e9bc5cc2_nohash_0.wav,stop
DataSet/stop/e9bc5cc2_nohash_1.wav,stop
DataSet/stop/e9bc5cc2_nohash_2.wav,stop
DataSet/stop/e9bc5cc2_nohash_3.wav,stop
DataSet/stop/e9bc5cc2_nohash_4.wav,stop
DataSet/stop/ea0cf37f_nohash_0.wav,stop
DataSet/stop/ea0cf37f_nohash_1.wav,stop
DataSet/stop/ea0cf37f_nohash_2.wav,stop
DataSet/stop/ea1f888c_nohash_0.wav,stop
DataSet/stop/ea1f888c_nohash_1.wav,stop
DataSet/stop/ea356919_nohash_0.wav,stop
DataSet/stop/ea356919_nohash_1.wav,stop
DataSet/stop/ea9f8e11_nohash_0.wav,stop
DataSet/stop/ea9f8e11_nohash_1.wav,stop
DataSet/stop/eaa83485_nohash_0.wav,stop
DataSet/stop/eaa83485_nohash_1.wav,stop
DataSet/stop/eaa83485_nohash_2.wav,stop
DataSet/stop/eaa83485_nohash_3.wav,stop
DataSet/stop/eaa83485_nohash_4.wav,stop
DataSet/stop/ead2934a_nohash_0.wav,stop
DataSet/stop/ead2934a_nohash_1.wav,stop
DataSet/stop/ead2934a_nohash_2.wav,stop
DataSet/stop/eb0676ec_nohash_0.wav,stop
DataSet/stop/eb0676ec_nohash_1.wav,stop
DataSet/stop/eb0676ec_nohash_2.wav,stop
DataSet/stop/eb0676ec_nohash_3.wav,stop
DataSet/stop/eb0676ec_nohash_4.wav,stop
DataSet/stop/eb0857c0_nohash_0.wav,stop
DataSet/stop/eb0857c0_nohash_1.wav,stop
DataSet/stop/eb3d8eb1_nohash_0.wav,stop
DataSet/stop/eb3f7d82_nohash_0.wav,stop
DataSet/stop/eb3f7d82_nohash_1.wav,stop
DataSet/stop/eb3f7d82_nohash_2.wav,stop
DataSet/stop/eb3f7d82_nohash_3.wav,stop
DataSet/stop/eb3f7d82_nohash_4.wav,stop
DataSet/stop/eb3f7d82_nohash_5.wav,stop
DataSet/stop/eb609143_nohash_0.wav,stop
DataSet/stop/eb67fcbc_nohash_0.wav,stop
DataSet/stop/eb67fcbc_nohash_1.wav,stop
DataSet/stop/eb67fcbc_nohash_2.wav,stop
DataSet/stop/eb67fcbc_nohash_3.wav,stop
DataSet/stop/eb6dab4a_nohash_0.wav,stop
DataSet/stop/eb6dab4a_nohash_1.wav,stop
DataSet/stop/eb76bc68_nohash_0.wav,stop
DataSet/stop/eb76bc68_nohash_1.wav,stop
DataSet/stop/ebdd0f59_nohash_0.wav,stop
DataSet/stop/ebdd0f59_nohash_1.wav,stop
DataSet/stop/ec201020_nohash_0.wav,stop
DataSet/stop/ec201020_nohash_1.wav,stop
DataSet/stop/ec201020_nohash_2.wav,stop
DataSet/stop/ec21c46b_nohash_0.wav,stop
DataSet/stop/ec32860c_nohash_0.wav,stop
DataSet/stop/ec32860c_nohash_1.wav,stop
DataSet/stop/ec545975_nohash_0.wav,stop
DataSet/stop/ec989d6d_nohash_0.wav,stop
DataSet/stop/ec989d6d_nohash_1.wav,stop
DataSet/stop/ec989d6d_nohash_2.wav,stop
DataSet/stop/ec989d6d_nohash_3.wav,stop
DataSet/stop/ec989d6d_nohash_4.wav,stop
DataSet/stop/ec989d6d_nohash_5.wav,stop
DataSet/stop/ec9b830b_nohash_0.wav,stop
DataSet/stop/ecbd8d66_nohash_0.wav,stop
DataSet/stop/ecbd8d66_nohash_1.wav,stop
DataSet/stop/ecef25ba_nohash_0.wav,stop
DataSet/stop/ecef25ba_nohash_1.wav,stop
DataSet/stop/ed032775_nohash_0.wav,stop
DataSet/stop/ed032775_nohash_1.wav,stop
DataSet/stop/ed032775_nohash_2.wav,stop
DataSet/stop/ed032775_nohash_3.wav,stop
DataSet/stop/ed032775_nohash_4.wav,stop
DataSet/stop/ed3c2d05_nohash_0.wav,stop
DataSet/stop/ed3c2d05_nohash_1.wav,stop
DataSet/stop/ede2f4ee_nohash_0.wav,stop
DataSet/stop/ee07dcb9_nohash_0.wav,stop
DataSet/stop/ee07dcb9_nohash_1.wav,stop
DataSet/stop/ee07dcb9_nohash_2.wav,stop
DataSet/stop/ee1d8d49_nohash_0.wav,stop
DataSet/stop/ee1d8d49_nohash_1.wav,stop
DataSet/stop/ee1d8d49_nohash_2.wav,stop
DataSet/stop/ee1d8d49_nohash_3.wav,stop
DataSet/stop/ee6163d5_nohash_0.wav,stop
DataSet/stop/ee6163d5_nohash_1.wav,stop
DataSet/stop/eeaf97c3_nohash_0.wav,stop
DataSet/stop/eeaf97c3_nohash_1.wav,stop
DataSet/stop/eeaf97c3_nohash_2.wav,stop
DataSet/stop/eeaf97c3_nohash_3.wav,stop
DataSet/stop/eeaf97c3_nohash_4.wav,stop
DataSet/stop/eee5e541_nohash_0.wav,stop
DataSet/stop/eefd26f3_nohash_0.wav,stop
DataSet/stop/eefd26f3_nohash_1.wav,stop
DataSet/stop/ef2578c0_nohash_0.wav,stop
DataSet/stop/ef2a3cfb_nohash_0.wav,stop
DataSet/stop/ef3367d9_nohash_0.wav,stop
DataSet/stop/ef3367d9_nohash_1.wav,stop
DataSet/stop/ef3367d9_nohash_2.wav,stop
DataSet/stop/ef3367d9_nohash_3.wav,stop
DataSet/stop/ef3367d9_nohash_4.wav,stop
DataSet/stop/ef3367d9_nohash_5.wav,stop
DataSet/stop/ef3367d9_nohash_6.wav,stop
DataSet/stop/ef3367d9_nohash_7.wav,stop
DataSet/stop/ef77b778_nohash_0.wav,stop
DataSet/stop/ef77b778_nohash_1.wav,stop
DataSet/stop/ef77b778_nohash_2.wav,stop
DataSet/stop/ef77b778_nohash_3.wav,stop
DataSet/stop/efa16ffd_nohash_0.wav,stop
DataSet/stop/efab2cbd_nohash_0.wav,stop
DataSet/stop/efab2cbd_nohash_1.wav,stop
DataSet/stop/efbc3952_nohash_0.wav,stop
DataSet/stop/efbc3952_nohash_1.wav,stop
DataSet/stop/efc5e569_nohash_0.wav,stop
DataSet/stop/f00180d0_nohash_0.wav,stop
DataSet/stop/f01a0d63_nohash_0.wav,stop
DataSet/stop/f01a0d63_nohash_1.wav,stop
DataSet/stop/f01a0d63_nohash_2.wav,stop
DataSet/stop/f01a0d63_nohash_3.wav,stop
DataSet/stop/f01a0d63_nohash_4.wav,stop
DataSet/stop/f035e2ea_nohash_0.wav,stop
DataSet/stop/f035e2ea_nohash_1.wav,stop
DataSet/stop/f035e2ea_nohash_2.wav,stop
DataSet/stop/f035e2ea_nohash_3.wav,stop
DataSet/stop/f035e2ea_nohash_4.wav,stop
DataSet/stop/f0522ff4_nohash_0.wav,stop
DataSet/stop/f0522ff4_nohash_1.wav,stop
DataSet/stop/f0522ff4_nohash_2.wav,stop
DataSet/stop/f0522ff4_nohash_3.wav,stop
DataSet/stop/f0522ff4_nohash_4.wav,stop
DataSet/stop/f06190c1_nohash_0.wav,stop
DataSet/stop/f06190c1_nohash_1.wav,stop
DataSet/stop/f0659908_nohash_0.wav,stop
DataSet/stop/f0659908_nohash_1.wav,stop
DataSet/stop/f0659908_nohash_2.wav,stop
DataSet/stop/f0659908_nohash_3.wav,stop
DataSet/stop/f0659908_nohash_4.wav,stop
DataSet/stop/f0ac2522_nohash_0.wav,stop
DataSet/stop/f0ae7203_nohash_0.wav,stop
DataSet/stop/f0ebef1b_nohash_0.wav,stop
DataSet/stop/f104f742_nohash_0.wav,stop
DataSet/stop/f15a354c_nohash_0.wav,stop
DataSet/stop/f15a354c_nohash_1.wav,stop
DataSet/stop/f19c1390_nohash_0.wav,stop
DataSet/stop/f19c1390_nohash_1.wav,stop
DataSet/stop/f19c1390_nohash_2.wav,stop
DataSet/stop/f19c1390_nohash_3.wav,stop
DataSet/stop/f1b35ace_nohash_0.wav,stop
DataSet/stop/f216055e_nohash_0.wav,stop
DataSet/stop/f21893dc_nohash_0.wav,stop
DataSet/stop/f250345e_nohash_0.wav,stop
DataSet/stop/f264e0df_nohash_0.wav,stop
DataSet/stop/f2898d06_nohash_0.wav,stop
DataSet/stop/f2898d06_nohash_1.wav,stop
DataSet/stop/f2898d06_nohash_2.wav,stop
DataSet/stop/f2898d06_nohash_3.wav,stop
DataSet/stop/f2898d06_nohash_4.wav,stop
DataSet/stop/f292725f_nohash_0.wav,stop
DataSet/stop/f297e878_nohash_0.wav,stop
DataSet/stop/f297e878_nohash_1.wav,stop
DataSet/stop/f297e878_nohash_2.wav,stop
DataSet/stop/f2a90886_nohash_0.wav,stop
DataSet/stop/f2a90886_nohash_1.wav,stop
DataSet/stop/f2b8fc18_nohash_0.wav,stop
DataSet/stop/f2dd248e_nohash_0.wav,stop
DataSet/stop/f2e59fea_nohash_0.wav,stop
DataSet/stop/f2e59fea_nohash_1.wav,stop
DataSet/stop/f2e59fea_nohash_2.wav,stop
DataSet/stop/f2e59fea_nohash_3.wav,stop
DataSet/stop/f2e9b610_nohash_0.wav,stop
DataSet/stop/f2e9b610_nohash_1.wav,stop
DataSet/stop/f2e9b610_nohash_2.wav,stop
DataSet/stop/f2e9b610_nohash_3.wav,stop
DataSet/stop/f2e9b610_nohash_4.wav,stop
DataSet/stop/f2f0d244_nohash_0.wav,stop
DataSet/stop/f2f0d244_nohash_1.wav,stop
DataSet/stop/f2f0d244_nohash_2.wav,stop
DataSet/stop/f30285c8_nohash_0.wav,stop
DataSet/stop/f30285c8_nohash_1.wav,stop
DataSet/stop/f30285c8_nohash_2.wav,stop
DataSet/stop/f30285c8_nohash_3.wav,stop
DataSet/stop/f30285c8_nohash_4.wav,stop
DataSet/stop/f33660af_nohash_0.wav,stop
DataSet/stop/f33660af_nohash_1.wav,stop
DataSet/stop/f34e6f44_nohash_0.wav,stop
DataSet/stop/f35eedd7_nohash_0.wav,stop
DataSet/stop/f3d06008_nohash_0.wav,stop
DataSet/stop/f3d06008_nohash_1.wav,stop
DataSet/stop/f428ca69_nohash_0.wav,stop
DataSet/stop/f42e234b_nohash_0.wav,stop
DataSet/stop/f4386675_nohash_0.wav,stop
DataSet/stop/f44f440f_nohash_0.wav,stop
DataSet/stop/f44f440f_nohash_1.wav,stop
DataSet/stop/f4504600_nohash_0.wav,stop
DataSet/stop/f4504600_nohash_1.wav,stop
DataSet/stop/f45fcf9a_nohash_0.wav,stop
DataSet/stop/f47d644e_nohash_0.wav,stop
DataSet/stop/f47d644e_nohash_1.wav,stop
DataSet/stop/f4cae173_nohash_0.wav,stop
DataSet/stop/f4cae173_nohash_1.wav,stop
DataSet/stop/f5341341_nohash_0.wav,stop
DataSet/stop/f5341341_nohash_1.wav,stop
DataSet/stop/f5341341_nohash_2.wav,stop
DataSet/stop/f5341341_nohash_3.wav,stop
DataSet/stop/f5341341_nohash_4.wav,stop
DataSet/stop/f5496439_nohash_0.wav,stop
DataSet/stop/f5496439_nohash_1.wav,stop
DataSet/stop/f5626af6_nohash_0.wav,stop
DataSet/stop/f5626af6_nohash_1.wav,stop
DataSet/stop/f5626af6_nohash_2.wav,stop
DataSet/stop/f5626af6_nohash_3.wav,stop
DataSet/stop/f568162b_nohash_0.wav,stop
DataSet/stop/f568162b_nohash_1.wav,stop
DataSet/stop/f568162b_nohash_2.wav,stop
DataSet/stop/f568162b_nohash_3.wav,stop
DataSet/stop/f568162b_nohash_4.wav,stop
DataSet/stop/f5733968_nohash_0.wav,stop
DataSet/stop/f5733968_nohash_1.wav,stop
DataSet/stop/f5733968_nohash_2.wav,stop
DataSet/stop/f5733968_nohash_3.wav,stop
DataSet/stop/f5733968_nohash_4.wav,stop
DataSet/stop/f575faf3_nohash_0.wav,stop
DataSet/stop/f575faf3_nohash_1.wav,stop
DataSet/stop/f575faf3_nohash_2.wav,stop
DataSet/stop/f575faf3_nohash_3.wav,stop
DataSet/stop/f575faf3_nohash_4.wav,stop
DataSet/stop/f59d0771_nohash_0.wav,stop
DataSet/stop/f5c3de1b_nohash_0.wav,stop
DataSet/stop/f5c3de1b_nohash_1.wav,stop
DataSet/stop/f5d09ebd_nohash_0.wav,stop
DataSet/stop/f5e44d34_nohash_0.wav,stop
DataSet/stop/f5e44d34_nohash_1.wav,stop
DataSet/stop/f5e5e8b0_nohash_0.wav,stop
DataSet/stop/f632210f_nohash_0.wav,stop
DataSet/stop/f632210f_nohash_1.wav,stop
DataSet/stop/f6617a86_nohash_0.wav,stop
DataSet/stop/f6617a86_nohash_1.wav,stop
DataSet/stop/f68160c0_nohash_0.wav,stop
DataSet/stop/f68160c0_nohash_1.wav,stop
DataSet/stop/f68160c0_nohash_2.wav,stop
DataSet/stop/f68160c0_nohash_3.wav,stop
DataSet/stop/f68160c0_nohash_4.wav,stop
DataSet/stop/f6af2457_nohash_0.wav,stop
DataSet/stop/f6af2457_nohash_1.wav,stop
DataSet/stop/f6af2457_nohash_2.wav,stop
DataSet/stop/f736ab63_nohash_0.wav,stop
DataSet/stop/f736ab63_nohash_1.wav,stop
DataSet/stop/f736ab63_nohash_2.wav,stop
DataSet/stop/f736ab63_nohash_3.wav,stop
DataSet/stop/f7879738_nohash_0.wav,stop
DataSet/stop/f7879738_nohash_1.wav,stop
DataSet/stop/f798ac78_nohash_0.wav,stop
DataSet/stop/f798ac78_nohash_1.wav,stop
DataSet/stop/f798ac78_nohash_2.wav,stop
DataSet/stop/f798ac78_nohash_3.wav,stop
DataSet/stop/f798ac78_nohash_4.wav,stop
DataSet/stop/f804cbb3_nohash_0.wav,stop
DataSet/stop/f804cbb3_nohash_1.wav,stop
DataSet/stop/f804cbb3_nohash_2.wav,stop
DataSet/stop/f804cbb3_nohash_3.wav,stop
DataSet/stop/f816db77_nohash_0.wav,stop
DataSet/stop/f822b9bf_nohash_0.wav,stop
DataSet/stop/f822b9bf_nohash_1.wav,stop
DataSet/stop/f822b9bf_nohash_2.wav,stop
DataSet/stop/f822b9bf_nohash_3.wav,stop
DataSet/stop/f822b9bf_nohash_4.wav,stop
DataSet/stop/f852895b_nohash_0.wav,stop
DataSet/stop/f875f965_nohash_0.wav,stop
DataSet/stop/f88f97a7_nohash_0.wav,stop
DataSet/stop/f8ad3941_nohash_0.wav,stop
DataSet/stop/f8ad3941_nohash_1.wav,stop
DataSet/stop/f8ba7c0e_nohash_0.wav,stop
DataSet/stop/f8ba7c0e_nohash_1.wav,stop
DataSet/stop/f8ba7c0e_nohash_2.wav,stop
DataSet/stop/f8ba7c0e_nohash_3.wav,stop
DataSet/stop/f8ba7c0e_nohash_4.wav,stop
DataSet/stop/f8f60f59_nohash_0.wav,stop
DataSet/stop/f8f60f59_nohash_1.wav,stop
DataSet/stop/f8f60f59_nohash_2.wav,stop
DataSet/stop/f9273a21_nohash_0.wav,stop
DataSet/stop/f9273a21_nohash_1.wav,stop
DataSet/stop/f9318c93_nohash_0.wav,stop
DataSet/stop/f953e1af_nohash_0.wav,stop
DataSet/stop/f953e1af_nohash_1.wav,stop
DataSet/stop/f953e1af_nohash_2.wav,stop
DataSet/stop/f953e1af_nohash_3.wav,stop
DataSet/stop/f953e1af_nohash_4.wav,stop
DataSet/stop/f9643d42_nohash_0.wav,stop
DataSet/stop/f9643d42_nohash_1.wav,stop
DataSet/stop/f9643d42_nohash_2.wav,stop
DataSet/stop/f9643d42_nohash_3.wav,stop
DataSet/stop/f97e1fcd_nohash_0.wav,stop
DataSet/stop/f9af0887_nohash_0.wav,stop
DataSet/stop/f9af0887_nohash_1.wav,stop
DataSet/stop/f9af0887_nohash_2.wav,stop
DataSet/stop/f9af823e_nohash_0.wav,stop
DataSet/stop/f9bdf10e_nohash_0.wav,stop
DataSet/stop/f9bdf10e_nohash_1.wav,stop
DataSet/stop/f9f9751d_nohash_0.wav,stop
DataSet/stop/fa446c16_nohash_0.wav,stop
DataSet/stop/fa446c16_nohash_1.wav,stop
DataSet/stop/fa446c16_nohash_2.wav,stop
DataSet/stop/fa446c16_nohash_3.wav,stop
DataSet/stop/fa44fcf5_nohash_0.wav,stop
DataSet/stop/fa44fcf5_nohash_1.wav,stop
DataSet/stop/fa52ddf6_nohash_0.wav,stop
DataSet/stop/fa52ddf6_nohash_1.wav,stop
DataSet/stop/fa52ddf6_nohash_2.wav,stop
DataSet/stop/fa52ddf6_nohash_3.wav,stop
DataSet/stop/fa52ddf6_nohash_4.wav,stop
DataSet/stop/fa57ab3b_nohash_0.wav,stop
DataSet/stop/fa57ab3b_nohash_1.wav,stop
DataSet/stop/fa57ab3b_nohash_2.wav,stop
DataSet/stop/fa57ab3b_nohash_3.wav,stop
DataSet/stop/fa57ab3b_nohash_4.wav,stop
DataSet/stop/fa7895de_nohash_0.wav,stop
DataSet/stop/fa7895de_nohash_1.wav,stop
DataSet/stop/facd97c0_nohash_0.wav,stop
DataSet/stop/facd97c0_nohash_1.wav,stop
DataSet/stop/fad7a69a_nohash_0.wav,stop
DataSet/stop/fb24c826_nohash_0.wav,stop
DataSet/stop/fb727898_nohash_0.wav,stop
DataSet/stop/fb727898_nohash_1.wav,stop
DataSet/stop/fb727898_nohash_2.wav,stop
DataSet/stop/fb727898_nohash_3.wav,stop
DataSet/stop/fb727898_nohash_4.wav,stop
DataSet/stop/fb7c9b3b_nohash_0.wav,stop
DataSet/stop/fb7eb481_nohash_0.wav,stop
DataSet/stop/fb7eb481_nohash_1.wav,stop
DataSet/stop/fb7eb481_nohash_2.wav,stop
DataSet/stop/fb7eb481_nohash_3.wav,stop
DataSet/stop/fb7eb481_nohash_4.wav,stop
DataSet/stop/fb8c31a9_nohash_0.wav,stop
DataSet/stop/fb8c31a9_nohash_1.wav,stop
DataSet/stop/fb8c31a9_nohash_2.wav,stop
DataSet/stop/fb8c31a9_nohash_3.wav,stop
DataSet/stop/fbb2f6cc_nohash_0.wav,stop
DataSet/stop/fbb2f6cc_nohash_1.wav,stop
DataSet/stop/fbb56351_nohash_0.wav,stop
DataSet/stop/fbb56351_nohash_1.wav,stop
DataSet/stop/fbb56351_nohash_2.wav,stop
DataSet/stop/fbb56351_nohash_3.wav,stop
DataSet/stop/fbb56351_nohash_4.wav,stop
DataSet/stop/fbe51750_nohash_0.wav,stop
DataSet/stop/fc2411fe_nohash_0.wav,stop
DataSet/stop/fc2411fe_nohash_1.wav,stop
DataSet/stop/fc2411fe_nohash_2.wav,stop
DataSet/stop/fc28c8d8_nohash_0.wav,stop
DataSet/stop/fc3ba625_nohash_0.wav,stop
DataSet/stop/fc3ba625_nohash_1.wav,stop
DataSet/stop/fc3ba625_nohash_2.wav,stop
DataSet/stop/fc3ba625_nohash_3.wav,stop
DataSet/stop/fc3ba625_nohash_4.wav,stop
DataSet/stop/fc94edb0_nohash_0.wav,stop
DataSet/stop/fcb25a78_nohash_0.wav,stop
DataSet/stop/fcb25a78_nohash_1.wav,stop
DataSet/stop/fce65496_nohash_0.wav,stop
DataSet/stop/fce96bac_nohash_0.wav,stop
DataSet/stop/fd32732a_nohash_0.wav,stop
DataSet/stop/fd5ccd39_nohash_0.wav,stop
DataSet/stop/fd5ccd39_nohash_1.wav,stop
DataSet/stop/fd5ccd39_nohash_2.wav,stop
DataSet/stop/fd5ccd39_nohash_3.wav,stop
DataSet/stop/fda46b78_nohash_0.wav,stop
DataSet/stop/fdb5155e_nohash_0.wav,stop
DataSet/stop/fdb5155e_nohash_1.wav,stop
DataSet/stop/fde2dee7_nohash_0.wav,stop
DataSet/stop/fe1916ba_nohash_0.wav,stop
DataSet/stop/fe291fa9_nohash_0.wav,stop
DataSet/stop/fe5c4a7a_nohash_0.wav,stop
DataSet/stop/feb1d305_nohash_0.wav,stop
DataSet/stop/ff0e27c3_nohash_0.wav,stop
DataSet/stop/ff2b842e_nohash_0.wav,stop
DataSet/stop/ff2b842e_nohash_1.wav,stop
DataSet/stop/ff2b842e_nohash_2.wav,stop
DataSet/stop/ff4ed4f3_nohash_0.wav,stop
DataSet/stop/ff4ed4f3_nohash_1.wav,stop
DataSet/stop/ff4ed4f3_nohash_2.wav,stop
DataSet/stop/ff4ed4f3_nohash_3.wav,stop
DataSet/stop/ffa76c4a_nohash_0.wav,stop
DataSet/stop/ffa76c4a_nohash_1.wav,stop
DataSet/stop/ffb86d3c_nohash_0.wav,stop
DataSet/stop/ffb86d3c_nohash_1.wav,stop
DataSet/stop/ffb86d3c_nohash_2.wav,stop
DataSet/stop/ffb86d3c_nohash_3.wav,stop
DataSet/stop/ffbb695d_nohash_0.wav,stop
DataSet/stop/ffbb695d_nohash_1.wav,stop
DataSet/stop/ffd2ba2f_nohash_0.wav,stop
DataSet/stop/ffd2ba2f_nohash_1.wav,stop
DataSet/stop/ffd2ba2f_nohash_2.wav,stop
DataSet/stop/ffd2ba2f_nohash_3.wav,stop
DataSet/stop/fffcabd1_nohash_0.wav,stop
DataSet/stop/fffcabd1_nohash_1.wav,stop
DataSet/go/004ae714_nohash_0.wav,go
DataSet/go/004ae714_nohash_1.wav,go
DataSet/go/00970ce1_nohash_0.wav,go
DataSet/go/00b01445_nohash_0.wav,go
DataSet/go/00f0204f_nohash_0.wav,go
DataSet/go/00f0204f_nohash_1.wav,go
DataSet/go/012187a4_nohash_0.wav,go
DataSet/go/012187a4_nohash_1.wav,go
DataSet/go/012c8314_nohash_0.wav,go
DataSet/go/012c8314_nohash_1.wav,go
DataSet/go/012c8314_nohash_2.wav,go
DataSet/go/0132a06d_nohash_0.wav,go
DataSet/go/0132a06d_nohash_1.wav,go
DataSet/go/0132a06d_nohash_2.wav,go
DataSet/go/0132a06d_nohash_3.wav,go
DataSet/go/0132a06d_nohash_4.wav,go
DataSet/go/0137b3f4_nohash_0.wav,go
DataSet/go/0137b3f4_nohash_1.wav,go
DataSet/go/0137b3f4_nohash_2.wav,go
DataSet/go/0137b3f4_nohash_3.wav,go
DataSet/go/0137b3f4_nohash_4.wav,go
DataSet/go/014f9f65_nohash_0.wav,go
DataSet/go/0165e0e8_nohash_0.wav,go
DataSet/go/016e2c6d_nohash_0.wav,go
DataSet/go/016e2c6d_nohash_1.wav,go
DataSet/go/016e2c6d_nohash_2.wav,go
DataSet/go/016e2c6d_nohash_3.wav,go
DataSet/go/017c4098_nohash_0.wav,go
DataSet/go/017c4098_nohash_1.wav,go
DataSet/go/017c4098_nohash_2.wav,go
DataSet/go/017c4098_nohash_3.wav,go
DataSet/go/017c4098_nohash_4.wav,go
DataSet/go/01bb6a2a_nohash_0.wav,go
DataSet/go/01bb6a2a_nohash_1.wav,go
DataSet/go/01bb6a2a_nohash_2.wav,go
DataSet/go/01bcfc0c_nohash_0.wav,go
DataSet/go/01d22d03_nohash_0.wav,go
DataSet/go/01d22d03_nohash_1.wav,go
DataSet/go/01d22d03_nohash_2.wav,go
DataSet/go/022cd682_nohash_0.wav,go
DataSet/go/022cd682_nohash_1.wav,go
DataSet/go/023a61ad_nohash_0.wav,go
DataSet/go/023a61ad_nohash_1.wav,go
DataSet/go/026290a7_nohash_0.wav,go
DataSet/go/026290a7_nohash_1.wav,go
DataSet/go/02746d24_nohash_0.wav,go
DataSet/go/02ade946_nohash_0.wav,go
DataSet/go/02ade946_nohash_1.wav,go
DataSet/go/02ade946_nohash_2.wav,go
DataSet/go/02ade946_nohash_3.wav,go
DataSet/go/02fcd241_nohash_0.wav,go
DataSet/go/030ec18b_nohash_0.wav,go
DataSet/go/030ec18b_nohash_1.wav,go
DataSet/go/03431e13_nohash_0.wav,go
DataSet/go/03431e13_nohash_1.wav,go
DataSet/go/035de8fe_nohash_0.wav,go
DataSet/go/035de8fe_nohash_1.wav,go
DataSet/go/0362539c_nohash_0.wav,go
DataSet/go/037c445a_nohash_0.wav,go
DataSet/go/038da7ee_nohash_0.wav,go
DataSet/go/0397ecda_nohash_0.wav,go
DataSet/go/0397ecda_nohash_1.wav,go
DataSet/go/03c96658_nohash_0.wav,go
DataSet/go/042186b8_nohash_0.wav,go
DataSet/go/042a8dde_nohash_0.wav,go
DataSet/go/042a8dde_nohash_1.wav,go
DataSet/go/042a8dde_nohash_2.wav,go
DataSet/go/042a8dde_nohash_3.wav,go
DataSet/go/042a8dde_nohash_4.wav,go
DataSet/go/0447d7c1_nohash_0.wav,go
DataSet/go/0474c92a_nohash_0.wav,go
DataSet/go/0487ba9b_nohash_0.wav,go
DataSet/go/050170cb_nohash_0.wav,go
DataSet/go/050170cb_nohash_1.wav,go
DataSet/go/050170cb_nohash_2.wav,go
DataSet/go/050170cb_nohash_3.wav,go
DataSet/go/050170cb_nohash_4.wav,go
DataSet/go/0585b66d_nohash_0.wav,go
DataSet/go/0585b66d_nohash_1.wav,go
DataSet/go/0585b66d_nohash_2.wav,go
DataSet/go/05b2db80_nohash_0.wav,go
DataSet/go/05cf43ef_nohash_0.wav,go
DataSet/go/05d18852_nohash_0.wav,go
DataSet/go/06076b6b_nohash_0.wav,go
DataSet/go/0616de09_nohash_0.wav,go
DataSet/go/067f61e2_nohash_0.wav,go
DataSet/go/067f61e2_nohash_1.wav,go
DataSet/go/067f61e2_nohash_2.wav,go
DataSet/go/067f61e2_nohash_3.wav,go
DataSet/go/067f61e2_nohash_4.wav,go
DataSet/go/06a79a03_nohash_0.wav,go
DataSet/go/06a79a03_nohash_1.wav,go
DataSet/go/06f6c194_nohash_0.wav,go
DataSet/go/06f6c194_nohash_1.wav,go
DataSet/go/06f6c194_nohash_2.wav,go
DataSet/go/06f6c194_nohash_3.wav,go
DataSet/go/06f6c194_nohash_4.wav,go
DataSet/go/07089da9_nohash_0.wav,go
DataSet/go/07089da9_nohash_1.wav,go
DataSet/go/07089da9_nohash_2.wav,go
DataSet/go/07089da9_nohash_3.wav,go
DataSet/go/07089da9_nohash_4.wav,go
DataSet/go/070b49af_nohash_0.wav,go
DataSet/go/0717b9f6_nohash_0.wav,go
DataSet/go/0717b9f6_nohash_1.wav,go
DataSet/go/0717b9f6_nohash_2.wav,go
DataSet/go/0717b9f6_nohash_3.wav,go
DataSet/go/0717b9f6_nohash_4.wav,go
DataSet/go/07363607_nohash_0.wav,go
DataSet/go/07363607_nohash_1.wav,go
DataSet/go/07363607_nohash_2.wav,go
DataSet/go/079d1020_nohash_0.wav,go
DataSet/go/07ad9b59_nohash_0.wav,go
DataSet/go/07c5129e_nohash_0.wav,go
DataSet/go/07c5129e_nohash_1.wav,go
DataSet/go/07c5129e_nohash_2.wav,go
DataSet/go/07de53d3_nohash_0.wav,go
DataSet/go/07de53d3_nohash_1.wav,go
DataSet/go/08ab231c_nohash_0.wav,go
DataSet/go/08ab231c_nohash_1.wav,go
DataSet/go/08ab231c_nohash_2.wav,go
DataSet/go/08ab231c_nohash_3.wav,go
DataSet/go/08ab231c_nohash_4.wav,go
DataSet/go/093f65a1_nohash_0.wav,go
DataSet/go/093f65a1_nohash_1.wav,go
DataSet/go/099d52ad_nohash_0.wav,go
DataSet/go/099d52ad_nohash_1.wav,go
DataSet/go/099d52ad_nohash_2.wav,go
DataSet/go/099d52ad_nohash_3.wav,go
DataSet/go/099d52ad_nohash_4.wav,go
DataSet/go/09a7aa2a_nohash_0.wav,go
DataSet/go/09ddc105_nohash_0.wav,go
DataSet/go/0a196374_nohash_0.wav,go
DataSet/go/0a196374_nohash_1.wav,go
DataSet/go/0a196374_nohash_2.wav,go
DataSet/go/0a196374_nohash_3.wav,go
DataSet/go/0a196374_nohash_4.wav,go
DataSet/go/0a2b400e_nohash_0.wav,go
DataSet/go/0a2b400e_nohash_1.wav,go
DataSet/go/0a2b400e_nohash_2.wav,go
DataSet/go/0a2b400e_nohash_3.wav,go
DataSet/go/0a2b400e_nohash_4.wav,go
DataSet/go/0a5636ca_nohash_0.wav,go
DataSet/go/0a9f9af7_nohash_0.wav,go
DataSet/go/0a9f9af7_nohash_1.wav,go
DataSet/go/0ab3b47d_nohash_0.wav,go
DataSet/go/0ab3b47d_nohash_1.wav,go
DataSet/go/0ac15fe9_nohash_0.wav,go
DataSet/go/0ac15fe9_nohash_1.wav,go
DataSet/go/0b56bcfe_nohash_0.wav,go
DataSet/go/0b77ee66_nohash_0.wav,go
DataSet/go/0b77ee66_nohash_1.wav,go
DataSet/go/0b7ee1a0_nohash_0.wav,go
DataSet/go/0b7ee1a0_nohash_1.wav,go
DataSet/go/0b7ee1a0_nohash_2.wav,go
DataSet/go/0b7ee1a0_nohash_3.wav,go
DataSet/go/0b7ee1a0_nohash_4.wav,go
DataSet/go/0ba018fc_nohash_0.wav,go
DataSet/go/0ba018fc_nohash_1.wav,go
DataSet/go/0ba018fc_nohash_2.wav,go
DataSet/go/0ba018fc_nohash_3.wav,go
DataSet/go/0ba018fc_nohash_4.wav,go
DataSet/go/0bac8a71_nohash_0.wav,go
DataSet/go/0bde966a_nohash_0.wav,go
DataSet/go/0bfec55f_nohash_0.wav,go
DataSet/go/0c09f202_nohash_0.wav,go
DataSet/go/0c09f202_nohash_1.wav,go
DataSet/go/0c2ca723_nohash_0.wav,go
DataSet/go/0c2ca723_nohash_1.wav,go
DataSet/go/0c2ca723_nohash_2.wav,go
DataSet/go/0c2d2ffa_nohash_0.wav,go
DataSet/go/0c40e715_nohash_0.wav,go
DataSet/go/0c40e715_nohash_1.wav,go
DataSet/go/0c5027de_nohash_0.wav,go
DataSet/go/0cb74144_nohash_0.wav,go
DataSet/go/0cb74144_nohash_1.wav,go
DataSet/go/0cb74144_nohash_2.wav,go
DataSet/go/0cb74144_nohash_3.wav,go
DataSet/go/0cb74144_nohash_4.wav,go
DataSet/go/0cd323ec_nohash_0.wav,go
DataSet/go/0d2bcf9d_nohash_0.wav,go
DataSet/go/0d393936_nohash_0.wav,go
DataSet/go/0d393936_nohash_1.wav,go
DataSet/go/0d53e045_nohash_0.wav,go
DataSet/go/0d53e045_nohash_1.wav,go
DataSet/go/0d6d7360_nohash_0.wav,go
DataSet/go/0d6d7360_nohash_1.wav,go
DataSet/go/0d6d7360_nohash_2.wav,go
DataSet/go/0d6d7360_nohash_3.wav,go
DataSet/go/0d82fd99_nohash_0.wav,go
DataSet/go/0d82fd99_nohash_1.wav,go
DataSet/go/0d82fd99_nohash_2.wav,go
DataSet/go/0d82fd99_nohash_3.wav,go
DataSet/go/0d82fd99_nohash_4.wav,go
DataSet/go/0d90d8e1_nohash_0.wav,go
DataSet/go/0d90d8e1_nohash_1.wav,go
DataSet/go/0d90d8e1_nohash_2.wav,go
DataSet/go/0d90d8e1_nohash_3.wav,go
DataSet/go/0e5193e6_nohash_0.wav,go
DataSet/go/0e6e36c9_nohash_0.wav,go
DataSet/go/0e6e36c9_nohash_1.wav,go
DataSet/go/0e6e36c9_nohash_2.wav,go
DataSet/go/0ea0e2f4_nohash_0.wav,go
DataSet/go/0ea0e2f4_nohash_1.wav,go
DataSet/go/0ea9c8ce_nohash_0.wav,go
DataSet/go/0ea9c8ce_nohash_1.wav,go
DataSet/go/0ea9c8ce_nohash_2.wav,go
DataSet/go/0ea9c8ce_nohash_3.wav,go
DataSet/go/0eb48e10_nohash_0.wav,go
DataSet/go/0eb48e10_nohash_1.wav,go
DataSet/go/0eb48e10_nohash_2.wav,go
DataSet/go/0f2442b6_nohash_0.wav,go
DataSet/go/0f250098_nohash_0.wav,go
DataSet/go/0f46028a_nohash_0.wav,go
DataSet/go/0f46028a_nohash_1.wav,go
DataSet/go/0f46028a_nohash_2.wav,go
DataSet/go/0f46028a_nohash_3.wav,go
DataSet/go/0f46028a_nohash_4.wav,go
DataSet/go/0f7266cf_nohash_0.wav,go
DataSet/go/0f7266cf_nohash_1.wav,go
DataSet/go/0f7266cf_nohash_2.wav,go
DataSet/go/0f7266cf_nohash_3.wav,go
DataSet/go/0f7266cf_nohash_4.wav,go
DataSet/go/0f7dc557_nohash_0.wav,go
DataSet/go/0f7dc557_nohash_1.wav,go
DataSet/go/0fa1e7a9_nohash_0.wav,go
DataSet/go/0fa1e7a9_nohash_1.wav,go
DataSet/go/0ff728b5_nohash_0.wav,go
DataSet/go/0ff728b5_nohash_1.wav,go
DataSet/go/0ff728b5_nohash_2.wav,go
DataSet/go/0ff728b5_nohash_3.wav,go
DataSet/go/102192fd_nohash_0.wav,go
DataSet/go/10467b06_nohash_0.wav,go
DataSet/go/10467b06_nohash_1.wav,go
DataSet/go/105e72bb_nohash_0.wav,go
DataSet/go/10627519_nohash_0.wav,go
DataSet/go/106a6183_nohash_0.wav,go
DataSet/go/106a6183_nohash_1.wav,go
DataSet/go/106a6183_nohash_2.wav,go
DataSet/go/106a6183_nohash_3.wav,go
DataSet/go/10ace7eb_nohash_0.wav,go
DataSet/go/10ace7eb_nohash_1.wav,go
DataSet/go/10ace7eb_nohash_2.wav,go
DataSet/go/10ace7eb_nohash_3.wav,go
DataSet/go/10ace7eb_nohash_4.wav,go
DataSet/go/10f2bb12_nohash_0.wav,go
DataSet/go/11099149_nohash_0.wav,go
DataSet/go/11099149_nohash_1.wav,go
DataSet/go/11321027_nohash_0.wav,go
DataSet/go/113b3fbc_nohash_0.wav,go
DataSet/go/113b3fbc_nohash_1.wav,go
DataSet/go/113b3fbc_nohash_2.wav,go
DataSet/go/113b3fbc_nohash_3.wav,go
DataSet/go/113b3fbc_nohash_4.wav,go
DataSet/go/118261a9_nohash_0.wav,go
DataSet/go/118261a9_nohash_1.wav,go
DataSet/go/118261a9_nohash_2.wav,go
DataSet/go/11860c84_nohash_0.wav,go
DataSet/go/11a022ba_nohash_0.wav,go
DataSet/go/11a022ba_nohash_1.wav,go
DataSet/go/11a022ba_nohash_2.wav,go
DataSet/go/122c5aa7_nohash_0.wav,go
DataSet/go/122c5aa7_nohash_1.wav,go
DataSet/go/122c5aa7_nohash_2.wav,go
DataSet/go/122c5aa7_nohash_3.wav,go
DataSet/go/122c5aa7_nohash_4.wav,go
DataSet/go/12529547_nohash_0.wav,go
DataSet/go/126a31d2_nohash_0.wav,go
DataSet/go/126a31d2_nohash_1.wav,go
DataSet/go/129c7d8d_nohash_0.wav,go
DataSet/go/12c206ea_nohash_0.wav,go
DataSet/go/12c206ea_nohash_1.wav,go
DataSet/go/12c206ea_nohash_2.wav,go
DataSet/go/131e738d_nohash_0.wav,go
DataSet/go/131e738d_nohash_1.wav,go
DataSet/go/131e738d_nohash_2.wav,go
DataSet/go/1338a799_nohash_0.wav,go
DataSet/go/135c6841_nohash_0.wav,go
DataSet/go/1365dd89_nohash_0.wav,go
DataSet/go/139b255d_nohash_0.wav,go
DataSet/go/13dce503_nohash_0.wav,go
DataSet/go/144d27ff_nohash_0.wav,go
DataSet/go/144d27ff_nohash_1.wav,go
DataSet/go/144d27ff_nohash_2.wav,go
DataSet/go/146d97db_nohash_0.wav,go
DataSet/go/1473be6a_nohash_0.wav,go
DataSet/go/14872d06_nohash_0.wav,go
DataSet/go/14872d06_nohash_1.wav,go
DataSet/go/14872d06_nohash_2.wav,go
DataSet/go/1496195a_nohash_0.wav,go
DataSet/go/1496195a_nohash_1.wav,go
DataSet/go/1496195a_nohash_2.wav,go
DataSet/go/1496195a_nohash_3.wav,go
DataSet/go/1496195a_nohash_4.wav,go
DataSet/go/14c7b073_nohash_0.wav,go
DataSet/go/14c7b073_nohash_1.wav,go
DataSet/go/14c7b073_nohash_2.wav,go
DataSet/go/14c7b073_nohash_3.wav,go
DataSet/go/151bfb79_nohash_0.wav,go
DataSet/go/152491bc_nohash_0.wav,go
DataSet/go/15b0c947_nohash_0.wav,go
DataSet/go/15b0c947_nohash_1.wav,go
DataSet/go/15b0c947_nohash_2.wav,go
DataSet/go/15c563d7_nohash_0.wav,go
DataSet/go/15c563d7_nohash_1.wav,go
DataSet/go/15c563d7_nohash_2.wav,go
DataSet/go/15c563d7_nohash_3.wav,go
DataSet/go/15dd287d_nohash_0.wav,go
DataSet/go/15dd287d_nohash_1.wav,go
DataSet/go/15dd287d_nohash_2.wav,go
DataSet/go/15dd287d_nohash_3.wav,go
DataSet/go/15dd287d_nohash_4.wav,go
DataSet/go/15f04ff8_nohash_0.wav,go
DataSet/go/1625acd8_nohash_0.wav,go
DataSet/go/1626bc5a_nohash_0.wav,go
DataSet/go/1657c9fa_nohash_0.wav,go
DataSet/go/1678e6f1_nohash_0.wav,go
DataSet/go/1678e6f1_nohash_1.wav,go
DataSet/go/16d41d07_nohash_0.wav,go
DataSet/go/16db1582_nohash_0.wav,go
DataSet/go/16db1582_nohash_1.wav,go
DataSet/go/171b56dc_nohash_0.wav,go
DataSet/go/171b56dc_nohash_1.wav,go
DataSet/go/171b56dc_nohash_2.wav,go
DataSet/go/171edea9_nohash_0.wav,go
DataSet/go/171edea9_nohash_1.wav,go
DataSet/go/171edea9_nohash_2.wav,go
DataSet/go/171edea9_nohash_3.wav,go
DataSet/go/172dc2b0_nohash_0.wav,go
DataSet/go/173ae793_nohash_0.wav,go
DataSet/go/173ae793_nohash_1.wav,go
DataSet/go/173ce2be_nohash_0.wav,go
DataSet/go/173ce2be_nohash_1.wav,go
DataSet/go/173e6bbf_nohash_0.wav,go
DataSet/go/173e6bbf_nohash_1.wav,go
DataSet/go/179a61b7_nohash_0.wav,go
DataSet/go/179a61b7_nohash_1.wav,go
DataSet/go/179a61b7_nohash_2.wav,go
DataSet/go/179a61b7_nohash_3.wav,go
DataSet/go/179a61b7_nohash_4.wav,go
DataSet/go/17c94b23_nohash_0.wav,go
DataSet/go/17c94b23_nohash_1.wav,go
DataSet/go/17c94b23_nohash_2.wav,go
DataSet/go/1851e33b_nohash_0.wav,go
DataSet/go/1887fe04_nohash_0.wav,go
DataSet/go/1887fe04_nohash_1.wav,go
DataSet/go/189cbabe_nohash_0.wav,go
DataSet/go/189cbabe_nohash_1.wav,go
DataSet/go/189cbabe_nohash_2.wav,go
DataSet/go/189cbabe_nohash_3.wav,go
DataSet/go/18a1aab9_nohash_0.wav,go
DataSet/go/18c54a68_nohash_0.wav,go
DataSet/go/18e910f4_nohash_0.wav,go
DataSet/go/18e910f4_nohash_1.wav,go
DataSet/go/18e910f4_nohash_2.wav,go
DataSet/go/18e910f4_nohash_3.wav,go
DataSet/go/18e910f4_nohash_4.wav,go
DataSet/go/18f8afd5_nohash_0.wav,go
DataSet/go/18f8afd5_nohash_1.wav,go
DataSet/go/18f8afd5_nohash_2.wav,go
DataSet/go/18f8afd5_nohash_3.wav,go
DataSet/go/18f8afd5_nohash_4.wav,go
DataSet/go/18ffa72d_nohash_0.wav,go
DataSet/go/190821dc_nohash_0.wav,go
DataSet/go/190821dc_nohash_1.wav,go
DataSet/go/190821dc_nohash_2.wav,go
DataSet/go/1942abd7_nohash_0.wav,go
DataSet/go/1942abd7_nohash_1.wav,go
DataSet/go/195c120a_nohash_0.wav,go
DataSet/go/195c120a_nohash_1.wav,go
DataSet/go/195c120a_nohash_2.wav,go
DataSet/go/195c120a_nohash_3.wav,go
DataSet/go/196e84b7_nohash_0.wav,go
DataSet/go/1970b130_nohash_0.wav,go
DataSet/go/19785c4e_nohash_0.wav,go
DataSet/go/19785c4e_nohash_1.wav,go
DataSet/go/19785c4e_nohash_2.wav,go
DataSet/go/197f4153_nohash_0.wav,go
DataSet/go/197f4153_nohash_1.wav,go
DataSet/go/197f4153_nohash_2.wav,go
DataSet/go/197f4153_nohash_3.wav,go
DataSet/go/197f4153_nohash_4.wav,go
DataSet/go/1995cf9e_nohash_0.wav,go
DataSet/go/1995cf9e_nohash_1.wav,go
DataSet/go/199da2bf_nohash_0.wav,go
DataSet/go/19a1e5c7_nohash_0.wav,go
DataSet/go/19e246ad_nohash_0.wav,go
DataSet/go/19e98e89_nohash_0.wav,go
DataSet/go/1a4259c3_nohash_0.wav,go
DataSet/go/1a5b9ca4_nohash_0.wav,go
DataSet/go/1a5b9ca4_nohash_1.wav,go
DataSet/go/1a673010_nohash_0.wav,go
DataSet/go/1a6eca98_nohash_0.wav,go
DataSet/go/1a994c9f_nohash_0.wav,go
DataSet/go/1a994c9f_nohash_1.wav,go
DataSet/go/1a994c9f_nohash_2.wav,go
DataSet/go/1acc97de_nohash_0.wav,go
DataSet/go/1acc97de_nohash_1.wav,go
DataSet/go/1acc97de_nohash_2.wav,go
DataSet/go/1acc97de_nohash_3.wav,go
DataSet/go/1acc97de_nohash_4.wav,go
DataSet/go/1aed7c6d_nohash_0.wav,go
DataSet/go/1aeef15e_nohash_0.wav,go
DataSet/go/1b18600d_nohash_0.wav,go
DataSet/go/1b18600d_nohash_1.wav,go
DataSet/go/1b42b551_nohash_0.wav,go
DataSet/go/1b42b551_nohash_1.wav,go
DataSet/go/1b42b551_nohash_2.wav,go
DataSet/go/1b459024_nohash_0.wav,go
DataSet/go/1b4c9b89_nohash_0.wav,go
DataSet/go/1b4c9b89_nohash_1.wav,go
DataSet/go/1b4c9b89_nohash_2.wav,go
DataSet/go/1b4c9b89_nohash_3.wav,go
DataSet/go/1b4c9b89_nohash_4.wav,go
DataSet/go/1b5ba788_nohash_0.wav,go
DataSet/go/1b5ba788_nohash_1.wav,go
DataSet/go/1b627376_nohash_0.wav,go
DataSet/go/1b63157b_nohash_0.wav,go
DataSet/go/1b835b87_nohash_0.wav,go
DataSet/go/1ba20be2_nohash_0.wav,go
DataSet/go/1ba20be2_nohash_1.wav,go
DataSet/go/1ba20be2_nohash_2.wav,go
DataSet/go/1bb574f9_nohash_0.wav,go
DataSet/go/1bb574f9_nohash_1.wav,go
DataSet/go/1bb6ed89_nohash_0.wav,go
DataSet/go/1bb6ed89_nohash_1.wav,go
DataSet/go/1c1060b1_nohash_0.wav,go
DataSet/go/1c6e5447_nohash_0.wav,go
DataSet/go/1c6e5447_nohash_1.wav,go
DataSet/go/1c6e5447_nohash_2.wav,go
DataSet/go/1c76f5f3_nohash_0.wav,go
DataSet/go/1c76f5f3_nohash_1.wav,go
DataSet/go/1c84a139_nohash_0.wav,go
DataSet/go/1c84a139_nohash_1.wav,go
DataSet/go/1c84a139_nohash_2.wav,go
DataSet/go/1c84a139_nohash_3.wav,go
DataSet/go/1cc80e39_nohash_0.wav,go
DataSet/go/1cc80e39_nohash_1.wav,go
DataSet/go/1cc80e39_nohash_2.wav,go
DataSet/go/1cec8d71_nohash_0.wav,go
DataSet/go/1cec8d71_nohash_1.wav,go
DataSet/go/1d1fe0a0_nohash_0.wav,go
DataSet/go/1d919a90_nohash_0.wav,go
DataSet/go/1dc86f91_nohash_0.wav,go
DataSet/go/1dc86f91_nohash_1.wav,go
DataSet/go/1dc86f91_nohash_2.wav,go
DataSet/go/1dc86f91_nohash_3.wav,go
DataSet/go/1dc86f91_nohash_4.wav,go
DataSet/go/1e02ffc5_nohash_0.wav,go
DataSet/go/1e02ffc5_nohash_1.wav,go
DataSet/go/1e02ffc5_nohash_2.wav,go
DataSet/go/1e02ffc5_nohash_3.wav,go
DataSet/go/1e02ffc5_nohash_4.wav,go
DataSet/go/1e31353f_nohash_0.wav,go
DataSet/go/1e412fac_nohash_0.wav,go
DataSet/go/1e412fac_nohash_1.wav,go
DataSet/go/1e9b215e_nohash_0.wav,go
DataSet/go/1e9b215e_nohash_1.wav,go
DataSet/go/1e9b215e_nohash_2.wav,go
DataSet/go/1e9b215e_nohash_3.wav,go
DataSet/go/1e9b215e_nohash_4.wav,go
DataSet/go/1e9e6bdd_nohash_0.wav,go
DataSet/go/1e9e6bdd_nohash_1.wav,go
DataSet/go/1e9e6bdd_nohash_2.wav,go
DataSet/go/1e9e6bdd_nohash_3.wav,go
DataSet/go/1e9e6bdd_nohash_4.wav,go
DataSet/go/1ecfb537_nohash_0.wav,go
DataSet/go/1ecfb537_nohash_1.wav,go
DataSet/go/1ecfb537_nohash_2.wav,go
DataSet/go/1ed0b13d_nohash_0.wav,go
DataSet/go/1ed0b13d_nohash_1.wav,go
DataSet/go/1ed0b13d_nohash_2.wav,go
DataSet/go/1ed0b13d_nohash_3.wav,go
DataSet/go/1ed557b9_nohash_0.wav,go
DataSet/go/1f3bece8_nohash_0.wav,go
DataSet/go/1fc04a13_nohash_0.wav,go
DataSet/go/1fc04a13_nohash_1.wav,go
DataSet/go/1fd85ee4_nohash_0.wav,go
DataSet/go/1fd85ee4_nohash_1.wav,go
DataSet/go/1ffd513b_nohash_0.wav,go
DataSet/go/2005ca25_nohash_0.wav,go
DataSet/go/20174140_nohash_0.wav,go
DataSet/go/20174140_nohash_1.wav,go
DataSet/go/20a0d54b_nohash_0.wav,go
DataSet/go/20fd451f_nohash_0.wav,go
DataSet/go/20fd451f_nohash_1.wav,go
DataSet/go/20fd451f_nohash_2.wav,go
DataSet/go/20fd451f_nohash_3.wav,go
DataSet/go/211b928a_nohash_0.wav,go
DataSet/go/211b928a_nohash_1.wav,go
DataSet/go/211b928a_nohash_2.wav,go
DataSet/go/211b928a_nohash_3.wav,go
DataSet/go/2144be19_nohash_0.wav,go
DataSet/go/2144be19_nohash_1.wav,go
DataSet/go/2167c2ed_nohash_0.wav,go
DataSet/go/21832144_nohash_0.wav,go
DataSet/go/21832144_nohash_1.wav,go
DataSet/go/21832144_nohash_2.wav,go
DataSet/go/21832144_nohash_3.wav,go
DataSet/go/21832144_nohash_4.wav,go
DataSet/go/2197f41c_nohash_0.wav,go
DataSet/go/21e8c417_nohash_0.wav,go
DataSet/go/21e8c417_nohash_1.wav,go
DataSet/go/21e8c417_nohash_2.wav,go
DataSet/go/22296dbe_nohash_0.wav,go
DataSet/go/22296dbe_nohash_1.wav,go
DataSet/go/22296dbe_nohash_2.wav,go
DataSet/go/226537ab_nohash_0.wav,go
DataSet/go/226537ab_nohash_1.wav,go
DataSet/go/226537ab_nohash_2.wav,go
DataSet/go/226537ab_nohash_3.wav,go
DataSet/go/226537ab_nohash_4.wav,go
DataSet/go/2275edbb_nohash_0.wav,go
DataSet/go/2275edbb_nohash_1.wav,go
DataSet/go/2296b1af_nohash_0.wav,go
DataSet/go/229978fd_nohash_0.wav,go
DataSet/go/229978fd_nohash_1.wav,go
DataSet/go/229978fd_nohash_2.wav,go
DataSet/go/229978fd_nohash_3.wav,go
DataSet/go/229978fd_nohash_4.wav,go
DataSet/go/22cb56b3_nohash_0.wav,go
DataSet/go/2313e093_nohash_0.wav,go
DataSet/go/2313e093_nohash_1.wav,go
DataSet/go/2335770e_nohash_0.wav,go
DataSet/go/2335770e_nohash_1.wav,go
DataSet/go/234d6a48_nohash_0.wav,go
DataSet/go/234d6a48_nohash_1.wav,go
DataSet/go/234d6a48_nohash_2.wav,go
DataSet/go/234d6a48_nohash_3.wav,go
DataSet/go/2356b88d_nohash_0.wav,go
DataSet/go/2356b88d_nohash_1.wav,go
DataSet/go/2356b88d_nohash_2.wav,go
DataSet/go/2356b88d_nohash_3.wav,go
DataSet/go/2356b88d_nohash_4.wav,go
DataSet/go/235b444f_nohash_0.wav,go
DataSet/go/235b444f_nohash_1.wav,go
DataSet/go/235b444f_nohash_2.wav,go
DataSet/go/235b444f_nohash_3.wav,go
DataSet/go/2365eedb_nohash_0.wav,go
DataSet/go/2365eedb_nohash_1.wav,go
DataSet/go/23abe1c9_nohash_0.wav,go
DataSet/go/23abe1c9_nohash_1.wav,go
DataSet/go/23ad12d8_nohash_0.wav,go
DataSet/go/23add12a_nohash_0.wav,go
DataSet/go/23da904f_nohash_0.wav,go
DataSet/go/23da904f_nohash_1.wav,go
DataSet/go/23da904f_nohash_2.wav,go
DataSet/go/23da904f_nohash_3.wav,go
DataSet/go/23da904f_nohash_4.wav,go
DataSet/go/24632875_nohash_0.wav,go
DataSet/go/24694eb6_nohash_0.wav,go
DataSet/go/24a3e589_nohash_0.wav,go
DataSet/go/24a3e589_nohash_1.wav,go
DataSet/go/24a3e589_nohash_2.wav,go
DataSet/go/24a3e589_nohash_3.wav,go
DataSet/go/24a3e589_nohash_4.wav,go
DataSet/go/24b82192_nohash_0.wav,go
DataSet/go/24befdb3_nohash_0.wav,go
DataSet/go/24befdb3_nohash_1.wav,go
DataSet/go/24befdb3_nohash_2.wav,go
DataSet/go/24befdb3_nohash_3.wav,go
DataSet/go/24befdb3_nohash_4.wav,go
DataSet/go/25040e85_nohash_0.wav,go
DataSet/go/25040e85_nohash_1.wav,go
DataSet/go/25040e85_nohash_2.wav,go
DataSet/go/2510c044_nohash_0.wav,go
DataSet/go/25132942_nohash_0.wav,go
DataSet/go/25132942_nohash_1.wav,go
DataSet/go/25132942_nohash_2.wav,go
DataSet/go/25132942_nohash_3.wav,go
DataSet/go/25132942_nohash_4.wav,go
DataSet/go/256c0a05_nohash_0.wav,go
DataSet/go/256c0a05_nohash_1.wav,go
DataSet/go/256c0a05_nohash_2.wav,go
DataSet/go/256c0a05_nohash_3.wav,go
DataSet/go/256c0a05_nohash_4.wav,go
DataSet/go/257251e0_nohash_0.wav,go
DataSet/go/257251e0_nohash_1.wav,go
DataSet/go/2579e514_nohash_0.wav,go
DataSet/go/2579e514_nohash_1.wav,go
DataSet/go/257e17e0_nohash_0.wav,go
DataSet/go/2589f361_nohash_0.wav,go
DataSet/go/258f4559_nohash_0.wav,go
DataSet/go/25c14394_nohash_0.wav,go
DataSet/go/25e95412_nohash_0.wav,go
DataSet/go/25e95412_nohash_1.wav,go
DataSet/go/25e95412_nohash_2.wav,go
DataSet/go/25e95412_nohash_3.wav,go
DataSet/go/25e95412_nohash_4.wav,go
DataSet/go/264f471d_nohash_0.wav,go
DataSet/go/264f471d_nohash_1.wav,go
DataSet/go/264f471d_nohash_2.wav,go
DataSet/go/264f471d_nohash_3.wav,go
DataSet/go/264f471d_nohash_4.wav,go
DataSet/go/26631bee_nohash_0.wav,go
DataSet/go/26631bee_nohash_1.wav,go
DataSet/go/26a093e1_nohash_0.wav,go
DataSet/go/26b28ea7_nohash_0.wav,go
DataSet/go/26b28ea7_nohash_1.wav,go
DataSet/go/26b28ea7_nohash_2.wav,go
DataSet/go/26e573a9_nohash_0.wav,go
DataSet/go/26e573a9_nohash_1.wav,go
DataSet/go/26e573a9_nohash_2.wav,go
DataSet/go/2748cce7_nohash_0.wav,go
DataSet/go/274c008f_nohash_0.wav,go
DataSet/go/2796ac50_nohash_0.wav,go
DataSet/go/2796ac50_nohash_1.wav,go
DataSet/go/27b9a84f_nohash_0.wav,go
DataSet/go/27c24504_nohash_0.wav,go
DataSet/go/27c24504_nohash_1.wav,go
DataSet/go/27c24504_nohash_2.wav,go
DataSet/go/27c24504_nohash_3.wav,go
DataSet/go/28460a60_nohash_0.wav,go
DataSet/go/28497c5b_nohash_0.wav,go
DataSet/go/28612180_nohash_0.wav,go
DataSet/go/28ce0c58_nohash_0.wav,go
DataSet/go/28ce0c58_nohash_1.wav,go
DataSet/go/28ce0c58_nohash_2.wav,go
DataSet/go/28ce0c58_nohash_3.wav,go
DataSet/go/28ce0c58_nohash_4.wav,go
DataSet/go/28ce0c58_nohash_5.wav,go
DataSet/go/28ce0c58_nohash_6.wav,go
DataSet/go/28e47b1a_nohash_0.wav,go
DataSet/go/28e47b1a_nohash_1.wav,go
DataSet/go/28e47b1a_nohash_2.wav,go
DataSet/go/28e47b1a_nohash_3.wav,go
DataSet/go/28e47b1a_nohash_4.wav,go
DataSet/go/28ed6bc9_nohash_0.wav,go
DataSet/go/28ed6bc9_nohash_1.wav,go
DataSet/go/28ed6bc9_nohash_2.wav,go
DataSet/go/28ed6bc9_nohash_3.wav,go
DataSet/go/28ed6bc9_nohash_4.wav,go
DataSet/go/28ef2a01_nohash_0.wav,go
DataSet/go/28ef2a01_nohash_1.wav,go
DataSet/go/2903efb3_nohash_0.wav,go
DataSet/go/2903efb3_nohash_1.wav,go
DataSet/go/29229c21_nohash_0.wav,go
DataSet/go/29229c21_nohash_1.wav,go
DataSet/go/29229c21_nohash_2.wav,go
DataSet/go/29229c21_nohash_3.wav,go
DataSet/go/2927c601_nohash_0.wav,go
DataSet/go/2927c601_nohash_1.wav,go
DataSet/go/2927c601_nohash_2.wav,go
DataSet/go/2927c601_nohash_3.wav,go
DataSet/go/2927c601_nohash_4.wav,go
DataSet/go/2927c601_nohash_5.wav,go
DataSet/go/29b81b73_nohash_0.wav,go
DataSet/go/29dce108_nohash_0.wav,go
DataSet/go/29dce108_nohash_1.wav,go
DataSet/go/29dce108_nohash_2.wav,go
DataSet/go/29dce108_nohash_3.wav,go
DataSet/go/29dce108_nohash_4.wav,go
DataSet/go/29fb33da_nohash_0.wav,go
DataSet/go/29fb33da_nohash_1.wav,go
DataSet/go/29fb33da_nohash_2.wav,go
DataSet/go/29fb33da_nohash_3.wav,go
DataSet/go/29fb33da_nohash_4.wav,go
DataSet/go/2a1f4853_nohash_0.wav,go
DataSet/go/2a1f4853_nohash_1.wav,go
DataSet/go/2a1f4853_nohash_2.wav,go
DataSet/go/2a1f4853_nohash_3.wav,go
DataSet/go/2a1f4853_nohash_4.wav,go
DataSet/go/2a89ad5c_nohash_0.wav,go
DataSet/go/2aca1e72_nohash_0.wav,go
DataSet/go/2aca1e72_nohash_1.wav,go
DataSet/go/2aca1e72_nohash_2.wav,go
DataSet/go/2aca1e72_nohash_3.wav,go
DataSet/go/2aca1e72_nohash_4.wav,go
DataSet/go/2aca1e72_nohash_5.wav,go
DataSet/go/2aca1e72_nohash_6.wav,go
DataSet/go/2aca1e72_nohash_7.wav,go
DataSet/go/2aca1e72_nohash_8.wav,go
DataSet/go/2aca1e72_nohash_9.wav,go
DataSet/go/2aec99ec_nohash_0.wav,go
DataSet/go/2aec99ec_nohash_1.wav,go
DataSet/go/2b5e346d_nohash_0.wav,go
DataSet/go/2b5e346d_nohash_1.wav,go
DataSet/go/2b5e346d_nohash_2.wav,go
DataSet/go/2b5e346d_nohash_3.wav,go
DataSet/go/2b5e346d_nohash_4.wav,go
DataSet/go/2bd2cad5_nohash_0.wav,go
DataSet/go/2bd2cad5_nohash_1.wav,go
DataSet/go/2bdbe5f7_nohash_0.wav,go
DataSet/go/2bdbe5f7_nohash_1.wav,go
DataSet/go/2bdbe5f7_nohash_2.wav,go
DataSet/go/2bdbe5f7_nohash_3.wav,go
DataSet/go/2be08ce4_nohash_0.wav,go
DataSet/go/2bfe70ef_nohash_0.wav,go
DataSet/go/2c727642_nohash_0.wav,go
DataSet/go/2c7c33e8_nohash_0.wav,go
DataSet/go/2ce7534c_nohash_0.wav,go
DataSet/go/2ce7534c_nohash_1.wav,go
DataSet/go/2cf28b70_nohash_0.wav,go
DataSet/go/2cf28b70_nohash_1.wav,go
DataSet/go/2d3c8dcb_nohash_0.wav,go
DataSet/go/2d82a556_nohash_0.wav,go
DataSet/go/2da58b32_nohash_0.wav,go
DataSet/go/2da58b32_nohash_1.wav,go
DataSet/go/2da58b32_nohash_2.wav,go
DataSet/go/2da58b32_nohash_3.wav,go
DataSet/go/2da58b32_nohash_4.wav,go
DataSet/go/2dc4f05d_nohash_0.wav,go
DataSet/go/2dc4f05d_nohash_1.wav,go
DataSet/go/2dc4f05d_nohash_2.wav,go
DataSet/go/2dc4f05d_nohash_3.wav,go
DataSet/go/2dce72b3_nohash_0.wav,go
DataSet/go/2e75d37a_nohash_0.wav,go
DataSet/go/2e75d37a_nohash_1.wav,go
DataSet/go/2e75d37a_nohash_2.wav,go
DataSet/go/2f0a410b_nohash_0.wav,go
DataSet/go/2f0a410b_nohash_1.wav,go
DataSet/go/2f0ce4d9_nohash_0.wav,go
DataSet/go/2f0ce4d9_nohash_1.wav,go
DataSet/go/2f0ce4d9_nohash_2.wav,go
DataSet/go/2f813234_nohash_0.wav,go
DataSet/go/2f813234_nohash_1.wav,go
DataSet/go/2f813234_nohash_2.wav,go
DataSet/go/2fa39636_nohash_0.wav,go
DataSet/go/2fcb6397_nohash_0.wav,go
DataSet/go/2fcb6397_nohash_1.wav,go
DataSet/go/2fcb6397_nohash_2.wav,go
DataSet/go/2fcb6397_nohash_3.wav,go
DataSet/go/2fcb6397_nohash_4.wav,go
DataSet/go/2fee065a_nohash_0.wav,go
DataSet/go/2fee065a_nohash_1.wav,go
DataSet/go/2fee065a_nohash_2.wav,go
DataSet/go/2fee065a_nohash_3.wav,go
DataSet/go/2fee065a_nohash_4.wav,go
DataSet/go/30060aba_nohash_0.wav,go
DataSet/go/30060aba_nohash_1.wav,go
DataSet/go/30060aba_nohash_2.wav,go
DataSet/go/30060aba_nohash_3.wav,go
DataSet/go/30065f33_nohash_0.wav,go
DataSet/go/30065f33_nohash_1.wav,go
DataSet/go/30137d34_nohash_0.wav,go
DataSet/go/30137d34_nohash_1.wav,go
DataSet/go/30137d34_nohash_2.wav,go
DataSet/go/30276d03_nohash_0.wav,go
DataSet/go/30276d03_nohash_1.wav,go
DataSet/go/30276d03_nohash_2.wav,go
DataSet/go/30276d03_nohash_3.wav,go
DataSet/go/30276d03_nohash_4.wav,go
DataSet/go/30802c5d_nohash_0.wav,go
DataSet/go/30802c5d_nohash_1.wav,go
DataSet/go/30a09789_nohash_0.wav,go
DataSet/go/30f31e42_nohash_0.wav,go
DataSet/go/30f31e42_nohash_1.wav,go
DataSet/go/3102f006_nohash_0.wav,go
DataSet/go/3102f006_nohash_1.wav,go
DataSet/go/3102f006_nohash_2.wav,go
DataSet/go/3102f006_nohash_3.wav,go
DataSet/go/3102f006_nohash_4.wav,go
DataSet/go/3108acca_nohash_0.wav,go
DataSet/go/3108acca_nohash_1.wav,go
DataSet/go/3108acca_nohash_2.wav,go
DataSet/go/31270cb2_nohash_0.wav,go
DataSet/go/31270cb2_nohash_1.wav,go
DataSet/go/312d6d81_nohash_0.wav,go
DataSet/go/3143fdff_nohash_0.wav,go
DataSet/go/31583d30_nohash_0.wav,go
DataSet/go/31583d30_nohash_1.wav,go
DataSet/go/31601aad_nohash_0.wav,go
DataSet/go/31601aad_nohash_1.wav,go
DataSet/go/31d31fa0_nohash_0.wav,go
DataSet/go/31d31fa0_nohash_1.wav,go
DataSet/go/31db232b_nohash_0.wav,go
DataSet/go/31db232b_nohash_1.wav,go
DataSet/go/31f01a8d_nohash_0.wav,go
DataSet/go/31f01a8d_nohash_1.wav,go
DataSet/go/31f01a8d_nohash_2.wav,go
DataSet/go/31f01a8d_nohash_3.wav,go
DataSet/go/31f01a8d_nohash_4.wav,go
DataSet/go/31f01a8d_nohash_5.wav,go
DataSet/go/31fd5cf5_nohash_0.wav,go
DataSet/go/31fd5cf5_nohash_1.wav,go
DataSet/go/3209ec42_nohash_0.wav,go
DataSet/go/3209ec42_nohash_1.wav,go
DataSet/go/3209ec42_nohash_2.wav,go
DataSet/go/321aba74_nohash_0.wav,go
DataSet/go/321aba74_nohash_1.wav,go
DataSet/go/321aba74_nohash_2.wav,go
DataSet/go/321aba74_nohash_3.wav,go
DataSet/go/322d17d3_nohash_0.wav,go
DataSet/go/322d17d3_nohash_1.wav,go
DataSet/go/322d17d3_nohash_2.wav,go
DataSet/go/322d17d3_nohash_3.wav,go
DataSet/go/324210dd_nohash_0.wav,go
DataSet/go/324210dd_nohash_1.wav,go
DataSet/go/324210dd_nohash_2.wav,go
DataSet/go/324210dd_nohash_3.wav,go
DataSet/go/324210dd_nohash_4.wav,go
DataSet/go/3250c035_nohash_0.wav,go
DataSet/go/32561e9e_nohash_0.wav,go
DataSet/go/325a0c39_nohash_0.wav,go
DataSet/go/327289eb_nohash_0.wav,go
DataSet/go/3291330e_nohash_0.wav,go
DataSet/go/3291330e_nohash_1.wav,go
DataSet/go/3291330e_nohash_2.wav,go
DataSet/go/329eab8a_nohash_0.wav,go
DataSet/go/32ad5b65_nohash_0.wav,go
DataSet/go/32ad5b65_nohash_1.wav,go
DataSet/go/32ad5b65_nohash_2.wav,go
DataSet/go/32ad5b65_nohash_3.wav,go
DataSet/go/32ad5b65_nohash_4.wav,go
DataSet/go/32efce64_nohash_0.wav,go
DataSet/go/332d33b1_nohash_0.wav,go
DataSet/go/332d33b1_nohash_1.wav,go
DataSet/go/332d33b1_nohash_2.wav,go
DataSet/go/333784b7_nohash_0.wav,go
DataSet/go/333784b7_nohash_1.wav,go
DataSet/go/333784b7_nohash_2.wav,go
DataSet/go/333784b7_nohash_3.wav,go
DataSet/go/333784b7_nohash_4.wav,go
DataSet/go/333d7ddb_nohash_0.wav,go
DataSet/go/333d7ddb_nohash_1.wav,go
DataSet/go/333d7ddb_nohash_2.wav,go
DataSet/go/333d7ddb_nohash_3.wav,go
DataSet/go/333d7ddb_nohash_4.wav,go
DataSet/go/3389305e_nohash_0.wav,go
DataSet/go/338a40d6_nohash_0.wav,go
DataSet/go/338dacf5_nohash_0.wav,go
DataSet/go/33903159_nohash_0.wav,go
DataSet/go/3402e488_nohash_0.wav,go
DataSet/go/3402e488_nohash_1.wav,go
DataSet/go/340c8b10_nohash_0.wav,go
DataSet/go/34263ab3_nohash_0.wav,go
DataSet/go/34263ab3_nohash_1.wav,go
DataSet/go/34881b10_nohash_0.wav,go
DataSet/go/34ba417a_nohash_0.wav,go
DataSet/go/34d5aa5a_nohash_0.wav,go
DataSet/go/34e8c726_nohash_0.wav,go
DataSet/go/352ffbe3_nohash_0.wav,go
DataSet/go/352ffbe3_nohash_1.wav,go
DataSet/go/3589bc72_nohash_0.wav,go
DataSet/go/3589bc72_nohash_1.wav,go
DataSet/go/3589bc72_nohash_2.wav,go
DataSet/go/3589bc72_nohash_3.wav,go
DataSet/go/3589bc72_nohash_4.wav,go
DataSet/go/3589bc72_nohash_5.wav,go
DataSet/go/3589bc72_nohash_6.wav,go
DataSet/go/35d1b6ee_nohash_0.wav,go
DataSet/go/35d1b6ee_nohash_1.wav,go
DataSet/go/35d1b6ee_nohash_2.wav,go
DataSet/go/35d1b6ee_nohash_3.wav,go
DataSet/go/36050ef3_nohash_0.wav,go
DataSet/go/36050ef3_nohash_1.wav,go
DataSet/go/36050ef3_nohash_2.wav,go
DataSet/go/36050ef3_nohash_3.wav,go
DataSet/go/36050ef3_nohash_4.wav,go
DataSet/go/363c6bad_nohash_0.wav,go
DataSet/go/364f979f_nohash_0.wav,go
DataSet/go/364f979f_nohash_1.wav,go
DataSet/go/364f979f_nohash_2.wav,go
DataSet/go/364f979f_nohash_3.wav,go
DataSet/go/365908bd_nohash_0.wav,go
DataSet/go/365908bd_nohash_1.wav,go
DataSet/go/365908bd_nohash_2.wav,go
DataSet/go/365908bd_nohash_3.wav,go
DataSet/go/365908bd_nohash_4.wav,go
DataSet/go/365908bd_nohash_5.wav,go
DataSet/go/3659fc1c_nohash_0.wav,go
DataSet/go/36de13e1_nohash_0.wav,go
DataSet/go/36de13e1_nohash_1.wav,go
DataSet/go/370844f7_nohash_0.wav,go
DataSet/go/370844f7_nohash_1.wav,go
DataSet/go/370844f7_nohash_2.wav,go
DataSet/go/3777c08e_nohash_0.wav,go
DataSet/go/37b03ab1_nohash_0.wav,go
DataSet/go/37b03ab1_nohash_1.wav,go
DataSet/go/37dca74f_nohash_0.wav,go
DataSet/go/37dca74f_nohash_1.wav,go
DataSet/go/37dca74f_nohash_2.wav,go
DataSet/go/37dca74f_nohash_3.wav,go
DataSet/go/37e8db82_nohash_0.wav,go
DataSet/go/37e8db82_nohash_1.wav,go
DataSet/go/37fc5d97_nohash_0.wav,go
DataSet/go/3847619e_nohash_0.wav,go
DataSet/go/3847619e_nohash_1.wav,go
DataSet/go/3852fca2_nohash_0.wav,go
DataSet/go/3852fca2_nohash_1.wav,go
DataSet/go/38c388bc_nohash_0.wav,go
DataSet/go/38d78313_nohash_0.wav,go
DataSet/go/38d78313_nohash_1.wav,go
DataSet/go/38d78313_nohash_2.wav,go
DataSet/go/38d78313_nohash_3.wav,go
DataSet/go/38d78313_nohash_4.wav,go
DataSet/go/3903b558_nohash_0.wav,go
DataSet/go/3903b558_nohash_1.wav,go
DataSet/go/39543cfd_nohash_0.wav,go
DataSet/go/39543cfd_nohash_1.wav,go
DataSet/go/39833acb_nohash_0.wav,go
DataSet/go/39833acb_nohash_1.wav,go
DataSet/go/39833acb_nohash_2.wav,go
DataSet/go/39833acb_nohash_3.wav,go
DataSet/go/3983ba0d_nohash_0.wav,go
DataSet/go/3983ba0d_nohash_1.wav,go
DataSet/go/3983ba0d_nohash_2.wav,go
DataSet/go/39999a0f_nohash_0.wav,go
DataSet/go/39999a0f_nohash_1.wav,go
DataSet/go/39a12648_nohash_0.wav,go
DataSet/go/39a12648_nohash_1.wav,go
DataSet/go/39a12648_nohash_2.wav,go
DataSet/go/39a12648_nohash_3.wav,go
DataSet/go/39a45230_nohash_0.wav,go
DataSet/go/39a6b995_nohash_0.wav,go
DataSet/go/39a6b995_nohash_1.wav,go
DataSet/go/39afb88e_nohash_0.wav,go
DataSet/go/39b5fdab_nohash_0.wav,go
DataSet/go/39c13eed_nohash_0.wav,go
DataSet/go/3a182c98_nohash_0.wav,go
DataSet/go/3a182c98_nohash_1.wav,go
DataSet/go/3a3ee7ed_nohash_0.wav,go
DataSet/go/3a3ee7ed_nohash_1.wav,go
DataSet/go/3a3ee7ed_nohash_2.wav,go
DataSet/go/3a3ee7ed_nohash_3.wav,go
DataSet/go/3a69f765_nohash_0.wav,go
DataSet/go/3a69f765_nohash_1.wav,go
DataSet/go/3a69f765_nohash_2.wav,go
DataSet/go/3a69f765_nohash_3.wav,go
DataSet/go/3a70ab7f_nohash_0.wav,go
DataSet/go/3a789a0d_nohash_0.wav,go
DataSet/go/3a929277_nohash_0.wav,go
DataSet/go/3a929277_nohash_1.wav,go
DataSet/go/3a929277_nohash_2.wav,go
DataSet/go/3a929277_nohash_3.wav,go
DataSet/go/3a929277_nohash_4.wav,go
DataSet/go/3aa6f4e2_nohash_0.wav,go
DataSet/go/3aa6f4e2_nohash_1.wav,go
DataSet/go/3b195250_nohash_0.wav,go
DataSet/go/3b195250_nohash_1.wav,go
DataSet/go/3b195250_nohash_2.wav,go
DataSet/go/3b195250_nohash_3.wav,go
DataSet/go/3b195250_nohash_4.wav,go
DataSet/go/3b3d2f59_nohash_0.wav,go
DataSet/go/3b3d2f59_nohash_1.wav,go
DataSet/go/3b3d2f59_nohash_2.wav,go
DataSet/go/3b3d2f59_nohash_3.wav,go
DataSet/go/3b3d2f59_nohash_4.wav,go
DataSet/go/3b4f8f24_nohash_0.wav,go
DataSet/go/3b4f8f24_nohash_1.wav,go
DataSet/go/3b4f8f24_nohash_2.wav,go
DataSet/go/3b4f8f24_nohash_3.wav,go
DataSet/go/3b4f8f24_nohash_4.wav,go
DataSet/go/3b852f6f_nohash_0.wav,go
DataSet/go/3b853f44_nohash_0.wav,go
DataSet/go/3bb68054_nohash_0.wav,go
DataSet/go/3bb68054_nohash_1.wav,go
DataSet/go/3bb68054_nohash_2.wav,go
DataSet/go/3bc21161_nohash_0.wav,go
DataSet/go/3bc21161_nohash_1.wav,go
DataSet/go/3bc21161_nohash_2.wav,go
DataSet/go/3bc21161_nohash_3.wav,go
DataSet/go/3bc21161_nohash_4.wav,go
DataSet/go/3bdf05d3_nohash_0.wav,go
DataSet/go/3bdf05d3_nohash_1.wav,go
DataSet/go/3bfd30e6_nohash_0.wav,go
DataSet/go/3bfd30e6_nohash_1.wav,go
DataSet/go/3bfd30e6_nohash_2.wav,go
DataSet/go/3bfd30e6_nohash_3.wav,go
DataSet/go/3bfd30e6_nohash_4.wav,go
DataSet/go/3c1e12cf_nohash_0.wav,go
DataSet/go/3c257192_nohash_0.wav,go
DataSet/go/3c257192_nohash_1.wav,go
DataSet/go/3c257192_nohash_2.wav,go
DataSet/go/3c257192_nohash_3.wav,go
DataSet/go/3c257192_nohash_4.wav,go
DataSet/go/3c4aa5ef_nohash_0.wav,go
DataSet/go/3c4aa5ef_nohash_1.wav,go
DataSet/go/3c4aa5ef_nohash_2.wav,go
DataSet/go/3c4aa5ef_nohash_3.wav,go
DataSet/go/3c4aa5ef_nohash_4.wav,go
DataSet/go/3c6d55b3_nohash_0.wav,go
DataSet/go/3c6d55b3_nohash_1.wav,go
DataSet/go/3c6d55b3_nohash_2.wav,go
DataSet/go/3c8836dc_nohash_0.wav,go
DataSet/go/3c8836dc_nohash_1.wav,go
DataSet/go/3ca784ec_nohash_0.wav,go
DataSet/go/3cc595de_nohash_0.wav,go
DataSet/go/3cc595de_nohash_1.wav,go
DataSet/go/3cc595de_nohash_2.wav,go
DataSet/go/3cc595de_nohash_3.wav,go
DataSet/go/3cdecb0b_nohash_0.wav,go
DataSet/go/3ce4910e_nohash_0.wav,go
DataSet/go/3ce4910e_nohash_1.wav,go
DataSet/go/3ce4910e_nohash_2.wav,go
DataSet/go/3ce4910e_nohash_3.wav,go
DataSet/go/3ce4910e_nohash_4.wav,go
DataSet/go/3cfc6b3a_nohash_0.wav,go
DataSet/go/3d53244b_nohash_0.wav,go
DataSet/go/3d53244b_nohash_1.wav,go
DataSet/go/3d53244b_nohash_2.wav,go
DataSet/go/3d53244b_nohash_3.wav,go
DataSet/go/3d6bee47_nohash_0.wav,go
DataSet/go/3d6bee47_nohash_1.wav,go
DataSet/go/3d794813_nohash_0.wav,go
DataSet/go/3d794813_nohash_1.wav,go
DataSet/go/3d794813_nohash_2.wav,go
DataSet/go/3d794813_nohash_3.wav,go
DataSet/go/3d794813_nohash_4.wav,go
DataSet/go/3d86b69a_nohash_0.wav,go
DataSet/go/3d86b69a_nohash_1.wav,go
DataSet/go/3d86b69a_nohash_2.wav,go
DataSet/go/3d86b69a_nohash_3.wav,go
DataSet/go/3d9200b9_nohash_0.wav,go
DataSet/go/3d9bbe2d_nohash_0.wav,go
DataSet/go/3d9bbe2d_nohash_1.wav,go
DataSet/go/3d9bbe2d_nohash_2.wav,go
DataSet/go/3d9bbe2d_nohash_3.wav,go
DataSet/go/3d9bbe2d_nohash_4.wav,go
DataSet/go/3de53d23_nohash_0.wav,go
DataSet/go/3df9a3d4_nohash_0.wav,go
DataSet/go/3df9a3d4_nohash_1.wav,go
DataSet/go/3e31dffe_nohash_0.wav,go
DataSet/go/3e31dffe_nohash_1.wav,go
DataSet/go/3e31dffe_nohash_2.wav,go
DataSet/go/3e31dffe_nohash_3.wav,go
DataSet/go/3e31dffe_nohash_4.wav,go
DataSet/go/3e3fa7fd_nohash_0.wav,go
DataSet/go/3e3fa7fd_nohash_1.wav,go
DataSet/go/3e549219_nohash_0.wav,go
DataSet/go/3e549219_nohash_1.wav,go
DataSet/go/3e549219_nohash_2.wav,go
DataSet/go/3eb8764c_nohash_0.wav,go
DataSet/go/3ed3e49a_nohash_0.wav,go
DataSet/go/3efa7ec4_nohash_0.wav,go
DataSet/go/3efa7ec4_nohash_1.wav,go
DataSet/go/3f45a0cf_nohash_0.wav,go
DataSet/go/3f45a0cf_nohash_1.wav,go
DataSet/go/3f45a0cf_nohash_2.wav,go
DataSet/go/3f45a0cf_nohash_3.wav,go
DataSet/go/3fb8c268_nohash_0.wav,go
DataSet/go/3fb8c268_nohash_1.wav,go
DataSet/go/3ffa3457_nohash_0.wav,go
DataSet/go/40115b19_nohash_0.wav,go
DataSet/go/40115b19_nohash_1.wav,go
DataSet/go/40738a2d_nohash_0.wav,go
DataSet/go/40738a2d_nohash_1.wav,go
DataSet/go/40738a2d_nohash_2.wav,go
DataSet/go/40738a2d_nohash_3.wav,go
DataSet/go/40738a2d_nohash_4.wav,go
DataSet/go/409c962a_nohash_0.wav,go
DataSet/go/40b60ae9_nohash_0.wav,go
DataSet/go/40b60ae9_nohash_1.wav,go
DataSet/go/41285056_nohash_0.wav,go
DataSet/go/412c675c_nohash_0.wav,go
DataSet/go/413997c1_nohash_0.wav,go
DataSet/go/413bcfe1_nohash_0.wav,go
DataSet/go/41474817_nohash_0.wav,go
DataSet/go/41474817_nohash_1.wav,go
DataSet/go/41777abb_nohash_0.wav,go
DataSet/go/418e7158_nohash_0.wav,go
DataSet/go/418e7158_nohash_1.wav,go
DataSet/go/421ed23f_nohash_0.wav,go
DataSet/go/421ed23f_nohash_1.wav,go
DataSet/go/422d3197_nohash_0.wav,go
DataSet/go/4249c833_nohash_0.wav,go
DataSet/go/4249c833_nohash_1.wav,go
DataSet/go/4254621e_nohash_0.wav,go
DataSet/go/4254621e_nohash_1.wav,go
DataSet/go/4290ca61_nohash_0.wav,go
DataSet/go/4290ca61_nohash_1.wav,go
DataSet/go/4290ca61_nohash_2.wav,go
DataSet/go/4290ca61_nohash_3.wav,go
DataSet/go/42a99aec_nohash_0.wav,go
DataSet/go/42a99aec_nohash_1.wav,go
DataSet/go/42a99aec_nohash_2.wav,go
DataSet/go/42a99aec_nohash_3.wav,go
DataSet/go/42a99aec_nohash_4.wav,go
DataSet/go/42ccb57a_nohash_0.wav,go
DataSet/go/42ccb57a_nohash_1.wav,go
DataSet/go/42f81601_nohash_0.wav,go
DataSet/go/42f81601_nohash_1.wav,go
DataSet/go/42f81601_nohash_2.wav,go
DataSet/go/42f81601_nohash_3.wav,go
DataSet/go/42f81601_nohash_4.wav,go
DataSet/go/434a267c_nohash_0.wav,go
DataSet/go/434a267c_nohash_1.wav,go
DataSet/go/435695e3_nohash_0.wav,go
DataSet/go/435695e3_nohash_1.wav,go
DataSet/go/435695e3_nohash_2.wav,go
DataSet/go/435695e3_nohash_3.wav,go
DataSet/go/435695e3_nohash_4.wav,go
DataSet/go/439c84f4_nohash_0.wav,go
DataSet/go/439c84f4_nohash_1.wav,go
DataSet/go/439c84f4_nohash_2.wav,go
DataSet/go/439c84f4_nohash_3.wav,go
DataSet/go/43b85b64_nohash_0.wav,go
DataSet/go/43fc47a7_nohash_0.wav,go
DataSet/go/44260689_nohash_0.wav,go
DataSet/go/44260689_nohash_1.wav,go
DataSet/go/446a3161_nohash_0.wav,go
DataSet/go/44dad20e_nohash_0.wav,go
DataSet/go/44dad20e_nohash_1.wav,go
DataSet/go/44dad20e_nohash_2.wav,go
DataSet/go/44f68a83_nohash_0.wav,go
DataSet/go/45692b02_nohash_0.wav,go
DataSet/go/45692b02_nohash_1.wav,go
DataSet/go/45692b02_nohash_2.wav,go
DataSet/go/45692b02_nohash_3.wav,go
DataSet/go/45692b02_nohash_4.wav,go
DataSet/go/45864319_nohash_0.wav,go
DataSet/go/459345ea_nohash_0.wav,go
DataSet/go/45adf84a_nohash_0.wav,go
DataSet/go/45adf84a_nohash_1.wav,go
DataSet/go/460209ac_nohash_0.wav,go
DataSet/go/460209ac_nohash_1.wav,go
DataSet/go/460209ac_nohash_2.wav,go
DataSet/go/460209ac_nohash_3.wav,go
DataSet/go/460209ac_nohash_4.wav,go
DataSet/go/460f2bad_nohash_0.wav,go
DataSet/go/46114b4e_nohash_0.wav,go
DataSet/go/4620dc14_nohash_0.wav,go
DataSet/go/462e1919_nohash_0.wav,go
DataSet/go/4634529e_nohash_0.wav,go
DataSet/go/4649256f_nohash_0.wav,go
DataSet/go/46a153d8_nohash_0.wav,go
DataSet/go/46a153d8_nohash_1.wav,go
DataSet/go/46a153d8_nohash_2.wav,go
DataSet/go/46a153d8_nohash_3.wav,go
DataSet/go/46a153d8_nohash_4.wav,go
DataSet/go/471a0925_nohash_0.wav,go
DataSet/go/471a0925_nohash_1.wav,go
DataSet/go/471a0925_nohash_2.wav,go
DataSet/go/471a0925_nohash_3.wav,go
DataSet/go/471a0925_nohash_4.wav,go
DataSet/go/472b8045_nohash_0.wav,go
DataSet/go/472b8045_nohash_1.wav,go
DataSet/go/472b8045_nohash_2.wav,go
DataSet/go/472b8045_nohash_3.wav,go
DataSet/go/472b8045_nohash_4.wav,go
DataSet/go/47565088_nohash_0.wav,go
DataSet/go/47565088_nohash_1.wav,go
DataSet/go/47565088_nohash_2.wav,go
DataSet/go/47565088_nohash_3.wav,go
DataSet/go/475b61f1_nohash_0.wav,go
DataSet/go/475b61f1_nohash_1.wav,go
DataSet/go/477f5b36_nohash_0.wav,go
DataSet/go/477f5b36_nohash_1.wav,go
DataSet/go/479e64cc_nohash_0.wav,go
DataSet/go/483e2a6f_nohash_0.wav,go
DataSet/go/483e2a6f_nohash_1.wav,go
DataSet/go/483e2a6f_nohash_2.wav,go
DataSet/go/4845bb10_nohash_0.wav,go
DataSet/go/48463cbc_nohash_0.wav,go
DataSet/go/48463cbc_nohash_1.wav,go
DataSet/go/48463cbc_nohash_2.wav,go
DataSet/go/4874a7e9_nohash_0.wav,go
DataSet/go/48a8a69d_nohash_0.wav,go
DataSet/go/48bdc11c_nohash_0.wav,go
DataSet/go/48bdc11c_nohash_1.wav,go
DataSet/go/48bfde8e_nohash_0.wav,go
DataSet/go/48e8b82a_nohash_0.wav,go
DataSet/go/4954abe8_nohash_0.wav,go
DataSet/go/4995d875_nohash_0.wav,go
DataSet/go/4995d875_nohash_1.wav,go
DataSet/go/4995d875_nohash_2.wav,go
DataSet/go/499be02e_nohash_0.wav,go
DataSet/go/499be02e_nohash_1.wav,go
DataSet/go/499be02e_nohash_2.wav,go
DataSet/go/499be02e_nohash_3.wav,go
DataSet/go/499be02e_nohash_4.wav,go
DataSet/go/49f30eed_nohash_0.wav,go
DataSet/go/4a1e736b_nohash_0.wav,go
DataSet/go/4a1e736b_nohash_1.wav,go
DataSet/go/4a1e736b_nohash_2.wav,go
DataSet/go/4a1e736b_nohash_3.wav,go
DataSet/go/4a294341_nohash_0.wav,go
DataSet/go/4a4e28f1_nohash_0.wav,go
DataSet/go/4a4e28f1_nohash_1.wav,go
DataSet/go/4a671512_nohash_0.wav,go
DataSet/go/4abb2400_nohash_0.wav,go
DataSet/go/4abefdf5_nohash_0.wav,go
DataSet/go/4b25f620_nohash_0.wav,go
DataSet/go/4b39347d_nohash_0.wav,go
DataSet/go/4b3a7ad5_nohash_0.wav,go
DataSet/go/4bba14ce_nohash_0.wav,go
DataSet/go/4bc2c2c5_nohash_0.wav,go
DataSet/go/4bc2c2c5_nohash_1.wav,go
DataSet/go/4bc2c2c5_nohash_2.wav,go
DataSet/go/4bc2c2c5_nohash_3.wav,go
DataSet/go/4beff0c5_nohash_0.wav,go
DataSet/go/4c13fe25_nohash_0.wav,go
DataSet/go/4c3cddb8_nohash_0.wav,go
DataSet/go/4c3cddb8_nohash_1.wav,go
DataSet/go/4c3cddb8_nohash_2.wav,go
DataSet/go/4c3cddb8_nohash_3.wav,go
DataSet/go/4c3cddb8_nohash_4.wav,go
DataSet/go/4c594e0f_nohash_0.wav,go
DataSet/go/4c6167ca_nohash_0.wav,go
DataSet/go/4c6167ca_nohash_1.wav,go
DataSet/go/4c6167ca_nohash_2.wav,go
DataSet/go/4c6167ca_nohash_3.wav,go
DataSet/go/4c6167ca_nohash_4.wav,go
DataSet/go/4c6167ca_nohash_5.wav,go
DataSet/go/4c6167ca_nohash_6.wav,go
DataSet/go/4c6167ca_nohash_7.wav,go
DataSet/go/4c6944d6_nohash_0.wav,go
DataSet/go/4c6944d6_nohash_1.wav,go
DataSet/go/4c6944d6_nohash_2.wav,go
DataSet/go/4c6944d6_nohash_3.wav,go
DataSet/go/4c6944d6_nohash_4.wav,go
DataSet/go/4c6944d6_nohash_5.wav,go
DataSet/go/4c77947d_nohash_0.wav,go
DataSet/go/4cb874bb_nohash_0.wav,go
DataSet/go/4cb874bb_nohash_1.wav,go
DataSet/go/4cee0c60_nohash_0.wav,go
DataSet/go/4cee0c60_nohash_1.wav,go
DataSet/go/4cee0c60_nohash_2.wav,go
DataSet/go/4cee0c60_nohash_3.wav,go
DataSet/go/4def68db_nohash_0.wav,go
DataSet/go/4e02d62d_nohash_0.wav,go
DataSet/go/4e02d62d_nohash_1.wav,go
DataSet/go/4e02d62d_nohash_2.wav,go
DataSet/go/4e6902d0_nohash_0.wav,go
DataSet/go/4e6902d0_nohash_1.wav,go
DataSet/go/4e6902d0_nohash_2.wav,go
DataSet/go/4e6902d0_nohash_3.wav,go
DataSet/go/4e6902d0_nohash_4.wav,go
DataSet/go/4e99c1b7_nohash_0.wav,go
DataSet/go/4e99c1b7_nohash_1.wav,go
DataSet/go/4e99c1b7_nohash_2.wav,go
DataSet/go/4ec7d027_nohash_0.wav,go
DataSet/go/4ec7d027_nohash_1.wav,go
DataSet/go/4f086393_nohash_0.wav,go
DataSet/go/4f2be90f_nohash_0.wav,go
DataSet/go/4f5c0b28_nohash_0.wav,go
DataSet/go/4f5c0b28_nohash_1.wav,go
DataSet/go/4fd1443e_nohash_0.wav,go
DataSet/go/4fd1443e_nohash_1.wav,go
DataSet/go/4fd1443e_nohash_2.wav,go
DataSet/go/4fd1443e_nohash_3.wav,go
DataSet/go/4fd4d073_nohash_0.wav,go
DataSet/go/4fd4d073_nohash_1.wav,go
DataSet/go/4fd4d073_nohash_2.wav,go
DataSet/go/50033893_nohash_0.wav,go
DataSet/go/508e30ee_nohash_0.wav,go
DataSet/go/508e30ee_nohash_1.wav,go
DataSet/go/508e30ee_nohash_2.wav,go
DataSet/go/508e30ee_nohash_3.wav,go
DataSet/go/50928b05_nohash_0.wav,go
DataSet/go/50a7d406_nohash_0.wav,go
DataSet/go/50a8ef27_nohash_0.wav,go
DataSet/go/50d1c8e3_nohash_0.wav,go
DataSet/go/50d1c8e3_nohash_1.wav,go
DataSet/go/50ed8a7b_nohash_0.wav,go
DataSet/go/50f55535_nohash_0.wav,go
DataSet/go/50f55535_nohash_1.wav,go
DataSet/go/5104f2f4_nohash_0.wav,go
DataSet/go/5104f2f4_nohash_1.wav,go
DataSet/go/51055bda_nohash_0.wav,go
DataSet/go/51055bda_nohash_1.wav,go
DataSet/go/51055bda_nohash_2.wav,go
DataSet/go/51055bda_nohash_3.wav,go
DataSet/go/513aeddf_nohash_0.wav,go
DataSet/go/513aeddf_nohash_1.wav,go
DataSet/go/5170b77f_nohash_0.wav,go
DataSet/go/5170b77f_nohash_1.wav,go
DataSet/go/5170b77f_nohash_2.wav,go
DataSet/go/5170b77f_nohash_3.wav,go
DataSet/go/5170b77f_nohash_4.wav,go
DataSet/go/5184ed3e_nohash_0.wav,go
DataSet/go/5195f0ec_nohash_0.wav,go
DataSet/go/51995cea_nohash_0.wav,go
DataSet/go/51c5601d_nohash_0.wav,go
DataSet/go/51c5601d_nohash_1.wav,go
DataSet/go/51c5601d_nohash_2.wav,go
DataSet/go/51c5601d_nohash_3.wav,go
DataSet/go/51c5601d_nohash_4.wav,go
DataSet/go/51f4d5b0_nohash_0.wav,go
DataSet/go/51f7a034_nohash_0.wav,go
DataSet/go/51f7a034_nohash_1.wav,go
DataSet/go/51f7a034_nohash_2.wav,go
DataSet/go/51f7a034_nohash_3.wav,go
DataSet/go/51f7a034_nohash_4.wav,go
DataSet/go/520b2c17_nohash_0.wav,go
DataSet/go/520b2c17_nohash_1.wav,go
DataSet/go/52162b51_nohash_0.wav,go
DataSet/go/52162b51_nohash_1.wav,go
DataSet/go/525eaa62_nohash_0.wav,go
DataSet/go/525eaa62_nohash_1.wav,go
DataSet/go/525eaa62_nohash_2.wav,go
DataSet/go/525eaa62_nohash_3.wav,go
DataSet/go/525eaa62_nohash_4.wav,go
DataSet/go/52bfbce8_nohash_0.wav,go
DataSet/go/52e228e9_nohash_0.wav,go
DataSet/go/530306f5_nohash_0.wav,go
DataSet/go/530306f5_nohash_1.wav,go
DataSet/go/531a5b8a_nohash_0.wav,go
DataSet/go/53458368_nohash_0.wav,go
DataSet/go/53458368_nohash_1.wav,go
DataSet/go/53578f4e_nohash_0.wav,go
DataSet/go/538e1856_nohash_0.wav,go
DataSet/go/53d5b86f_nohash_0.wav,go
DataSet/go/541120c7_nohash_0.wav,go
DataSet/go/541e4079_nohash_0.wav,go
DataSet/go/54ad8f22_nohash_0.wav,go
DataSet/go/54ad8f22_nohash_1.wav,go
DataSet/go/54ad8f22_nohash_2.wav,go
DataSet/go/54ad8f22_nohash_3.wav,go
DataSet/go/54aecbd5_nohash_0.wav,go
DataSet/go/54aecbd5_nohash_1.wav,go
DataSet/go/54aecbd5_nohash_2.wav,go
DataSet/go/54aecbd5_nohash_3.wav,go
DataSet/go/54b6d355_nohash_0.wav,go
DataSet/go/54b6d355_nohash_1.wav,go
DataSet/go/54b6d355_nohash_2.wav,go
DataSet/go/54b6d355_nohash_3.wav,go
DataSet/go/551e42e8_nohash_0.wav,go
DataSet/go/551e42e8_nohash_1.wav,go
DataSet/go/551e42e8_nohash_2.wav,go
DataSet/go/553f1a79_nohash_0.wav,go
DataSet/go/553f1a79_nohash_1.wav,go
DataSet/go/553f1a79_nohash_2.wav,go
DataSet/go/553f1a79_nohash_3.wav,go
DataSet/go/5588c7e6_nohash_0.wav,go
DataSet/go/559bc36a_nohash_0.wav,go
DataSet/go/559bc36a_nohash_1.wav,go
DataSet/go/559bc36a_nohash_2.wav,go
DataSet/go/559bc36a_nohash_3.wav,go
DataSet/go/559bc36a_nohash_4.wav,go
DataSet/go/55d3725a_nohash_0.wav,go
DataSet/go/55feffd5_nohash_0.wav,go
DataSet/go/5628d7b7_nohash_0.wav,go
DataSet/go/5628d7b7_nohash_1.wav,go
DataSet/go/5628d7b7_nohash_2.wav,go
DataSet/go/563aa4e6_nohash_0.wav,go
DataSet/go/563aa4e6_nohash_1.wav,go
DataSet/go/563aa4e6_nohash_2.wav,go
DataSet/go/563aa4e6_nohash_3.wav,go
DataSet/go/563aa4e6_nohash_4.wav,go
DataSet/go/5677ec77_nohash_0.wav,go
DataSet/go/569455ff_nohash_0.wav,go
DataSet/go/569455ff_nohash_1.wav,go
DataSet/go/56abe7dc_nohash_0.wav,go
DataSet/go/56abe7dc_nohash_1.wav,go
DataSet/go/56eab10e_nohash_0.wav,go
DataSet/go/56eab10e_nohash_1.wav,go
DataSet/go/56eab10e_nohash_2.wav,go
DataSet/go/56eb74ae_nohash_0.wav,go
DataSet/go/56eb74ae_nohash_1.wav,go
DataSet/go/56eb74ae_nohash_2.wav,go
DataSet/go/56eb74ae_nohash_3.wav,go
DataSet/go/56eb74ae_nohash_4.wav,go
DataSet/go/56f8a100_nohash_0.wav,go
DataSet/go/56f8a100_nohash_1.wav,go
DataSet/go/5705a0f9_nohash_0.wav,go
DataSet/go/57152045_nohash_0.wav,go
DataSet/go/57152045_nohash_1.wav,go
DataSet/go/57152045_nohash_2.wav,go
DataSet/go/57152045_nohash_3.wav,go
DataSet/go/57152045_nohash_4.wav,go
DataSet/go/57152045_nohash_5.wav,go
DataSet/go/571c044e_nohash_0.wav,go
DataSet/go/571c044e_nohash_1.wav,go
DataSet/go/57376a4c_nohash_0.wav,go
DataSet/go/5769c5ab_nohash_0.wav,go
DataSet/go/5769c5ab_nohash_1.wav,go
DataSet/go/5769c5ab_nohash_2.wav,go
DataSet/go/5769c5ab_nohash_3.wav,go
DataSet/go/5769c5ab_nohash_4.wav,go
DataSet/go/578d3efb_nohash_0.wav,go
DataSet/go/578d3efb_nohash_1.wav,go
DataSet/go/578d3efb_nohash_2.wav,go
DataSet/go/578d3efb_nohash_3.wav,go
DataSet/go/578d3efb_nohash_4.wav,go
DataSet/go/57b68383_nohash_0.wav,go
DataSet/go/57de2379_nohash_0.wav,go
DataSet/go/5828dfa2_nohash_0.wav,go
DataSet/go/5828dfa2_nohash_1.wav,go
DataSet/go/589bce2c_nohash_0.wav,go
DataSet/go/589bce2c_nohash_1.wav,go
DataSet/go/590750e8_nohash_0.wav,go
DataSet/go/590750e8_nohash_1.wav,go
DataSet/go/590750e8_nohash_2.wav,go
DataSet/go/591d32f3_nohash_0.wav,go
DataSet/go/59fe87e6_nohash_0.wav,go
DataSet/go/59fe87e6_nohash_1.wav,go
DataSet/go/5a0bc987_nohash_0.wav,go
DataSet/go/5a0bc987_nohash_1.wav,go
DataSet/go/5a3712c9_nohash_0.wav,go
DataSet/go/5a3fc246_nohash_0.wav,go
DataSet/go/5a5721f8_nohash_0.wav,go
DataSet/go/5a5721f8_nohash_1.wav,go
DataSet/go/5a5721f8_nohash_2.wav,go
DataSet/go/5a5721f8_nohash_3.wav,go
DataSet/go/5a5721f8_nohash_4.wav,go
DataSet/go/5a98d407_nohash_0.wav,go
DataSet/go/5a98d407_nohash_1.wav,go
DataSet/go/5a98d407_nohash_2.wav,go
DataSet/go/5a98d407_nohash_3.wav,go
DataSet/go/5a98d407_nohash_4.wav,go
DataSet/go/5a9f7324_nohash_0.wav,go
DataSet/go/5aac2efa_nohash_0.wav,go
DataSet/go/5ac04a92_nohash_0.wav,go
DataSet/go/5b09db89_nohash_0.wav,go
DataSet/go/5b09db89_nohash_1.wav,go
DataSet/go/5b09db89_nohash_2.wav,go
DataSet/go/5b09db89_nohash_3.wav,go
DataSet/go/5b1db3ee_nohash_0.wav,go
DataSet/go/5b26c81b_nohash_0.wav,go
DataSet/go/5b26c81b_nohash_1.wav,go
DataSet/go/5b32733e_nohash_0.wav,go
DataSet/go/5b32733e_nohash_1.wav,go
DataSet/go/5ba724a7_nohash_0.wav,go
DataSet/go/5ba724a7_nohash_1.wav,go
DataSet/go/5be23def_nohash_0.wav,go
DataSet/go/5bf1f1cb_nohash_0.wav,go
DataSet/go/5bf1f1cb_nohash_1.wav,go
DataSet/go/5c237956_nohash_0.wav,go
DataSet/go/5c39594f_nohash_0.wav,go
DataSet/go/5c39594f_nohash_1.wav,go
DataSet/go/5c39594f_nohash_2.wav,go
DataSet/go/5c8af87a_nohash_0.wav,go
DataSet/go/5c8af87a_nohash_1.wav,go
DataSet/go/5c8af87a_nohash_2.wav,go
DataSet/go/5c8af87a_nohash_3.wav,go
DataSet/go/5c8af87a_nohash_4.wav,go
DataSet/go/5cf1ecce_nohash_0.wav,go
DataSet/go/5cf1ecce_nohash_1.wav,go
DataSet/go/5cf1ecce_nohash_2.wav,go
DataSet/go/5cf1ecce_nohash_3.wav,go
DataSet/go/5d0ab165_nohash_0.wav,go
DataSet/go/5d4e3bb8_nohash_0.wav,go
DataSet/go/5de8f2f0_nohash_0.wav,go
DataSet/go/5e033479_nohash_0.wav,go
DataSet/go/5e1b34a6_nohash_0.wav,go
DataSet/go/5e3dde6b_nohash_0.wav,go
DataSet/go/5e3dde6b_nohash_1.wav,go
DataSet/go/5e3dde6b_nohash_2.wav,go
DataSet/go/5e3dde6b_nohash_3.wav,go
DataSet/go/5e3dde6b_nohash_4.wav,go
DataSet/go/5eb5fc74_nohash_0.wav,go
DataSet/go/5eb5fc74_nohash_1.wav,go
DataSet/go/5ebc1cda_nohash_0.wav,go
DataSet/go/5ebc1cda_nohash_1.wav,go
DataSet/go/5ebc1cda_nohash_2.wav,go
DataSet/go/5ebc1cda_nohash_3.wav,go
DataSet/go/5ebc1cda_nohash_4.wav,go
DataSet/go/5ebc1cda_nohash_5.wav,go
DataSet/go/5ebc1cda_nohash_6.wav,go
DataSet/go/5ef35194_nohash_0.wav,go
DataSet/go/5efb758c_nohash_0.wav,go
DataSet/go/5efb758c_nohash_1.wav,go
DataSet/go/5f1253e9_nohash_0.wav,go
DataSet/go/5f1b1051_nohash_0.wav,go
DataSet/go/5f5eef60_nohash_0.wav,go
DataSet/go/5f5eef60_nohash_1.wav,go
DataSet/go/5f5eef60_nohash_2.wav,go
DataSet/go/5f5eef60_nohash_3.wav,go
DataSet/go/5f5eef60_nohash_4.wav,go
DataSet/go/5f8097e1_nohash_0.wav,go
DataSet/go/5f8097e1_nohash_1.wav,go
DataSet/go/5f8097e1_nohash_2.wav,go
DataSet/go/5f8097e1_nohash_3.wav,go
DataSet/go/5f8e50a0_nohash_0.wav,go
DataSet/go/5f8e50a0_nohash_1.wav,go
DataSet/go/5f9cd2eb_nohash_0.wav,go
DataSet/go/5f9cd2eb_nohash_1.wav,go
DataSet/go/5f9cd2eb_nohash_2.wav,go
DataSet/go/5f9cd2eb_nohash_3.wav,go
DataSet/go/5f9cd2eb_nohash_4.wav,go
DataSet/go/5f9cd2eb_nohash_5.wav,go
DataSet/go/5f9cd2eb_nohash_6.wav,go
DataSet/go/5fadb538_nohash_0.wav,go
DataSet/go/5fadb538_nohash_1.wav,go
DataSet/go/5fadb538_nohash_2.wav,go
DataSet/go/5fe4a278_nohash_0.wav,go
DataSet/go/5ff3f9a1_nohash_0.wav,go
DataSet/go/5ff3f9a1_nohash_1.wav,go
DataSet/go/6021f08b_nohash_0.wav,go
DataSet/go/6021f08b_nohash_1.wav,go
DataSet/go/60472d26_nohash_0.wav,go
DataSet/go/60472d26_nohash_1.wav,go
DataSet/go/6071a214_nohash_0.wav,go
DataSet/go/6071a214_nohash_1.wav,go
DataSet/go/6071a214_nohash_2.wav,go
DataSet/go/6078eb0d_nohash_0.wav,go
DataSet/go/611d2b50_nohash_0.wav,go
DataSet/go/611d2b50_nohash_1.wav,go
DataSet/go/611d2b50_nohash_2.wav,go
DataSet/go/6124b431_nohash_0.wav,go
DataSet/go/6124b431_nohash_1.wav,go
DataSet/go/6124b431_nohash_2.wav,go
DataSet/go/61482e52_nohash_0.wav,go
DataSet/go/61482e52_nohash_1.wav,go
DataSet/go/61482e52_nohash_2.wav,go
DataSet/go/61482e52_nohash_3.wav,go
DataSet/go/616420be_nohash_0.wav,go
DataSet/go/616420be_nohash_1.wav,go
DataSet/go/616420be_nohash_2.wav,go
DataSet/go/616420be_nohash_3.wav,go
DataSet/go/616420be_nohash_4.wav,go
DataSet/go/6166ae21_nohash_0.wav,go
DataSet/go/617aeb6c_nohash_0.wav,go
DataSet/go/617aeb6c_nohash_1.wav,go
DataSet/go/617aeb6c_nohash_2.wav,go
DataSet/go/617aeb6c_nohash_3.wav,go
DataSet/go/617aeb6c_nohash_4.wav,go
DataSet/go/617de221_nohash_0.wav,go
DataSet/go/617de221_nohash_1.wav,go
DataSet/go/617de221_nohash_2.wav,go
DataSet/go/617de221_nohash_3.wav,go
DataSet/go/617de221_nohash_4.wav,go
DataSet/go/619b5164_nohash_0.wav,go
DataSet/go/61ab8fbc_nohash_0.wav,go
DataSet/go/61ab8fbc_nohash_1.wav,go
DataSet/go/61ab8fbc_nohash_2.wav,go
DataSet/go/61ab8fbc_nohash_3.wav,go
DataSet/go/61ab8fbc_nohash_4.wav,go
DataSet/go/61abbf52_nohash_0.wav,go
DataSet/go/61abbf52_nohash_1.wav,go
DataSet/go/61abbf52_nohash_2.wav,go
DataSet/go/61abbf52_nohash_3.wav,go
DataSet/go/61d3e51e_nohash_0.wav,go
DataSet/go/61d3e51e_nohash_1.wav,go
DataSet/go/61e2f74f_nohash_0.wav,go
DataSet/go/61e2f74f_nohash_1.wav,go
DataSet/go/61e2f74f_nohash_2.wav,go
DataSet/go/61e2f74f_nohash_3.wav,go
DataSet/go/61e50f62_nohash_0.wav,go
DataSet/go/61e50f62_nohash_1.wav,go
DataSet/go/6205088b_nohash_0.wav,go
DataSet/go/6205088b_nohash_1.wav,go
DataSet/go/6205088b_nohash_2.wav,go
DataSet/go/620ff0fa_nohash_0.wav,go
DataSet/go/620ff0fa_nohash_1.wav,go
DataSet/go/625fd898_nohash_0.wav,go
DataSet/go/625fd898_nohash_1.wav,go
DataSet/go/62641b88_nohash_0.wav,go
DataSet/go/62641b88_nohash_1.wav,go
DataSet/go/6272b231_nohash_0.wav,go
DataSet/go/62b7c848_nohash_0.wav,go
DataSet/go/62ef962d_nohash_0.wav,go
DataSet/go/62ef962d_nohash_1.wav,go
DataSet/go/62f05757_nohash_0.wav,go
DataSet/go/62f05757_nohash_1.wav,go
DataSet/go/62f05757_nohash_2.wav,go
DataSet/go/62f05757_nohash_3.wav,go
DataSet/go/62ff07ef_nohash_0.wav,go
DataSet/go/62ff07ef_nohash_1.wav,go
DataSet/go/6347b393_nohash_0.wav,go
DataSet/go/637c702a_nohash_0.wav,go
DataSet/go/63996b7c_nohash_0.wav,go
DataSet/go/63996b7c_nohash_1.wav,go
DataSet/go/63996b7c_nohash_2.wav,go
DataSet/go/63f042c6_nohash_0.wav,go
DataSet/go/63f7a489_nohash_0.wav,go
DataSet/go/63f7a489_nohash_1.wav,go
DataSet/go/63f7a489_nohash_2.wav,go
DataSet/go/63f7a489_nohash_3.wav,go
DataSet/go/63f7a489_nohash_4.wav,go
DataSet/go/6414258b_nohash_0.wav,go
DataSet/go/64220627_nohash_0.wav,go
DataSet/go/64220627_nohash_1.wav,go
DataSet/go/64574a99_nohash_0.wav,go
DataSet/go/64574a99_nohash_1.wav,go
DataSet/go/645ed69d_nohash_0.wav,go
DataSet/go/645ed69d_nohash_1.wav,go
DataSet/go/645ed69d_nohash_2.wav,go
DataSet/go/64a80906_nohash_0.wav,go
DataSet/go/64da5281_nohash_0.wav,go
DataSet/go/64df20d8_nohash_0.wav,go
DataSet/go/64df20d8_nohash_1.wav,go
DataSet/go/64df20d8_nohash_2.wav,go
DataSet/go/64df20d8_nohash_3.wav,go
DataSet/go/64df20d8_nohash_4.wav,go
DataSet/go/64e48f55_nohash_0.wav,go
DataSet/go/64e48f55_nohash_1.wav,go
DataSet/go/64e48f55_nohash_2.wav,go
DataSet/go/64e48f55_nohash_3.wav,go
DataSet/go/64f83f0e_nohash_0.wav,go
DataSet/go/65040d9b_nohash_0.wav,go
DataSet/go/653a48f5_nohash_0.wav,go
DataSet/go/654772d3_nohash_0.wav,go
DataSet/go/6565a81d_nohash_0.wav,go
DataSet/go/6565a81d_nohash_1.wav,go
DataSet/go/6565a81d_nohash_2.wav,go
DataSet/go/6565a81d_nohash_3.wav,go
DataSet/go/65846c5f_nohash_0.wav,go
DataSet/go/659b7fae_nohash_0.wav,go
DataSet/go/659b7fae_nohash_1.wav,go
DataSet/go/65c73b55_nohash_0.wav,go
DataSet/go/65d14087_nohash_0.wav,go
DataSet/go/65d844fc_nohash_0.wav,go
DataSet/go/65ec06e5_nohash_0.wav,go
DataSet/go/66041c69_nohash_0.wav,go
DataSet/go/66774579_nohash_0.wav,go
DataSet/go/66774579_nohash_1.wav,go
DataSet/go/66a412a7_nohash_0.wav,go
DataSet/go/66aa0f29_nohash_0.wav,go
DataSet/go/66cff190_nohash_0.wav,go
DataSet/go/66cff190_nohash_1.wav,go
DataSet/go/6727b579_nohash_0.wav,go
DataSet/go/6727b579_nohash_1.wav,go
DataSet/go/6727b579_nohash_2.wav,go
DataSet/go/6727b579_nohash_3.wav,go
DataSet/go/6727b579_nohash_4.wav,go
DataSet/go/674ca5ea_nohash_0.wav,go
DataSet/go/674ca5ea_nohash_1.wav,go
DataSet/go/676f8138_nohash_0.wav,go
DataSet/go/676f8138_nohash_1.wav,go
DataSet/go/676f8138_nohash_2.wav,go
DataSet/go/676f8138_nohash_3.wav,go
DataSet/go/679463fc_nohash_0.wav,go
DataSet/go/679463fc_nohash_1.wav,go
DataSet/go/679463fc_nohash_2.wav,go
DataSet/go/679463fc_nohash_3.wav,go
DataSet/go/679463fc_nohash_4.wav,go
DataSet/go/67bdbf56_nohash_0.wav,go
DataSet/go/67bdbf56_nohash_1.wav,go
DataSet/go/67bdbf56_nohash_2.wav,go
DataSet/go/67bdbf56_nohash_3.wav,go
DataSet/go/67bdbf56_nohash_4.wav,go
DataSet/go/67c7fecb_nohash_0.wav,go
DataSet/go/67fcdb05_nohash_0.wav,go
DataSet/go/6823565f_nohash_0.wav,go
DataSet/go/682e1687_nohash_0.wav,go
DataSet/go/686d030b_nohash_0.wav,go
DataSet/go/686d030b_nohash_1.wav,go
DataSet/go/686d030b_nohash_2.wav,go
DataSet/go/686d030b_nohash_3.wav,go
DataSet/go/68dd409e_nohash_0.wav,go
DataSet/go/68dd409e_nohash_1.wav,go
DataSet/go/68dd409e_nohash_2.wav,go
DataSet/go/6904f0cb_nohash_0.wav,go
DataSet/go/6904f0cb_nohash_1.wav,go
DataSet/go/6904f0cb_nohash_2.wav,go
DataSet/go/6904f0cb_nohash_3.wav,go
DataSet/go/6904f0cb_nohash_4.wav,go
DataSet/go/69086eb0_nohash_0.wav,go
DataSet/go/69086eb0_nohash_1.wav,go
DataSet/go/692a88e6_nohash_0.wav,go
DataSet/go/692a88e6_nohash_1.wav,go
DataSet/go/692a88e6_nohash_2.wav,go
DataSet/go/692a88e6_nohash_3.wav,go
DataSet/go/6969e51a_nohash_0.wav,go
DataSet/go/6969e51a_nohash_1.wav,go
DataSet/go/6969e51a_nohash_2.wav,go
DataSet/go/6969e51a_nohash_3.wav,go
DataSet/go/69953f48_nohash_0.wav,go
DataSet/go/69953f48_nohash_1.wav,go
DataSet/go/69a1a79f_nohash_0.wav,go
DataSet/go/69a1a79f_nohash_1.wav,go
DataSet/go/69a1a79f_nohash_2.wav,go
DataSet/go/69a1a79f_nohash_3.wav,go
DataSet/go/69a1a79f_nohash_4.wav,go
DataSet/go/69f609ec_nohash_0.wav,go
DataSet/go/69f609ec_nohash_1.wav,go
DataSet/go/6a014b29_nohash_0.wav,go
DataSet/go/6a014b29_nohash_1.wav,go
DataSet/go/6a203e0e_nohash_0.wav,go
DataSet/go/6a27a9bf_nohash_0.wav,go
DataSet/go/6a497f80_nohash_0.wav,go
DataSet/go/6a861f21_nohash_0.wav,go
DataSet/go/6aa8def4_nohash_0.wav,go
DataSet/go/6aa8def4_nohash_1.wav,go
DataSet/go/6aa8def4_nohash_2.wav,go
DataSet/go/6aa8def4_nohash_3.wav,go
DataSet/go/6aafb34f_nohash_0.wav,go
DataSet/go/6ac35824_nohash_0.wav,go
DataSet/go/6ace4fe1_nohash_0.wav,go
DataSet/go/6ace4fe1_nohash_1.wav,go
DataSet/go/6ace4fe1_nohash_2.wav,go
DataSet/go/6ace4fe1_nohash_3.wav,go
DataSet/go/6adb8ad9_nohash_0.wav,go
DataSet/go/6adb8ad9_nohash_1.wav,go
DataSet/go/6adb8ad9_nohash_2.wav,go
DataSet/go/6add0595_nohash_0.wav,go
DataSet/go/6af4aa07_nohash_0.wav,go
DataSet/go/6af4aa07_nohash_1.wav,go
DataSet/go/6af4aa07_nohash_2.wav,go
DataSet/go/6b7d5101_nohash_0.wav,go
DataSet/go/6b81fead_nohash_0.wav,go
DataSet/go/6b889021_nohash_0.wav,go
DataSet/go/6b889021_nohash_1.wav,go
DataSet/go/6bf5baf3_nohash_0.wav,go
DataSet/go/6bf5baf3_nohash_1.wav,go
DataSet/go/6bf5baf3_nohash_2.wav,go
DataSet/go/6bf5baf3_nohash_3.wav,go
DataSet/go/6bf5baf3_nohash_4.wav,go
DataSet/go/6c0f6493_nohash_0.wav,go
DataSet/go/6c0f6493_nohash_1.wav,go
DataSet/go/6c0f6493_nohash_2.wav,go
DataSet/go/6c429c7b_nohash_0.wav,go
DataSet/go/6c429c7b_nohash_1.wav,go
DataSet/go/6c429c7b_nohash_2.wav,go
DataSet/go/6c429c7b_nohash_3.wav,go
DataSet/go/6c429c7b_nohash_4.wav,go
DataSet/go/6c88cf25_nohash_0.wav,go
DataSet/go/6c88cf25_nohash_1.wav,go
DataSet/go/6c968bd9_nohash_0.wav,go
DataSet/go/6c968bd9_nohash_1.wav,go
DataSet/go/6c968bd9_nohash_2.wav,go
DataSet/go/6c968bd9_nohash_3.wav,go
DataSet/go/6c968bd9_nohash_4.wav,go
DataSet/go/6cc28ce5_nohash_0.wav,go
DataSet/go/6cf5459b_nohash_0.wav,go
DataSet/go/6cf5459b_nohash_1.wav,go
DataSet/go/6cf5459b_nohash_2.wav,go
DataSet/go/6d0ad764_nohash_0.wav,go
DataSet/go/6d1dcca6_nohash_0.wav,go
DataSet/go/6d2d3b0d_nohash_0.wav,go
DataSet/go/6d7af359_nohash_0.wav,go
DataSet/go/6d818f6c_nohash_0.wav,go
DataSet/go/6d818f6c_nohash_1.wav,go
DataSet/go/6dfff95a_nohash_0.wav,go
DataSet/go/6e2ef3d5_nohash_0.wav,go
DataSet/go/6e2ef3d5_nohash_1.wav,go
DataSet/go/6e41a77e_nohash_0.wav,go
DataSet/go/6e899c9a_nohash_0.wav,go
DataSet/go/6e916de8_nohash_0.wav,go
DataSet/go/6ef407da_nohash_0.wav,go
DataSet/go/6ef407da_nohash_1.wav,go
DataSet/go/6ef407da_nohash_2.wav,go
DataSet/go/6ef407da_nohash_3.wav,go
DataSet/go/6ef407da_nohash_4.wav,go
DataSet/go/6f2c6f7e_nohash_0.wav,go
DataSet/go/6f2c6f7e_nohash_1.wav,go
DataSet/go/6f2f57c1_nohash_0.wav,go
DataSet/go/6f342826_nohash_0.wav,go
DataSet/go/6f5b4d3d_nohash_0.wav,go
DataSet/go/6f7724f5_nohash_0.wav,go
DataSet/go/6f9088d7_nohash_0.wav,go
DataSet/go/6f9088d7_nohash_1.wav,go
DataSet/go/6fb3d5a7_nohash_0.wav,go
DataSet/go/6fb3d5a7_nohash_1.wav,go
DataSet/go/6fb3d5a7_nohash_2.wav,go
DataSet/go/6fca237d_nohash_0.wav,go
DataSet/go/7081436f_nohash_0.wav,go
DataSet/go/7081436f_nohash_1.wav,go
DataSet/go/70880cc6_nohash_0.wav,go
DataSet/go/708b8d51_nohash_0.wav,go
DataSet/go/70a00e98_nohash_0.wav,go
DataSet/go/70a00e98_nohash_1.wav,go
DataSet/go/70a00e98_nohash_2.wav,go
DataSet/go/70a00e98_nohash_3.wav,go
DataSet/go/70a00e98_nohash_4.wav,go
DataSet/go/70b0ccf4_nohash_0.wav,go
DataSet/go/712e4d58_nohash_0.wav,go
DataSet/go/71904de3_nohash_0.wav,go
DataSet/go/7192fddc_nohash_0.wav,go
DataSet/go/7192fddc_nohash_1.wav,go
DataSet/go/7195ffa6_nohash_0.wav,go
DataSet/go/71aa5b54_nohash_0.wav,go
DataSet/go/71d0ded4_nohash_0.wav,go
DataSet/go/71d0ded4_nohash_1.wav,go
DataSet/go/71d0ded4_nohash_2.wav,go
DataSet/go/71d0ded4_nohash_3.wav,go
DataSet/go/71d0ded4_nohash_4.wav,go
DataSet/go/71e6ab20_nohash_0.wav,go
DataSet/go/71e6ab20_nohash_1.wav,go
DataSet/go/7211390b_nohash_0.wav,go
DataSet/go/7211390b_nohash_1.wav,go
DataSet/go/7211390b_nohash_2.wav,go
DataSet/go/7211390b_nohash_3.wav,go
DataSet/go/7213ed54_nohash_0.wav,go
DataSet/go/7213ed54_nohash_1.wav,go
DataSet/go/7213ed54_nohash_2.wav,go
DataSet/go/7213ed54_nohash_3.wav,go
DataSet/go/7213ed54_nohash_4.wav,go
DataSet/go/721f767c_nohash_0.wav,go
DataSet/go/721f767c_nohash_1.wav,go
DataSet/go/721f767c_nohash_2.wav,go
DataSet/go/721f767c_nohash_3.wav,go
DataSet/go/72242187_nohash_0.wav,go
DataSet/go/72242187_nohash_1.wav,go
DataSet/go/72242187_nohash_2.wav,go
DataSet/go/72242187_nohash_3.wav,go
DataSet/go/72242187_nohash_4.wav,go
DataSet/go/7257420c_nohash_0.wav,go
DataSet/go/726382d6_nohash_0.wav,go
DataSet/go/726382d6_nohash_1.wav,go
DataSet/go/72aa7259_nohash_0.wav,go
DataSet/go/72aa7259_nohash_1.wav,go
DataSet/go/72aa7259_nohash_2.wav,go
DataSet/go/72be9202_nohash_0.wav,go
DataSet/go/72d75d96_nohash_0.wav,go
DataSet/go/72e382bd_nohash_0.wav,go
DataSet/go/72e382bd_nohash_1.wav,go
DataSet/go/72e382bd_nohash_2.wav,go
DataSet/go/72e382bd_nohash_3.wav,go
DataSet/go/7303215d_nohash_0.wav,go
DataSet/go/7303215d_nohash_1.wav,go
DataSet/go/735845ab_nohash_0.wav,go
DataSet/go/735845ab_nohash_1.wav,go
DataSet/go/735845ab_nohash_2.wav,go
DataSet/go/735845ab_nohash_3.wav,go
DataSet/go/73cccfaf_nohash_0.wav,go
DataSet/go/73f20b00_nohash_0.wav,go
DataSet/go/73f20b00_nohash_1.wav,go
DataSet/go/73f20b00_nohash_2.wav,go
DataSet/go/73f20b00_nohash_3.wav,go
DataSet/go/74241b28_nohash_0.wav,go
DataSet/go/74241b28_nohash_1.wav,go
DataSet/go/74241b28_nohash_2.wav,go
DataSet/go/74241b28_nohash_3.wav,go
DataSet/go/742d6431_nohash_0.wav,go
DataSet/go/742d6431_nohash_1.wav,go
DataSet/go/742d6431_nohash_2.wav,go
DataSet/go/742d6431_nohash_3.wav,go
DataSet/go/742d6431_nohash_4.wav,go
DataSet/go/743edf9d_nohash_0.wav,go
DataSet/go/743edf9d_nohash_1.wav,go
DataSet/go/743edf9d_nohash_2.wav,go
DataSet/go/743edf9d_nohash_3.wav,go
DataSet/go/74551073_nohash_0.wav,go
DataSet/go/747e69fd_nohash_0.wav,go
DataSet/go/747e69fd_nohash_1.wav,go
DataSet/go/748cb308_nohash_0.wav,go
DataSet/go/74b73f88_nohash_0.wav,go
DataSet/go/74b73f88_nohash_1.wav,go
DataSet/go/74b73f88_nohash_2.wav,go
DataSet/go/763188c4_nohash_0.wav,go
DataSet/go/763188c4_nohash_1.wav,go
DataSet/go/763188c4_nohash_2.wav,go
DataSet/go/763188c4_nohash_3.wav,go
DataSet/go/763188c4_nohash_4.wav,go
DataSet/go/765ffccb_nohash_0.wav,go
DataSet/go/765ffccb_nohash_1.wav,go
DataSet/go/76b58705_nohash_0.wav,go
DataSet/go/76b58705_nohash_1.wav,go
DataSet/go/76b58705_nohash_2.wav,go
DataSet/go/76e53db9_nohash_0.wav,go
DataSet/go/772db621_nohash_0.wav,go
DataSet/go/773e26f7_nohash_0.wav,go
DataSet/go/773e26f7_nohash_1.wav,go
DataSet/go/773e26f7_nohash_2.wav,go
DataSet/go/773e26f7_nohash_3.wav,go
DataSet/go/778a4a01_nohash_0.wav,go
DataSet/go/778a4a01_nohash_1.wav,go
DataSet/go/778a4a01_nohash_2.wav,go
DataSet/go/7799c9cd_nohash_0.wav,go
DataSet/go/779de043_nohash_0.wav,go
DataSet/go/779de043_nohash_1.wav,go
DataSet/go/779de043_nohash_2.wav,go
DataSet/go/779de043_nohash_3.wav,go
DataSet/go/77def3ee_nohash_0.wav,go
DataSet/go/78102205_nohash_0.wav,go
DataSet/go/7846fd85_nohash_0.wav,go
DataSet/go/7846fd85_nohash_1.wav,go
DataSet/go/7846fd85_nohash_2.wav,go
DataSet/go/7846fd85_nohash_3.wav,go
DataSet/go/7846fd85_nohash_4.wav,go
DataSet/go/784e281a_nohash_0.wav,go
DataSet/go/784e281a_nohash_1.wav,go
DataSet/go/78884794_nohash_0.wav,go
DataSet/go/7910d292_nohash_0.wav,go
DataSet/go/794cdfc5_nohash_0.wav,go
DataSet/go/794cdfc5_nohash_1.wav,go
DataSet/go/798f702a_nohash_0.wav,go
DataSet/go/798f702a_nohash_1.wav,go
DataSet/go/79903546_nohash_0.wav,go
DataSet/go/7ab5b8f7_nohash_0.wav,go
DataSet/go/7b2e879e_nohash_0.wav,go
DataSet/go/7bae88ed_nohash_0.wav,go
DataSet/go/7be5a0f3_nohash_0.wav,go
DataSet/go/7be9f58a_nohash_0.wav,go
DataSet/go/7bf801d1_nohash_0.wav,go
DataSet/go/7bf801d1_nohash_1.wav,go
DataSet/go/7c1d8533_nohash_0.wav,go
DataSet/go/7c1d8533_nohash_1.wav,go
DataSet/go/7c1d8533_nohash_2.wav,go
DataSet/go/7c1d8533_nohash_3.wav,go
DataSet/go/7c1d8533_nohash_4.wav,go
DataSet/go/7c2a3fa4_nohash_0.wav,go
DataSet/go/7c2a3fa4_nohash_1.wav,go
DataSet/go/7c75a504_nohash_0.wav,go
DataSet/go/7c83c5f6_nohash_0.wav,go
DataSet/go/7c83c5f6_nohash_1.wav,go
DataSet/go/7cbf645a_nohash_0.wav,go
DataSet/go/7cbf645a_nohash_1.wav,go
DataSet/go/7ce8df21_nohash_0.wav,go
DataSet/go/7cf14c54_nohash_0.wav,go
DataSet/go/7cf14c54_nohash_1.wav,go
DataSet/go/7cf14c54_nohash_2.wav,go
DataSet/go/7cfb1618_nohash_0.wav,go
DataSet/go/7d149b38_nohash_0.wav,go
DataSet/go/7d149b38_nohash_1.wav,go
DataSet/go/7d5f87c8_nohash_0.wav,go
DataSet/go/7d6b4b10_nohash_0.wav,go
DataSet/go/7d6b4b10_nohash_1.wav,go
DataSet/go/7d6b4b10_nohash_2.wav,go
DataSet/go/7d6b4b10_nohash_3.wav,go
DataSet/go/7d86b703_nohash_0.wav,go
DataSet/go/7dc50b88_nohash_0.wav,go
DataSet/go/7dc50b88_nohash_1.wav,go
DataSet/go/7de97453_nohash_0.wav,go
DataSet/go/7e2d5caf_nohash_0.wav,go
DataSet/go/7e4fa1d8_nohash_0.wav,go
DataSet/go/7e556a2c_nohash_0.wav,go
DataSet/go/7e6bd776_nohash_0.wav,go
DataSet/go/7e783e3f_nohash_0.wav,go
DataSet/go/7e783e3f_nohash_1.wav,go
DataSet/go/7e7ca854_nohash_0.wav,go
DataSet/go/7e7ca854_nohash_1.wav,go
DataSet/go/7e7ca854_nohash_2.wav,go
DataSet/go/7e7ca854_nohash_3.wav,go
DataSet/go/7e7ca854_nohash_4.wav,go
DataSet/go/7ea032f3_nohash_0.wav,go
DataSet/go/7ea032f3_nohash_1.wav,go
DataSet/go/7ea032f3_nohash_2.wav,go
DataSet/go/7ea032f3_nohash_3.wav,go
DataSet/go/7ea032f3_nohash_4.wav,go
DataSet/go/7f208e83_nohash_0.wav,go
DataSet/go/7f581e94_nohash_0.wav,go
DataSet/go/7f74626f_nohash_0.wav,go
DataSet/go/7f74626f_nohash_1.wav,go
DataSet/go/7f74626f_nohash_2.wav,go
DataSet/go/7f74626f_nohash_3.wav,go
DataSet/go/7f74626f_nohash_4.wav,go
DataSet/go/7f9eb952_nohash_0.wav,go
DataSet/go/7f9eb952_nohash_1.wav,go
DataSet/go/7f9eb952_nohash_2.wav,go
DataSet/go/7f9eb952_nohash_3.wav,go
DataSet/go/7f9eb952_nohash_4.wav,go
DataSet/go/7fa5fa1f_nohash_0.wav,go
DataSet/go/7fb54718_nohash_0.wav,go
DataSet/go/7fb8d703_nohash_0.wav,go
DataSet/go/7fb8d703_nohash_1.wav,go
DataSet/go/7fb8d703_nohash_2.wav,go
DataSet/go/7fb8d703_nohash_3.wav,go
DataSet/go/7fd25f7c_nohash_0.wav,go
DataSet/go/7fd25f7c_nohash_1.wav,go
DataSet/go/7ff4fc72_nohash_0.wav,go
DataSet/go/8012c69d_nohash_0.wav,go
DataSet/go/8012c69d_nohash_1.wav,go
DataSet/go/8012c69d_nohash_2.wav,go
DataSet/go/8056e897_nohash_0.wav,go
DataSet/go/8056e897_nohash_1.wav,go
DataSet/go/8056e897_nohash_2.wav,go
DataSet/go/80be36a2_nohash_0.wav,go
DataSet/go/80c17118_nohash_0.wav,go
DataSet/go/80f056c0_nohash_0.wav,go
DataSet/go/80fe1dc7_nohash_0.wav,go
DataSet/go/81332c92_nohash_0.wav,go
DataSet/go/81332c92_nohash_1.wav,go
DataSet/go/81332c92_nohash_2.wav,go
DataSet/go/81332c92_nohash_3.wav,go
DataSet/go/81332c92_nohash_4.wav,go
DataSet/go/8134f43f_nohash_0.wav,go
DataSet/go/8134f43f_nohash_1.wav,go
DataSet/go/8134f43f_nohash_2.wav,go
DataSet/go/8134f43f_nohash_3.wav,go
DataSet/go/8134f43f_nohash_4.wav,go
DataSet/go/813b82a6_nohash_0.wav,go
DataSet/go/813b82a6_nohash_1.wav,go
DataSet/go/81898f68_nohash_0.wav,go
DataSet/go/821b64cc_nohash_0.wav,go
DataSet/go/821b64cc_nohash_1.wav,go
DataSet/go/821b64cc_nohash_2.wav,go
DataSet/go/823353e5_nohash_0.wav,go
DataSet/go/823353e5_nohash_1.wav,go
DataSet/go/824e8ce5_nohash_0.wav,go
DataSet/go/825f450d_nohash_0.wav,go
DataSet/go/825f450d_nohash_1.wav,go
DataSet/go/827421c4_nohash_0.wav,go
DataSet/go/8281a2a8_nohash_0.wav,go
DataSet/go/8281a2a8_nohash_1.wav,go
DataSet/go/8281a2a8_nohash_2.wav,go
DataSet/go/8281a2a8_nohash_3.wav,go
DataSet/go/8281a2a8_nohash_4.wav,go
DataSet/go/82951cf0_nohash_0.wav,go
DataSet/go/82951cf0_nohash_1.wav,go
DataSet/go/8335f893_nohash_0.wav,go
DataSet/go/833d9f56_nohash_0.wav,go
DataSet/go/833d9f56_nohash_1.wav,go
DataSet/go/833d9f56_nohash_2.wav,go
DataSet/go/834f03fe_nohash_0.wav,go
DataSet/go/834f03fe_nohash_1.wav,go
DataSet/go/834f03fe_nohash_2.wav,go
DataSet/go/834f03fe_nohash_3.wav,go
DataSet/go/834f03fe_nohash_4.wav,go
DataSet/go/837a0f64_nohash_0.wav,go
DataSet/go/837a0f64_nohash_1.wav,go
DataSet/go/837a0f64_nohash_2.wav,go
DataSet/go/837a0f64_nohash_3.wav,go
DataSet/go/837a0f64_nohash_4.wav,go
DataSet/go/837f7378_nohash_0.wav,go
DataSet/go/845f8553_nohash_0.wav,go
DataSet/go/845f8553_nohash_1.wav,go
DataSet/go/845f8553_nohash_2.wav,go
DataSet/go/845f8553_nohash_3.wav,go
DataSet/go/845f8553_nohash_4.wav,go
DataSet/go/84999496_nohash_0.wav,go
DataSet/go/850e2222_nohash_0.wav,go
DataSet/go/8536c82d_nohash_0.wav,go
DataSet/go/8536c82d_nohash_1.wav,go
DataSet/go/856eb138_nohash_0.wav,go
DataSet/go/856eb138_nohash_1.wav,go
DataSet/go/856eb138_nohash_2.wav,go
DataSet/go/856eb138_nohash_3.wav,go
DataSet/go/856eb138_nohash_4.wav,go
DataSet/go/85834399_nohash_0.wav,go
DataSet/go/85834399_nohash_1.wav,go
DataSet/go/85834399_nohash_2.wav,go
DataSet/go/85851131_nohash_0.wav,go
DataSet/go/85851131_nohash_1.wav,go
DataSet/go/85851131_nohash_2.wav,go
DataSet/go/85851131_nohash_3.wav,go
DataSet/go/85851131_nohash_4.wav,go
DataSet/go/85b877b5_nohash_0.wav,go
DataSet/go/85b877b5_nohash_1.wav,go
DataSet/go/85c5eaa0_nohash_0.wav,go
DataSet/go/85c5eaa0_nohash_1.wav,go
DataSet/go/85d2ac4b_nohash_0.wav,go
DataSet/go/8601f33b_nohash_0.wav,go
DataSet/go/86402da1_nohash_0.wav,go
DataSet/go/86402da1_nohash_1.wav,go
DataSet/go/86478fab_nohash_0.wav,go
DataSet/go/86648261_nohash_0.wav,go
DataSet/go/86f12ac0_nohash_0.wav,go
DataSet/go/86fa2dcd_nohash_0.wav,go
DataSet/go/87070229_nohash_0.wav,go
DataSet/go/87070229_nohash_1.wav,go
DataSet/go/87070229_nohash_2.wav,go
DataSet/go/87070229_nohash_3.wav,go
DataSet/go/8769c34c_nohash_0.wav,go
DataSet/go/8769c34c_nohash_1.wav,go
DataSet/go/8769c34c_nohash_2.wav,go
DataSet/go/8769c34c_nohash_3.wav,go
DataSet/go/8769c34c_nohash_4.wav,go
DataSet/go/87728a88_nohash_0.wav,go
DataSet/go/87728a88_nohash_1.wav,go
DataSet/go/8781f4c1_nohash_0.wav,go
DataSet/go/878befa7_nohash_0.wav,go
DataSet/go/878befa7_nohash_1.wav,go
DataSet/go/879a2b38_nohash_0.wav,go
DataSet/go/879a2b38_nohash_1.wav,go
DataSet/go/87c62767_nohash_0.wav,go
DataSet/go/87c62767_nohash_1.wav,go
DataSet/go/87d5e978_nohash_0.wav,go
DataSet/go/87d5e978_nohash_1.wav,go
DataSet/go/87d5e978_nohash_2.wav,go
DataSet/go/87d5e978_nohash_3.wav,go
DataSet/go/87eff300_nohash_0.wav,go
DataSet/go/88120683_nohash_0.wav,go
DataSet/go/881583a6_nohash_0.wav,go
DataSet/go/881583a6_nohash_1.wav,go
DataSet/go/884ae8e1_nohash_0.wav,go
DataSet/go/888a0c49_nohash_0.wav,go
DataSet/go/888a0c49_nohash_1.wav,go
DataSet/go/888a0c49_nohash_2.wav,go
DataSet/go/888a0c49_nohash_3.wav,go
DataSet/go/88b7c5fa_nohash_0.wav,go
DataSet/go/88d009d2_nohash_0.wav,go
DataSet/go/88d009d2_nohash_1.wav,go
DataSet/go/88e85150_nohash_0.wav,go
DataSet/go/890cc926_nohash_0.wav,go
DataSet/go/890cc926_nohash_1.wav,go
DataSet/go/890cc926_nohash_2.wav,go
DataSet/go/890cc926_nohash_3.wav,go
DataSet/go/890cc926_nohash_4.wav,go
DataSet/go/890e4ee2_nohash_0.wav,go
DataSet/go/8931f494_nohash_0.wav,go
DataSet/go/8931f494_nohash_1.wav,go
DataSet/go/893705bb_nohash_0.wav,go
DataSet/go/893705bb_nohash_1.wav,go
DataSet/go/893705bb_nohash_10.wav,go
DataSet/go/893705bb_nohash_2.wav,go
DataSet/go/893705bb_nohash_3.wav,go
DataSet/go/893705bb_nohash_4.wav,go
DataSet/go/893705bb_nohash_5.wav,go
DataSet/go/893705bb_nohash_6.wav,go
DataSet/go/893705bb_nohash_7.wav,go
DataSet/go/893705bb_nohash_8.wav,go
DataSet/go/893705bb_nohash_9.wav,go
DataSet/go/89947bd7_nohash_0.wav,go
DataSet/go/89947bd7_nohash_1.wav,go
DataSet/go/89947bd7_nohash_2.wav,go
DataSet/go/89947bd7_nohash_3.wav,go
DataSet/go/89d6d11e_nohash_0.wav,go
DataSet/go/89d6d11e_nohash_1.wav,go
DataSet/go/89e59d18_nohash_0.wav,go
DataSet/go/89e59d18_nohash_1.wav,go
DataSet/go/89f3ab7d_nohash_0.wav,go
DataSet/go/89f680f3_nohash_0.wav,go
DataSet/go/8a0457c9_nohash_0.wav,go
DataSet/go/8a194ee6_nohash_0.wav,go
DataSet/go/8a1c449e_nohash_0.wav,go
DataSet/go/8a28231e_nohash_0.wav,go
DataSet/go/8a2d34d7_nohash_0.wav,go
DataSet/go/8a744054_nohash_0.wav,go
DataSet/go/8a90cf67_nohash_0.wav,go
DataSet/go/8a90cf67_nohash_1.wav,go
DataSet/go/8a90cf67_nohash_2.wav,go
DataSet/go/8b25410a_nohash_0.wav,go
DataSet/go/8b25410a_nohash_1.wav,go
DataSet/go/8b25410a_nohash_2.wav,go
DataSet/go/8b25410a_nohash_3.wav,go
DataSet/go/8bf6acb9_nohash_0.wav,go
DataSet/go/8c3c4715_nohash_0.wav,go
DataSet/go/8c3c4715_nohash_1.wav,go
DataSet/go/8c7b691a_nohash_0.wav,go
DataSet/go/8c7c9168_nohash_0.wav,go
DataSet/go/8c888bbb_nohash_0.wav,go
DataSet/go/8ca3b1db_nohash_0.wav,go
DataSet/go/8ca3b1db_nohash_1.wav,go
DataSet/go/8d9cc260_nohash_0.wav,go
DataSet/go/8db999cf_nohash_0.wav,go
DataSet/go/8dc18a75_nohash_0.wav,go
DataSet/go/8dc18a75_nohash_1.wav,go
DataSet/go/8dc18a75_nohash_2.wav,go
DataSet/go/8dc18a75_nohash_3.wav,go
DataSet/go/8dc26a15_nohash_0.wav,go
DataSet/go/8dd24423_nohash_0.wav,go
DataSet/go/8dd24423_nohash_1.wav,go
DataSet/go/8e05039f_nohash_0.wav,go
DataSet/go/8e05039f_nohash_1.wav,go
DataSet/go/8e05039f_nohash_2.wav,go
DataSet/go/8e05039f_nohash_3.wav,go
DataSet/go/8e05039f_nohash_4.wav,go
DataSet/go/8e080ece_nohash_0.wav,go
DataSet/go/8e080ece_nohash_1.wav,go
DataSet/go/8e523821_nohash_0.wav,go
DataSet/go/8e523821_nohash_1.wav,go
DataSet/go/8e523821_nohash_2.wav,go
DataSet/go/8e523821_nohash_3.wav,go
DataSet/go/8e69dc2f_nohash_0.wav,go
DataSet/go/8ea6dec6_nohash_0.wav,go
DataSet/go/8ea6dec6_nohash_1.wav,go
DataSet/go/8eb4a1bf_nohash_0.wav,go
DataSet/go/8eb4a1bf_nohash_1.wav,go
DataSet/go/8eb4a1bf_nohash_2.wav,go
DataSet/go/8eb4a1bf_nohash_3.wav,go
DataSet/go/8f0d3c27_nohash_0.wav,go
DataSet/go/8f0d3c27_nohash_1.wav,go
DataSet/go/8f4c551f_nohash_0.wav,go
DataSet/go/8fce59ff_nohash_0.wav,go
DataSet/go/8fe67225_nohash_0.wav,go
DataSet/go/8fe67225_nohash_1.wav,go
DataSet/go/8fe67225_nohash_2.wav,go
DataSet/go/8fe67225_nohash_3.wav,go
DataSet/go/8fe67225_nohash_4.wav,go
DataSet/go/8ff44869_nohash_0.wav,go
DataSet/go/902258bb_nohash_0.wav,go
DataSet/go/90b0b91a_nohash_0.wav,go
DataSet/go/90b0b91a_nohash_1.wav,go
DataSet/go/90b0b91a_nohash_2.wav,go
DataSet/go/90e72357_nohash_0.wav,go
DataSet/go/90e72357_nohash_1.wav,go
DataSet/go/90e72357_nohash_2.wav,go
DataSet/go/90e72357_nohash_3.wav,go
DataSet/go/9151f184_nohash_0.wav,go
DataSet/go/9151f184_nohash_1.wav,go
DataSet/go/9151f184_nohash_2.wav,go
DataSet/go/9151f184_nohash_3.wav,go
DataSet/go/9151f184_nohash_4.wav,go
DataSet/go/91942e89_nohash_0.wav,go
DataSet/go/919d3c0e_nohash_0.wav,go
DataSet/go/919d3c0e_nohash_1.wav,go
DataSet/go/919d3c0e_nohash_2.wav,go
DataSet/go/91b03183_nohash_0.wav,go
DataSet/go/91b03183_nohash_1.wav,go
DataSet/go/91b03183_nohash_2.wav,go
DataSet/go/91b03183_nohash_3.wav,go
DataSet/go/91b03183_nohash_4.wav,go
DataSet/go/91bed2e0_nohash_0.wav,go
DataSet/go/91ffb786_nohash_0.wav,go
DataSet/go/91ffb786_nohash_1.wav,go
DataSet/go/91ffb786_nohash_2.wav,go
DataSet/go/91ffb786_nohash_3.wav,go
DataSet/go/91ffb786_nohash_4.wav,go
DataSet/go/9229bff9_nohash_0.wav,go
DataSet/go/92a9c5e6_nohash_0.wav,go
DataSet/go/92a9c5e6_nohash_1.wav,go
DataSet/go/92a9c5e6_nohash_2.wav,go
DataSet/go/92a9c5e6_nohash_3.wav,go
DataSet/go/92b2bf59_nohash_0.wav,go
DataSet/go/92b2bf59_nohash_1.wav,go
DataSet/go/92b2bf59_nohash_2.wav,go
DataSet/go/9331d34b_nohash_0.wav,go
DataSet/go/93ec8b84_nohash_0.wav,go
DataSet/go/93f30cc4_nohash_0.wav,go
DataSet/go/94403ad3_nohash_0.wav,go
DataSet/go/9448c397_nohash_0.wav,go
DataSet/go/9448c397_nohash_1.wav,go
DataSet/go/9448c397_nohash_2.wav,go
DataSet/go/9448c397_nohash_3.wav,go
DataSet/go/948867e7_nohash_0.wav,go
DataSet/go/94d370bf_nohash_0.wav,go
DataSet/go/94d370bf_nohash_1.wav,go
DataSet/go/94d370bf_nohash_2.wav,go
DataSet/go/94d370bf_nohash_3.wav,go
DataSet/go/94d370bf_nohash_4.wav,go
DataSet/go/94de6a6a_nohash_0.wav,go
DataSet/go/94de6a6a_nohash_1.wav,go
DataSet/go/94de6a6a_nohash_2.wav,go
DataSet/go/94de6a6a_nohash_3.wav,go
DataSet/go/94e6864f_nohash_0.wav,go
DataSet/go/94e6864f_nohash_1.wav,go
DataSet/go/95218ce8_nohash_0.wav,go
DataSet/go/95299b6c_nohash_0.wav,go
DataSet/go/953fe1ad_nohash_0.wav,go
DataSet/go/953fe1ad_nohash_1.wav,go
DataSet/go/953fe1ad_nohash_2.wav,go
DataSet/go/953fe1ad_nohash_3.wav,go
DataSet/go/953fe1ad_nohash_4.wav,go
DataSet/go/954f190f_nohash_0.wav,go
DataSet/go/954f190f_nohash_1.wav,go
DataSet/go/954f190f_nohash_2.wav,go
DataSet/go/9587481f_nohash_0.wav,go
DataSet/go/95ba4996_nohash_0.wav,go
DataSet/go/96105282_nohash_0.wav,go
DataSet/go/9637f43f_nohash_0.wav,go
DataSet/go/9637f43f_nohash_1.wav,go
DataSet/go/9637f43f_nohash_2.wav,go
DataSet/go/964e8cfd_nohash_0.wav,go
DataSet/go/964e8cfd_nohash_1.wav,go
DataSet/go/964e8cfd_nohash_2.wav,go
DataSet/go/964e8cfd_nohash_3.wav,go
DataSet/go/964e8cfd_nohash_4.wav,go
DataSet/go/96a48d28_nohash_0.wav,go
DataSet/go/96a48d28_nohash_1.wav,go
DataSet/go/96a48d28_nohash_2.wav,go
DataSet/go/96a48d28_nohash_3.wav,go
DataSet/go/96c67073_nohash_0.wav,go
DataSet/go/96c67073_nohash_1.wav,go
DataSet/go/96c67073_nohash_2.wav,go
DataSet/go/96cd0255_nohash_0.wav,go
DataSet/go/96d8bb6f_nohash_0.wav,go
DataSet/go/96d8bb6f_nohash_1.wav,go
DataSet/go/96d8bb6f_nohash_2.wav,go
DataSet/go/96d8bb6f_nohash_3.wav,go
DataSet/go/9712cce0_nohash_0.wav,go
DataSet/go/9735764a_nohash_0.wav,go
DataSet/go/977a3be4_nohash_0.wav,go
DataSet/go/978240e1_nohash_0.wav,go
DataSet/go/978240e1_nohash_1.wav,go
DataSet/go/978240e1_nohash_2.wav,go
DataSet/go/978240e1_nohash_3.wav,go
DataSet/go/978240e1_nohash_4.wav,go
DataSet/go/97ae8b25_nohash_0.wav,go
DataSet/go/97ae8b25_nohash_1.wav,go
DataSet/go/97cbf436_nohash_0.wav,go
DataSet/go/97cbf436_nohash_1.wav,go
DataSet/go/97cbf436_nohash_2.wav,go
DataSet/go/97e0c576_nohash_0.wav,go
DataSet/go/97f493b9_nohash_0.wav,go
DataSet/go/97f493b9_nohash_1.wav,go
DataSet/go/97f4c236_nohash_0.wav,go
DataSet/go/97f4c236_nohash_1.wav,go
DataSet/go/97f4c236_nohash_2.wav,go
DataSet/go/97f4c236_nohash_3.wav,go
DataSet/go/97f4c236_nohash_4.wav,go
DataSet/go/982babaf_nohash_0.wav,go
DataSet/go/9886d8bf_nohash_0.wav,go
DataSet/go/9886d8bf_nohash_1.wav,go
DataSet/go/9886d8bf_nohash_2.wav,go
DataSet/go/9886d8bf_nohash_3.wav,go
DataSet/go/9886d8bf_nohash_4.wav,go
DataSet/go/988e2f9a_nohash_0.wav,go
DataSet/go/988e2f9a_nohash_1.wav,go
DataSet/go/989a2213_nohash_0.wav,go
DataSet/go/989a2213_nohash_1.wav,go
DataSet/go/98ea0818_nohash_0.wav,go
DataSet/go/98ea0818_nohash_1.wav,go
DataSet/go/98ea0818_nohash_2.wav,go
DataSet/go/98ea0818_nohash_3.wav,go
DataSet/go/98ea0818_nohash_4.wav,go
DataSet/go/98ea0818_nohash_5.wav,go
DataSet/go/99081f4d_nohash_0.wav,go
DataSet/go/99081f4d_nohash_1.wav,go
DataSet/go/997867e7_nohash_0.wav,go
DataSet/go/997867e7_nohash_1.wav,go
DataSet/go/99a9b015_nohash_0.wav,go
DataSet/go/99fad6a0_nohash_0.wav,go
DataSet/go/9a2e5b3c_nohash_0.wav,go
DataSet/go/9a3f97f8_nohash_0.wav,go
DataSet/go/9a4d12fd_nohash_0.wav,go
DataSet/go/9a4d12fd_nohash_1.wav,go
DataSet/go/9a69672b_nohash_0.wav,go
DataSet/go/9a69672b_nohash_1.wav,go
DataSet/go/9a69672b_nohash_2.wav,go
DataSet/go/9a69672b_nohash_3.wav,go
DataSet/go/9a69672b_nohash_4.wav,go
DataSet/go/9a76f8c3_nohash_0.wav,go
DataSet/go/9a76f8c3_nohash_1.wav,go
DataSet/go/9a76f8c3_nohash_2.wav,go
DataSet/go/9a76f8c3_nohash_3.wav,go
DataSet/go/9a7c1f83_nohash_0.wav,go
DataSet/go/9a7c1f83_nohash_1.wav,go
DataSet/go/9aa21fa9_nohash_0.wav,go
DataSet/go/9aa21fa9_nohash_1.wav,go
DataSet/go/9aa21fa9_nohash_2.wav,go
DataSet/go/9aa21fa9_nohash_3.wav,go
DataSet/go/9aa21fa9_nohash_4.wav,go
DataSet/go/9acd0254_nohash_0.wav,go
DataSet/go/9acd0254_nohash_1.wav,go
DataSet/go/9b027ecf_nohash_0.wav,go
DataSet/go/9b027ecf_nohash_1.wav,go
DataSet/go/9b027ecf_nohash_2.wav,go
DataSet/go/9b027ecf_nohash_3.wav,go
DataSet/go/9b02d503_nohash_0.wav,go
DataSet/go/9b02d503_nohash_1.wav,go
DataSet/go/9b02d503_nohash_2.wav,go
DataSet/go/9b402bc2_nohash_0.wav,go
DataSet/go/9b6c08ba_nohash_0.wav,go
DataSet/go/9b8a7439_nohash_0.wav,go
DataSet/go/9b8a7439_nohash_1.wav,go
DataSet/go/9b8a7439_nohash_2.wav,go
DataSet/go/9b8a7439_nohash_3.wav,go
DataSet/go/9be15e93_nohash_0.wav,go
DataSet/go/9be15e93_nohash_1.wav,go
DataSet/go/9be15e93_nohash_2.wav,go
DataSet/go/9be15e93_nohash_3.wav,go
DataSet/go/9bea2ac7_nohash_0.wav,go
DataSet/go/9beccfc8_nohash_0.wav,go
DataSet/go/9beccfc8_nohash_1.wav,go
DataSet/go/9c06a3f3_nohash_0.wav,go
DataSet/go/9c24bc76_nohash_0.wav,go
DataSet/go/9d171fee_nohash_0.wav,go
DataSet/go/9d171fee_nohash_1.wav,go
DataSet/go/9d171fee_nohash_2.wav,go
DataSet/go/9d7036f9_nohash_0.wav,go
DataSet/go/9d8ac38b_nohash_0.wav,go
DataSet/go/9db2bfe9_nohash_0.wav,go
DataSet/go/9db2bfe9_nohash_1.wav,go
DataSet/go/9dcfba4b_nohash_0.wav,go
DataSet/go/9e075bf1_nohash_0.wav,go
DataSet/go/9e44aca3_nohash_0.wav,go
DataSet/go/9e46cfa1_nohash_0.wav,go
DataSet/go/9e6bb505_nohash_0.wav,go
DataSet/go/9e6bb505_nohash_1.wav,go
DataSet/go/9e92ef0c_nohash_0.wav,go
DataSet/go/9e92ef0c_nohash_1.wav,go
DataSet/go/9e92ef0c_nohash_2.wav,go
DataSet/go/9e92ef0c_nohash_3.wav,go
DataSet/go/9e92ef0c_nohash_4.wav,go
DataSet/go/9efe5140_nohash_0.wav,go
DataSet/go/9efe5140_nohash_1.wav,go
DataSet/go/9f4098cb_nohash_0.wav,go
DataSet/go/9f4098cb_nohash_1.wav,go
DataSet/go/9f63152b_nohash_0.wav,go
DataSet/go/9f63152b_nohash_1.wav,go
DataSet/go/9f63152b_nohash_2.wav,go
DataSet/go/9f869f70_nohash_0.wav,go
DataSet/go/9f92fb7c_nohash_0.wav,go
DataSet/go/9f92fb7c_nohash_1.wav,go
DataSet/go/9f93e408_nohash_0.wav,go
DataSet/go/9f93e408_nohash_1.wav,go
DataSet/go/9f93e408_nohash_2.wav,go
DataSet/go/9f93e408_nohash_3.wav,go
DataSet/go/9fa86a74_nohash_0.wav,go
DataSet/go/9fac5701_nohash_0.wav,go
DataSet/go/9fac5701_nohash_1.wav,go
DataSet/go/9fac5701_nohash_2.wav,go
DataSet/go/9ff1b8b6_nohash_0.wav,go
DataSet/go/9ff2d2f4_nohash_0.wav,go
DataSet/go/9ff2d2f4_nohash_1.wav,go
DataSet/go/9ff2d2f4_nohash_2.wav,go
DataSet/go/9ff2d2f4_nohash_3.wav,go
DataSet/go/9ff2d2f4_nohash_4.wav,go
DataSet/go/a045368c_nohash_0.wav,go
DataSet/go/a045368c_nohash_1.wav,go
DataSet/go/a045368c_nohash_2.wav,go
DataSet/go/a045368c_nohash_3.wav,go
DataSet/go/a04817c2_nohash_0.wav,go
DataSet/go/a04817c2_nohash_1.wav,go
DataSet/go/a04817c2_nohash_2.wav,go
DataSet/go/a04817c2_nohash_3.wav,go
DataSet/go/a04817c2_nohash_4.wav,go
DataSet/go/a05a90c1_nohash_0.wav,go
DataSet/go/a05a90c1_nohash_1.wav,go
DataSet/go/a05a90c1_nohash_2.wav,go
DataSet/go/a05a90c1_nohash_3.wav,go
DataSet/go/a0f93943_nohash_0.wav,go
DataSet/go/a0f93943_nohash_1.wav,go
DataSet/go/a0f93943_nohash_2.wav,go
DataSet/go/a108341b_nohash_0.wav,go
DataSet/go/a13e0a74_nohash_0.wav,go
DataSet/go/a13e0a74_nohash_1.wav,go
DataSet/go/a13e0a74_nohash_2.wav,go
DataSet/go/a1533da4_nohash_0.wav,go
DataSet/go/a16013b7_nohash_0.wav,go
DataSet/go/a16013b7_nohash_1.wav,go
DataSet/go/a16013b7_nohash_2.wav,go
DataSet/go/a16013b7_nohash_3.wav,go
DataSet/go/a16013b7_nohash_4.wav,go
DataSet/go/a1a59b72_nohash_0.wav,go
DataSet/go/a1c63f25_nohash_0.wav,go
DataSet/go/a1cf7fd8_nohash_0.wav,go
DataSet/go/a1cf7fd8_nohash_1.wav,go
DataSet/go/a1cff772_nohash_0.wav,go
DataSet/go/a1cff772_nohash_1.wav,go
DataSet/go/a1cff772_nohash_2.wav,go
DataSet/go/a1cff772_nohash_3.wav,go
DataSet/go/a1cff772_nohash_4.wav,go
DataSet/go/a1dd919f_nohash_0.wav,go
DataSet/go/a1e71565_nohash_0.wav,go
DataSet/go/a1e71565_nohash_1.wav,go
DataSet/go/a1e71565_nohash_2.wav,go
DataSet/go/a1e71565_nohash_3.wav,go
DataSet/go/a1e71565_nohash_4.wav,go
DataSet/go/a243fcc2_nohash_0.wav,go
DataSet/go/a24582a0_nohash_0.wav,go
DataSet/go/a2473d62_nohash_0.wav,go
DataSet/go/a24cf51c_nohash_0.wav,go
DataSet/go/a293e285_nohash_0.wav,go
DataSet/go/a293e285_nohash_1.wav,go
DataSet/go/a2b16113_nohash_0.wav,go
DataSet/go/a2cc5444_nohash_0.wav,go
DataSet/go/a2cc5444_nohash_1.wav,go
DataSet/go/a2cc5444_nohash_2.wav,go
DataSet/go/a2cc5444_nohash_3.wav,go
DataSet/go/a2fefcb4_nohash_0.wav,go
DataSet/go/a331d9cb_nohash_0.wav,go
DataSet/go/a3502f15_nohash_0.wav,go
DataSet/go/a3502f15_nohash_1.wav,go
DataSet/go/a3502f15_nohash_2.wav,go
DataSet/go/a3502f15_nohash_3.wav,go
DataSet/go/a3fc7884_nohash_0.wav,go
DataSet/go/a3fc7884_nohash_1.wav,go
DataSet/go/a434d52e_nohash_0.wav,go
DataSet/go/a4383927_nohash_0.wav,go
DataSet/go/a4b21cbc_nohash_0.wav,go
DataSet/go/a4ca3afe_nohash_0.wav,go
DataSet/go/a4effc43_nohash_0.wav,go
DataSet/go/a50a98d2_nohash_0.wav,go
DataSet/go/a518d1cf_nohash_0.wav,go
DataSet/go/a518d1cf_nohash_1.wav,go
DataSet/go/a527cb3c_nohash_0.wav,go
DataSet/go/a55105d0_nohash_0.wav,go
DataSet/go/a55105d0_nohash_1.wav,go
DataSet/go/a55105d0_nohash_2.wav,go
DataSet/go/a55105d0_nohash_3.wav,go
DataSet/go/a56859ea_nohash_0.wav,go
DataSet/go/a591c2ea_nohash_0.wav,go
DataSet/go/a5d1becc_nohash_0.wav,go
DataSet/go/a5d1becc_nohash_1.wav,go
DataSet/go/a5d1becc_nohash_2.wav,go
DataSet/go/a5d1becc_nohash_3.wav,go
DataSet/go/a5d1becc_nohash_4.wav,go
DataSet/go/a5d485dc_nohash_0.wav,go
DataSet/go/a5d485dc_nohash_1.wav,go
DataSet/go/a60a09cf_nohash_0.wav,go
DataSet/go/a69b9b3e_nohash_0.wav,go
DataSet/go/a6d586b7_nohash_0.wav,go
DataSet/go/a6d586b7_nohash_1.wav,go
DataSet/go/a6d586b7_nohash_2.wav,go
DataSet/go/a6d586b7_nohash_3.wav,go
DataSet/go/a6f2fd71_nohash_0.wav,go
DataSet/go/a6f2fd71_nohash_1.wav,go
DataSet/go/a709ddd3_nohash_0.wav,go
DataSet/go/a709ddd3_nohash_1.wav,go
DataSet/go/a7200079_nohash_0.wav,go
DataSet/go/a7200079_nohash_1.wav,go
DataSet/go/a7200079_nohash_2.wav,go
DataSet/go/a7200079_nohash_3.wav,go
DataSet/go/a7216980_nohash_0.wav,go
DataSet/go/a7216980_nohash_1.wav,go
DataSet/go/a7216980_nohash_2.wav,go
DataSet/go/a7216980_nohash_3.wav,go
DataSet/go/a74f3917_nohash_0.wav,go
DataSet/go/a74f3917_nohash_1.wav,go
DataSet/go/a7545b9f_nohash_0.wav,go
DataSet/go/a759efbc_nohash_0.wav,go
DataSet/go/a759efbc_nohash_1.wav,go
DataSet/go/a77fbcfd_nohash_0.wav,go
DataSet/go/a77fbcfd_nohash_1.wav,go
DataSet/go/a77fbcfd_nohash_2.wav,go
DataSet/go/a77fbcfd_nohash_3.wav,go
DataSet/go/a77fbcfd_nohash_4.wav,go
DataSet/go/a7acbbeb_nohash_0.wav,go
DataSet/go/a7acbbeb_nohash_1.wav,go
DataSet/go/a7acbbeb_nohash_2.wav,go
DataSet/go/a7acbbeb_nohash_3.wav,go
DataSet/go/a7acbbeb_nohash_4.wav,go
DataSet/go/a7dd45cf_nohash_0.wav,go
DataSet/go/a80f9f53_nohash_0.wav,go
DataSet/go/a84dee7b_nohash_0.wav,go
DataSet/go/a879a2c3_nohash_0.wav,go
DataSet/go/a879a2c3_nohash_1.wav,go
DataSet/go/a879a2c3_nohash_2.wav,go
DataSet/go/a8cb6dda_nohash_0.wav,go
DataSet/go/a8cf01bc_nohash_0.wav,go
DataSet/go/a8e25ebb_nohash_0.wav,go
DataSet/go/a8ee11c7_nohash_0.wav,go
DataSet/go/a8ee11c7_nohash_1.wav,go
DataSet/go/a902ce9b_nohash_0.wav,go
DataSet/go/a929f9b9_nohash_0.wav,go
DataSet/go/a929f9b9_nohash_1.wav,go
DataSet/go/a929f9b9_nohash_2.wav,go
DataSet/go/a929f9b9_nohash_3.wav,go
DataSet/go/a929f9b9_nohash_4.wav,go
DataSet/go/a957fef5_nohash_0.wav,go
DataSet/go/a95dbfd4_nohash_0.wav,go
DataSet/go/a95dbfd4_nohash_1.wav,go
DataSet/go/a97c6445_nohash_0.wav,go
DataSet/go/a97c6445_nohash_1.wav,go
DataSet/go/a996cf66_nohash_0.wav,go
DataSet/go/a9abc695_nohash_0.wav,go
DataSet/go/a9abc695_nohash_1.wav,go
DataSet/go/a9b574b3_nohash_0.wav,go
DataSet/go/a9ca1818_nohash_0.wav,go
DataSet/go/a9ca1818_nohash_1.wav,go
DataSet/go/a9ca1818_nohash_2.wav,go
DataSet/go/a9ca1818_nohash_3.wav,go
DataSet/go/a9f38bae_nohash_0.wav,go
DataSet/go/a9f54d8d_nohash_0.wav,go
DataSet/go/aa80f517_nohash_0.wav,go
DataSet/go/aa80f517_nohash_1.wav,go
DataSet/go/aa80f517_nohash_2.wav,go
DataSet/go/aa80f517_nohash_3.wav,go
DataSet/go/ab353673_nohash_0.wav,go
DataSet/go/ab46af55_nohash_0.wav,go
DataSet/go/ab46af55_nohash_1.wav,go
DataSet/go/ab46af55_nohash_2.wav,go
DataSet/go/ab46af55_nohash_3.wav,go
DataSet/go/ab46af55_nohash_4.wav,go
DataSet/go/ab46af55_nohash_5.wav,go
DataSet/go/ab46af55_nohash_6.wav,go
DataSet/go/ab46af55_nohash_7.wav,go
DataSet/go/ab5b211a_nohash_0.wav,go
DataSet/go/ab76ac76_nohash_0.wav,go
DataSet/go/ab7b5acd_nohash_0.wav,go
DataSet/go/ab81c9c8_nohash_0.wav,go
DataSet/go/ab9b93e4_nohash_0.wav,go
DataSet/go/ab9b93e4_nohash_1.wav,go
DataSet/go/ab9b93e4_nohash_2.wav,go
DataSet/go/ab9b93e4_nohash_3.wav,go
DataSet/go/aba19127_nohash_0.wav,go
DataSet/go/aba19127_nohash_1.wav,go
DataSet/go/abbfc3b4_nohash_0.wav,go
DataSet/go/ac4b3fc3_nohash_0.wav,go
DataSet/go/ac4b3fc3_nohash_1.wav,go
DataSet/go/ac652c60_nohash_0.wav,go
DataSet/go/ac7840d8_nohash_0.wav,go
DataSet/go/ac7840d8_nohash_1.wav,go
DataSet/go/ac899eb7_nohash_0.wav,go
DataSet/go/ac899eb7_nohash_1.wav,go
DataSet/go/ac899eb7_nohash_2.wav,go
DataSet/go/ac9dee0e_nohash_0.wav,go
DataSet/go/ac9dee0e_nohash_1.wav,go
DataSet/go/ac9dee0e_nohash_2.wav,go
DataSet/go/ac9dee0e_nohash_3.wav,go
DataSet/go/acde7e73_nohash_0.wav,go
DataSet/go/acde7e73_nohash_1.wav,go
DataSet/go/ace072ba_nohash_0.wav,go
DataSet/go/ace072ba_nohash_1.wav,go
DataSet/go/ace072ba_nohash_2.wav,go
DataSet/go/ace072ba_nohash_3.wav,go
DataSet/go/ace072ba_nohash_4.wav,go
DataSet/go/acfd5b5e_nohash_0.wav,go
DataSet/go/acfd5b5e_nohash_1.wav,go
DataSet/go/acfd5b5e_nohash_2.wav,go
DataSet/go/acfd5b5e_nohash_3.wav,go
DataSet/go/acfd5b5e_nohash_4.wav,go
DataSet/go/ad1429cf_nohash_0.wav,go
DataSet/go/ad1429cf_nohash_1.wav,go
DataSet/go/ad1429cf_nohash_2.wav,go
DataSet/go/ad5aeec2_nohash_0.wav,go
DataSet/go/ad63d93c_nohash_0.wav,go
DataSet/go/ad63d93c_nohash_1.wav,go
DataSet/go/ad63d93c_nohash_2.wav,go
DataSet/go/ad63d93c_nohash_3.wav,go
DataSet/go/ad63d93c_nohash_4.wav,go
DataSet/go/adebe223_nohash_0.wav,go
DataSet/go/adec6a94_nohash_0.wav,go
DataSet/go/ae04cdbe_nohash_0.wav,go
DataSet/go/ae04cdbe_nohash_1.wav,go
DataSet/go/ae5578f4_nohash_0.wav,go
DataSet/go/ae927455_nohash_0.wav,go
DataSet/go/ae927455_nohash_1.wav,go
DataSet/go/ae927455_nohash_2.wav,go
DataSet/go/ae927455_nohash_3.wav,go
DataSet/go/aef8dcf5_nohash_0.wav,go
DataSet/go/af130f12_nohash_0.wav,go
DataSet/go/af405b69_nohash_0.wav,go
DataSet/go/af6fbbf5_nohash_0.wav,go
DataSet/go/af6fbbf5_nohash_1.wav,go
DataSet/go/af6fbbf5_nohash_2.wav,go
DataSet/go/af6fbbf5_nohash_3.wav,go
DataSet/go/af790082_nohash_0.wav,go
DataSet/go/af790082_nohash_1.wav,go
DataSet/go/af790082_nohash_2.wav,go
DataSet/go/af790082_nohash_3.wav,go
DataSet/go/af790082_nohash_4.wav,go
DataSet/go/af7a8296_nohash_0.wav,go
DataSet/go/af8b2f2c_nohash_0.wav,go
DataSet/go/af8b2f2c_nohash_1.wav,go
DataSet/go/afabfa0e_nohash_0.wav,go
DataSet/go/afd53389_nohash_0.wav,go
DataSet/go/afd53389_nohash_1.wav,go
DataSet/go/afd53389_nohash_2.wav,go
DataSet/go/aff582a1_nohash_0.wav,go
DataSet/go/aff582a1_nohash_1.wav,go
DataSet/go/aff582a1_nohash_2.wav,go
DataSet/go/aff582a1_nohash_3.wav,go
DataSet/go/b06c19b0_nohash_0.wav,go
DataSet/go/b087aa0e_nohash_0.wav,go
DataSet/go/b087aa0e_nohash_1.wav,go
DataSet/go/b087aa0e_nohash_2.wav,go
DataSet/go/b0ae6326_nohash_0.wav,go
DataSet/go/b0ae6326_nohash_1.wav,go
DataSet/go/b0ae6326_nohash_2.wav,go
DataSet/go/b0ae6326_nohash_3.wav,go
DataSet/go/b0ae6326_nohash_4.wav,go
DataSet/go/b0bad4a9_nohash_0.wav,go
DataSet/go/b0d061c5_nohash_0.wav,go
DataSet/go/b0f24c9b_nohash_0.wav,go
DataSet/go/b0f24c9b_nohash_1.wav,go
DataSet/go/b0f5b16d_nohash_0.wav,go
DataSet/go/b0f5b16d_nohash_1.wav,go
DataSet/go/b0f5b16d_nohash_2.wav,go
DataSet/go/b10b0654_nohash_0.wav,go
DataSet/go/b1114e4f_nohash_0.wav,go
DataSet/go/b1114e4f_nohash_1.wav,go
DataSet/go/b12bef84_nohash_0.wav,go
DataSet/go/b12bef84_nohash_1.wav,go
DataSet/go/b1426003_nohash_0.wav,go
DataSet/go/b15fc37d_nohash_0.wav,go
DataSet/go/b19f7f5f_nohash_0.wav,go
DataSet/go/b1df80c0_nohash_0.wav,go
DataSet/go/b1edd209_nohash_0.wav,go
DataSet/go/b1f8326d_nohash_0.wav,go
DataSet/go/b1f8326d_nohash_1.wav,go
DataSet/go/b1f8326d_nohash_2.wav,go
DataSet/go/b25b6065_nohash_0.wav,go
DataSet/go/b25b6065_nohash_1.wav,go
DataSet/go/b29f8b23_nohash_0.wav,go
DataSet/go/b29f8b23_nohash_1.wav,go
DataSet/go/b29f8b23_nohash_2.wav,go
DataSet/go/b29f8b23_nohash_3.wav,go
DataSet/go/b29f8b23_nohash_4.wav,go
DataSet/go/b2ae3928_nohash_0.wav,go
DataSet/go/b2ae3928_nohash_1.wav,go
DataSet/go/b2ae3928_nohash_2.wav,go
DataSet/go/b2ae3928_nohash_3.wav,go
DataSet/go/b2ae3928_nohash_4.wav,go
DataSet/go/b2fbe484_nohash_0.wav,go
DataSet/go/b308773d_nohash_0.wav,go
DataSet/go/b308773d_nohash_1.wav,go
DataSet/go/b308773d_nohash_2.wav,go
DataSet/go/b308773d_nohash_3.wav,go
DataSet/go/b308773d_nohash_4.wav,go
DataSet/go/b36c27c2_nohash_0.wav,go
DataSet/go/b3bb4dd6_nohash_0.wav,go
DataSet/go/b3bdded5_nohash_0.wav,go
DataSet/go/b3bdded5_nohash_1.wav,go
DataSet/go/b414c653_nohash_0.wav,go
DataSet/go/b414c653_nohash_1.wav,go
DataSet/go/b414c653_nohash_2.wav,go
DataSet/go/b414c653_nohash_3.wav,go
DataSet/go/b414c653_nohash_4.wav,go
DataSet/go/b41a92a3_nohash_0.wav,go
DataSet/go/b41a92a3_nohash_1.wav,go
DataSet/go/b433332a_nohash_0.wav,go
DataSet/go/b433332a_nohash_1.wav,go
DataSet/go/b43c8f2f_nohash_0.wav,go
DataSet/go/b43de700_nohash_0.wav,go
DataSet/go/b43de700_nohash_1.wav,go
DataSet/go/b43de700_nohash_2.wav,go
DataSet/go/b44007bc_nohash_0.wav,go
DataSet/go/b4604db4_nohash_0.wav,go
DataSet/go/b4604db4_nohash_1.wav,go
DataSet/go/b46e8153_nohash_0.wav,go
DataSet/go/b487da60_nohash_0.wav,go
DataSet/go/b487da60_nohash_1.wav,go
DataSet/go/b49caed3_nohash_0.wav,go
DataSet/go/b49caed3_nohash_1.wav,go
DataSet/go/b49caed3_nohash_2.wav,go
DataSet/go/b49caed3_nohash_3.wav,go
DataSet/go/b49caed3_nohash_4.wav,go
DataSet/go/b4aa9fef_nohash_0.wav,go
DataSet/go/b4aa9fef_nohash_1.wav,go
DataSet/go/b4aa9fef_nohash_2.wav,go
DataSet/go/b4aa9fef_nohash_3.wav,go
DataSet/go/b4ea0d9a_nohash_0.wav,go
DataSet/go/b4ea0d9a_nohash_1.wav,go
DataSet/go/b4ea0d9a_nohash_2.wav,go
DataSet/go/b4ea0d9a_nohash_3.wav,go
DataSet/go/b4ea0d9a_nohash_4.wav,go
DataSet/go/b4ea0d9a_nohash_5.wav,go
DataSet/go/b4ea0d9a_nohash_6.wav,go
DataSet/go/b528edb3_nohash_0.wav,go
DataSet/go/b528edb3_nohash_1.wav,go
DataSet/go/b528edb3_nohash_2.wav,go
DataSet/go/b528edb3_nohash_3.wav,go
DataSet/go/b528edb3_nohash_4.wav,go
DataSet/go/b52bd596_nohash_0.wav,go
DataSet/go/b544d4fd_nohash_0.wav,go
DataSet/go/b544d4fd_nohash_1.wav,go
DataSet/go/b5552931_nohash_0.wav,go
DataSet/go/b5552931_nohash_1.wav,go
DataSet/go/b5552931_nohash_2.wav,go
DataSet/go/b5552931_nohash_3.wav,go
DataSet/go/b5552931_nohash_4.wav,go
DataSet/go/b55a09be_nohash_0.wav,go
DataSet/go/b575b5fb_nohash_0.wav,go
DataSet/go/b59fa113_nohash_0.wav,go
DataSet/go/b59fe16d_nohash_0.wav,go
DataSet/go/b5aacf2c_nohash_0.wav,go
DataSet/go/b5cf6ea8_nohash_0.wav,go
DataSet/go/b5cf6ea8_nohash_1.wav,go
DataSet/go/b5cf6ea8_nohash_2.wav,go
DataSet/go/b5cf6ea8_nohash_3.wav,go
DataSet/go/b5cf6ea8_nohash_4.wav,go
DataSet/go/b5cf6ea8_nohash_5.wav,go
DataSet/go/b5eb4f9b_nohash_0.wav,go
DataSet/go/b6026214_nohash_0.wav,go
DataSet/go/b6091c84_nohash_0.wav,go
DataSet/go/b63fea9e_nohash_0.wav,go
DataSet/go/b6573c88_nohash_0.wav,go
DataSet/go/b65f6015_nohash_0.wav,go
DataSet/go/b66f4f93_nohash_0.wav,go
DataSet/go/b66f4f93_nohash_1.wav,go
DataSet/go/b66f4f93_nohash_2.wav,go
DataSet/go/b66f4f93_nohash_3.wav,go
DataSet/go/b66f4f93_nohash_4.wav,go
DataSet/go/b66f4f93_nohash_5.wav,go
DataSet/go/b66f4f93_nohash_6.wav,go
DataSet/go/b66f4f93_nohash_7.wav,go
DataSet/go/b66f4f93_nohash_8.wav,go
DataSet/go/b69002d4_nohash_0.wav,go
DataSet/go/b69002d4_nohash_1.wav,go
DataSet/go/b69002d4_nohash_2.wav,go
DataSet/go/b69002d4_nohash_3.wav,go
DataSet/go/b69002d4_nohash_4.wav,go
DataSet/go/b69fe0e2_nohash_0.wav,go
DataSet/go/b69fe0e2_nohash_1.wav,go
DataSet/go/b69fe0e2_nohash_2.wav,go
DataSet/go/b6d11c9b_nohash_0.wav,go
DataSet/go/b6e6aa2e_nohash_0.wav,go
DataSet/go/b6e6aa2e_nohash_1.wav,go
DataSet/go/b7016c27_nohash_0.wav,go
DataSet/go/b737ee80_nohash_0.wav,go
DataSet/go/b737ee80_nohash_1.wav,go
DataSet/go/b737ee80_nohash_2.wav,go
DataSet/go/b76f6088_nohash_0.wav,go
DataSet/go/b76f6088_nohash_1.wav,go
DataSet/go/b76f6088_nohash_2.wav,go
DataSet/go/b76f6088_nohash_3.wav,go
DataSet/go/b7a0754f_nohash_0.wav,go
DataSet/go/b7a0754f_nohash_1.wav,go
DataSet/go/b7a6f709_nohash_0.wav,go
DataSet/go/b7e9f841_nohash_0.wav,go
DataSet/go/b7e9f841_nohash_1.wav,go
DataSet/go/b83c1acf_nohash_0.wav,go
DataSet/go/b83c1acf_nohash_1.wav,go
DataSet/go/b83c1acf_nohash_2.wav,go
DataSet/go/b83c1acf_nohash_3.wav,go
DataSet/go/b83c1acf_nohash_4.wav,go
DataSet/go/b843de62_nohash_0.wav,go
DataSet/go/b84f83d2_nohash_0.wav,go
DataSet/go/b87bdb22_nohash_0.wav,go
DataSet/go/b87bdb22_nohash_1.wav,go
DataSet/go/b87bdb22_nohash_2.wav,go
DataSet/go/b87bdb22_nohash_3.wav,go
DataSet/go/b87bdb22_nohash_4.wav,go
DataSet/go/b8872c20_nohash_0.wav,go
DataSet/go/b8872c20_nohash_1.wav,go
DataSet/go/b8874962_nohash_0.wav,go
DataSet/go/b8874962_nohash_1.wav,go
DataSet/go/b8874962_nohash_2.wav,go
DataSet/go/b8874962_nohash_3.wav,go
DataSet/go/b8b8cb52_nohash_0.wav,go
DataSet/go/b91b718c_nohash_0.wav,go
DataSet/go/b93528e3_nohash_0.wav,go
DataSet/go/b9515bf3_nohash_0.wav,go
DataSet/go/b9515bf3_nohash_1.wav,go
DataSet/go/b9515bf3_nohash_2.wav,go
DataSet/go/b9515bf3_nohash_3.wav,go
DataSet/go/b959cd0c_nohash_0.wav,go
DataSet/go/b959cd0c_nohash_1.wav,go
DataSet/go/b97c9f77_nohash_0.wav,go
DataSet/go/b97c9f77_nohash_1.wav,go
DataSet/go/b97c9f77_nohash_2.wav,go
DataSet/go/b97c9f77_nohash_3.wav,go
DataSet/go/b9f46737_nohash_0.wav,go
DataSet/go/b9f46737_nohash_1.wav,go
DataSet/go/b9f46737_nohash_2.wav,go
DataSet/go/b9f46737_nohash_3.wav,go
DataSet/go/ba676390_nohash_0.wav,go
DataSet/go/bab36420_nohash_0.wav,go
DataSet/go/bab36420_nohash_1.wav,go
DataSet/go/bab36420_nohash_2.wav,go
DataSet/go/bab36420_nohash_3.wav,go
DataSet/go/bab36420_nohash_4.wav,go
DataSet/go/baeac2ba_nohash_0.wav,go
DataSet/go/baeac2ba_nohash_1.wav,go
DataSet/go/baeac2ba_nohash_2.wav,go
DataSet/go/baf01c1f_nohash_0.wav,go
DataSet/go/bb05582b_nohash_0.wav,go
DataSet/go/bb05582b_nohash_1.wav,go
DataSet/go/bb05582b_nohash_2.wav,go
DataSet/go/bb05582b_nohash_3.wav,go
DataSet/go/bb05582b_nohash_4.wav,go
DataSet/go/bb6d4301_nohash_0.wav,go
DataSet/go/bb6d4301_nohash_1.wav,go
DataSet/go/bb6d4301_nohash_2.wav,go
DataSet/go/bb6d4301_nohash_3.wav,go
DataSet/go/bb6d4301_nohash_4.wav,go
DataSet/go/bbaa7946_nohash_0.wav,go
DataSet/go/bbbf4fbd_nohash_0.wav,go
DataSet/go/bbc30633_nohash_0.wav,go
DataSet/go/bbc30633_nohash_1.wav,go
DataSet/go/bbc30633_nohash_2.wav,go
DataSet/go/bbc30633_nohash_3.wav,go
DataSet/go/bbc30633_nohash_4.wav,go
DataSet/go/bbd0bbd0_nohash_0.wav,go
DataSet/go/bbd0bbd0_nohash_1.wav,go
DataSet/go/bbd0bbd0_nohash_2.wav,go
DataSet/go/bbd0bbd0_nohash_3.wav,go
DataSet/go/bbd0bbd0_nohash_4.wav,go
DataSet/go/bbf38549_nohash_0.wav,go
DataSet/go/bbf38549_nohash_1.wav,go
DataSet/go/bbf38549_nohash_2.wav,go
DataSet/go/bbf38549_nohash_3.wav,go
DataSet/go/bbf38549_nohash_4.wav,go
DataSet/go/bc065a17_nohash_0.wav,go
DataSet/go/bc065a17_nohash_1.wav,go
DataSet/go/bcf614a2_nohash_0.wav,go
DataSet/go/bcf614a2_nohash_1.wav,go
DataSet/go/bcf614a2_nohash_2.wav,go
DataSet/go/bcf614a2_nohash_3.wav,go
DataSet/go/bd11a2e7_nohash_0.wav,go
DataSet/go/bd11c654_nohash_0.wav,go
DataSet/go/bd11c654_nohash_1.wav,go
DataSet/go/bd2db1a5_nohash_0.wav,go
DataSet/go/bd76a7fd_nohash_0.wav,go
DataSet/go/bd76a7fd_nohash_1.wav,go
DataSet/go/bd76a7fd_nohash_2.wav,go
DataSet/go/bd76a7fd_nohash_3.wav,go
DataSet/go/bd8412df_nohash_0.wav,go
DataSet/go/bd8412df_nohash_1.wav,go
DataSet/go/bda605da_nohash_0.wav,go
DataSet/go/bdb90d38_nohash_0.wav,go
DataSet/go/bdb90d38_nohash_1.wav,go
DataSet/go/bdd22e4d_nohash_0.wav,go
DataSet/go/bdd22e4d_nohash_1.wav,go
DataSet/go/bdd22e4d_nohash_2.wav,go
DataSet/go/bdd22e4d_nohash_3.wav,go
DataSet/go/bdd22e4d_nohash_4.wav,go
DataSet/go/bde0f20a_nohash_0.wav,go
DataSet/go/bde0f20a_nohash_1.wav,go
DataSet/go/bde0f20a_nohash_2.wav,go
DataSet/go/bde0f20a_nohash_3.wav,go
DataSet/go/bdee441c_nohash_0.wav,go
DataSet/go/bdee441c_nohash_1.wav,go
DataSet/go/bdee441c_nohash_2.wav,go
DataSet/go/bdee441c_nohash_3.wav,go
DataSet/go/bdee441c_nohash_4.wav,go
DataSet/go/be7a5b2d_nohash_0.wav,go
DataSet/go/be7a5b2d_nohash_1.wav,go
DataSet/go/be7a5b2d_nohash_2.wav,go
DataSet/go/be7a5b2d_nohash_3.wav,go
DataSet/go/be7a5b2d_nohash_4.wav,go
DataSet/go/be7fa0a3_nohash_0.wav,go
DataSet/go/be91a00a_nohash_0.wav,go
DataSet/go/be91a00a_nohash_1.wav,go
DataSet/go/beb458a4_nohash_0.wav,go
DataSet/go/beb458a4_nohash_1.wav,go
DataSet/go/beb458a4_nohash_2.wav,go
DataSet/go/beb458a4_nohash_3.wav,go
DataSet/go/beb458a4_nohash_4.wav,go
DataSet/go/becd5a53_nohash_0.wav,go
DataSet/go/bf8b8d9e_nohash_0.wav,go
DataSet/go/bf8d5617_nohash_0.wav,go
DataSet/go/bf90a57a_nohash_0.wav,go
DataSet/go/bf90a57a_nohash_1.wav,go
DataSet/go/bfa63751_nohash_0.wav,go
DataSet/go/bfaf2000_nohash_0.wav,go
DataSet/go/bfb10243_nohash_0.wav,go
DataSet/go/bfbd0e6b_nohash_0.wav,go
DataSet/go/bfd26d6b_nohash_0.wav,go
DataSet/go/bfd26d6b_nohash_1.wav,go
DataSet/go/bfd26d6b_nohash_2.wav,go
DataSet/go/bfd26d6b_nohash_3.wav,go
DataSet/go/bfd26d6b_nohash_4.wav,go
DataSet/go/c013fe4d_nohash_0.wav,go
DataSet/go/c0445658_nohash_0.wav,go
DataSet/go/c0445658_nohash_1.wav,go
DataSet/go/c0445658_nohash_2.wav,go
DataSet/go/c0445658_nohash_3.wav,go
DataSet/go/c08585c1_nohash_0.wav,go
DataSet/go/c08585c1_nohash_1.wav,go
DataSet/go/c08e5058_nohash_0.wav,go
DataSet/go/c0c0d87d_nohash_0.wav,go
DataSet/go/c0c0d87d_nohash_1.wav,go
DataSet/go/c0c701f1_nohash_0.wav,go
DataSet/go/c0c701f1_nohash_1.wav,go
DataSet/go/c0cb43d6_nohash_0.wav,go
DataSet/go/c0e0f834_nohash_0.wav,go
DataSet/go/c0f8f4df_nohash_0.wav,go
DataSet/go/c103a2d5_nohash_0.wav,go
DataSet/go/c120e80e_nohash_0.wav,go
DataSet/go/c120e80e_nohash_1.wav,go
DataSet/go/c120e80e_nohash_2.wav,go
DataSet/go/c120e80e_nohash_3.wav,go
DataSet/go/c120e80e_nohash_4.wav,go
DataSet/go/c120e80e_nohash_5.wav,go
DataSet/go/c120e80e_nohash_6.wav,go
DataSet/go/c120e80e_nohash_7.wav,go
DataSet/go/c18d8d00_nohash_0.wav,go
DataSet/go/c18d8d00_nohash_1.wav,go
DataSet/go/c1b7c224_nohash_0.wav,go
DataSet/go/c1d39ce8_nohash_0.wav,go
DataSet/go/c1d39ce8_nohash_1.wav,go
DataSet/go/c1d39ce8_nohash_2.wav,go
DataSet/go/c1d39ce8_nohash_3.wav,go
DataSet/go/c1d39ce8_nohash_4.wav,go
DataSet/go/c1d39ce8_nohash_5.wav,go
DataSet/go/c1d39ce8_nohash_6.wav,go
DataSet/go/c1d39ce8_nohash_7.wav,go
DataSet/go/c1d39ce8_nohash_8.wav,go
DataSet/go/c1d39ce8_nohash_9.wav,go
DataSet/go/c1e0e8e3_nohash_0.wav,go
DataSet/go/c1e0e8e3_nohash_1.wav,go
DataSet/go/c1e0e8e3_nohash_2.wav,go
DataSet/go/c1e0e8e3_nohash_3.wav,go
DataSet/go/c1e0e8e3_nohash_4.wav,go
DataSet/go/c1eebc0b_nohash_0.wav,go
DataSet/go/c1eebc0b_nohash_1.wav,go
DataSet/go/c205e625_nohash_0.wav,go
DataSet/go/c205e625_nohash_1.wav,go
DataSet/go/c22d3f18_nohash_0.wav,go
DataSet/go/c22d3f18_nohash_1.wav,go
DataSet/go/c22d3f18_nohash_2.wav,go
DataSet/go/c22d3f18_nohash_3.wav,go
DataSet/go/c22d3f18_nohash_4.wav,go
DataSet/go/c22ebf46_nohash_0.wav,go
DataSet/go/c22ebf46_nohash_1.wav,go
DataSet/go/c22ebf46_nohash_2.wav,go
DataSet/go/c22ebf46_nohash_3.wav,go
DataSet/go/c22ebf46_nohash_4.wav,go
DataSet/go/c245d3d7_nohash_0.wav,go
DataSet/go/c245d3d7_nohash_1.wav,go
DataSet/go/c245d3d7_nohash_2.wav,go
DataSet/go/c245d3d7_nohash_3.wav,go
DataSet/go/c245d3d7_nohash_4.wav,go
DataSet/go/c24d96eb_nohash_0.wav,go
DataSet/go/c256377f_nohash_0.wav,go
DataSet/go/c25a032b_nohash_0.wav,go
DataSet/go/c25a032b_nohash_1.wav,go
DataSet/go/c25a032b_nohash_2.wav,go
DataSet/go/c2657ba5_nohash_0.wav,go
DataSet/go/c2aeb59d_nohash_0.wav,go
DataSet/go/c2bc4489_nohash_0.wav,go
DataSet/go/c2bc4489_nohash_1.wav,go
DataSet/go/c2d15ea5_nohash_0.wav,go
DataSet/go/c2d15ea5_nohash_1.wav,go
DataSet/go/c2d15ea5_nohash_2.wav,go
DataSet/go/c2dccf38_nohash_0.wav,go
DataSet/go/c2dccf38_nohash_1.wav,go
DataSet/go/c2dccf38_nohash_2.wav,go
DataSet/go/c2dccf38_nohash_3.wav,go
DataSet/go/c2e08f08_nohash_0.wav,go
DataSet/go/c33682f0_nohash_0.wav,go
DataSet/go/c351e611_nohash_0.wav,go
DataSet/go/c351e611_nohash_1.wav,go
DataSet/go/c351e611_nohash_2.wav,go
DataSet/go/c351e611_nohash_3.wav,go
DataSet/go/c351e611_nohash_4.wav,go
DataSet/go/c38720cb_nohash_0.wav,go
DataSet/go/c38720cb_nohash_1.wav,go
DataSet/go/c38720cb_nohash_2.wav,go
DataSet/go/c39703ec_nohash_0.wav,go
DataSet/go/c39703ec_nohash_1.wav,go
DataSet/go/c39703ec_nohash_2.wav,go
DataSet/go/c39703ec_nohash_3.wav,go
DataSet/go/c4500713_nohash_0.wav,go
DataSet/go/c4500713_nohash_1.wav,go
DataSet/go/c4533c47_nohash_0.wav,go
DataSet/go/c4533c47_nohash_1.wav,go
DataSet/go/c4cfbe43_nohash_0.wav,go
DataSet/go/c4cfbe43_nohash_1.wav,go
DataSet/go/c4cfbe43_nohash_2.wav,go
DataSet/go/c4e00ee9_nohash_0.wav,go
DataSet/go/c4e00ee9_nohash_1.wav,go
DataSet/go/c4e00ee9_nohash_2.wav,go
DataSet/go/c4e00ee9_nohash_3.wav,go
DataSet/go/c4e1f6e0_nohash_0.wav,go
DataSet/go/c50225fa_nohash_0.wav,go
DataSet/go/c50225fa_nohash_1.wav,go
DataSet/go/c50f55b8_nohash_0.wav,go
DataSet/go/c50f55b8_nohash_1.wav,go
DataSet/go/c50f55b8_nohash_2.wav,go
DataSet/go/c50f55b8_nohash_3.wav,go
DataSet/go/c50f55b8_nohash_4.wav,go
DataSet/go/c50f55b8_nohash_5.wav,go
DataSet/go/c50f55b8_nohash_6.wav,go
DataSet/go/c50f55b8_nohash_7.wav,go
DataSet/go/c50f55b8_nohash_8.wav,go
DataSet/go/c50f55b8_nohash_9.wav,go
DataSet/go/c518d1b1_nohash_0.wav,go
DataSet/go/c518d1b1_nohash_1.wav,go
DataSet/go/c53b335a_nohash_0.wav,go
DataSet/go/c5570933_nohash_0.wav,go
DataSet/go/c5570933_nohash_1.wav,go
DataSet/go/c578beb0_nohash_0.wav,go
DataSet/go/c5a1e46c_nohash_0.wav,go
DataSet/go/c5a1e46c_nohash_1.wav,go
DataSet/go/c5a1e46c_nohash_2.wav,go
DataSet/go/c5a1e46c_nohash_3.wav,go
DataSet/go/c5e3817f_nohash_0.wav,go
DataSet/go/c5e3817f_nohash_1.wav,go
DataSet/go/c5e3817f_nohash_2.wav,go
DataSet/go/c634a189_nohash_0.wav,go
DataSet/go/c634a189_nohash_1.wav,go
DataSet/go/c634a189_nohash_2.wav,go
DataSet/go/c634a189_nohash_3.wav,go
DataSet/go/c634a189_nohash_4.wav,go
DataSet/go/c6389ab0_nohash_0.wav,go
DataSet/go/c661be6e_nohash_0.wav,go
DataSet/go/c68cf200_nohash_0.wav,go
DataSet/go/c68cf200_nohash_1.wav,go
DataSet/go/c6ca5d01_nohash_0.wav,go
DataSet/go/c6ee87a7_nohash_0.wav,go
DataSet/go/c6ee87a7_nohash_1.wav,go
DataSet/go/c6ee87a7_nohash_2.wav,go
DataSet/go/c6ee87a7_nohash_3.wav,go
DataSet/go/c7124b73_nohash_0.wav,go
DataSet/go/c781f251_nohash_0.wav,go
DataSet/go/c79159aa_nohash_0.wav,go
DataSet/go/c79159aa_nohash_1.wav,go
DataSet/go/c79159aa_nohash_2.wav,go
DataSet/go/c79159aa_nohash_3.wav,go
DataSet/go/c79159aa_nohash_4.wav,go
DataSet/go/c7aa72e6_nohash_0.wav,go
DataSet/go/c7aa72e6_nohash_1.wav,go
DataSet/go/c7aa72e6_nohash_2.wav,go
DataSet/go/c7aaad67_nohash_0.wav,go
DataSet/go/c7aaad67_nohash_1.wav,go
DataSet/go/c7dc7278_nohash_0.wav,go
DataSet/go/c7dc7278_nohash_1.wav,go
DataSet/go/c7dc7278_nohash_2.wav,go
DataSet/go/c7dc7278_nohash_3.wav,go
DataSet/go/c7dc7278_nohash_4.wav,go
DataSet/go/c7e02d9c_nohash_0.wav,go
DataSet/go/c86d4fd4_nohash_0.wav,go
DataSet/go/c8771f88_nohash_0.wav,go
DataSet/go/c8771f88_nohash_1.wav,go
DataSet/go/c87a578d_nohash_0.wav,go
DataSet/go/c87a578d_nohash_1.wav,go
DataSet/go/c90c0105_nohash_0.wav,go
DataSet/go/c93d5e22_nohash_0.wav,go
DataSet/go/c93d5e22_nohash_1.wav,go
DataSet/go/c93d5e22_nohash_2.wav,go
DataSet/go/c93d5e22_nohash_3.wav,go
DataSet/go/c93d5e22_nohash_4.wav,go
DataSet/go/c948d727_nohash_0.wav,go
DataSet/go/c948d727_nohash_1.wav,go
DataSet/go/c948d727_nohash_2.wav,go
DataSet/go/c948d727_nohash_3.wav,go
DataSet/go/c948d727_nohash_4.wav,go
DataSet/go/c98bbbd3_nohash_0.wav,go
DataSet/go/c9b5ff26_nohash_0.wav,go
DataSet/go/c9b5ff26_nohash_1.wav,go
DataSet/go/c9b5ff26_nohash_2.wav,go
DataSet/go/c9b5ff26_nohash_3.wav,go
DataSet/go/c9b653a0_nohash_0.wav,go
DataSet/go/c9b653a0_nohash_1.wav,go
DataSet/go/c9b653a0_nohash_2.wav,go
DataSet/go/c9b653a0_nohash_3.wav,go
DataSet/go/c9b653a0_nohash_4.wav,go
DataSet/go/ca48dc76_nohash_0.wav,go
DataSet/go/ca48dc76_nohash_1.wav,go
DataSet/go/ca4912b6_nohash_0.wav,go
DataSet/go/ca4912b6_nohash_1.wav,go
DataSet/go/ca4912b6_nohash_2.wav,go
DataSet/go/ca4912b6_nohash_3.wav,go
DataSet/go/ca4d5368_nohash_0.wav,go
DataSet/go/ca4d5368_nohash_1.wav,go
DataSet/go/ca4d5368_nohash_2.wav,go
DataSet/go/ca4d5368_nohash_3.wav,go
DataSet/go/ca4d5368_nohash_4.wav,go
DataSet/go/ca58a8c6_nohash_0.wav,go
DataSet/go/ca6d5cd1_nohash_0.wav,go
DataSet/go/caa4779f_nohash_0.wav,go
DataSet/go/caa4779f_nohash_1.wav,go
DataSet/go/caa7feaf_nohash_0.wav,go
DataSet/go/caa7feaf_nohash_1.wav,go
DataSet/go/cb164eea_nohash_0.wav,go
DataSet/go/cb164eea_nohash_1.wav,go
DataSet/go/cb164eea_nohash_2.wav,go
DataSet/go/cb2929ce_nohash_0.wav,go
DataSet/go/cb2929ce_nohash_1.wav,go
DataSet/go/cb2929ce_nohash_2.wav,go
DataSet/go/cb2929ce_nohash_3.wav,go
DataSet/go/cb2929ce_nohash_4.wav,go
DataSet/go/cb2929ce_nohash_5.wav,go
DataSet/go/cb5d2c6e_nohash_0.wav,go
DataSet/go/cb62dbf1_nohash_0.wav,go
DataSet/go/cb62dbf1_nohash_1.wav,go
DataSet/go/cb62dbf1_nohash_2.wav,go
DataSet/go/cb62dbf1_nohash_3.wav,go
DataSet/go/cb62dbf1_nohash_4.wav,go
DataSet/go/cb72dfb6_nohash_0.wav,go
DataSet/go/cb72dfb6_nohash_1.wav,go
DataSet/go/cb72dfb6_nohash_2.wav,go
DataSet/go/cb72dfb6_nohash_3.wav,go
DataSet/go/cb72dfb6_nohash_4.wav,go
DataSet/go/cb802c63_nohash_0.wav,go
DataSet/go/cb802c63_nohash_1.wav,go
DataSet/go/cc2f1a85_nohash_0.wav,go
DataSet/go/cc2f1a85_nohash_1.wav,go
DataSet/go/cc3b5b62_nohash_0.wav,go
DataSet/go/cc3b5b62_nohash_1.wav,go
DataSet/go/cc3b5b62_nohash_2.wav,go
DataSet/go/cc3b5b62_nohash_3.wav,go
DataSet/go/cc4f9250_nohash_0.wav,go
DataSet/go/cc4f9250_nohash_1.wav,go
DataSet/go/cc4f9250_nohash_2.wav,go
DataSet/go/cc4f9250_nohash_3.wav,go
DataSet/go/cc4f9250_nohash_4.wav,go
DataSet/go/cc554de3_nohash_0.wav,go
DataSet/go/cc554de3_nohash_1.wav,go
DataSet/go/cc6ee39b_nohash_0.wav,go
DataSet/go/cc6ee39b_nohash_1.wav,go
DataSet/go/cc6ee39b_nohash_2.wav,go
DataSet/go/cc71bada_nohash_0.wav,go
DataSet/go/cc71bada_nohash_1.wav,go
DataSet/go/cc8b3228_nohash_0.wav,go
DataSet/go/cc8b3228_nohash_1.wav,go
DataSet/go/cc8b3228_nohash_2.wav,go
DataSet/go/cc8b3228_nohash_3.wav,go
DataSet/go/ccb1266b_nohash_0.wav,go
DataSet/go/ccca5655_nohash_0.wav,go
DataSet/go/ccca5655_nohash_1.wav,go
DataSet/go/ccca5655_nohash_2.wav,go
DataSet/go/ccca5655_nohash_3.wav,go
DataSet/go/ccca5655_nohash_4.wav,go
DataSet/go/cce7416f_nohash_0.wav,go
DataSet/go/cce7416f_nohash_1.wav,go
DataSet/go/cce7416f_nohash_10.wav,go
DataSet/go/cce7416f_nohash_2.wav,go
DataSet/go/cce7416f_nohash_3.wav,go
DataSet/go/cce7416f_nohash_4.wav,go
DataSet/go/cce7416f_nohash_5.wav,go
DataSet/go/cce7416f_nohash_6.wav,go
DataSet/go/cce7416f_nohash_7.wav,go
DataSet/go/cce7416f_nohash_8.wav,go
DataSet/go/cce7416f_nohash_9.wav,go
DataSet/go/ccea893d_nohash_0.wav,go
DataSet/go/ccea893d_nohash_1.wav,go
DataSet/go/cd3331a6_nohash_0.wav,go
DataSet/go/cd671b5f_nohash_0.wav,go
DataSet/go/cd671b5f_nohash_1.wav,go
DataSet/go/cd671b5f_nohash_2.wav,go
DataSet/go/cd671b5f_nohash_3.wav,go
DataSet/go/cd671b5f_nohash_4.wav,go
DataSet/go/cd68e997_nohash_0.wav,go
DataSet/go/cd68e997_nohash_1.wav,go
DataSet/go/cd7f8c1b_nohash_0.wav,go
DataSet/go/cd7f8c1b_nohash_1.wav,go
DataSet/go/cd7f8c1b_nohash_2.wav,go
DataSet/go/cd7f8c1b_nohash_3.wav,go
DataSet/go/cd7f8c1b_nohash_4.wav,go
DataSet/go/cd85758f_nohash_0.wav,go
DataSet/go/cd85758f_nohash_1.wav,go
DataSet/go/cd85758f_nohash_2.wav,go
DataSet/go/cd85758f_nohash_3.wav,go
DataSet/go/cd85758f_nohash_4.wav,go
DataSet/go/cd8b1781_nohash_0.wav,go
DataSet/go/cd911ace_nohash_0.wav,go
DataSet/go/cd911ace_nohash_1.wav,go
DataSet/go/cdbd6969_nohash_0.wav,go
DataSet/go/cdbd6969_nohash_1.wav,go
DataSet/go/cdbd6969_nohash_2.wav,go
DataSet/go/cdee383b_nohash_0.wav,go
DataSet/go/cdee383b_nohash_1.wav,go
DataSet/go/cdee383b_nohash_2.wav,go
DataSet/go/cdee383b_nohash_3.wav,go
DataSet/go/cdee383b_nohash_4.wav,go
DataSet/go/ce0cb033_nohash_0.wav,go
DataSet/go/ce0cb033_nohash_1.wav,go
DataSet/go/ce0cb033_nohash_2.wav,go
DataSet/go/ce0cb033_nohash_3.wav,go
DataSet/go/ce0cb033_nohash_4.wav,go
DataSet/go/ce9410da_nohash_0.wav,go
DataSet/go/ceaadb24_nohash_0.wav,go
DataSet/go/ced4e2a1_nohash_0.wav,go
DataSet/go/cee22275_nohash_0.wav,go
DataSet/go/cee22275_nohash_1.wav,go
DataSet/go/ceef6d96_nohash_0.wav,go
DataSet/go/ceef6d96_nohash_1.wav,go
DataSet/go/ceef6d96_nohash_2.wav,go
DataSet/go/ceef6d96_nohash_3.wav,go
DataSet/go/ceef6d96_nohash_4.wav,go
DataSet/go/cf8d91cf_nohash_0.wav,go
DataSet/go/cfbedff9_nohash_0.wav,go
DataSet/go/cfbedff9_nohash_1.wav,go
DataSet/go/cfbedff9_nohash_2.wav,go
DataSet/go/cfbedff9_nohash_3.wav,go
DataSet/go/d0426d63_nohash_0.wav,go
DataSet/go/d070ea86_nohash_0.wav,go
DataSet/go/d070ea86_nohash_1.wav,go
DataSet/go/d070ea86_nohash_2.wav,go
DataSet/go/d070ea86_nohash_3.wav,go
DataSet/go/d0745d72_nohash_0.wav,go
DataSet/go/d0858dce_nohash_0.wav,go
DataSet/go/d0f7bef5_nohash_0.wav,go
DataSet/go/d0faf7e4_nohash_0.wav,go
DataSet/go/d0faf7e4_nohash_1.wav,go
DataSet/go/d0faf7e4_nohash_2.wav,go
DataSet/go/d0faf7e4_nohash_3.wav,go
DataSet/go/d0faf7e4_nohash_4.wav,go
DataSet/go/d0fb9ff4_nohash_0.wav,go
DataSet/go/d103dd6e_nohash_0.wav,go
DataSet/go/d1453a87_nohash_0.wav,go
DataSet/go/d1453a87_nohash_1.wav,go
DataSet/go/d1a17cbe_nohash_0.wav,go
DataSet/go/d1a17cbe_nohash_1.wav,go
DataSet/go/d1a17cbe_nohash_2.wav,go
DataSet/go/d1a4fb3f_nohash_0.wav,go
DataSet/go/d1d3e64d_nohash_0.wav,go
DataSet/go/d1dd03ed_nohash_0.wav,go
DataSet/go/d1dd03ed_nohash_1.wav,go
DataSet/go/d1dd03ed_nohash_2.wav,go
DataSet/go/d1dd03ed_nohash_3.wav,go
DataSet/go/d1dd03ed_nohash_4.wav,go
DataSet/go/d21fd169_nohash_0.wav,go
DataSet/go/d21fd169_nohash_1.wav,go
DataSet/go/d21fd169_nohash_2.wav,go
DataSet/go/d21fd169_nohash_3.wav,go
DataSet/go/d264f7b6_nohash_0.wav,go
DataSet/go/d264f7b6_nohash_1.wav,go
DataSet/go/d264f7b6_nohash_2.wav,go
DataSet/go/d264f7b6_nohash_3.wav,go
DataSet/go/d264f7b6_nohash_4.wav,go
DataSet/go/d278d8ef_nohash_0.wav,go
DataSet/go/d278d8ef_nohash_1.wav,go
DataSet/go/d278d8ef_nohash_2.wav,go
DataSet/go/d278d8ef_nohash_3.wav,go
DataSet/go/d278d8ef_nohash_4.wav,go
DataSet/go/d2eae23d_nohash_0.wav,go
DataSet/go/d2f4f431_nohash_0.wav,go
DataSet/go/d312f481_nohash_0.wav,go
DataSet/go/d31d8dd7_nohash_0.wav,go
DataSet/go/d31d8dd7_nohash_1.wav,go
DataSet/go/d33df435_nohash_0.wav,go
DataSet/go/d33df435_nohash_1.wav,go
DataSet/go/d3831f6a_nohash_0.wav,go
DataSet/go/d3831f6a_nohash_1.wav,go
DataSet/go/d3831f6a_nohash_2.wav,go
DataSet/go/d3831f6a_nohash_3.wav,go
DataSet/go/d3831f6a_nohash_4.wav,go
DataSet/go/d394ef8e_nohash_0.wav,go
DataSet/go/d394ef8e_nohash_1.wav,go
DataSet/go/d394ef8e_nohash_2.wav,go
DataSet/go/d394ef8e_nohash_3.wav,go
DataSet/go/d394ef8e_nohash_4.wav,go
DataSet/go/d3a18257_nohash_0.wav,go
DataSet/go/d3a18257_nohash_1.wav,go
DataSet/go/d3badc9a_nohash_0.wav,go
DataSet/go/d3d8fcd0_nohash_0.wav,go
DataSet/go/d3f22f0e_nohash_0.wav,go
DataSet/go/d4082f3e_nohash_0.wav,go
DataSet/go/d430b3cc_nohash_0.wav,go
DataSet/go/d486fb84_nohash_0.wav,go
DataSet/go/d4d898d7_nohash_0.wav,go
DataSet/go/d5356b9a_nohash_0.wav,go
DataSet/go/d53e25ba_nohash_0.wav,go
DataSet/go/d55aa56c_nohash_0.wav,go
DataSet/go/d55aa56c_nohash_1.wav,go
DataSet/go/d55aa56c_nohash_2.wav,go
DataSet/go/d5b963aa_nohash_0.wav,go
DataSet/go/d5b963aa_nohash_1.wav,go
DataSet/go/d5b963aa_nohash_2.wav,go
DataSet/go/d5c41d6a_nohash_0.wav,go
DataSet/go/d5c41d6a_nohash_1.wav,go
DataSet/go/d5c41d6a_nohash_2.wav,go
DataSet/go/d5c41d6a_nohash_3.wav,go
DataSet/go/d5ca80c6_nohash_0.wav,go
DataSet/go/d5ca80c6_nohash_1.wav,go
DataSet/go/d5dd88da_nohash_0.wav,go
DataSet/go/d5dd88da_nohash_1.wav,go
DataSet/go/d6360b32_nohash_0.wav,go
DataSet/go/d6b155a5_nohash_0.wav,go
DataSet/go/d6b155a5_nohash_1.wav,go
DataSet/go/d71ad617_nohash_0.wav,go
DataSet/go/d7467392_nohash_0.wav,go
DataSet/go/d7559b2d_nohash_0.wav,go
DataSet/go/d78858d9_nohash_0.wav,go
DataSet/go/d78858d9_nohash_1.wav,go
DataSet/go/d78858d9_nohash_2.wav,go
DataSet/go/d7a58714_nohash_0.wav,go
DataSet/go/d8521ea0_nohash_0.wav,go
DataSet/go/d85270c1_nohash_0.wav,go
DataSet/go/d874a786_nohash_0.wav,go
DataSet/go/d8c314c0_nohash_0.wav,go
DataSet/go/d8c314c0_nohash_1.wav,go
DataSet/go/d8c314c0_nohash_2.wav,go
DataSet/go/d8c52371_nohash_0.wav,go
DataSet/go/d8d12371_nohash_0.wav,go
DataSet/go/d91a159e_nohash_0.wav,go
DataSet/go/d926bb17_nohash_0.wav,go
DataSet/go/d933bf5e_nohash_0.wav,go
DataSet/go/d933bf5e_nohash_1.wav,go
DataSet/go/d94eb94f_nohash_0.wav,go
DataSet/go/d962e5ac_nohash_0.wav,go
DataSet/go/d962e5ac_nohash_1.wav,go
DataSet/go/d962e5ac_nohash_2.wav,go
DataSet/go/d962e5ac_nohash_3.wav,go
DataSet/go/d962e5ac_nohash_4.wav,go
DataSet/go/d98dd124_nohash_0.wav,go
DataSet/go/d98dd124_nohash_1.wav,go
DataSet/go/d98dd124_nohash_2.wav,go
DataSet/go/d98dd124_nohash_3.wav,go
DataSet/go/d98dd124_nohash_4.wav,go
DataSet/go/d9aa8c90_nohash_0.wav,go
DataSet/go/d9aa8c90_nohash_1.wav,go
DataSet/go/d9aa8c90_nohash_2.wav,go
DataSet/go/d9aa8c90_nohash_3.wav,go
DataSet/go/d9aa8c90_nohash_4.wav,go
DataSet/go/d9ae8983_nohash_0.wav,go
DataSet/go/d9d08edd_nohash_0.wav,go
DataSet/go/d9d6559e_nohash_0.wav,go
DataSet/go/da040491_nohash_0.wav,go
DataSet/go/da040491_nohash_1.wav,go
DataSet/go/da040491_nohash_2.wav,go
DataSet/go/da15e796_nohash_0.wav,go
DataSet/go/da15e796_nohash_1.wav,go
DataSet/go/da1d320c_nohash_0.wav,go
DataSet/go/da27460c_nohash_0.wav,go
DataSet/go/da27460c_nohash_1.wav,go
DataSet/go/da27460c_nohash_2.wav,go
DataSet/go/da27460c_nohash_3.wav,go
DataSet/go/da2c5f1b_nohash_0.wav,go
DataSet/go/da584bc0_nohash_0.wav,go
DataSet/go/da584bc0_nohash_1.wav,go
DataSet/go/da584bc0_nohash_2.wav,go
DataSet/go/da584bc0_nohash_3.wav,go
DataSet/go/da5dadb9_nohash_0.wav,go
DataSet/go/da7689f1_nohash_0.wav,go
DataSet/go/da7689f1_nohash_1.wav,go
DataSet/go/da76aa58_nohash_0.wav,go
DataSet/go/da76aa58_nohash_1.wav,go
DataSet/go/da76aa58_nohash_2.wav,go
DataSet/go/da8fa823_nohash_0.wav,go
DataSet/go/da8fa823_nohash_1.wav,go
DataSet/go/dabd70c2_nohash_0.wav,go
DataSet/go/dabd70c2_nohash_1.wav,go
DataSet/go/dabd70c2_nohash_2.wav,go
DataSet/go/dabd70c2_nohash_3.wav,go
DataSet/go/dabf67d9_nohash_0.wav,go
DataSet/go/dae01802_nohash_0.wav,go
DataSet/go/dae01802_nohash_1.wav,go
DataSet/go/dae01802_nohash_2.wav,go
DataSet/go/dae01802_nohash_3.wav,go
DataSet/go/dae01802_nohash_4.wav,go
DataSet/go/daf230ac_nohash_0.wav,go
DataSet/go/db24628d_nohash_0.wav,go
DataSet/go/db24628d_nohash_1.wav,go
DataSet/go/db24628d_nohash_2.wav,go
DataSet/go/db24628d_nohash_3.wav,go
DataSet/go/db24628d_nohash_4.wav,go
DataSet/go/db43cd03_nohash_0.wav,go
DataSet/go/db43cd03_nohash_1.wav,go
DataSet/go/db43cd03_nohash_2.wav,go
DataSet/go/db7c95b0_nohash_0.wav,go
DataSet/go/db7c95b0_nohash_1.wav,go
DataSet/go/db8a3397_nohash_0.wav,go
DataSet/go/db8a3397_nohash_1.wav,go
DataSet/go/db9cd41d_nohash_0.wav,go
DataSet/go/db9cfc88_nohash_0.wav,go
DataSet/go/dbaf8fc6_nohash_0.wav,go
DataSet/go/dbaf8fc6_nohash_1.wav,go
DataSet/go/dbb7723a_nohash_0.wav,go
DataSet/go/dc269564_nohash_0.wav,go
DataSet/go/dc6e9c04_nohash_0.wav,go
DataSet/go/dc75148d_nohash_0.wav,go
DataSet/go/dc75148d_nohash_1.wav,go
DataSet/go/dc7ec25b_nohash_0.wav,go
DataSet/go/dca2797e_nohash_0.wav,go
DataSet/go/dca2797e_nohash_1.wav,go
DataSet/go/dca2797e_nohash_2.wav,go
DataSet/go/dca2797e_nohash_3.wav,go
DataSet/go/dca2797e_nohash_4.wav,go
DataSet/go/dcbfe008_nohash_0.wav,go
DataSet/go/dcc012ec_nohash_0.wav,go
DataSet/go/dce05676_nohash_0.wav,go
DataSet/go/dce5041a_nohash_0.wav,go
DataSet/go/ddedba85_nohash_0.wav,go
DataSet/go/ddedba85_nohash_1.wav,go
DataSet/go/ddedba85_nohash_10.wav,go
DataSet/go/ddedba85_nohash_11.wav,go
DataSet/go/ddedba85_nohash_2.wav,go
DataSet/go/ddedba85_nohash_3.wav,go
DataSet/go/ddedba85_nohash_4.wav,go
DataSet/go/ddedba85_nohash_5.wav,go
DataSet/go/ddedba85_nohash_6.wav,go
DataSet/go/ddedba85_nohash_7.wav,go
DataSet/go/ddedba85_nohash_8.wav,go
DataSet/go/ddedba85_nohash_9.wav,go
DataSet/go/de040337_nohash_0.wav,go
DataSet/go/de08912f_nohash_0.wav,go
DataSet/go/de3fe344_nohash_0.wav,go
DataSet/go/de3fe344_nohash_1.wav,go
DataSet/go/de3fe344_nohash_2.wav,go
DataSet/go/de3fe344_nohash_3.wav,go
DataSet/go/de89e2ca_nohash_0.wav,go
DataSet/go/de89e2ca_nohash_1.wav,go
DataSet/go/de89e2ca_nohash_2.wav,go
DataSet/go/de89e2ca_nohash_3.wav,go
DataSet/go/de89e2ca_nohash_4.wav,go
DataSet/go/de89e2ca_nohash_5.wav,go
DataSet/go/de89e2ca_nohash_6.wav,go
DataSet/go/dea820ce_nohash_0.wav,go
DataSet/go/dea820ce_nohash_1.wav,go
DataSet/go/dea820ce_nohash_2.wav,go
DataSet/go/dea820ce_nohash_3.wav,go
DataSet/go/dec73123_nohash_0.wav,go
DataSet/go/df038de4_nohash_0.wav,go
DataSet/go/df038de4_nohash_1.wav,go
DataSet/go/df1d5024_nohash_0.wav,go
DataSet/go/dfdabe19_nohash_0.wav,go
DataSet/go/dff327c5_nohash_0.wav,go
DataSet/go/dff327c5_nohash_1.wav,go
DataSet/go/e0315cf6_nohash_0.wav,go
DataSet/go/e0315cf6_nohash_1.wav,go
DataSet/go/e0315cf6_nohash_2.wav,go
DataSet/go/e0315cf6_nohash_3.wav,go
DataSet/go/e0322f2c_nohash_0.wav,go
DataSet/go/e0344f60_nohash_0.wav,go
DataSet/go/e0611c84_nohash_0.wav,go
DataSet/go/e0a7c5a0_nohash_0.wav,go
DataSet/go/e0a7c5a0_nohash_1.wav,go
DataSet/go/e0a7c5a0_nohash_2.wav,go
DataSet/go/e0c782d5_nohash_0.wav,go
DataSet/go/e0c782d5_nohash_1.wav,go
DataSet/go/e0c782d5_nohash_2.wav,go
DataSet/go/e0c782d5_nohash_3.wav,go
DataSet/go/e0ff1e9c_nohash_0.wav,go
DataSet/go/e102119e_nohash_0.wav,go
DataSet/go/e10e2cbb_nohash_0.wav,go
DataSet/go/e10e2cbb_nohash_1.wav,go
DataSet/go/e11fbc6e_nohash_0.wav,go
DataSet/go/e11fbc6e_nohash_1.wav,go
DataSet/go/e11fbc6e_nohash_2.wav,go
DataSet/go/e11fbc6e_nohash_3.wav,go
DataSet/go/e11fbc6e_nohash_4.wav,go
DataSet/go/e1469561_nohash_0.wav,go
DataSet/go/e1469561_nohash_1.wav,go
DataSet/go/e1469561_nohash_2.wav,go
DataSet/go/e1469561_nohash_3.wav,go
DataSet/go/e1469561_nohash_4.wav,go
DataSet/go/e14d3db8_nohash_0.wav,go
DataSet/go/e14d3db8_nohash_1.wav,go
DataSet/go/e1936ce8_nohash_0.wav,go
DataSet/go/e1936ce8_nohash_1.wav,go
DataSet/go/e1aa22e4_nohash_0.wav,go
DataSet/go/e20be42a_nohash_0.wav,go
DataSet/go/e20be42a_nohash_1.wav,go
DataSet/go/e2362167_nohash_0.wav,go
DataSet/go/e269bac0_nohash_0.wav,go
DataSet/go/e2b7d6d6_nohash_0.wav,go
DataSet/go/e2b7d6d6_nohash_1.wav,go
DataSet/go/e32ff49d_nohash_0.wav,go
DataSet/go/e32ff49d_nohash_1.wav,go
DataSet/go/e32ff49d_nohash_2.wav,go
DataSet/go/e3411931_nohash_0.wav,go
DataSet/go/e3411931_nohash_1.wav,go
DataSet/go/e39a8ddc_nohash_0.wav,go
DataSet/go/e3b64217_nohash_0.wav,go
DataSet/go/e3e0f145_nohash_0.wav,go
DataSet/go/e3e0f145_nohash_1.wav,go
DataSet/go/e3e0f145_nohash_2.wav,go
DataSet/go/e3e0f145_nohash_3.wav,go
DataSet/go/e3e0f145_nohash_4.wav,go
DataSet/go/e41a903b_nohash_0.wav,go
DataSet/go/e41a903b_nohash_1.wav,go
DataSet/go/e41a903b_nohash_2.wav,go
DataSet/go/e41a903b_nohash_3.wav,go
DataSet/go/e41a903b_nohash_4.wav,go
DataSet/go/e4200516_nohash_0.wav,go
DataSet/go/e4200516_nohash_1.wav,go
DataSet/go/e49428d9_nohash_0.wav,go
DataSet/go/e49428d9_nohash_1.wav,go
DataSet/go/e49428d9_nohash_2.wav,go
DataSet/go/e49428d9_nohash_3.wav,go
DataSet/go/e4a2cf79_nohash_0.wav,go
DataSet/go/e4be0cf6_nohash_0.wav,go
DataSet/go/e4be0cf6_nohash_1.wav,go
DataSet/go/e4be0cf6_nohash_2.wav,go
DataSet/go/e4be0cf6_nohash_3.wav,go
DataSet/go/e53139ad_nohash_0.wav,go
DataSet/go/e53139ad_nohash_1.wav,go
DataSet/go/e53139ad_nohash_2.wav,go
DataSet/go/e53139ad_nohash_3.wav,go
DataSet/go/e54a0f16_nohash_0.wav,go
DataSet/go/e54a0f16_nohash_1.wav,go
DataSet/go/e54a0f16_nohash_2.wav,go
DataSet/go/e54a0f16_nohash_3.wav,go
DataSet/go/e57abea3_nohash_0.wav,go
DataSet/go/e57d35bc_nohash_0.wav,go
DataSet/go/e5dadd24_nohash_0.wav,go
DataSet/go/e5e54cee_nohash_0.wav,go
DataSet/go/e62056e2_nohash_0.wav,go
DataSet/go/e62056e2_nohash_1.wav,go
DataSet/go/e6327279_nohash_0.wav,go
DataSet/go/e6327279_nohash_1.wav,go
DataSet/go/e6327279_nohash_2.wav,go
DataSet/go/e63b69c5_nohash_0.wav,go
DataSet/go/e6515415_nohash_0.wav,go
DataSet/go/e6515415_nohash_1.wav,go
DataSet/go/e6be0830_nohash_0.wav,go
DataSet/go/e6be0830_nohash_1.wav,go
DataSet/go/e6be0830_nohash_2.wav,go
DataSet/go/e6be0830_nohash_3.wav,go
DataSet/go/e6be0830_nohash_4.wav,go
DataSet/go/e6be0830_nohash_5.wav,go
DataSet/go/e6db3894_nohash_0.wav,go
DataSet/go/e6e29c47_nohash_0.wav,go
DataSet/go/e71a9381_nohash_0.wav,go
DataSet/go/e71a9381_nohash_1.wav,go
DataSet/go/e71a9381_nohash_2.wav,go
DataSet/go/e71a9381_nohash_3.wav,go
DataSet/go/e72aa705_nohash_0.wav,go
DataSet/go/e7334395_nohash_0.wav,go
DataSet/go/e76dd1ce_nohash_0.wav,go
DataSet/go/e7bcee8a_nohash_0.wav,go
DataSet/go/e7bcee8a_nohash_1.wav,go
DataSet/go/e7d0eb3f_nohash_0.wav,go
DataSet/go/e7ea8b76_nohash_0.wav,go
DataSet/go/e7ea8b76_nohash_1.wav,go
DataSet/go/e7ea8b76_nohash_2.wav,go
DataSet/go/e7ea8b76_nohash_3.wav,go
DataSet/go/e7ebf59c_nohash_0.wav,go
DataSet/go/e7ebf59c_nohash_1.wav,go
DataSet/go/e805a617_nohash_0.wav,go
DataSet/go/e82914c0_nohash_0.wav,go
DataSet/go/e882abb2_nohash_0.wav,go
DataSet/go/e882abb2_nohash_1.wav,go
DataSet/go/e882abb2_nohash_2.wav,go
DataSet/go/e882abb2_nohash_3.wav,go
DataSet/go/e882abb2_nohash_4.wav,go
DataSet/go/e9287461_nohash_0.wav,go
DataSet/go/e9323bd9_nohash_0.wav,go
DataSet/go/e9323bd9_nohash_1.wav,go
DataSet/go/e95c70e2_nohash_0.wav,go
DataSet/go/e95c70e2_nohash_1.wav,go
DataSet/go/e95c70e2_nohash_2.wav,go
DataSet/go/e9901cf0_nohash_0.wav,go
DataSet/go/e9901cf0_nohash_1.wav,go
DataSet/go/e99d36c8_nohash_0.wav,go
DataSet/go/e9a76b2f_nohash_0.wav,go
DataSet/go/e9a76b2f_nohash_1.wav,go
DataSet/go/e9abfe31_nohash_0.wav,go
DataSet/go/e9abfe31_nohash_1.wav,go
DataSet/go/e9abfe31_nohash_2.wav,go
DataSet/go/e9abfe31_nohash_3.wav,go
DataSet/go/e9abfe31_nohash_4.wav,go
DataSet/go/e9bc5cc2_nohash_0.wav,go
DataSet/go/e9bc5cc2_nohash_1.wav,go
DataSet/go/e9bc5cc2_nohash_2.wav,go
DataSet/go/e9bc5cc2_nohash_3.wav,go
DataSet/go/e9bc5cc2_nohash_4.wav,go
DataSet/go/ea0cf37f_nohash_0.wav,go
DataSet/go/ea0cf37f_nohash_1.wav,go
DataSet/go/ea0cf37f_nohash_2.wav,go
DataSet/go/ea1f888c_nohash_0.wav,go
DataSet/go/ea356919_nohash_0.wav,go
DataSet/go/ea356919_nohash_1.wav,go
DataSet/go/ea356919_nohash_2.wav,go
DataSet/go/ea9f8e11_nohash_0.wav,go
DataSet/go/ea9f8e11_nohash_1.wav,go
DataSet/go/eaa83485_nohash_0.wav,go
DataSet/go/eaa83485_nohash_1.wav,go
DataSet/go/eaa83485_nohash_2.wav,go
DataSet/go/eaa83485_nohash_3.wav,go
DataSet/go/eaa83485_nohash_4.wav,go
DataSet/go/eb0676ec_nohash_0.wav,go
DataSet/go/eb0676ec_nohash_1.wav,go
DataSet/go/eb0676ec_nohash_2.wav,go
DataSet/go/eb0676ec_nohash_3.wav,go
DataSet/go/eb0676ec_nohash_4.wav,go
DataSet/go/eb3f7d82_nohash_0.wav,go
DataSet/go/eb3f7d82_nohash_1.wav,go
DataSet/go/eb3f7d82_nohash_2.wav,go
DataSet/go/eb3f7d82_nohash_3.wav,go
DataSet/go/eb609143_nohash_0.wav,go
DataSet/go/eb6dab4a_nohash_0.wav,go
DataSet/go/ebdd0f59_nohash_0.wav,go
DataSet/go/ec201020_nohash_0.wav,go
DataSet/go/ec201020_nohash_1.wav,go
DataSet/go/ec201020_nohash_2.wav,go
DataSet/go/ec201020_nohash_3.wav,go
DataSet/go/ec201020_nohash_4.wav,go
DataSet/go/ec32860c_nohash_0.wav,go
DataSet/go/ec74a8a5_nohash_0.wav,go
DataSet/go/ec74a8a5_nohash_1.wav,go
DataSet/go/ec7d1151_nohash_0.wav,go
DataSet/go/ec7d1151_nohash_1.wav,go
DataSet/go/ec989d6d_nohash_0.wav,go
DataSet/go/ec989d6d_nohash_1.wav,go
DataSet/go/ec989d6d_nohash_2.wav,go
DataSet/go/ec989d6d_nohash_3.wav,go
DataSet/go/ecef25ba_nohash_0.wav,go
DataSet/go/ed032775_nohash_0.wav,go
DataSet/go/ed032775_nohash_1.wav,go
DataSet/go/ed032775_nohash_2.wav,go
DataSet/go/ed032775_nohash_3.wav,go
DataSet/go/ed032775_nohash_4.wav,go
DataSet/go/ed3c2d05_nohash_0.wav,go
DataSet/go/edc53350_nohash_0.wav,go
DataSet/go/ede2f4ee_nohash_0.wav,go
DataSet/go/ee1d8d49_nohash_0.wav,go
DataSet/go/ee1d8d49_nohash_1.wav,go
DataSet/go/ee1d8d49_nohash_2.wav,go
DataSet/go/ee1d8d49_nohash_3.wav,go
DataSet/go/ee202358_nohash_0.wav,go
DataSet/go/ee6163d5_nohash_0.wav,go
DataSet/go/ee6163d5_nohash_1.wav,go
DataSet/go/eeaf97c3_nohash_0.wav,go
DataSet/go/eeaf97c3_nohash_1.wav,go
DataSet/go/eeaf97c3_nohash_2.wav,go
DataSet/go/eeaf97c3_nohash_3.wav,go
DataSet/go/eeaf97c3_nohash_4.wav,go
DataSet/go/ef3367d9_nohash_0.wav,go
DataSet/go/ef3367d9_nohash_1.wav,go
DataSet/go/ef3367d9_nohash_2.wav,go
DataSet/go/ef3367d9_nohash_3.wav,go
DataSet/go/ef3367d9_nohash_4.wav,go
DataSet/go/ef77b778_nohash_0.wav,go
DataSet/go/ef77b778_nohash_1.wav,go
DataSet/go/ef77b778_nohash_2.wav,go
DataSet/go/ef77b778_nohash_3.wav,go
DataSet/go/ef77b778_nohash_4.wav,go
DataSet/go/f00180d0_nohash_0.wav,go
DataSet/go/f01a0d63_nohash_0.wav,go
DataSet/go/f01a0d63_nohash_1.wav,go
DataSet/go/f01a0d63_nohash_2.wav,go
DataSet/go/f01a0d63_nohash_3.wav,go
DataSet/go/f035e2ea_nohash_0.wav,go
DataSet/go/f035e2ea_nohash_1.wav,go
DataSet/go/f035e2ea_nohash_2.wav,go
DataSet/go/f035e2ea_nohash_3.wav,go
DataSet/go/f035e2ea_nohash_4.wav,go
DataSet/go/f0522ff4_nohash_0.wav,go
DataSet/go/f0522ff4_nohash_1.wav,go
DataSet/go/f0522ff4_nohash_2.wav,go
DataSet/go/f0522ff4_nohash_3.wav,go
DataSet/go/f0659908_nohash_0.wav,go
DataSet/go/f0659908_nohash_1.wav,go
DataSet/go/f0659908_nohash_2.wav,go
DataSet/go/f0ac2522_nohash_0.wav,go
DataSet/go/f0ac2522_nohash_1.wav,go
DataSet/go/f0ae7203_nohash_0.wav,go
DataSet/go/f0ebef1b_nohash_0.wav,go
DataSet/go/f104f742_nohash_0.wav,go
DataSet/go/f15a354c_nohash_0.wav,go
DataSet/go/f174517e_nohash_0.wav,go
DataSet/go/f174517e_nohash_1.wav,go
DataSet/go/f17d21b5_nohash_0.wav,go
DataSet/go/f19279c4_nohash_0.wav,go
DataSet/go/f192e6b4_nohash_0.wav,go
DataSet/go/f192e6b4_nohash_1.wav,go
DataSet/go/f19c1390_nohash_0.wav,go
DataSet/go/f19c1390_nohash_1.wav,go
DataSet/go/f19c1390_nohash_2.wav,go
DataSet/go/f19c1390_nohash_3.wav,go
DataSet/go/f19d1738_nohash_0.wav,go
DataSet/go/f19d1738_nohash_1.wav,go
DataSet/go/f1b35ace_nohash_0.wav,go
DataSet/go/f1b35ace_nohash_1.wav,go
DataSet/go/f1d8a638_nohash_0.wav,go
DataSet/go/f1d8a638_nohash_1.wav,go
DataSet/go/f1d8a638_nohash_2.wav,go
DataSet/go/f1d8a638_nohash_3.wav,go
DataSet/go/f1eaff75_nohash_0.wav,go
DataSet/go/f21893dc_nohash_0.wav,go
DataSet/go/f250345e_nohash_0.wav,go
DataSet/go/f264e0df_nohash_0.wav,go
DataSet/go/f264e0df_nohash_1.wav,go
DataSet/go/f2898d06_nohash_0.wav,go
DataSet/go/f2898d06_nohash_1.wav,go
DataSet/go/f2898d06_nohash_2.wav,go
DataSet/go/f292725f_nohash_0.wav,go
DataSet/go/f297e878_nohash_0.wav,go
DataSet/go/f2b8fc18_nohash_0.wav,go
DataSet/go/f2b8fc18_nohash_1.wav,go
DataSet/go/f2e59fea_nohash_0.wav,go
DataSet/go/f2e59fea_nohash_1.wav,go
DataSet/go/f2e59fea_nohash_2.wav,go
DataSet/go/f2e59fea_nohash_3.wav,go
DataSet/go/f2e9b610_nohash_0.wav,go
DataSet/go/f2e9b610_nohash_1.wav,go
DataSet/go/f2e9b610_nohash_2.wav,go
DataSet/go/f2e9b610_nohash_3.wav,go
DataSet/go/f2e9b610_nohash_4.wav,go
DataSet/go/f2f0d244_nohash_0.wav,go
DataSet/go/f2f0d244_nohash_1.wav,go
DataSet/go/f2f0d244_nohash_2.wav,go
DataSet/go/f2f0d244_nohash_3.wav,go
DataSet/go/f2f0d244_nohash_4.wav,go
DataSet/go/f30285c8_nohash_0.wav,go
DataSet/go/f30285c8_nohash_1.wav,go
DataSet/go/f30285c8_nohash_2.wav,go
DataSet/go/f30285c8_nohash_3.wav,go
DataSet/go/f33660af_nohash_0.wav,go
DataSet/go/f34e6f44_nohash_0.wav,go
DataSet/go/f3cee168_nohash_0.wav,go
DataSet/go/f3cee168_nohash_1.wav,go
DataSet/go/f3d06008_nohash_0.wav,go
DataSet/go/f428ca69_nohash_0.wav,go
DataSet/go/f42e234b_nohash_0.wav,go
DataSet/go/f4504600_nohash_0.wav,go
DataSet/go/f45fcf9a_nohash_0.wav,go
DataSet/go/f4c77b26_nohash_0.wav,go
DataSet/go/f4c77b26_nohash_1.wav,go
DataSet/go/f4c77b26_nohash_2.wav,go
DataSet/go/f4c77b26_nohash_3.wav,go
DataSet/go/f4cae173_nohash_0.wav,go
DataSet/go/f4cae173_nohash_1.wav,go
DataSet/go/f4cae173_nohash_2.wav,go
DataSet/go/f5341341_nohash_0.wav,go
DataSet/go/f5341341_nohash_1.wav,go
DataSet/go/f5341341_nohash_2.wav,go
DataSet/go/f5341341_nohash_3.wav,go
DataSet/go/f550b7dc_nohash_0.wav,go
DataSet/go/f550b7dc_nohash_1.wav,go
DataSet/go/f550b7dc_nohash_2.wav,go
DataSet/go/f550b7dc_nohash_3.wav,go
DataSet/go/f5626af6_nohash_0.wav,go
DataSet/go/f5626af6_nohash_1.wav,go
DataSet/go/f5626af6_nohash_2.wav,go
DataSet/go/f5626af6_nohash_3.wav,go
DataSet/go/f568162b_nohash_0.wav,go
DataSet/go/f568162b_nohash_1.wav,go
DataSet/go/f568162b_nohash_2.wav,go
DataSet/go/f568162b_nohash_3.wav,go
DataSet/go/f5733968_nohash_0.wav,go
DataSet/go/f5733968_nohash_1.wav,go
DataSet/go/f5733968_nohash_2.wav,go
DataSet/go/f5733968_nohash_3.wav,go
DataSet/go/f5733968_nohash_4.wav,go
DataSet/go/f575faf3_nohash_0.wav,go
DataSet/go/f575faf3_nohash_1.wav,go
DataSet/go/f575faf3_nohash_2.wav,go
DataSet/go/f575faf3_nohash_3.wav,go
DataSet/go/f575faf3_nohash_4.wav,go
DataSet/go/f5c3de1b_nohash_0.wav,go
DataSet/go/f5c3de1b_nohash_1.wav,go
DataSet/go/f5d09ebd_nohash_0.wav,go
DataSet/go/f5e44d34_nohash_0.wav,go
DataSet/go/f632210f_nohash_0.wav,go
DataSet/go/f638a812_nohash_0.wav,go
DataSet/go/f6581345_nohash_0.wav,go
DataSet/go/f6617a86_nohash_0.wav,go
DataSet/go/f68160c0_nohash_0.wav,go
DataSet/go/f68160c0_nohash_1.wav,go
DataSet/go/f68160c0_nohash_2.wav,go
DataSet/go/f68160c0_nohash_3.wav,go
DataSet/go/f6a380e7_nohash_0.wav,go
DataSet/go/f736ab63_nohash_0.wav,go
DataSet/go/f736ab63_nohash_1.wav,go
DataSet/go/f736ab63_nohash_2.wav,go
DataSet/go/f798ac78_nohash_0.wav,go
DataSet/go/f798ac78_nohash_1.wav,go
DataSet/go/f798ac78_nohash_2.wav,go
DataSet/go/f798ac78_nohash_3.wav,go
DataSet/go/f798ac78_nohash_4.wav,go
DataSet/go/f7b43563_nohash_0.wav,go
DataSet/go/f804cbb3_nohash_0.wav,go
DataSet/go/f804cbb3_nohash_1.wav,go
DataSet/go/f822b9bf_nohash_0.wav,go
DataSet/go/f822b9bf_nohash_1.wav,go
DataSet/go/f822b9bf_nohash_2.wav,go
DataSet/go/f822b9bf_nohash_3.wav,go
DataSet/go/f839238a_nohash_0.wav,go
DataSet/go/f839238a_nohash_1.wav,go
DataSet/go/f839238a_nohash_2.wav,go
DataSet/go/f84762e5_nohash_0.wav,go
DataSet/go/f852895b_nohash_0.wav,go
DataSet/go/f852895b_nohash_1.wav,go
DataSet/go/f864cd4a_nohash_0.wav,go
DataSet/go/f864cd4a_nohash_1.wav,go
DataSet/go/f864cd4a_nohash_2.wav,go
DataSet/go/f875f965_nohash_0.wav,go
DataSet/go/f8ba7c0e_nohash_0.wav,go
DataSet/go/f8ba7c0e_nohash_1.wav,go
DataSet/go/f8ba7c0e_nohash_2.wav,go
DataSet/go/f8ba7c0e_nohash_3.wav,go
DataSet/go/f8ba7c0e_nohash_4.wav,go
DataSet/go/f8f60f59_nohash_0.wav,go
DataSet/go/f8f60f59_nohash_1.wav,go
DataSet/go/f9273a21_nohash_0.wav,go
DataSet/go/f9318c93_nohash_0.wav,go
DataSet/go/f953e1af_nohash_0.wav,go
DataSet/go/f953e1af_nohash_1.wav,go
DataSet/go/f953e1af_nohash_2.wav,go
DataSet/go/f953e1af_nohash_3.wav,go
DataSet/go/f9643d42_nohash_0.wav,go
DataSet/go/f9643d42_nohash_1.wav,go
DataSet/go/f9643d42_nohash_2.wav,go
DataSet/go/f9643d42_nohash_3.wav,go
DataSet/go/f9643d42_nohash_4.wav,go
DataSet/go/f9af0887_nohash_0.wav,go
DataSet/go/f9af823e_nohash_0.wav,go
DataSet/go/f9bdf10e_nohash_0.wav,go
DataSet/go/fa446c16_nohash_0.wav,go
DataSet/go/fa446c16_nohash_1.wav,go
DataSet/go/fa44fcf5_nohash_0.wav,go
DataSet/go/fa52ddf6_nohash_0.wav,go
DataSet/go/fa52ddf6_nohash_1.wav,go
DataSet/go/fa52ddf6_nohash_2.wav,go
DataSet/go/fa52ddf6_nohash_3.wav,go
DataSet/go/fa52ddf6_nohash_4.wav,go
DataSet/go/fa57ab3b_nohash_0.wav,go
DataSet/go/fa57ab3b_nohash_1.wav,go
DataSet/go/fa57ab3b_nohash_2.wav,go
DataSet/go/fa70c187_nohash_0.wav,go
DataSet/go/fa7895de_nohash_0.wav,go
DataSet/go/fa7895de_nohash_1.wav,go
DataSet/go/fac74f6a_nohash_0.wav,go
DataSet/go/fac74f6a_nohash_1.wav,go
DataSet/go/fac7deca_nohash_0.wav,go
DataSet/go/facd97c0_nohash_0.wav,go
DataSet/go/fad7a69a_nohash_0.wav,go
DataSet/go/fafe8101_nohash_0.wav,go
DataSet/go/fb01a182_nohash_0.wav,go
DataSet/go/fb24c826_nohash_0.wav,go
DataSet/go/fb24c826_nohash_1.wav,go
DataSet/go/fb2f3242_nohash_0.wav,go
DataSet/go/fb7008b0_nohash_0.wav,go
DataSet/go/fb727898_nohash_0.wav,go
DataSet/go/fb727898_nohash_1.wav,go
DataSet/go/fb727898_nohash_2.wav,go
DataSet/go/fb727898_nohash_3.wav,go
DataSet/go/fb727898_nohash_4.wav,go
DataSet/go/fb7c9b3b_nohash_0.wav,go
DataSet/go/fb7c9b3b_nohash_1.wav,go
DataSet/go/fb7cfe0e_nohash_0.wav,go
DataSet/go/fb7cfe0e_nohash_1.wav,go
DataSet/go/fb7eb481_nohash_0.wav,go
DataSet/go/fb7eb481_nohash_1.wav,go
DataSet/go/fb7eb481_nohash_2.wav,go
DataSet/go/fb7eb481_nohash_3.wav,go
DataSet/go/fb7eb481_nohash_4.wav,go
DataSet/go/fb8c31a9_nohash_0.wav,go
DataSet/go/fb8c31a9_nohash_1.wav,go
DataSet/go/fb8c31a9_nohash_2.wav,go
DataSet/go/fb8c31a9_nohash_3.wav,go
DataSet/go/fb8c31a9_nohash_4.wav,go
DataSet/go/fb9d6d23_nohash_0.wav,go
DataSet/go/fb9d6d23_nohash_1.wav,go
DataSet/go/fbb2f6cc_nohash_0.wav,go
DataSet/go/fbb2f6cc_nohash_1.wav,go
DataSet/go/fbb2f6cc_nohash_2.wav,go
DataSet/go/fbb2f6cc_nohash_3.wav,go
DataSet/go/fbb56351_nohash_0.wav,go
DataSet/go/fbb56351_nohash_1.wav,go
DataSet/go/fbb56351_nohash_2.wav,go
DataSet/go/fbb56351_nohash_3.wav,go
DataSet/go/fbdc07bb_nohash_0.wav,go
DataSet/go/fc28c8d8_nohash_0.wav,go
DataSet/go/fc3ba625_nohash_0.wav,go
DataSet/go/fc3ba625_nohash_1.wav,go
DataSet/go/fc3ba625_nohash_2.wav,go
DataSet/go/fc3ba625_nohash_3.wav,go
DataSet/go/fc3ba625_nohash_4.wav,go
DataSet/go/fc94edb0_nohash_0.wav,go
DataSet/go/fc94edb0_nohash_1.wav,go
DataSet/go/fcb25a78_nohash_0.wav,go
DataSet/go/fce65496_nohash_0.wav,go
DataSet/go/fce65496_nohash_1.wav,go
DataSet/go/fd5ccd39_nohash_0.wav,go
DataSet/go/fd5ccd39_nohash_1.wav,go
DataSet/go/fde2dee7_nohash_0.wav,go
DataSet/go/fde2dee7_nohash_1.wav,go
DataSet/go/fe11e258_nohash_0.wav,go
DataSet/go/fe1916ba_nohash_0.wav,go
DataSet/go/fe5c4a7a_nohash_0.wav,go
DataSet/go/fe5c4a7a_nohash_1.wav,go
DataSet/go/feb1d305_nohash_0.wav,go
DataSet/go/ff0e27c3_nohash_0.wav,go
DataSet/go/ff2b842e_nohash_0.wav,go
DataSet/go/ff2b842e_nohash_1.wav,go
DataSet/go/ff2b842e_nohash_2.wav,go
DataSet/go/ff2b842e_nohash_3.wav,go
DataSet/go/ff2b842e_nohash_4.wav,go
DataSet/go/ff4ed4f3_nohash_0.wav,go
DataSet/go/ff4ed4f3_nohash_1.wav,go
DataSet/go/ff4ed4f3_nohash_2.wav,go
DataSet/go/ffa76c4a_nohash_0.wav,go
DataSet/go/ffd2ba2f_nohash_0.wav,go
DataSet/go/ffd2ba2f_nohash_1.wav,go
DataSet/go/ffd2ba2f_nohash_2.wav,go
DataSet/go/ffd2ba2f_nohash_3.wav,go
DataSet/marvin/00176480_nohash_0.wav,marvin
DataSet/marvin/00176480_nohash_1.wav,marvin
DataSet/marvin/00b01445_nohash_0.wav,marvin
DataSet/marvin/00b01445_nohash_1.wav,marvin
DataSet/marvin/012187a4_nohash_0.wav,marvin
DataSet/marvin/012c8314_nohash_0.wav,marvin
DataSet/marvin/012c8314_nohash_1.wav,marvin
DataSet/marvin/0135f3f2_nohash_0.wav,marvin
DataSet/marvin/0137b3f4_nohash_0.wav,marvin
DataSet/marvin/0165e0e8_nohash_0.wav,marvin
DataSet/marvin/016e2c6d_nohash_0.wav,marvin
DataSet/marvin/016e2c6d_nohash_1.wav,marvin
DataSet/marvin/016e2c6d_nohash_2.wav,marvin
DataSet/marvin/017c4098_nohash_0.wav,marvin
DataSet/marvin/019fa366_nohash_0.wav,marvin
DataSet/marvin/01b4757a_nohash_0.wav,marvin
DataSet/marvin/01b4757a_nohash_1.wav,marvin
DataSet/marvin/01b4757a_nohash_2.wav,marvin
DataSet/marvin/01bb6a2a_nohash_0.wav,marvin
DataSet/marvin/01bcfc0c_nohash_0.wav,marvin
DataSet/marvin/01d22d03_nohash_0.wav,marvin
DataSet/marvin/0227998e_nohash_0.wav,marvin
DataSet/marvin/022cd682_nohash_0.wav,marvin
DataSet/marvin/023a61ad_nohash_0.wav,marvin
DataSet/marvin/026290a7_nohash_0.wav,marvin
DataSet/marvin/02746d24_nohash_0.wav,marvin
DataSet/marvin/02ade946_nohash_0.wav,marvin
DataSet/marvin/02e42bed_nohash_0.wav,marvin
DataSet/marvin/02e85b60_nohash_0.wav,marvin
DataSet/marvin/02e85b60_nohash_1.wav,marvin
DataSet/marvin/030ec18b_nohash_0.wav,marvin
DataSet/marvin/030ec18b_nohash_1.wav,marvin
DataSet/marvin/030ec18b_nohash_2.wav,marvin
DataSet/marvin/03401e93_nohash_0.wav,marvin
DataSet/marvin/035de8fe_nohash_0.wav,marvin
DataSet/marvin/037c445a_nohash_0.wav,marvin
DataSet/marvin/0397ecda_nohash_0.wav,marvin
DataSet/marvin/03c96658_nohash_0.wav,marvin
DataSet/marvin/03c96658_nohash_1.wav,marvin
DataSet/marvin/03cf93b1_nohash_0.wav,marvin
DataSet/marvin/03cf93b1_nohash_1.wav,marvin
DataSet/marvin/042186b8_nohash_0.wav,marvin
DataSet/marvin/042186b8_nohash_1.wav,marvin
DataSet/marvin/042a8dde_nohash_0.wav,marvin
DataSet/marvin/042ea76c_nohash_0.wav,marvin
DataSet/marvin/042ea76c_nohash_1.wav,marvin
DataSet/marvin/0447d7c1_nohash_0.wav,marvin
DataSet/marvin/0447d7c1_nohash_1.wav,marvin
DataSet/marvin/0447d7c1_nohash_2.wav,marvin
DataSet/marvin/050170cb_nohash_0.wav,marvin
DataSet/marvin/0585b66d_nohash_0.wav,marvin
DataSet/marvin/0685264e_nohash_0.wav,marvin
DataSet/marvin/069ab0d5_nohash_0.wav,marvin
DataSet/marvin/069ab0d5_nohash_1.wav,marvin
DataSet/marvin/06a79a03_nohash_0.wav,marvin
DataSet/marvin/06a79a03_nohash_1.wav,marvin
DataSet/marvin/07089da9_nohash_0.wav,marvin
DataSet/marvin/0717b9f6_nohash_0.wav,marvin
DataSet/marvin/07363607_nohash_0.wav,marvin
DataSet/marvin/075e38c3_nohash_0.wav,marvin
DataSet/marvin/079d1020_nohash_0.wav,marvin
DataSet/marvin/07c5129e_nohash_0.wav,marvin
DataSet/marvin/07de53d3_nohash_0.wav,marvin
DataSet/marvin/0819edb0_nohash_0.wav,marvin
DataSet/marvin/08ab231c_nohash_0.wav,marvin
DataSet/marvin/08ab8082_nohash_0.wav,marvin
DataSet/marvin/093f65a1_nohash_0.wav,marvin
DataSet/marvin/093f65a1_nohash_1.wav,marvin
DataSet/marvin/0943c746_nohash_0.wav,marvin
DataSet/marvin/095847e4_nohash_0.wav,marvin
DataSet/marvin/099d52ad_nohash_0.wav,marvin
DataSet/marvin/09ddc105_nohash_0.wav,marvin
DataSet/marvin/0a196374_nohash_0.wav,marvin
DataSet/marvin/0a5636ca_nohash_0.wav,marvin
DataSet/marvin/0a5636ca_nohash_1.wav,marvin
DataSet/marvin/0a7c2a8d_nohash_0.wav,marvin
DataSet/marvin/0a9f9af7_nohash_0.wav,marvin
DataSet/marvin/0a9f9af7_nohash_1.wav,marvin
DataSet/marvin/0a9f9af7_nohash_2.wav,marvin
DataSet/marvin/0ac15fe9_nohash_0.wav,marvin
DataSet/marvin/0b09edd3_nohash_0.wav,marvin
DataSet/marvin/0b09edd3_nohash_1.wav,marvin
DataSet/marvin/0b40aa8e_nohash_0.wav,marvin
DataSet/marvin/0b57a6ed_nohash_0.wav,marvin
DataSet/marvin/0b7ee1a0_nohash_0.wav,marvin
DataSet/marvin/0ba018fc_nohash_0.wav,marvin
DataSet/marvin/0bfec55f_nohash_0.wav,marvin
DataSet/marvin/0c09f202_nohash_0.wav,marvin
DataSet/marvin/0c2ca723_nohash_0.wav,marvin
DataSet/marvin/0c40e715_nohash_0.wav,marvin
DataSet/marvin/0c5027de_nohash_0.wav,marvin
DataSet/marvin/0cb74144_nohash_0.wav,marvin
DataSet/marvin/0d2bcf9d_nohash_0.wav,marvin
DataSet/marvin/0d2bcf9d_nohash_1.wav,marvin
DataSet/marvin/0d53e045_nohash_0.wav,marvin
DataSet/marvin/0d53e045_nohash_1.wav,marvin
DataSet/marvin/0d6d7360_nohash_0.wav,marvin
DataSet/marvin/0d90d8e1_nohash_0.wav,marvin
DataSet/marvin/0d97f020_nohash_0.wav,marvin
DataSet/marvin/0e17f595_nohash_0.wav,marvin
DataSet/marvin/0e6e36c9_nohash_0.wav,marvin
DataSet/marvin/0ea9c8ce_nohash_0.wav,marvin
DataSet/marvin/0f2442b6_nohash_0.wav,marvin
DataSet/marvin/0f7266cf_nohash_0.wav,marvin
DataSet/marvin/102192fd_nohash_0.wav,marvin
DataSet/marvin/10467b06_nohash_0.wav,marvin
DataSet/marvin/10467b06_nohash_1.wav,marvin
DataSet/marvin/105a0eea_nohash_0.wav,marvin
DataSet/marvin/105e72bb_nohash_0.wav,marvin
DataSet/marvin/10627519_nohash_0.wav,marvin
DataSet/marvin/1093c8e7_nohash_0.wav,marvin
DataSet/marvin/10c6d873_nohash_0.wav,marvin
DataSet/marvin/10f2bb12_nohash_0.wav,marvin
DataSet/marvin/113b3fbc_nohash_0.wav,marvin
DataSet/marvin/118261a9_nohash_0.wav,marvin
DataSet/marvin/118261a9_nohash_1.wav,marvin
DataSet/marvin/122c5aa7_nohash_0.wav,marvin
DataSet/marvin/12529547_nohash_0.wav,marvin
DataSet/marvin/12623a81_nohash_0.wav,marvin
DataSet/marvin/126a31d2_nohash_0.wav,marvin
DataSet/marvin/126a31d2_nohash_1.wav,marvin
DataSet/marvin/126a31d2_nohash_2.wav,marvin
DataSet/marvin/12c206ea_nohash_0.wav,marvin
DataSet/marvin/13199b79_nohash_0.wav,marvin
DataSet/marvin/135c6841_nohash_0.wav,marvin
DataSet/marvin/1365dd89_nohash_0.wav,marvin
DataSet/marvin/13a93b33_nohash_0.wav,marvin
DataSet/marvin/14587ff0_nohash_0.wav,marvin
DataSet/marvin/1473be6a_nohash_0.wav,marvin
DataSet/marvin/1473be6a_nohash_1.wav,marvin
DataSet/marvin/14872d06_nohash_0.wav,marvin
DataSet/marvin/14872d06_nohash_1.wav,marvin
DataSet/marvin/14c7b073_nohash_0.wav,marvin
DataSet/marvin/14df1e28_nohash_0.wav,marvin
DataSet/marvin/151bfb79_nohash_0.wav,marvin
DataSet/marvin/152491bc_nohash_0.wav,marvin
DataSet/marvin/1528225c_nohash_0.wav,marvin
DataSet/marvin/15574821_nohash_0.wav,marvin
DataSet/marvin/15574821_nohash_1.wav,marvin
DataSet/marvin/15574821_nohash_2.wav,marvin
DataSet/marvin/15c563d7_nohash_0.wav,marvin
DataSet/marvin/15dd287d_nohash_0.wav,marvin
DataSet/marvin/15f04ff8_nohash_0.wav,marvin
DataSet/marvin/161fcca8_nohash_0.wav,marvin
DataSet/marvin/1625acd8_nohash_0.wav,marvin
DataSet/marvin/1625acd8_nohash_1.wav,marvin
DataSet/marvin/1657c9fa_nohash_0.wav,marvin
DataSet/marvin/1678e6f1_nohash_0.wav,marvin
DataSet/marvin/16db1582_nohash_0.wav,marvin
DataSet/marvin/16db1582_nohash_1.wav,marvin
DataSet/marvin/16db1582_nohash_2.wav,marvin
DataSet/marvin/16fce7de_nohash_0.wav,marvin
DataSet/marvin/16fce7de_nohash_1.wav,marvin
DataSet/marvin/173ae793_nohash_0.wav,marvin
DataSet/marvin/173ce2be_nohash_0.wav,marvin
DataSet/marvin/173e6bbf_nohash_0.wav,marvin
DataSet/marvin/173e6bbf_nohash_1.wav,marvin
DataSet/marvin/1746d7b6_nohash_0.wav,marvin
DataSet/marvin/179a61b7_nohash_0.wav,marvin
DataSet/marvin/17cc40ee_nohash_0.wav,marvin
DataSet/marvin/17cc40ee_nohash_1.wav,marvin
DataSet/marvin/17cc40ee_nohash_2.wav,marvin
DataSet/marvin/1816b768_nohash_0.wav,marvin
DataSet/marvin/1851e33b_nohash_0.wav,marvin
DataSet/marvin/1851e33b_nohash_1.wav,marvin
DataSet/marvin/187af8be_nohash_0.wav,marvin
DataSet/marvin/1887fe04_nohash_0.wav,marvin
DataSet/marvin/1890e5c3_nohash_0.wav,marvin
DataSet/marvin/18c54a68_nohash_0.wav,marvin
DataSet/marvin/18d120ae_nohash_0.wav,marvin
DataSet/marvin/18e910f4_nohash_0.wav,marvin
DataSet/marvin/18ffa72d_nohash_0.wav,marvin
DataSet/marvin/190821dc_nohash_0.wav,marvin
DataSet/marvin/1942abd7_nohash_0.wav,marvin
DataSet/marvin/1942abd7_nohash_1.wav,marvin
DataSet/marvin/195c120a_nohash_0.wav,marvin
DataSet/marvin/196e84b7_nohash_0.wav,marvin
DataSet/marvin/19785c4e_nohash_0.wav,marvin
DataSet/marvin/197f4153_nohash_0.wav,marvin
DataSet/marvin/1995cf9e_nohash_0.wav,marvin
DataSet/marvin/1995cf9e_nohash_1.wav,marvin
DataSet/marvin/199da2bf_nohash_0.wav,marvin
DataSet/marvin/19b05529_nohash_0.wav,marvin
DataSet/marvin/19e246ad_nohash_0.wav,marvin
DataSet/marvin/19e246ad_nohash_1.wav,marvin
DataSet/marvin/1a073312_nohash_0.wav,marvin
DataSet/marvin/1a673010_nohash_0.wav,marvin
DataSet/marvin/1a6eca98_nohash_0.wav,marvin
DataSet/marvin/1a6eca98_nohash_1.wav,marvin
DataSet/marvin/1a994c9f_nohash_0.wav,marvin
DataSet/marvin/1acc97de_nohash_0.wav,marvin
DataSet/marvin/1aed7c6d_nohash_0.wav,marvin
DataSet/marvin/1aeef15e_nohash_0.wav,marvin
DataSet/marvin/1aeef15e_nohash_1.wav,marvin
DataSet/marvin/1afd49bf_nohash_0.wav,marvin
DataSet/marvin/1afd49bf_nohash_1.wav,marvin
DataSet/marvin/1b459024_nohash_0.wav,marvin
DataSet/marvin/1b4c9b89_nohash_0.wav,marvin
DataSet/marvin/1b5ba788_nohash_0.wav,marvin
DataSet/marvin/1b63157b_nohash_0.wav,marvin
DataSet/marvin/1b755c65_nohash_0.wav,marvin
DataSet/marvin/1b755c65_nohash_1.wav,marvin
DataSet/marvin/1b835b87_nohash_0.wav,marvin
DataSet/marvin/1b835b87_nohash_1.wav,marvin
DataSet/marvin/1b88bf70_nohash_0.wav,marvin
DataSet/marvin/1b88bf70_nohash_1.wav,marvin
DataSet/marvin/1b88bf70_nohash_2.wav,marvin
DataSet/marvin/1ba20be2_nohash_0.wav,marvin
DataSet/marvin/1ba20be2_nohash_1.wav,marvin
DataSet/marvin/1bb6ed89_nohash_0.wav,marvin
DataSet/marvin/1c3f4fac_nohash_0.wav,marvin
DataSet/marvin/1c3f50ad_nohash_0.wav,marvin
DataSet/marvin/1c45ceb2_nohash_0.wav,marvin
DataSet/marvin/1c50d874_nohash_0.wav,marvin
DataSet/marvin/1c6e5447_nohash_0.wav,marvin
DataSet/marvin/1c6e5447_nohash_1.wav,marvin
DataSet/marvin/1c6e5447_nohash_2.wav,marvin
DataSet/marvin/1c76f5f3_nohash_0.wav,marvin
DataSet/marvin/1c84a139_nohash_0.wav,marvin
DataSet/marvin/1cbcc7a7_nohash_0.wav,marvin
DataSet/marvin/1cc80e39_nohash_0.wav,marvin
DataSet/marvin/1cc80e39_nohash_1.wav,marvin
DataSet/marvin/1cc80e39_nohash_2.wav,marvin
DataSet/marvin/1cc80e39_nohash_3.wav,marvin
DataSet/marvin/1d1fe0a0_nohash_0.wav,marvin
DataSet/marvin/1d1fe0a0_nohash_1.wav,marvin
DataSet/marvin/1d919a90_nohash_0.wav,marvin
DataSet/marvin/1daa5ada_nohash_0.wav,marvin
DataSet/marvin/1dce06e8_nohash_0.wav,marvin
DataSet/marvin/1df483c0_nohash_0.wav,marvin
DataSet/marvin/1df99a8a_nohash_0.wav,marvin
DataSet/marvin/1df99a8a_nohash_1.wav,marvin
DataSet/marvin/1e02ffc5_nohash_0.wav,marvin
DataSet/marvin/1e31353f_nohash_0.wav,marvin
DataSet/marvin/1e31353f_nohash_1.wav,marvin
DataSet/marvin/1e4064b8_nohash_0.wav,marvin
DataSet/marvin/1e4064b8_nohash_1.wav,marvin
DataSet/marvin/1e9b215e_nohash_0.wav,marvin
DataSet/marvin/1e9e6bdd_nohash_0.wav,marvin
DataSet/marvin/1ecfb537_nohash_0.wav,marvin
DataSet/marvin/1ed557b9_nohash_0.wav,marvin
DataSet/marvin/1eddce1d_nohash_0.wav,marvin
DataSet/marvin/1eddce1d_nohash_1.wav,marvin
DataSet/marvin/1efdf53f_nohash_0.wav,marvin
DataSet/marvin/1f3bece8_nohash_0.wav,marvin
DataSet/marvin/1f3e4139_nohash_0.wav,marvin
DataSet/marvin/1f653d27_nohash_0.wav,marvin
DataSet/marvin/1fc04a13_nohash_0.wav,marvin
DataSet/marvin/1fc04a13_nohash_1.wav,marvin
DataSet/marvin/1fd85ee4_nohash_0.wav,marvin
DataSet/marvin/1fd85ee4_nohash_1.wav,marvin
DataSet/marvin/1fe4c891_nohash_0.wav,marvin
DataSet/marvin/1ffd513b_nohash_0.wav,marvin
DataSet/marvin/1ffd513b_nohash_1.wav,marvin
DataSet/marvin/20174140_nohash_0.wav,marvin
DataSet/marvin/201e28a9_nohash_0.wav,marvin
DataSet/marvin/20a0d54b_nohash_0.wav,marvin
DataSet/marvin/20d779bf_nohash_0.wav,marvin
DataSet/marvin/20fd451f_nohash_0.wav,marvin
DataSet/marvin/211ccd2e_nohash_0.wav,marvin
DataSet/marvin/211ccd2e_nohash_1.wav,marvin
DataSet/marvin/2144be19_nohash_0.wav,marvin
DataSet/marvin/215699ff_nohash_0.wav,marvin
DataSet/marvin/215699ff_nohash_1.wav,marvin
DataSet/marvin/21832144_nohash_0.wav,marvin
DataSet/marvin/2197f41c_nohash_0.wav,marvin
DataSet/marvin/21cbe292_nohash_0.wav,marvin
DataSet/marvin/21e8c417_nohash_0.wav,marvin
DataSet/marvin/21e8c417_nohash_1.wav,marvin
DataSet/marvin/220ee1ef_nohash_0.wav,marvin
DataSet/marvin/22296dbe_nohash_0.wav,marvin
DataSet/marvin/2250f5f2_nohash_0.wav,marvin
DataSet/marvin/2250f5f2_nohash_1.wav,marvin
DataSet/marvin/2275edbb_nohash_0.wav,marvin
DataSet/marvin/229978fd_nohash_0.wav,marvin
DataSet/marvin/22aa3665_nohash_0.wav,marvin
DataSet/marvin/22cb56b3_nohash_0.wav,marvin
DataSet/marvin/23059a35_nohash_0.wav,marvin
DataSet/marvin/2313e093_nohash_0.wav,marvin
DataSet/marvin/2313e093_nohash_1.wav,marvin
DataSet/marvin/2356b88d_nohash_0.wav,marvin
DataSet/marvin/23abe1c9_nohash_0.wav,marvin
DataSet/marvin/23abe1c9_nohash_1.wav,marvin
DataSet/marvin/23da904f_nohash_0.wav,marvin
DataSet/marvin/24a3e589_nohash_0.wav,marvin
DataSet/marvin/24ad3ebe_nohash_0.wav,marvin
DataSet/marvin/24ad3ebe_nohash_1.wav,marvin
DataSet/marvin/24ad3ebe_nohash_2.wav,marvin
DataSet/marvin/24ad3ebe_nohash_3.wav,marvin
DataSet/marvin/24b82192_nohash_0.wav,marvin
DataSet/marvin/24befdb3_nohash_0.wav,marvin
DataSet/marvin/24cab2cb_nohash_0.wav,marvin
DataSet/marvin/24ed94ab_nohash_0.wav,marvin
DataSet/marvin/25040e85_nohash_0.wav,marvin
DataSet/marvin/25132942_nohash_0.wav,marvin
DataSet/marvin/256c0a05_nohash_0.wav,marvin
DataSet/marvin/257251e0_nohash_0.wav,marvin
DataSet/marvin/2579e514_nohash_0.wav,marvin
DataSet/marvin/257e17e0_nohash_0.wav,marvin
DataSet/marvin/257e17e0_nohash_1.wav,marvin
DataSet/marvin/2589f361_nohash_0.wav,marvin
DataSet/marvin/258f4559_nohash_0.wav,marvin
DataSet/marvin/258f4559_nohash_1.wav,marvin
DataSet/marvin/25c14394_nohash_0.wav,marvin
DataSet/marvin/264f471d_nohash_0.wav,marvin
DataSet/marvin/265bd13a_nohash_0.wav,marvin
DataSet/marvin/26631bee_nohash_0.wav,marvin
DataSet/marvin/26a093e1_nohash_0.wav,marvin
DataSet/marvin/26a093e1_nohash_1.wav,marvin
DataSet/marvin/26e573a9_nohash_0.wav,marvin
DataSet/marvin/27b9a84f_nohash_0.wav,marvin
DataSet/marvin/27b9a84f_nohash_1.wav,marvin
DataSet/marvin/27b9a84f_nohash_2.wav,marvin
DataSet/marvin/27c24504_nohash_0.wav,marvin
DataSet/marvin/27c30960_nohash_0.wav,marvin
DataSet/marvin/28e47b1a_nohash_0.wav,marvin
DataSet/marvin/28ed6bc9_nohash_0.wav,marvin
DataSet/marvin/28ef2a01_nohash_0.wav,marvin
DataSet/marvin/29229c21_nohash_0.wav,marvin
DataSet/marvin/2927c601_nohash_0.wav,marvin
DataSet/marvin/299c14b1_nohash_0.wav,marvin
DataSet/marvin/29b81b73_nohash_0.wav,marvin
DataSet/marvin/29dce108_nohash_0.wav,marvin
DataSet/marvin/29fb33da_nohash_0.wav,marvin
DataSet/marvin/2a0b413e_nohash_0.wav,marvin
DataSet/marvin/2a1f4853_nohash_0.wav,marvin
DataSet/marvin/2a89ad5c_nohash_0.wav,marvin
DataSet/marvin/2aa787cf_nohash_0.wav,marvin
DataSet/marvin/2aca1e72_nohash_0.wav,marvin
DataSet/marvin/2aca1e72_nohash_1.wav,marvin
DataSet/marvin/2aec99ec_nohash_0.wav,marvin
DataSet/marvin/2aec99ec_nohash_1.wav,marvin
DataSet/marvin/2b42e7a2_nohash_0.wav,marvin
DataSet/marvin/2b42e7a2_nohash_1.wav,marvin
DataSet/marvin/2b42e7a2_nohash_2.wav,marvin
DataSet/marvin/2b5e346d_nohash_0.wav,marvin
DataSet/marvin/2b715941_nohash_0.wav,marvin
DataSet/marvin/2b715941_nohash_1.wav,marvin
DataSet/marvin/2bd2cad5_nohash_0.wav,marvin
DataSet/marvin/2bdbe5f7_nohash_0.wav,marvin
DataSet/marvin/2be08ce4_nohash_0.wav,marvin
DataSet/marvin/2bfe70ef_nohash_0.wav,marvin
DataSet/marvin/2c6d3924_nohash_0.wav,marvin
DataSet/marvin/2c727642_nohash_0.wav,marvin
DataSet/marvin/2c727642_nohash_1.wav,marvin
DataSet/marvin/2c7c33e8_nohash_0.wav,marvin
DataSet/marvin/2cec1d47_nohash_0.wav,marvin
DataSet/marvin/2cf28b70_nohash_0.wav,marvin
DataSet/marvin/2cf28b70_nohash_1.wav,marvin
DataSet/marvin/2d327bc8_nohash_0.wav,marvin
DataSet/marvin/2d3c8dcb_nohash_0.wav,marvin
DataSet/marvin/2d82a556_nohash_0.wav,marvin
DataSet/marvin/2d82a556_nohash_1.wav,marvin
DataSet/marvin/2dce72b3_nohash_0.wav,marvin
DataSet/marvin/2df590cd_nohash_0.wav,marvin
DataSet/marvin/2e0d80f7_nohash_0.wav,marvin
DataSet/marvin/2e0d80f7_nohash_1.wav,marvin
DataSet/marvin/2e0d80f7_nohash_2.wav,marvin
DataSet/marvin/2e30f9a5_nohash_0.wav,marvin
DataSet/marvin/2e30f9a5_nohash_1.wav,marvin
DataSet/marvin/2e75d37a_nohash_0.wav,marvin
DataSet/marvin/2e7fac30_nohash_0.wav,marvin
DataSet/marvin/2e8c59f7_nohash_0.wav,marvin
DataSet/marvin/2e8c59f7_nohash_1.wav,marvin
DataSet/marvin/2f0a410b_nohash_0.wav,marvin
DataSet/marvin/2f666bb2_nohash_0.wav,marvin
DataSet/marvin/2f666bb2_nohash_1.wav,marvin
DataSet/marvin/2f813234_nohash_0.wav,marvin
DataSet/marvin/2fa39636_nohash_0.wav,marvin
DataSet/marvin/2fee065a_nohash_0.wav,marvin
DataSet/marvin/300384f0_nohash_0.wav,marvin
DataSet/marvin/300384f0_nohash_1.wav,marvin
DataSet/marvin/30065f33_nohash_0.wav,marvin
DataSet/marvin/30065f33_nohash_1.wav,marvin
DataSet/marvin/30065f33_nohash_2.wav,marvin
DataSet/marvin/3006c271_nohash_0.wav,marvin
DataSet/marvin/30137d34_nohash_0.wav,marvin
DataSet/marvin/30137d34_nohash_1.wav,marvin
DataSet/marvin/30276d03_nohash_0.wav,marvin
DataSet/marvin/30a09789_nohash_0.wav,marvin
DataSet/marvin/30aabd44_nohash_0.wav,marvin
DataSet/marvin/30f31e42_nohash_0.wav,marvin
DataSet/marvin/30f6e665_nohash_0.wav,marvin
DataSet/marvin/3108acca_nohash_0.wav,marvin
DataSet/marvin/31267b59_nohash_0.wav,marvin
DataSet/marvin/31267b59_nohash_1.wav,marvin
DataSet/marvin/312b96ec_nohash_0.wav,marvin
DataSet/marvin/312d6d81_nohash_0.wav,marvin
DataSet/marvin/31583d30_nohash_0.wav,marvin
DataSet/marvin/31601aad_nohash_0.wav,marvin
DataSet/marvin/31d31fa0_nohash_0.wav,marvin
DataSet/marvin/31d31fa0_nohash_1.wav,marvin
DataSet/marvin/31e686d2_nohash_0.wav,marvin
DataSet/marvin/31f01a8d_nohash_0.wav,marvin
DataSet/marvin/31fd5cf5_nohash_0.wav,marvin
DataSet/marvin/3209ec42_nohash_0.wav,marvin
DataSet/marvin/3209ec42_nohash_1.wav,marvin
DataSet/marvin/321aba74_nohash_0.wav,marvin
DataSet/marvin/322d17d3_nohash_0.wav,marvin
DataSet/marvin/324210dd_nohash_0.wav,marvin
DataSet/marvin/3250c035_nohash_0.wav,marvin
DataSet/marvin/3250c035_nohash_1.wav,marvin
DataSet/marvin/325a0c39_nohash_0.wav,marvin
DataSet/marvin/325a0c39_nohash_1.wav,marvin
DataSet/marvin/325a0c39_nohash_2.wav,marvin
DataSet/marvin/327289eb_nohash_0.wav,marvin
DataSet/marvin/32efce64_nohash_0.wav,marvin
DataSet/marvin/32efce64_nohash_1.wav,marvin
DataSet/marvin/333784b7_nohash_0.wav,marvin
DataSet/marvin/333d7ddb_nohash_0.wav,marvin
DataSet/marvin/3389305e_nohash_0.wav,marvin
DataSet/marvin/3389305e_nohash_1.wav,marvin
DataSet/marvin/338dacf5_nohash_0.wav,marvin
DataSet/marvin/338dacf5_nohash_1.wav,marvin
DataSet/marvin/338dacf5_nohash_2.wav,marvin
DataSet/marvin/339f2c5c_nohash_0.wav,marvin
DataSet/marvin/3411cf4b_nohash_0.wav,marvin
DataSet/marvin/3411cf4b_nohash_1.wav,marvin
DataSet/marvin/34263ab3_nohash_0.wav,marvin
DataSet/marvin/3477fab6_nohash_0.wav,marvin
DataSet/marvin/34881b10_nohash_0.wav,marvin
DataSet/marvin/34d5aa5a_nohash_0.wav,marvin
DataSet/marvin/352ffbe3_nohash_0.wav,marvin
DataSet/marvin/3565ca83_nohash_0.wav,marvin
DataSet/marvin/3589bc72_nohash_0.wav,marvin
DataSet/marvin/35c29afe_nohash_0.wav,marvin
DataSet/marvin/35c8fa78_nohash_0.wav,marvin
DataSet/marvin/35d1b6ee_nohash_0.wav,marvin
DataSet/marvin/36050ef3_nohash_0.wav,marvin
DataSet/marvin/363c6bad_nohash_0.wav,marvin
DataSet/marvin/364f979f_nohash_0.wav,marvin
DataSet/marvin/364f979f_nohash_1.wav,marvin
DataSet/marvin/365531e2_nohash_0.wav,marvin
DataSet/marvin/3659fc1c_nohash_0.wav,marvin
DataSet/marvin/370844f7_nohash_0.wav,marvin
DataSet/marvin/3777c08e_nohash_0.wav,marvin
DataSet/marvin/3777c08e_nohash_1.wav,marvin
DataSet/marvin/377e916b_nohash_0.wav,marvin
DataSet/marvin/37a3cd33_nohash_0.wav,marvin
DataSet/marvin/37a3cd33_nohash_1.wav,marvin
DataSet/marvin/37bd115d_nohash_0.wav,marvin
DataSet/marvin/37d38e44_nohash_0.wav,marvin
DataSet/marvin/37dca74f_nohash_0.wav,marvin
DataSet/marvin/37fc5d97_nohash_0.wav,marvin
DataSet/marvin/380abbad_nohash_0.wav,marvin
DataSet/marvin/380abbad_nohash_1.wav,marvin
DataSet/marvin/380abbad_nohash_2.wav,marvin
DataSet/marvin/3837f3f3_nohash_0.wav,marvin
DataSet/marvin/3847619e_nohash_0.wav,marvin
DataSet/marvin/3852fca2_nohash_0.wav,marvin
DataSet/marvin/3852fca2_nohash_1.wav,marvin
DataSet/marvin/38c30a4a_nohash_0.wav,marvin
DataSet/marvin/38c388bc_nohash_0.wav,marvin
DataSet/marvin/38d78313_nohash_0.wav,marvin
DataSet/marvin/39543cfd_nohash_0.wav,marvin
DataSet/marvin/39543cfd_nohash_1.wav,marvin
DataSet/marvin/3983ba0d_nohash_0.wav,marvin
DataSet/marvin/39a45230_nohash_0.wav,marvin
DataSet/marvin/39b5fdab_nohash_0.wav,marvin
DataSet/marvin/39c13eed_nohash_0.wav,marvin
DataSet/marvin/3a3ee7ed_nohash_0.wav,marvin
DataSet/marvin/3a53b856_nohash_0.wav,marvin
DataSet/marvin/3a69f765_nohash_0.wav,marvin
DataSet/marvin/3a70ab7f_nohash_0.wav,marvin
DataSet/marvin/3a70ab7f_nohash_1.wav,marvin
DataSet/marvin/3a70ab7f_nohash_2.wav,marvin
DataSet/marvin/3a789a0d_nohash_0.wav,marvin
DataSet/marvin/3a789a0d_nohash_1.wav,marvin
DataSet/marvin/3a789a0d_nohash_2.wav,marvin
DataSet/marvin/3a789a0d_nohash_3.wav,marvin
DataSet/marvin/3a789a0d_nohash_4.wav,marvin
DataSet/marvin/3a789a0d_nohash_5.wav,marvin
DataSet/marvin/3a7d8872_nohash_0.wav,marvin
DataSet/marvin/3a929277_nohash_0.wav,marvin
DataSet/marvin/3aa6f4e2_nohash_0.wav,marvin
DataSet/marvin/3aa6f4e2_nohash_1.wav,marvin
DataSet/marvin/3aa6f4e2_nohash_2.wav,marvin
DataSet/marvin/3ab9ba07_nohash_0.wav,marvin
DataSet/marvin/3ab9ba07_nohash_1.wav,marvin
DataSet/marvin/3ae5c04f_nohash_0.wav,marvin
DataSet/marvin/3b195250_nohash_0.wav,marvin
DataSet/marvin/3b3d2f59_nohash_0.wav,marvin
DataSet/marvin/3b4f8f24_nohash_0.wav,marvin
DataSet/marvin/3b8406c0_nohash_0.wav,marvin
DataSet/marvin/3b8406c0_nohash_1.wav,marvin
DataSet/marvin/3bb68054_nohash_0.wav,marvin
DataSet/marvin/3bc21161_nohash_0.wav,marvin
DataSet/marvin/3c257192_nohash_0.wav,marvin
DataSet/marvin/3c4aa5ef_nohash_0.wav,marvin
DataSet/marvin/3c8836dc_nohash_0.wav,marvin
DataSet/marvin/3ca784ec_nohash_0.wav,marvin
DataSet/marvin/3cbd76a3_nohash_0.wav,marvin
DataSet/marvin/3cdecb0b_nohash_0.wav,marvin
DataSet/marvin/3cdecb0b_nohash_1.wav,marvin
DataSet/marvin/3d3ddaf8_nohash_0.wav,marvin
DataSet/marvin/3d3ddaf8_nohash_1.wav,marvin
DataSet/marvin/3d53244b_nohash_0.wav,marvin
DataSet/marvin/3d9200b9_nohash_0.wav,marvin
DataSet/marvin/3da7f617_nohash_0.wav,marvin
DataSet/marvin/3de53d23_nohash_0.wav,marvin
DataSet/marvin/3dfd6c23_nohash_0.wav,marvin
DataSet/marvin/3dfd6c23_nohash_1.wav,marvin
DataSet/marvin/3e2ba5f7_nohash_0.wav,marvin
DataSet/marvin/3e2ba5f7_nohash_1.wav,marvin
DataSet/marvin/3e31dffe_nohash_0.wav,marvin
DataSet/marvin/3e3fa7fd_nohash_0.wav,marvin
DataSet/marvin/3eb8764c_nohash_0.wav,marvin
DataSet/marvin/3eb8764c_nohash_1.wav,marvin
DataSet/marvin/3ec05c3d_nohash_0.wav,marvin
DataSet/marvin/3ec05c3d_nohash_1.wav,marvin
DataSet/marvin/3ed3e49a_nohash_0.wav,marvin
DataSet/marvin/3ed3e49a_nohash_1.wav,marvin
DataSet/marvin/3f45a0cf_nohash_0.wav,marvin
DataSet/marvin/3fb8c268_nohash_0.wav,marvin
DataSet/marvin/3fdafe25_nohash_0.wav,marvin
DataSet/marvin/3fdafe25_nohash_1.wav,marvin
DataSet/marvin/402e2977_nohash_0.wav,marvin
DataSet/marvin/409c962a_nohash_0.wav,marvin
DataSet/marvin/40b60ae9_nohash_0.wav,marvin
DataSet/marvin/41285056_nohash_0.wav,marvin
DataSet/marvin/41285056_nohash_1.wav,marvin
DataSet/marvin/412c675c_nohash_0.wav,marvin
DataSet/marvin/413bcfe1_nohash_0.wav,marvin
DataSet/marvin/41474817_nohash_0.wav,marvin
DataSet/marvin/41777abb_nohash_0.wav,marvin
DataSet/marvin/41777abb_nohash_1.wav,marvin
DataSet/marvin/41777abb_nohash_2.wav,marvin
DataSet/marvin/418e7158_nohash_0.wav,marvin
DataSet/marvin/41dce6f5_nohash_0.wav,marvin
DataSet/marvin/41dce6f5_nohash_1.wav,marvin
DataSet/marvin/422d3197_nohash_0.wav,marvin
DataSet/marvin/422d3197_nohash_1.wav,marvin
DataSet/marvin/422f8cf1_nohash_0.wav,marvin
DataSet/marvin/4249c833_nohash_0.wav,marvin
DataSet/marvin/4290ca61_nohash_0.wav,marvin
DataSet/marvin/42beb5eb_nohash_0.wav,marvin
DataSet/marvin/42beb5eb_nohash_1.wav,marvin
DataSet/marvin/42c6fff1_nohash_0.wav,marvin
DataSet/marvin/42ccb57a_nohash_0.wav,marvin
DataSet/marvin/42ccb57a_nohash_1.wav,marvin
DataSet/marvin/42e3f068_nohash_0.wav,marvin
DataSet/marvin/42f81601_nohash_0.wav,marvin
DataSet/marvin/434a267c_nohash_0.wav,marvin
DataSet/marvin/434a267c_nohash_1.wav,marvin
DataSet/marvin/434a267c_nohash_2.wav,marvin
DataSet/marvin/435695e3_nohash_0.wav,marvin
DataSet/marvin/435f9f9e_nohash_0.wav,marvin
DataSet/marvin/435f9f9e_nohash_1.wav,marvin
DataSet/marvin/43691f67_nohash_0.wav,marvin
DataSet/marvin/43b85b64_nohash_0.wav,marvin
DataSet/marvin/43f57297_nohash_0.wav,marvin
DataSet/marvin/4407ba92_nohash_0.wav,marvin
DataSet/marvin/4422e51d_nohash_0.wav,marvin
DataSet/marvin/4422e51d_nohash_1.wav,marvin
DataSet/marvin/446a3161_nohash_0.wav,marvin
DataSet/marvin/44715c1c_nohash_0.wav,marvin
DataSet/marvin/44bc77f7_nohash_0.wav,marvin
DataSet/marvin/44c201dd_nohash_0.wav,marvin
DataSet/marvin/44e9d8d2_nohash_0.wav,marvin
DataSet/marvin/45692b02_nohash_0.wav,marvin
DataSet/marvin/45864319_nohash_0.wav,marvin
DataSet/marvin/459345ea_nohash_0.wav,marvin
DataSet/marvin/45adf84a_nohash_0.wav,marvin
DataSet/marvin/460f2bad_nohash_0.wav,marvin
DataSet/marvin/460f2bad_nohash_1.wav,marvin
DataSet/marvin/46114b4e_nohash_0.wav,marvin
DataSet/marvin/462dca36_nohash_0.wav,marvin
DataSet/marvin/462e1919_nohash_0.wav,marvin
DataSet/marvin/4634529e_nohash_0.wav,marvin
DataSet/marvin/4649256f_nohash_0.wav,marvin
DataSet/marvin/46a153d8_nohash_0.wav,marvin
DataSet/marvin/471a0925_nohash_0.wav,marvin
DataSet/marvin/472b8045_nohash_0.wav,marvin
DataSet/marvin/47565088_nohash_0.wav,marvin
DataSet/marvin/47565088_nohash_1.wav,marvin
DataSet/marvin/475b61f1_nohash_0.wav,marvin
DataSet/marvin/47d01978_nohash_0.wav,marvin
DataSet/marvin/483e2a6f_nohash_0.wav,marvin
DataSet/marvin/483e2a6f_nohash_1.wav,marvin
DataSet/marvin/4874a7e9_nohash_0.wav,marvin
DataSet/marvin/48a8a69d_nohash_0.wav,marvin
DataSet/marvin/48bfde8e_nohash_0.wav,marvin
DataSet/marvin/4954abe8_nohash_0.wav,marvin
DataSet/marvin/4954abe8_nohash_1.wav,marvin
DataSet/marvin/4954abe8_nohash_2.wav,marvin
DataSet/marvin/4954abe8_nohash_3.wav,marvin
DataSet/marvin/4995d875_nohash_0.wav,marvin
DataSet/marvin/4a0e2c16_nohash_0.wav,marvin
DataSet/marvin/4a1e736b_nohash_0.wav,marvin
DataSet/marvin/4a294341_nohash_0.wav,marvin
DataSet/marvin/4a294341_nohash_1.wav,marvin
DataSet/marvin/4a4e28f1_nohash_0.wav,marvin
DataSet/marvin/4a803e67_nohash_0.wav,marvin
DataSet/marvin/4a803e67_nohash_1.wav,marvin
DataSet/marvin/4a803e67_nohash_2.wav,marvin
DataSet/marvin/4abb2400_nohash_0.wav,marvin
DataSet/marvin/4abefdf5_nohash_0.wav,marvin
DataSet/marvin/4b3a7ad5_nohash_0.wav,marvin
DataSet/marvin/4b3a7ad5_nohash_1.wav,marvin
DataSet/marvin/4beff0c5_nohash_0.wav,marvin
DataSet/marvin/4c13fe25_nohash_0.wav,marvin
DataSet/marvin/4c3cddb8_nohash_0.wav,marvin
DataSet/marvin/4c594e0f_nohash_0.wav,marvin
DataSet/marvin/4c6167ca_nohash_0.wav,marvin
DataSet/marvin/4c6167ca_nohash_1.wav,marvin
DataSet/marvin/4c6944d6_nohash_0.wav,marvin
DataSet/marvin/4c6944d6_nohash_1.wav,marvin
DataSet/marvin/4c841771_nohash_0.wav,marvin
DataSet/marvin/4c841771_nohash_1.wav,marvin
DataSet/marvin/4ca37738_nohash_0.wav,marvin
DataSet/marvin/4cb874bb_nohash_0.wav,marvin
DataSet/marvin/4cee0c60_nohash_0.wav,marvin
DataSet/marvin/4d04f1d1_nohash_0.wav,marvin
DataSet/marvin/4d463b96_nohash_0.wav,marvin
DataSet/marvin/4d4e17f5_nohash_0.wav,marvin
DataSet/marvin/4d4e17f5_nohash_1.wav,marvin
DataSet/marvin/4d9e07cf_nohash_0.wav,marvin
DataSet/marvin/4def68db_nohash_0.wav,marvin
DataSet/marvin/4e61bf96_nohash_0.wav,marvin
DataSet/marvin/4e6902d0_nohash_0.wav,marvin
DataSet/marvin/4e99c1b7_nohash_0.wav,marvin
DataSet/marvin/4f086393_nohash_0.wav,marvin
DataSet/marvin/4f086393_nohash_1.wav,marvin
DataSet/marvin/4f256313_nohash_0.wav,marvin
DataSet/marvin/4f256313_nohash_1.wav,marvin
DataSet/marvin/4f8ef132_nohash_0.wav,marvin
DataSet/marvin/4fd1443e_nohash_0.wav,marvin
DataSet/marvin/4fd4d073_nohash_0.wav,marvin
DataSet/marvin/5087f68b_nohash_0.wav,marvin
DataSet/marvin/508e30ee_nohash_0.wav,marvin
DataSet/marvin/50a8ef27_nohash_0.wav,marvin
DataSet/marvin/50ed8a7b_nohash_0.wav,marvin
DataSet/marvin/50ed8a7b_nohash_1.wav,marvin
DataSet/marvin/50f55535_nohash_0.wav,marvin
DataSet/marvin/50f55535_nohash_1.wav,marvin
DataSet/marvin/5104f2f4_nohash_0.wav,marvin
DataSet/marvin/51055bda_nohash_0.wav,marvin
DataSet/marvin/513aeddf_nohash_0.wav,marvin
DataSet/marvin/5170b77f_nohash_0.wav,marvin
DataSet/marvin/5184ed3e_nohash_0.wav,marvin
DataSet/marvin/518588b6_nohash_0.wav,marvin
DataSet/marvin/5195f0ec_nohash_0.wav,marvin
DataSet/marvin/5195f0ec_nohash_1.wav,marvin
DataSet/marvin/51eefcc6_nohash_0.wav,marvin
DataSet/marvin/51eefcc6_nohash_1.wav,marvin
DataSet/marvin/51eefcc6_nohash_2.wav,marvin
DataSet/marvin/51f4d5b0_nohash_0.wav,marvin
DataSet/marvin/51f4d5b0_nohash_1.wav,marvin
DataSet/marvin/520e8c0e_nohash_0.wav,marvin
DataSet/marvin/5236848b_nohash_0.wav,marvin
DataSet/marvin/5236848b_nohash_1.wav,marvin
DataSet/marvin/525eaa62_nohash_0.wav,marvin
DataSet/marvin/529eda42_nohash_0.wav,marvin
DataSet/marvin/529eda42_nohash_1.wav,marvin
DataSet/marvin/529eda42_nohash_2.wav,marvin
DataSet/marvin/529eda42_nohash_3.wav,marvin
DataSet/marvin/52e228e9_nohash_0.wav,marvin
DataSet/marvin/52e228e9_nohash_1.wav,marvin
DataSet/marvin/531a5b8a_nohash_0.wav,marvin
DataSet/marvin/531a5b8a_nohash_1.wav,marvin
DataSet/marvin/531a5b8a_nohash_2.wav,marvin
DataSet/marvin/533c6564_nohash_0.wav,marvin
DataSet/marvin/533c6564_nohash_1.wav,marvin
DataSet/marvin/53458368_nohash_0.wav,marvin
DataSet/marvin/53578f4e_nohash_0.wav,marvin
DataSet/marvin/53d5b86f_nohash_0.wav,marvin
DataSet/marvin/53d5b86f_nohash_1.wav,marvin
DataSet/marvin/541120c7_nohash_0.wav,marvin
DataSet/marvin/541120c7_nohash_1.wav,marvin
DataSet/marvin/542f38a2_nohash_0.wav,marvin
DataSet/marvin/54412eae_nohash_0.wav,marvin
DataSet/marvin/54ad8f22_nohash_0.wav,marvin
DataSet/marvin/54aecbd5_nohash_0.wav,marvin
DataSet/marvin/54b6d355_nohash_0.wav,marvin
DataSet/marvin/551e42e8_nohash_0.wav,marvin
DataSet/marvin/551e42e8_nohash_1.wav,marvin
DataSet/marvin/551e42e8_nohash_2.wav,marvin
DataSet/marvin/551e42e8_nohash_3.wav,marvin
DataSet/marvin/5525ff66_nohash_0.wav,marvin
DataSet/marvin/553f1a79_nohash_0.wav,marvin
DataSet/marvin/55463c16_nohash_0.wav,marvin
DataSet/marvin/55d3725a_nohash_0.wav,marvin
DataSet/marvin/55d3725a_nohash_1.wav,marvin
DataSet/marvin/55feffd5_nohash_0.wav,marvin
DataSet/marvin/55feffd5_nohash_1.wav,marvin
DataSet/marvin/5677ec77_nohash_0.wav,marvin
DataSet/marvin/5677ec77_nohash_1.wav,marvin
DataSet/marvin/56eb74ae_nohash_0.wav,marvin
DataSet/marvin/57152045_nohash_0.wav,marvin
DataSet/marvin/571c044e_nohash_0.wav,marvin
DataSet/marvin/573cdb8a_nohash_0.wav,marvin
DataSet/marvin/573cdb8a_nohash_1.wav,marvin
DataSet/marvin/573cdb8a_nohash_2.wav,marvin
DataSet/marvin/5744b6a7_nohash_0.wav,marvin
DataSet/marvin/5744b6a7_nohash_1.wav,marvin
DataSet/marvin/574ec766_nohash_0.wav,marvin
DataSet/marvin/574ec766_nohash_1.wav,marvin
DataSet/marvin/5769c5ab_nohash_0.wav,marvin
DataSet/marvin/578d3efb_nohash_0.wav,marvin
DataSet/marvin/57b38f48_nohash_0.wav,marvin
DataSet/marvin/57b68383_nohash_0.wav,marvin
DataSet/marvin/57b68383_nohash_1.wav,marvin
DataSet/marvin/57de2379_nohash_0.wav,marvin
DataSet/marvin/587f3271_nohash_0.wav,marvin
DataSet/marvin/589bce2c_nohash_0.wav,marvin
DataSet/marvin/58df33b5_nohash_0.wav,marvin
DataSet/marvin/590750e8_nohash_0.wav,marvin
DataSet/marvin/591d32f3_nohash_0.wav,marvin
DataSet/marvin/59b98a22_nohash_0.wav,marvin
DataSet/marvin/59fe87e6_nohash_0.wav,marvin
DataSet/marvin/5a3712c9_nohash_0.wav,marvin
DataSet/marvin/5a5721f8_nohash_0.wav,marvin
DataSet/marvin/5a98d407_nohash_0.wav,marvin
DataSet/marvin/5a9f7324_nohash_0.wav,marvin
DataSet/marvin/5a9f7324_nohash_1.wav,marvin
DataSet/marvin/5aac2efa_nohash_0.wav,marvin
DataSet/marvin/5aac2efa_nohash_1.wav,marvin
DataSet/marvin/5af0ca83_nohash_0.wav,marvin
DataSet/marvin/5af0ca83_nohash_1.wav,marvin
DataSet/marvin/5b09db89_nohash_0.wav,marvin
DataSet/marvin/5b26c81b_nohash_0.wav,marvin
DataSet/marvin/5b32733e_nohash_0.wav,marvin
DataSet/marvin/5b7cb31f_nohash_0.wav,marvin
DataSet/marvin/5ba724a7_nohash_0.wav,marvin
DataSet/marvin/5ba724a7_nohash_1.wav,marvin
DataSet/marvin/5be23def_nohash_0.wav,marvin
DataSet/marvin/5c237956_nohash_0.wav,marvin
DataSet/marvin/5c237956_nohash_1.wav,marvin
DataSet/marvin/5c39594f_nohash_0.wav,marvin
DataSet/marvin/5c8af87a_nohash_0.wav,marvin
DataSet/marvin/5d0ab165_nohash_0.wav,marvin
DataSet/marvin/5d0ab165_nohash_1.wav,marvin
DataSet/marvin/5d4e3bb8_nohash_0.wav,marvin
DataSet/marvin/5d4e3bb8_nohash_1.wav,marvin
DataSet/marvin/5d9bb361_nohash_0.wav,marvin
DataSet/marvin/5db0e146_nohash_0.wav,marvin
DataSet/marvin/5db0e146_nohash_1.wav,marvin
DataSet/marvin/5de3f6cc_nohash_0.wav,marvin
DataSet/marvin/5e033479_nohash_0.wav,marvin
DataSet/marvin/5e033479_nohash_1.wav,marvin
DataSet/marvin/5e3b7a84_nohash_0.wav,marvin
DataSet/marvin/5e3b7a84_nohash_1.wav,marvin
DataSet/marvin/5e3dde6b_nohash_0.wav,marvin
DataSet/marvin/5ebc1cda_nohash_0.wav,marvin
DataSet/marvin/5ef35194_nohash_0.wav,marvin
DataSet/marvin/5f1253e9_nohash_0.wav,marvin
DataSet/marvin/5f1b1051_nohash_0.wav,marvin
DataSet/marvin/5f1b1051_nohash_1.wav,marvin
DataSet/marvin/5f5eef60_nohash_0.wav,marvin
DataSet/marvin/5f814c23_nohash_0.wav,marvin
DataSet/marvin/5f8e50a0_nohash_0.wav,marvin
DataSet/marvin/5f9cd2eb_nohash_0.wav,marvin
DataSet/marvin/5fb88f4c_nohash_0.wav,marvin
DataSet/marvin/5fe4a278_nohash_0.wav,marvin
DataSet/marvin/6021f08b_nohash_0.wav,marvin
DataSet/marvin/60402b64_nohash_0.wav,marvin
DataSet/marvin/605ed0ff_nohash_0.wav,marvin
DataSet/marvin/6071a214_nohash_0.wav,marvin
DataSet/marvin/6071a214_nohash_1.wav,marvin
DataSet/marvin/6071a214_nohash_2.wav,marvin
DataSet/marvin/608473c9_nohash_0.wav,marvin
DataSet/marvin/6094340e_nohash_0.wav,marvin
DataSet/marvin/611d2b50_nohash_0.wav,marvin
DataSet/marvin/6124b431_nohash_0.wav,marvin
DataSet/marvin/61482e52_nohash_0.wav,marvin
DataSet/marvin/616420be_nohash_0.wav,marvin
DataSet/marvin/6166ae21_nohash_0.wav,marvin
DataSet/marvin/6166ae21_nohash_1.wav,marvin
DataSet/marvin/617aeb6c_nohash_0.wav,marvin
DataSet/marvin/617de221_nohash_0.wav,marvin
DataSet/marvin/619b5164_nohash_0.wav,marvin
DataSet/marvin/619b5164_nohash_1.wav,marvin
DataSet/marvin/61ab8fbc_nohash_0.wav,marvin
DataSet/marvin/61abbf52_nohash_0.wav,marvin
DataSet/marvin/61d3e51e_nohash_0.wav,marvin
DataSet/marvin/61e2f74f_nohash_0.wav,marvin
DataSet/marvin/62581901_nohash_0.wav,marvin
DataSet/marvin/62605293_nohash_0.wav,marvin
DataSet/marvin/62605293_nohash_1.wav,marvin
DataSet/marvin/62605293_nohash_2.wav,marvin
DataSet/marvin/626e323f_nohash_0.wav,marvin
DataSet/marvin/62b7c848_nohash_0.wav,marvin
DataSet/marvin/62b7c848_nohash_1.wav,marvin
DataSet/marvin/62ef962d_nohash_0.wav,marvin
DataSet/marvin/62f05757_nohash_0.wav,marvin
DataSet/marvin/6301e683_nohash_0.wav,marvin
DataSet/marvin/6347b393_nohash_0.wav,marvin
DataSet/marvin/6347b393_nohash_1.wav,marvin
DataSet/marvin/6366f61a_nohash_0.wav,marvin
DataSet/marvin/6379c6a2_nohash_0.wav,marvin
DataSet/marvin/638548d5_nohash_0.wav,marvin
DataSet/marvin/63996b7c_nohash_0.wav,marvin
DataSet/marvin/63f042c6_nohash_0.wav,marvin
DataSet/marvin/63f7a489_nohash_0.wav,marvin
DataSet/marvin/6414258b_nohash_0.wav,marvin
DataSet/marvin/6414258b_nohash_1.wav,marvin
DataSet/marvin/64220627_nohash_0.wav,marvin
DataSet/marvin/64574a99_nohash_0.wav,marvin
DataSet/marvin/645ed69d_nohash_0.wav,marvin
DataSet/marvin/64da5281_nohash_0.wav,marvin
DataSet/marvin/64da5281_nohash_1.wav,marvin
DataSet/marvin/64df20d8_nohash_0.wav,marvin
DataSet/marvin/64e48f55_nohash_0.wav,marvin
DataSet/marvin/64f83f0e_nohash_0.wav,marvin
DataSet/marvin/650daf8e_nohash_0.wav,marvin
DataSet/marvin/652b3da7_nohash_0.wav,marvin
DataSet/marvin/652b3da7_nohash_1.wav,marvin
DataSet/marvin/654772d3_nohash_0.wav,marvin
DataSet/marvin/654772d3_nohash_1.wav,marvin
DataSet/marvin/6565a81d_nohash_0.wav,marvin
DataSet/marvin/656e8bb3_nohash_0.wav,marvin
DataSet/marvin/656e8bb3_nohash_1.wav,marvin
DataSet/marvin/65846c5f_nohash_0.wav,marvin
DataSet/marvin/65d14087_nohash_0.wav,marvin
DataSet/marvin/65d14087_nohash_1.wav,marvin
DataSet/marvin/65d81c54_nohash_0.wav,marvin
DataSet/marvin/65d81c54_nohash_1.wav,marvin
DataSet/marvin/65ec06e5_nohash_0.wav,marvin
DataSet/marvin/66276b0e_nohash_0.wav,marvin
DataSet/marvin/66276b0e_nohash_1.wav,marvin
DataSet/marvin/6640fdc0_nohash_0.wav,marvin
DataSet/marvin/66774579_nohash_0.wav,marvin
DataSet/marvin/66774579_nohash_1.wav,marvin
DataSet/marvin/66a412a7_nohash_0.wav,marvin
DataSet/marvin/66a412a7_nohash_1.wav,marvin
DataSet/marvin/66aa0f29_nohash_0.wav,marvin
DataSet/marvin/66cbe2b3_nohash_0.wav,marvin
DataSet/marvin/66cbe2b3_nohash_1.wav,marvin
DataSet/marvin/66cff190_nohash_0.wav,marvin
DataSet/marvin/66cff190_nohash_1.wav,marvin
DataSet/marvin/66e8a4ec_nohash_0.wav,marvin
DataSet/marvin/6727b579_nohash_0.wav,marvin
DataSet/marvin/674ca5ea_nohash_0.wav,marvin
DataSet/marvin/676f8138_nohash_0.wav,marvin
DataSet/marvin/6794a793_nohash_0.wav,marvin
DataSet/marvin/67961766_nohash_0.wav,marvin
DataSet/marvin/67961766_nohash_1.wav,marvin
DataSet/marvin/67961766_nohash_2.wav,marvin
DataSet/marvin/67fcdb05_nohash_0.wav,marvin
DataSet/marvin/67fcdb05_nohash_1.wav,marvin
DataSet/marvin/67fcdb05_nohash_2.wav,marvin
DataSet/marvin/6823565f_nohash_0.wav,marvin
DataSet/marvin/682e1687_nohash_0.wav,marvin
DataSet/marvin/682e1687_nohash_1.wav,marvin
DataSet/marvin/6889b21f_nohash_0.wav,marvin
DataSet/marvin/6889b21f_nohash_1.wav,marvin
DataSet/marvin/68dd409e_nohash_0.wav,marvin
DataSet/marvin/68effe85_nohash_0.wav,marvin
DataSet/marvin/68effe85_nohash_1.wav,marvin
DataSet/marvin/692a88e6_nohash_0.wav,marvin
DataSet/marvin/6940f7f3_nohash_0.wav,marvin
DataSet/marvin/695c2127_nohash_0.wav,marvin
DataSet/marvin/695c2127_nohash_1.wav,marvin
DataSet/marvin/695c2127_nohash_2.wav,marvin
DataSet/marvin/6982fc2a_nohash_0.wav,marvin
DataSet/marvin/69953f48_nohash_0.wav,marvin
DataSet/marvin/69a1a79f_nohash_0.wav,marvin
DataSet/marvin/69f609ec_nohash_0.wav,marvin
DataSet/marvin/6a1908f8_nohash_0.wav,marvin
DataSet/marvin/6a1908f8_nohash_1.wav,marvin
DataSet/marvin/6a1908f8_nohash_2.wav,marvin
DataSet/marvin/6a203e0e_nohash_0.wav,marvin
DataSet/marvin/6a203e0e_nohash_1.wav,marvin
DataSet/marvin/6a27a9bf_nohash_0.wav,marvin
DataSet/marvin/6a497f80_nohash_0.wav,marvin
DataSet/marvin/6a497f80_nohash_1.wav,marvin
DataSet/marvin/6a861f21_nohash_0.wav,marvin
DataSet/marvin/6aa8def4_nohash_0.wav,marvin
DataSet/marvin/6ace4fe1_nohash_0.wav,marvin
DataSet/marvin/6add0595_nohash_0.wav,marvin
DataSet/marvin/6add0595_nohash_1.wav,marvin
DataSet/marvin/6af4aa07_nohash_0.wav,marvin
DataSet/marvin/6af4aa07_nohash_1.wav,marvin
DataSet/marvin/6b7d5101_nohash_0.wav,marvin
DataSet/marvin/6b81fead_nohash_0.wav,marvin
DataSet/marvin/6b81fead_nohash_1.wav,marvin
DataSet/marvin/6b889021_nohash_0.wav,marvin
DataSet/marvin/6b889021_nohash_1.wav,marvin
DataSet/marvin/6bf5baf3_nohash_0.wav,marvin
DataSet/marvin/6c0f6493_nohash_0.wav,marvin
DataSet/marvin/6c9223bd_nohash_0.wav,marvin
DataSet/marvin/6c9223bd_nohash_1.wav,marvin
DataSet/marvin/6c9223bd_nohash_2.wav,marvin
DataSet/marvin/6c968bd9_nohash_0.wav,marvin
DataSet/marvin/6cb6eee7_nohash_0.wav,marvin
DataSet/marvin/6cc28ce5_nohash_0.wav,marvin
DataSet/marvin/6cf5459b_nohash_0.wav,marvin
DataSet/marvin/6d0ad764_nohash_0.wav,marvin
DataSet/marvin/6d7af359_nohash_0.wav,marvin
DataSet/marvin/6d818f6c_nohash_0.wav,marvin
DataSet/marvin/6e2ef3d5_nohash_0.wav,marvin
DataSet/marvin/6e74c582_nohash_0.wav,marvin
DataSet/marvin/6e916de8_nohash_0.wav,marvin
DataSet/marvin/6ef407da_nohash_0.wav,marvin
DataSet/marvin/6ef76186_nohash_0.wav,marvin
DataSet/marvin/6f1ffef6_nohash_0.wav,marvin
DataSet/marvin/6f2c6f7e_nohash_0.wav,marvin
DataSet/marvin/6f2f57c1_nohash_0.wav,marvin
DataSet/marvin/6f342826_nohash_0.wav,marvin
DataSet/marvin/6f3458b3_nohash_0.wav,marvin
DataSet/marvin/6f5b4d3d_nohash_0.wav,marvin
DataSet/marvin/6f689791_nohash_0.wav,marvin
DataSet/marvin/6f689791_nohash_1.wav,marvin
DataSet/marvin/6fca237d_nohash_0.wav,marvin
DataSet/marvin/7014b07e_nohash_0.wav,marvin
DataSet/marvin/7014b07e_nohash_1.wav,marvin
DataSet/marvin/7014b07e_nohash_2.wav,marvin
DataSet/marvin/708a9569_nohash_0.wav,marvin
DataSet/marvin/708b8d51_nohash_0.wav,marvin
DataSet/marvin/708b8d51_nohash_1.wav,marvin
DataSet/marvin/708b8d51_nohash_2.wav,marvin
DataSet/marvin/70a00e98_nohash_0.wav,marvin
DataSet/marvin/70b0ccf4_nohash_0.wav,marvin
DataSet/marvin/7106d229_nohash_0.wav,marvin
DataSet/marvin/71904de3_nohash_0.wav,marvin
DataSet/marvin/7192fddc_nohash_0.wav,marvin
DataSet/marvin/71aa5b54_nohash_0.wav,marvin
DataSet/marvin/71bf8f48_nohash_0.wav,marvin
DataSet/marvin/71d0ded4_nohash_0.wav,marvin
DataSet/marvin/71f6fed7_nohash_0.wav,marvin
DataSet/marvin/71f9bba8_nohash_0.wav,marvin
DataSet/marvin/7211390b_nohash_0.wav,marvin
DataSet/marvin/7213ed54_nohash_0.wav,marvin
DataSet/marvin/72242187_nohash_0.wav,marvin
DataSet/marvin/723efc4c_nohash_0.wav,marvin
DataSet/marvin/723efc4c_nohash_1.wav,marvin
DataSet/marvin/72be9202_nohash_0.wav,marvin
DataSet/marvin/72d75d96_nohash_0.wav,marvin
DataSet/marvin/72e382bd_nohash_0.wav,marvin
DataSet/marvin/7318280c_nohash_0.wav,marvin
DataSet/marvin/735845ab_nohash_0.wav,marvin
DataSet/marvin/73af0c50_nohash_0.wav,marvin
DataSet/marvin/73af0c50_nohash_1.wav,marvin
DataSet/marvin/73cccfaf_nohash_0.wav,marvin
DataSet/marvin/73cccfaf_nohash_1.wav,marvin
DataSet/marvin/73f20b00_nohash_0.wav,marvin
DataSet/marvin/74241b28_nohash_0.wav,marvin
DataSet/marvin/742d6431_nohash_0.wav,marvin
DataSet/marvin/743edf9d_nohash_0.wav,marvin
DataSet/marvin/743edf9d_nohash_1.wav,marvin
DataSet/marvin/74551073_nohash_0.wav,marvin
DataSet/marvin/745a8e32_nohash_0.wav,marvin
DataSet/marvin/745a8e32_nohash_1.wav,marvin
DataSet/marvin/7464b22e_nohash_0.wav,marvin
DataSet/marvin/74b73f88_nohash_0.wav,marvin
DataSet/marvin/74b73f88_nohash_1.wav,marvin
DataSet/marvin/75915c90_nohash_0.wav,marvin
DataSet/marvin/75915c90_nohash_1.wav,marvin
DataSet/marvin/7622d95b_nohash_0.wav,marvin
DataSet/marvin/763188c4_nohash_0.wav,marvin
DataSet/marvin/76e53db9_nohash_0.wav,marvin
DataSet/marvin/773e26f7_nohash_0.wav,marvin
DataSet/marvin/778a4a01_nohash_0.wav,marvin
DataSet/marvin/778a4a01_nohash_1.wav,marvin
DataSet/marvin/7799c9cd_nohash_0.wav,marvin
DataSet/marvin/779de043_nohash_0.wav,marvin
DataSet/marvin/77f185d3_nohash_0.wav,marvin
DataSet/marvin/77f185d3_nohash_1.wav,marvin
DataSet/marvin/7846fd85_nohash_0.wav,marvin
DataSet/marvin/78622c2b_nohash_0.wav,marvin
DataSet/marvin/78622c2b_nohash_1.wav,marvin
DataSet/marvin/78884794_nohash_0.wav,marvin
DataSet/marvin/789e4ee7_nohash_0.wav,marvin
DataSet/marvin/7910d292_nohash_0.wav,marvin
DataSet/marvin/79b37d3a_nohash_0.wav,marvin
DataSet/marvin/7a5530c9_nohash_0.wav,marvin
DataSet/marvin/7a5530c9_nohash_1.wav,marvin
DataSet/marvin/7add4c5f_nohash_0.wav,marvin
DataSet/marvin/7add4c5f_nohash_1.wav,marvin
DataSet/marvin/7b2e879e_nohash_0.wav,marvin
DataSet/marvin/7bae88ed_nohash_0.wav,marvin
DataSet/marvin/7bae88ed_nohash_1.wav,marvin
DataSet/marvin/7bae88ed_nohash_2.wav,marvin
DataSet/marvin/7bae88ed_nohash_3.wav,marvin
DataSet/marvin/7be9f58a_nohash_0.wav,marvin
DataSet/marvin/7bf801d1_nohash_0.wav,marvin
DataSet/marvin/7bf801d1_nohash_1.wav,marvin
DataSet/marvin/7c2a3fa4_nohash_0.wav,marvin
DataSet/marvin/7c75a504_nohash_0.wav,marvin
DataSet/marvin/7c75a504_nohash_1.wav,marvin
DataSet/marvin/7c75a504_nohash_2.wav,marvin
DataSet/marvin/7c83c5f6_nohash_0.wav,marvin
DataSet/marvin/7c86c03e_nohash_0.wav,marvin
DataSet/marvin/7c9b43f0_nohash_0.wav,marvin
DataSet/marvin/7ca023e2_nohash_0.wav,marvin
DataSet/marvin/7cb5c0b7_nohash_0.wav,marvin
DataSet/marvin/7cbf645a_nohash_0.wav,marvin
DataSet/marvin/7cf14c54_nohash_0.wav,marvin
DataSet/marvin/7cfb1618_nohash_0.wav,marvin
DataSet/marvin/7d149b38_nohash_0.wav,marvin
DataSet/marvin/7d5f87c8_nohash_0.wav,marvin
DataSet/marvin/7d5f87c8_nohash_1.wav,marvin
DataSet/marvin/7d6b4b10_nohash_0.wav,marvin
DataSet/marvin/7d86b703_nohash_0.wav,marvin
DataSet/marvin/7e1054e7_nohash_0.wav,marvin
DataSet/marvin/7e4fa1d8_nohash_0.wav,marvin
DataSet/marvin/7e556a2c_nohash_0.wav,marvin
DataSet/marvin/7e556a2c_nohash_1.wav,marvin
DataSet/marvin/7e6bd776_nohash_0.wav,marvin
DataSet/marvin/7e843da8_nohash_0.wav,marvin
DataSet/marvin/7ea032f3_nohash_0.wav,marvin
DataSet/marvin/7f581e94_nohash_0.wav,marvin
DataSet/marvin/7f74626f_nohash_0.wav,marvin
DataSet/marvin/7f9eb952_nohash_0.wav,marvin
DataSet/marvin/7fb8d703_nohash_0.wav,marvin
DataSet/marvin/7fc74fbe_nohash_0.wav,marvin
DataSet/marvin/7fd25f7c_nohash_0.wav,marvin
DataSet/marvin/7ff085e1_nohash_0.wav,marvin
DataSet/marvin/7ff085e1_nohash_1.wav,marvin
DataSet/marvin/7ff085e1_nohash_2.wav,marvin
DataSet/marvin/7ff4fc72_nohash_0.wav,marvin
DataSet/marvin/8012c69d_nohash_0.wav,marvin
DataSet/marvin/80768fa5_nohash_0.wav,marvin
DataSet/marvin/80c45ed6_nohash_0.wav,marvin
DataSet/marvin/80c45ed6_nohash_1.wav,marvin
DataSet/marvin/80c45ed6_nohash_2.wav,marvin
DataSet/marvin/80f056c0_nohash_0.wav,marvin
DataSet/marvin/80fe1dc7_nohash_0.wav,marvin
DataSet/marvin/81332c92_nohash_0.wav,marvin
DataSet/marvin/8134f43f_nohash_0.wav,marvin
DataSet/marvin/815f0f03_nohash_0.wav,marvin
DataSet/marvin/815f0f03_nohash_1.wav,marvin
DataSet/marvin/815f0f03_nohash_2.wav,marvin
DataSet/marvin/81898f68_nohash_0.wav,marvin
DataSet/marvin/81dc4a94_nohash_0.wav,marvin
DataSet/marvin/81dc4a94_nohash_1.wav,marvin
DataSet/marvin/821b64cc_nohash_0.wav,marvin
DataSet/marvin/82305c3a_nohash_0.wav,marvin
DataSet/marvin/823353e5_nohash_0.wav,marvin
DataSet/marvin/823353e5_nohash_1.wav,marvin
DataSet/marvin/824e8ce5_nohash_0.wav,marvin
DataSet/marvin/826268f8_nohash_0.wav,marvin
DataSet/marvin/826268f8_nohash_1.wav,marvin
DataSet/marvin/827421c4_nohash_0.wav,marvin
DataSet/marvin/8281a2a8_nohash_0.wav,marvin
DataSet/marvin/82951cf0_nohash_0.wav,marvin
DataSet/marvin/82b99576_nohash_0.wav,marvin
DataSet/marvin/82c6d220_nohash_0.wav,marvin
DataSet/marvin/82c6d220_nohash_1.wav,marvin
DataSet/marvin/82c6d220_nohash_2.wav,marvin
DataSet/marvin/82c6d220_nohash_3.wav,marvin
DataSet/marvin/82d0d3ba_nohash_0.wav,marvin
DataSet/marvin/82e7204d_nohash_0.wav,marvin
DataSet/marvin/82e7204d_nohash_1.wav,marvin
DataSet/marvin/8335f893_nohash_0.wav,marvin
DataSet/marvin/833a0279_nohash_0.wav,marvin
DataSet/marvin/833d9f56_nohash_0.wav,marvin
DataSet/marvin/834f03fe_nohash_0.wav,marvin
DataSet/marvin/8353fea1_nohash_0.wav,marvin
DataSet/marvin/837a0f64_nohash_0.wav,marvin
DataSet/marvin/837f7378_nohash_0.wav,marvin
DataSet/marvin/83957201_nohash_0.wav,marvin
DataSet/marvin/83c9e7e6_nohash_0.wav,marvin
DataSet/marvin/840c366d_nohash_0.wav,marvin
DataSet/marvin/840c366d_nohash_1.wav,marvin
DataSet/marvin/840eab5a_nohash_0.wav,marvin
DataSet/marvin/840eab5a_nohash_1.wav,marvin
DataSet/marvin/845f8553_nohash_0.wav,marvin
DataSet/marvin/84d1e469_nohash_0.wav,marvin
DataSet/marvin/850e2222_nohash_0.wav,marvin
DataSet/marvin/850e2222_nohash_1.wav,marvin
DataSet/marvin/850e2222_nohash_2.wav,marvin
DataSet/marvin/850e2222_nohash_3.wav,marvin
DataSet/marvin/8536c82d_nohash_0.wav,marvin
DataSet/marvin/8549f25d_nohash_0.wav,marvin
DataSet/marvin/856eb138_nohash_0.wav,marvin
DataSet/marvin/85834399_nohash_0.wav,marvin
DataSet/marvin/85834399_nohash_1.wav,marvin
DataSet/marvin/85851131_nohash_0.wav,marvin
DataSet/marvin/85ac0c1b_nohash_0.wav,marvin
DataSet/marvin/85b877b5_nohash_0.wav,marvin
DataSet/marvin/85b877b5_nohash_1.wav,marvin
DataSet/marvin/85c5eaa0_nohash_0.wav,marvin
DataSet/marvin/85c60942_nohash_0.wav,marvin
DataSet/marvin/8601f33b_nohash_0.wav,marvin
DataSet/marvin/8601f33b_nohash_1.wav,marvin
DataSet/marvin/8625475c_nohash_0.wav,marvin
DataSet/marvin/8625475c_nohash_1.wav,marvin
DataSet/marvin/8625475c_nohash_2.wav,marvin
DataSet/marvin/863880b7_nohash_0.wav,marvin
DataSet/marvin/87014d40_nohash_0.wav,marvin
DataSet/marvin/87014d40_nohash_1.wav,marvin
DataSet/marvin/87070229_nohash_0.wav,marvin
DataSet/marvin/8769c34c_nohash_0.wav,marvin
DataSet/marvin/876c84d6_nohash_0.wav,marvin
DataSet/marvin/87728a88_nohash_0.wav,marvin
DataSet/marvin/8781f4c1_nohash_0.wav,marvin
DataSet/marvin/8781f4c1_nohash_1.wav,marvin
DataSet/marvin/879a2b38_nohash_0.wav,marvin
DataSet/marvin/87c62767_nohash_0.wav,marvin
DataSet/marvin/87c62767_nohash_1.wav,marvin
DataSet/marvin/87eff300_nohash_0.wav,marvin
DataSet/marvin/88053e92_nohash_0.wav,marvin
DataSet/marvin/881583a6_nohash_0.wav,marvin
DataSet/marvin/881583a6_nohash_1.wav,marvin
DataSet/marvin/881583a6_nohash_2.wav,marvin
DataSet/marvin/888a0c49_nohash_0.wav,marvin
DataSet/marvin/88e85150_nohash_0.wav,marvin
DataSet/marvin/88e85150_nohash_1.wav,marvin
DataSet/marvin/88e90bc1_nohash_0.wav,marvin
DataSet/marvin/88f3719f_nohash_0.wav,marvin
DataSet/marvin/890cc926_nohash_0.wav,marvin
DataSet/marvin/8931f494_nohash_0.wav,marvin
DataSet/marvin/893b3c11_nohash_0.wav,marvin
DataSet/marvin/89d6d11e_nohash_0.wav,marvin
DataSet/marvin/89e59d18_nohash_0.wav,marvin
DataSet/marvin/89e59d18_nohash_1.wav,marvin
DataSet/marvin/89ed36ab_nohash_0.wav,marvin
DataSet/marvin/89f3ab7d_nohash_0.wav,marvin
DataSet/marvin/89f3ab7d_nohash_1.wav,marvin
DataSet/marvin/8a0457c9_nohash_0.wav,marvin
DataSet/marvin/8a194ee6_nohash_0.wav,marvin
DataSet/marvin/8a194ee6_nohash_1.wav,marvin
DataSet/marvin/8a1c449e_nohash_0.wav,marvin
DataSet/marvin/8a1c449e_nohash_1.wav,marvin
DataSet/marvin/8a28231e_nohash_0.wav,marvin
DataSet/marvin/8a744054_nohash_0.wav,marvin
DataSet/marvin/8a90cf67_nohash_0.wav,marvin
DataSet/marvin/8aa35b0c_nohash_0.wav,marvin
DataSet/marvin/8b25410a_nohash_0.wav,marvin
DataSet/marvin/8b367d88_nohash_0.wav,marvin
DataSet/marvin/8b367d88_nohash_1.wav,marvin
DataSet/marvin/8b775397_nohash_0.wav,marvin
DataSet/marvin/8b775397_nohash_1.wav,marvin
DataSet/marvin/8c0e5970_nohash_0.wav,marvin
DataSet/marvin/8c3c4715_nohash_0.wav,marvin
DataSet/marvin/8c3c4715_nohash_1.wav,marvin
DataSet/marvin/8c780627_nohash_0.wav,marvin
DataSet/marvin/8c7f81df_nohash_0.wav,marvin
DataSet/marvin/8c7f81df_nohash_1.wav,marvin
DataSet/marvin/8c888bbb_nohash_0.wav,marvin
DataSet/marvin/8c888bbb_nohash_1.wav,marvin
DataSet/marvin/8ca3b1db_nohash_0.wav,marvin
DataSet/marvin/8d4cdc60_nohash_0.wav,marvin
DataSet/marvin/8d5d076d_nohash_0.wav,marvin
DataSet/marvin/8d9cc260_nohash_0.wav,marvin
DataSet/marvin/8dc18a75_nohash_0.wav,marvin
DataSet/marvin/8dc26a15_nohash_0.wav,marvin
DataSet/marvin/8dc26a15_nohash_1.wav,marvin
DataSet/marvin/8dd24423_nohash_0.wav,marvin
DataSet/marvin/8dd24423_nohash_1.wav,marvin
DataSet/marvin/8e05039f_nohash_0.wav,marvin
DataSet/marvin/8e523821_nohash_0.wav,marvin
DataSet/marvin/8e69dc2f_nohash_0.wav,marvin
DataSet/marvin/8e884ec4_nohash_0.wav,marvin
DataSet/marvin/8e884ec4_nohash_1.wav,marvin
DataSet/marvin/8ea22de7_nohash_0.wav,marvin
DataSet/marvin/8ea22de7_nohash_1.wav,marvin
DataSet/marvin/8ea22de7_nohash_2.wav,marvin
DataSet/marvin/8ea22de7_nohash_3.wav,marvin
DataSet/marvin/8ea6dec6_nohash_0.wav,marvin
DataSet/marvin/8ec6dab6_nohash_0.wav,marvin
DataSet/marvin/8ed25ef8_nohash_0.wav,marvin
DataSet/marvin/8f0d3c27_nohash_0.wav,marvin
DataSet/marvin/8f4c551f_nohash_0.wav,marvin
DataSet/marvin/8fce59ff_nohash_0.wav,marvin
DataSet/marvin/8fce59ff_nohash_1.wav,marvin
DataSet/marvin/8fe52b97_nohash_0.wav,marvin
DataSet/marvin/8fe52b97_nohash_1.wav,marvin
DataSet/marvin/8fe67225_nohash_0.wav,marvin
DataSet/marvin/8ff44869_nohash_0.wav,marvin
DataSet/marvin/90645155_nohash_0.wav,marvin
DataSet/marvin/90804775_nohash_0.wav,marvin
DataSet/marvin/90b0b91a_nohash_0.wav,marvin
DataSet/marvin/90b94017_nohash_0.wav,marvin
DataSet/marvin/90e72357_nohash_0.wav,marvin
DataSet/marvin/9151f184_nohash_0.wav,marvin
DataSet/marvin/91942e89_nohash_0.wav,marvin
DataSet/marvin/919d3c0e_nohash_0.wav,marvin
DataSet/marvin/91b03183_nohash_0.wav,marvin
DataSet/marvin/91bed2e0_nohash_0.wav,marvin
DataSet/marvin/91cdef62_nohash_0.wav,marvin
DataSet/marvin/91cdef62_nohash_1.wav,marvin
DataSet/marvin/91cdef62_nohash_2.wav,marvin
DataSet/marvin/91ffb786_nohash_0.wav,marvin
DataSet/marvin/92521ccc_nohash_0.wav,marvin
DataSet/marvin/92a9c5e6_nohash_0.wav,marvin
DataSet/marvin/92b0a735_nohash_0.wav,marvin
DataSet/marvin/92b0a735_nohash_1.wav,marvin
DataSet/marvin/92e17cc4_nohash_0.wav,marvin
DataSet/marvin/9331d34b_nohash_0.wav,marvin
DataSet/marvin/937b433e_nohash_0.wav,marvin
DataSet/marvin/937b433e_nohash_1.wav,marvin
DataSet/marvin/93cf902e_nohash_0.wav,marvin
DataSet/marvin/93ec8b84_nohash_0.wav,marvin
DataSet/marvin/93f30cc4_nohash_0.wav,marvin
DataSet/marvin/93f30cc4_nohash_1.wav,marvin
DataSet/marvin/93f30cc4_nohash_2.wav,marvin
DataSet/marvin/93f30cc4_nohash_3.wav,marvin
DataSet/marvin/94403ad3_nohash_0.wav,marvin
DataSet/marvin/94403ad3_nohash_1.wav,marvin
DataSet/marvin/9448c397_nohash_0.wav,marvin
DataSet/marvin/948867e7_nohash_0.wav,marvin
DataSet/marvin/94d370bf_nohash_0.wav,marvin
DataSet/marvin/94e6864f_nohash_0.wav,marvin
DataSet/marvin/94e6864f_nohash_1.wav,marvin
DataSet/marvin/951cac20_nohash_0.wav,marvin
DataSet/marvin/95218ce8_nohash_0.wav,marvin
DataSet/marvin/953fe1ad_nohash_0.wav,marvin
DataSet/marvin/95ba4996_nohash_0.wav,marvin
DataSet/marvin/964e8cfd_nohash_0.wav,marvin
DataSet/marvin/96a48d28_nohash_0.wav,marvin
DataSet/marvin/96c66ab7_nohash_0.wav,marvin
DataSet/marvin/96cd0255_nohash_0.wav,marvin
DataSet/marvin/96d5276f_nohash_0.wav,marvin
DataSet/marvin/96d8bb6f_nohash_0.wav,marvin
DataSet/marvin/97101ef3_nohash_0.wav,marvin
DataSet/marvin/97101ef3_nohash_1.wav,marvin
DataSet/marvin/9735764a_nohash_0.wav,marvin
DataSet/marvin/977a3be4_nohash_0.wav,marvin
DataSet/marvin/978240e1_nohash_0.wav,marvin
DataSet/marvin/9785931e_nohash_0.wav,marvin
DataSet/marvin/9785931e_nohash_1.wav,marvin
DataSet/marvin/97addd88_nohash_0.wav,marvin
DataSet/marvin/97addd88_nohash_1.wav,marvin
DataSet/marvin/97ae8b25_nohash_0.wav,marvin
DataSet/marvin/97ae8b25_nohash_1.wav,marvin
DataSet/marvin/97f493b9_nohash_0.wav,marvin
DataSet/marvin/97f4c236_nohash_0.wav,marvin
DataSet/marvin/982babaf_nohash_0.wav,marvin
DataSet/marvin/982babaf_nohash_1.wav,marvin
DataSet/marvin/98447c43_nohash_0.wav,marvin
DataSet/marvin/9886d8bf_nohash_0.wav,marvin
DataSet/marvin/989a2213_nohash_0.wav,marvin
DataSet/marvin/99081f4d_nohash_0.wav,marvin
DataSet/marvin/990ebd1f_nohash_0.wav,marvin
DataSet/marvin/999823db_nohash_0.wav,marvin
DataSet/marvin/99a9b015_nohash_0.wav,marvin
DataSet/marvin/99e6cab8_nohash_0.wav,marvin
DataSet/marvin/99e6cab8_nohash_1.wav,marvin
DataSet/marvin/99e6cab8_nohash_2.wav,marvin
DataSet/marvin/99e6cab8_nohash_3.wav,marvin
DataSet/marvin/99fad6a0_nohash_0.wav,marvin
DataSet/marvin/9a2e5b3c_nohash_0.wav,marvin
DataSet/marvin/9a69672b_nohash_0.wav,marvin
DataSet/marvin/9a76f8c3_nohash_0.wav,marvin
DataSet/marvin/9a7c1f83_nohash_0.wav,marvin
DataSet/marvin/9a7c1f83_nohash_1.wav,marvin
DataSet/marvin/9a8d8d34_nohash_0.wav,marvin
DataSet/marvin/9a8d8d34_nohash_1.wav,marvin
DataSet/marvin/9aa21fa9_nohash_0.wav,marvin
DataSet/marvin/9acd0254_nohash_0.wav,marvin
DataSet/marvin/9b8a7439_nohash_0.wav,marvin
DataSet/marvin/9be15e93_nohash_0.wav,marvin
DataSet/marvin/9c24bc76_nohash_0.wav,marvin
DataSet/marvin/9c24bc76_nohash_1.wav,marvin
DataSet/marvin/9c59dd28_nohash_0.wav,marvin
DataSet/marvin/9cde5de8_nohash_0.wav,marvin
DataSet/marvin/9cde5de8_nohash_1.wav,marvin
DataSet/marvin/9ce7a419_nohash_0.wav,marvin
DataSet/marvin/9ce7a419_nohash_1.wav,marvin
DataSet/marvin/9d050657_nohash_0.wav,marvin
DataSet/marvin/9d050657_nohash_1.wav,marvin
DataSet/marvin/9d7036f9_nohash_0.wav,marvin
DataSet/marvin/9dc1889e_nohash_0.wav,marvin
DataSet/marvin/9e075bf1_nohash_0.wav,marvin
DataSet/marvin/9e2ce5e3_nohash_0.wav,marvin
DataSet/marvin/9e42ae25_nohash_0.wav,marvin
DataSet/marvin/9e44aca3_nohash_0.wav,marvin
DataSet/marvin/9e44aca3_nohash_1.wav,marvin
DataSet/marvin/9e46cfa1_nohash_0.wav,marvin
DataSet/marvin/9e6bb505_nohash_0.wav,marvin
DataSet/marvin/9ef5db3c_nohash_0.wav,marvin
DataSet/marvin/9f22307d_nohash_0.wav,marvin
DataSet/marvin/9f63152b_nohash_0.wav,marvin
DataSet/marvin/9f6fbdb4_nohash_0.wav,marvin
DataSet/marvin/9f7079fe_nohash_0.wav,marvin
DataSet/marvin/9f92fb7c_nohash_0.wav,marvin
DataSet/marvin/9fac5701_nohash_0.wav,marvin
DataSet/marvin/9fb766d0_nohash_0.wav,marvin
DataSet/marvin/9ff1b8b6_nohash_0.wav,marvin
DataSet/marvin/9ff2d2f4_nohash_0.wav,marvin
DataSet/marvin/a045368c_nohash_0.wav,marvin
DataSet/marvin/a04817c2_nohash_0.wav,marvin
DataSet/marvin/a05a90c1_nohash_0.wav,marvin
DataSet/marvin/a0a8d759_nohash_0.wav,marvin
DataSet/marvin/a0a8d759_nohash_1.wav,marvin
DataSet/marvin/a0f93943_nohash_0.wav,marvin
DataSet/marvin/a108341b_nohash_0.wav,marvin
DataSet/marvin/a108341b_nohash_1.wav,marvin
DataSet/marvin/a13e0a74_nohash_0.wav,marvin
DataSet/marvin/a13e0a74_nohash_1.wav,marvin
DataSet/marvin/a1533da4_nohash_0.wav,marvin
DataSet/marvin/a1533da4_nohash_1.wav,marvin
DataSet/marvin/a16013b7_nohash_0.wav,marvin
DataSet/marvin/a16b3102_nohash_0.wav,marvin
DataSet/marvin/a19452d5_nohash_0.wav,marvin
DataSet/marvin/a19452d5_nohash_1.wav,marvin
DataSet/marvin/a1a59b72_nohash_0.wav,marvin
DataSet/marvin/a1c63f25_nohash_0.wav,marvin
DataSet/marvin/a1c63f25_nohash_1.wav,marvin
DataSet/marvin/a1cf7fd8_nohash_0.wav,marvin
DataSet/marvin/a1cff772_nohash_0.wav,marvin
DataSet/marvin/a1e71565_nohash_0.wav,marvin
DataSet/marvin/a243fcc2_nohash_0.wav,marvin
DataSet/marvin/a24cf51c_nohash_0.wav,marvin
DataSet/marvin/a24cf51c_nohash_1.wav,marvin
DataSet/marvin/a293e285_nohash_0.wav,marvin
DataSet/marvin/a2b16113_nohash_0.wav,marvin
DataSet/marvin/a2b16113_nohash_1.wav,marvin
DataSet/marvin/a2cc5444_nohash_0.wav,marvin
DataSet/marvin/a2fefcb4_nohash_0.wav,marvin
DataSet/marvin/a2fefcb4_nohash_1.wav,marvin
DataSet/marvin/a2fefcb4_nohash_2.wav,marvin
DataSet/marvin/a3255f5c_nohash_0.wav,marvin
DataSet/marvin/a40c62f1_nohash_0.wav,marvin
DataSet/marvin/a434d52e_nohash_0.wav,marvin
DataSet/marvin/a4383927_nohash_0.wav,marvin
DataSet/marvin/a489191a_nohash_0.wav,marvin
DataSet/marvin/a4baac4e_nohash_0.wav,marvin
DataSet/marvin/a4ca3afe_nohash_0.wav,marvin
DataSet/marvin/a4effc43_nohash_0.wav,marvin
DataSet/marvin/a518d1cf_nohash_0.wav,marvin
DataSet/marvin/a518d1cf_nohash_1.wav,marvin
DataSet/marvin/a527cb3c_nohash_0.wav,marvin
DataSet/marvin/a527cb3c_nohash_1.wav,marvin
DataSet/marvin/a55105d0_nohash_0.wav,marvin
DataSet/marvin/a5527c48_nohash_0.wav,marvin
DataSet/marvin/a5609cce_nohash_0.wav,marvin
DataSet/marvin/a583c5b0_nohash_0.wav,marvin
DataSet/marvin/a583c5b0_nohash_1.wav,marvin
DataSet/marvin/a591c2ea_nohash_0.wav,marvin
DataSet/marvin/a5d1becc_nohash_0.wav,marvin
DataSet/marvin/a5d485dc_nohash_0.wav,marvin
DataSet/marvin/a60a09cf_nohash_0.wav,marvin
DataSet/marvin/a60a09cf_nohash_1.wav,marvin
DataSet/marvin/a62f807b_nohash_0.wav,marvin
DataSet/marvin/a69b9b3e_nohash_0.wav,marvin
DataSet/marvin/a6f2fd71_nohash_0.wav,marvin
DataSet/marvin/a7200079_nohash_0.wav,marvin
DataSet/marvin/a7216980_nohash_0.wav,marvin
DataSet/marvin/a73be046_nohash_0.wav,marvin
DataSet/marvin/a74f3917_nohash_0.wav,marvin
DataSet/marvin/a759efbc_nohash_0.wav,marvin
DataSet/marvin/a77fbcfd_nohash_0.wav,marvin
DataSet/marvin/a7acbbeb_nohash_0.wav,marvin
DataSet/marvin/a7dd45cf_nohash_0.wav,marvin
DataSet/marvin/a7dd45cf_nohash_1.wav,marvin
DataSet/marvin/a80f9f53_nohash_0.wav,marvin
DataSet/marvin/a84dee7b_nohash_0.wav,marvin
DataSet/marvin/a84dee7b_nohash_1.wav,marvin
DataSet/marvin/a8688b67_nohash_0.wav,marvin
DataSet/marvin/a879a2c3_nohash_0.wav,marvin
DataSet/marvin/a879a2c3_nohash_1.wav,marvin
DataSet/marvin/a8cf01bc_nohash_0.wav,marvin
DataSet/marvin/a8e25ebb_nohash_0.wav,marvin
DataSet/marvin/a8ee11c7_nohash_0.wav,marvin
DataSet/marvin/a8ee11c7_nohash_1.wav,marvin
DataSet/marvin/a902ce9b_nohash_0.wav,marvin
DataSet/marvin/a902ce9b_nohash_1.wav,marvin
DataSet/marvin/a928cc5b_nohash_0.wav,marvin
DataSet/marvin/a929f9b9_nohash_0.wav,marvin
DataSet/marvin/a957fef5_nohash_0.wav,marvin
DataSet/marvin/a95dbfd4_nohash_0.wav,marvin
DataSet/marvin/a97017df_nohash_0.wav,marvin
DataSet/marvin/a996cf66_nohash_0.wav,marvin
DataSet/marvin/a9b574b3_nohash_0.wav,marvin
DataSet/marvin/a9ca1818_nohash_0.wav,marvin
DataSet/marvin/aa48c94a_nohash_0.wav,marvin
DataSet/marvin/aac5b7c1_nohash_0.wav,marvin
DataSet/marvin/ab00c4b2_nohash_0.wav,marvin
DataSet/marvin/ab353673_nohash_0.wav,marvin
DataSet/marvin/ab46af55_nohash_0.wav,marvin
DataSet/marvin/ab5ae445_nohash_0.wav,marvin
DataSet/marvin/ab5ae445_nohash_1.wav,marvin
DataSet/marvin/ab5b211a_nohash_0.wav,marvin
DataSet/marvin/ab5d7179_nohash_0.wav,marvin
DataSet/marvin/ab71c9a7_nohash_0.wav,marvin
DataSet/marvin/ab9b93e4_nohash_0.wav,marvin
DataSet/marvin/ab9b93e4_nohash_1.wav,marvin
DataSet/marvin/abbfc3b4_nohash_0.wav,marvin
DataSet/marvin/abbfc3b4_nohash_1.wav,marvin
DataSet/marvin/ac4b3fc3_nohash_0.wav,marvin
DataSet/marvin/ac7840d8_nohash_0.wav,marvin
DataSet/marvin/ac899eb7_nohash_0.wav,marvin
DataSet/marvin/ac899eb7_nohash_1.wav,marvin
DataSet/marvin/ac9dee0e_nohash_0.wav,marvin
DataSet/marvin/acde7e73_nohash_0.wav,marvin
DataSet/marvin/ace072ba_nohash_0.wav,marvin
DataSet/marvin/ace82a68_nohash_0.wav,marvin
DataSet/marvin/acfd3bc3_nohash_0.wav,marvin
DataSet/marvin/acfd5b5e_nohash_0.wav,marvin
DataSet/marvin/ad1429cf_nohash_0.wav,marvin
DataSet/marvin/ad1429cf_nohash_1.wav,marvin
DataSet/marvin/ad526ada_nohash_0.wav,marvin
DataSet/marvin/ad5aeec2_nohash_0.wav,marvin
DataSet/marvin/ad63d93c_nohash_0.wav,marvin
DataSet/marvin/ad6a46f1_nohash_0.wav,marvin
DataSet/marvin/ad6a46f1_nohash_1.wav,marvin
DataSet/marvin/adc216c5_nohash_0.wav,marvin
DataSet/marvin/adc216c5_nohash_1.wav,marvin
DataSet/marvin/adebe223_nohash_0.wav,marvin
DataSet/marvin/adec6a94_nohash_0.wav,marvin
DataSet/marvin/adec6a94_nohash_1.wav,marvin
DataSet/marvin/adec6a94_nohash_2.wav,marvin
DataSet/marvin/ae5578f4_nohash_0.wav,marvin
DataSet/marvin/ae71797c_nohash_0.wav,marvin
DataSet/marvin/ae82c78c_nohash_0.wav,marvin
DataSet/marvin/ae82c78c_nohash_1.wav,marvin
DataSet/marvin/ae92fa32_nohash_0.wav,marvin
DataSet/marvin/aeb99b1c_nohash_0.wav,marvin
DataSet/marvin/aef8dcf5_nohash_0.wav,marvin
DataSet/marvin/af130f12_nohash_0.wav,marvin
DataSet/marvin/af30314d_nohash_0.wav,marvin
DataSet/marvin/af30314d_nohash_1.wav,marvin
DataSet/marvin/af7a8296_nohash_0.wav,marvin
DataSet/marvin/af8b2f2c_nohash_0.wav,marvin
DataSet/marvin/af8b2f2c_nohash_1.wav,marvin
DataSet/marvin/afabfa0e_nohash_0.wav,marvin
DataSet/marvin/afd53389_nohash_0.wav,marvin
DataSet/marvin/afe0b87d_nohash_0.wav,marvin
DataSet/marvin/aff582a1_nohash_0.wav,marvin
DataSet/marvin/b00c4c53_nohash_0.wav,marvin
DataSet/marvin/b00dff7e_nohash_0.wav,marvin
DataSet/marvin/b06c19b0_nohash_0.wav,marvin
DataSet/marvin/b089169d_nohash_0.wav,marvin
DataSet/marvin/b0bad4a9_nohash_0.wav,marvin
DataSet/marvin/b0c0197e_nohash_0.wav,marvin
DataSet/marvin/b0c0197e_nohash_1.wav,marvin
DataSet/marvin/b0d061c5_nohash_0.wav,marvin
DataSet/marvin/b0f24c9b_nohash_0.wav,marvin
DataSet/marvin/b10b0654_nohash_0.wav,marvin
DataSet/marvin/b11a05d2_nohash_0.wav,marvin
DataSet/marvin/b1df80c0_nohash_0.wav,marvin
DataSet/marvin/b1edd209_nohash_0.wav,marvin
DataSet/marvin/b21f0fa4_nohash_0.wav,marvin
DataSet/marvin/b29f8b23_nohash_0.wav,marvin
DataSet/marvin/b2ae3928_nohash_0.wav,marvin
DataSet/marvin/b2e2773a_nohash_0.wav,marvin
DataSet/marvin/b2fbe484_nohash_0.wav,marvin
DataSet/marvin/b2fbe484_nohash_1.wav,marvin
DataSet/marvin/b2fbe484_nohash_2.wav,marvin
DataSet/marvin/b36c27c2_nohash_0.wav,marvin
DataSet/marvin/b36c27c2_nohash_1.wav,marvin
DataSet/marvin/b36c27c2_nohash_2.wav,marvin
DataSet/marvin/b3bb4dd6_nohash_0.wav,marvin
DataSet/marvin/b3bdded5_nohash_0.wav,marvin
DataSet/marvin/b414c653_nohash_0.wav,marvin
DataSet/marvin/b41a92a3_nohash_0.wav,marvin
DataSet/marvin/b44007bc_nohash_0.wav,marvin
DataSet/marvin/b4604db4_nohash_0.wav,marvin
DataSet/marvin/b46e8153_nohash_0.wav,marvin
DataSet/marvin/b49caed3_nohash_0.wav,marvin
DataSet/marvin/b4aa9fef_nohash_0.wav,marvin
DataSet/marvin/b4bef564_nohash_0.wav,marvin
DataSet/marvin/b4bef564_nohash_1.wav,marvin
DataSet/marvin/b4ea0d9a_nohash_0.wav,marvin
DataSet/marvin/b4ea0d9a_nohash_1.wav,marvin
DataSet/marvin/b528edb3_nohash_0.wav,marvin
DataSet/marvin/b52bd596_nohash_0.wav,marvin
DataSet/marvin/b544d4fd_nohash_0.wav,marvin
DataSet/marvin/b5552931_nohash_0.wav,marvin
DataSet/marvin/b575b5fb_nohash_0.wav,marvin
DataSet/marvin/b5935410_nohash_0.wav,marvin
DataSet/marvin/b5935410_nohash_1.wav,marvin
DataSet/marvin/b59fa113_nohash_0.wav,marvin
DataSet/marvin/b59fe16d_nohash_0.wav,marvin
DataSet/marvin/b59fe16d_nohash_1.wav,marvin
DataSet/marvin/b59fe16d_nohash_2.wav,marvin
DataSet/marvin/b5aacf2c_nohash_0.wav,marvin
DataSet/marvin/b5aacf2c_nohash_1.wav,marvin
DataSet/marvin/b5eb4f9b_nohash_0.wav,marvin
DataSet/marvin/b6026214_nohash_0.wav,marvin
DataSet/marvin/b63fea9e_nohash_0.wav,marvin
DataSet/marvin/b665723d_nohash_0.wav,marvin
DataSet/marvin/b665723d_nohash_1.wav,marvin
DataSet/marvin/b66f4f93_nohash_0.wav,marvin
DataSet/marvin/b69002d4_nohash_0.wav,marvin
DataSet/marvin/b69fe0e2_nohash_0.wav,marvin
DataSet/marvin/b6d11c9b_nohash_0.wav,marvin
DataSet/marvin/b6e6aa2e_nohash_0.wav,marvin
DataSet/marvin/b7016c27_nohash_0.wav,marvin
DataSet/marvin/b71ebf79_nohash_0.wav,marvin
DataSet/marvin/b72e58c9_nohash_0.wav,marvin
DataSet/marvin/b72e58c9_nohash_1.wav,marvin
DataSet/marvin/b76f6088_nohash_0.wav,marvin
DataSet/marvin/b7e9f841_nohash_0.wav,marvin
DataSet/marvin/b80d6c5e_nohash_0.wav,marvin
DataSet/marvin/b83c1acf_nohash_0.wav,marvin
DataSet/marvin/b843de62_nohash_0.wav,marvin
DataSet/marvin/b843de62_nohash_1.wav,marvin
DataSet/marvin/b84f83d2_nohash_0.wav,marvin
DataSet/marvin/b84f83d2_nohash_1.wav,marvin
DataSet/marvin/b87bdb22_nohash_0.wav,marvin
DataSet/marvin/b8872c20_nohash_0.wav,marvin
DataSet/marvin/b8897f1c_nohash_0.wav,marvin
DataSet/marvin/b8b8cb52_nohash_0.wav,marvin
DataSet/marvin/b93528e3_nohash_0.wav,marvin
DataSet/marvin/b93528e3_nohash_1.wav,marvin
DataSet/marvin/b959cd0c_nohash_0.wav,marvin
DataSet/marvin/b9cccd01_nohash_0.wav,marvin
DataSet/marvin/ba59cab3_nohash_0.wav,marvin
DataSet/marvin/ba59cab3_nohash_1.wav,marvin
DataSet/marvin/ba676390_nohash_0.wav,marvin
DataSet/marvin/ba676390_nohash_1.wav,marvin
DataSet/marvin/ba676390_nohash_2.wav,marvin
DataSet/marvin/ba676390_nohash_3.wav,marvin
DataSet/marvin/ba770f9b_nohash_0.wav,marvin
DataSet/marvin/bab36420_nohash_0.wav,marvin
DataSet/marvin/bad64eac_nohash_0.wav,marvin
DataSet/marvin/bb05582b_nohash_0.wav,marvin
DataSet/marvin/bb6d4301_nohash_0.wav,marvin
DataSet/marvin/bbaa7946_nohash_0.wav,marvin
DataSet/marvin/bbb2eb5b_nohash_0.wav,marvin
DataSet/marvin/bbc30633_nohash_0.wav,marvin
DataSet/marvin/bbd0bbd0_nohash_0.wav,marvin
DataSet/marvin/bbf38549_nohash_0.wav,marvin
DataSet/marvin/bc065a17_nohash_0.wav,marvin
DataSet/marvin/bc065a17_nohash_1.wav,marvin
DataSet/marvin/bc196f81_nohash_0.wav,marvin
DataSet/marvin/bc196f81_nohash_1.wav,marvin
DataSet/marvin/bc999754_nohash_0.wav,marvin
DataSet/marvin/bca56796_nohash_0.wav,marvin
DataSet/marvin/bcf614a2_nohash_0.wav,marvin
DataSet/marvin/bd76a7fd_nohash_0.wav,marvin
DataSet/marvin/bd8412df_nohash_0.wav,marvin
DataSet/marvin/bdb26021_nohash_0.wav,marvin
DataSet/marvin/bdb90d38_nohash_0.wav,marvin
DataSet/marvin/bdd22e4d_nohash_0.wav,marvin
DataSet/marvin/bde0f20a_nohash_0.wav,marvin
DataSet/marvin/bdee441c_nohash_0.wav,marvin
DataSet/marvin/be7a5b2d_nohash_0.wav,marvin
DataSet/marvin/be7fa0a3_nohash_0.wav,marvin
DataSet/marvin/be7fa0a3_nohash_1.wav,marvin
DataSet/marvin/be91a00a_nohash_0.wav,marvin
DataSet/marvin/be91a00a_nohash_1.wav,marvin
DataSet/marvin/beb458a4_nohash_0.wav,marvin
DataSet/marvin/beb49c22_nohash_0.wav,marvin
DataSet/marvin/beb49c22_nohash_1.wav,marvin
DataSet/marvin/beb49c22_nohash_2.wav,marvin
DataSet/marvin/becd5a53_nohash_0.wav,marvin
DataSet/marvin/bed06fac_nohash_0.wav,marvin
DataSet/marvin/bed06fac_nohash_1.wav,marvin
DataSet/marvin/bf5d409d_nohash_0.wav,marvin
DataSet/marvin/bf70feda_nohash_0.wav,marvin
DataSet/marvin/bf70feda_nohash_1.wav,marvin
DataSet/marvin/bf8b8d9e_nohash_0.wav,marvin
DataSet/marvin/bf8b8d9e_nohash_1.wav,marvin
DataSet/marvin/bf8d5617_nohash_0.wav,marvin
DataSet/marvin/bf8d5617_nohash_1.wav,marvin
DataSet/marvin/bfaf2000_nohash_0.wav,marvin
DataSet/marvin/bfaf2000_nohash_1.wav,marvin
DataSet/marvin/bfbd0e6b_nohash_0.wav,marvin
DataSet/marvin/bfbd0e6b_nohash_1.wav,marvin
DataSet/marvin/bfbd0e6b_nohash_2.wav,marvin
DataSet/marvin/bfd26d6b_nohash_0.wav,marvin
DataSet/marvin/bfdb9801_nohash_0.wav,marvin
DataSet/marvin/bfdb9801_nohash_1.wav,marvin
DataSet/marvin/c0445658_nohash_0.wav,marvin
DataSet/marvin/c08585c1_nohash_0.wav,marvin
DataSet/marvin/c08e5058_nohash_0.wav,marvin
DataSet/marvin/c0c701f1_nohash_0.wav,marvin
DataSet/marvin/c0e0f834_nohash_0.wav,marvin
DataSet/marvin/c0e0f834_nohash_1.wav,marvin
DataSet/marvin/c0e3ff37_nohash_0.wav,marvin
DataSet/marvin/c0e8f5a1_nohash_0.wav,marvin
DataSet/marvin/c0e8f5a1_nohash_1.wav,marvin
DataSet/marvin/c103a2d5_nohash_0.wav,marvin
DataSet/marvin/c103a2d5_nohash_1.wav,marvin
DataSet/marvin/c103a2d5_nohash_2.wav,marvin
DataSet/marvin/c120e80e_nohash_0.wav,marvin
DataSet/marvin/c137814b_nohash_0.wav,marvin
DataSet/marvin/c137814b_nohash_1.wav,marvin
DataSet/marvin/c18d8d00_nohash_0.wav,marvin
DataSet/marvin/c1b7c224_nohash_0.wav,marvin
DataSet/marvin/c1b7c224_nohash_1.wav,marvin
DataSet/marvin/c1cc6e95_nohash_0.wav,marvin
DataSet/marvin/c1d39ce8_nohash_0.wav,marvin
DataSet/marvin/c1d39ce8_nohash_1.wav,marvin
DataSet/marvin/c1e0e8e3_nohash_0.wav,marvin
DataSet/marvin/c1eebc0b_nohash_0.wav,marvin
DataSet/marvin/c205e625_nohash_0.wav,marvin
DataSet/marvin/c205e625_nohash_1.wav,marvin
DataSet/marvin/c205e625_nohash_2.wav,marvin
DataSet/marvin/c22d3f18_nohash_0.wav,marvin
DataSet/marvin/c22ebf46_nohash_0.wav,marvin
DataSet/marvin/c245d3d7_nohash_0.wav,marvin
DataSet/marvin/c245d3d7_nohash_1.wav,marvin
DataSet/marvin/c256377f_nohash_0.wav,marvin
DataSet/marvin/c256377f_nohash_1.wav,marvin
DataSet/marvin/c256377f_nohash_2.wav,marvin
DataSet/marvin/c25a032b_nohash_0.wav,marvin
DataSet/marvin/c25a032b_nohash_1.wav,marvin
DataSet/marvin/c2aeb59d_nohash_0.wav,marvin
DataSet/marvin/c2dccf38_nohash_0.wav,marvin
DataSet/marvin/c2df23b2_nohash_0.wav,marvin
DataSet/marvin/c2e08f08_nohash_0.wav,marvin
DataSet/marvin/c33682f0_nohash_0.wav,marvin
DataSet/marvin/c351e611_nohash_0.wav,marvin
DataSet/marvin/c37a72d3_nohash_0.wav,marvin
DataSet/marvin/c39703ec_nohash_0.wav,marvin
DataSet/marvin/c41d9052_nohash_0.wav,marvin
DataSet/marvin/c44d2a58_nohash_0.wav,marvin
DataSet/marvin/c4500713_nohash_0.wav,marvin
DataSet/marvin/c4500713_nohash_1.wav,marvin
DataSet/marvin/c4533c47_nohash_0.wav,marvin
DataSet/marvin/c4cfbe43_nohash_0.wav,marvin
DataSet/marvin/c4cfbe43_nohash_1.wav,marvin
DataSet/marvin/c4e00ee9_nohash_0.wav,marvin
DataSet/marvin/c4e1f6e0_nohash_0.wav,marvin
DataSet/marvin/c5570933_nohash_0.wav,marvin
DataSet/marvin/c5570933_nohash_1.wav,marvin
DataSet/marvin/c578beb0_nohash_0.wav,marvin
DataSet/marvin/c5c60d8d_nohash_0.wav,marvin
DataSet/marvin/c5c60d8d_nohash_1.wav,marvin
DataSet/marvin/c5e3817f_nohash_0.wav,marvin
DataSet/marvin/c5e3817f_nohash_1.wav,marvin
DataSet/marvin/c601833f_nohash_0.wav,marvin
DataSet/marvin/c634a189_nohash_0.wav,marvin
DataSet/marvin/c6389ab0_nohash_0.wav,marvin
DataSet/marvin/c6389ab0_nohash_1.wav,marvin
DataSet/marvin/c68b2763_nohash_0.wav,marvin
DataSet/marvin/c68cf200_nohash_0.wav,marvin
DataSet/marvin/c68cf200_nohash_1.wav,marvin
DataSet/marvin/c692524d_nohash_0.wav,marvin
DataSet/marvin/c6a23ff5_nohash_0.wav,marvin
DataSet/marvin/c6ca5d01_nohash_0.wav,marvin
DataSet/marvin/c6ca5d01_nohash_1.wav,marvin
DataSet/marvin/c6ee87a7_nohash_0.wav,marvin
DataSet/marvin/c71e3acc_nohash_0.wav,marvin
DataSet/marvin/c71e3acc_nohash_1.wav,marvin
DataSet/marvin/c79159aa_nohash_0.wav,marvin
DataSet/marvin/c7aa72e6_nohash_0.wav,marvin
DataSet/marvin/c7aa72e6_nohash_1.wav,marvin
DataSet/marvin/c7e02d9c_nohash_0.wav,marvin
DataSet/marvin/c842b5e4_nohash_0.wav,marvin
DataSet/marvin/c84f9b5c_nohash_0.wav,marvin
DataSet/marvin/c86d4fd4_nohash_0.wav,marvin
DataSet/marvin/c8771f88_nohash_0.wav,marvin
DataSet/marvin/c87a578d_nohash_0.wav,marvin
DataSet/marvin/c885a039_nohash_0.wav,marvin
DataSet/marvin/c885a039_nohash_1.wav,marvin
DataSet/marvin/c885a039_nohash_2.wav,marvin
DataSet/marvin/c8db14a8_nohash_0.wav,marvin
DataSet/marvin/c8db14a8_nohash_1.wav,marvin
DataSet/marvin/c90c0105_nohash_0.wav,marvin
DataSet/marvin/c93d5e22_nohash_0.wav,marvin
DataSet/marvin/c948d727_nohash_0.wav,marvin
DataSet/marvin/c98bbbd3_nohash_0.wav,marvin
DataSet/marvin/c9a5100f_nohash_0.wav,marvin
DataSet/marvin/c9b5ff26_nohash_0.wav,marvin
DataSet/marvin/c9b653a0_nohash_0.wav,marvin
DataSet/marvin/c9e251d2_nohash_0.wav,marvin
DataSet/marvin/ca4912b6_nohash_0.wav,marvin
DataSet/marvin/ca4d5368_nohash_0.wav,marvin
DataSet/marvin/ca6d5cd1_nohash_0.wav,marvin
DataSet/marvin/caa4779f_nohash_0.wav,marvin
DataSet/marvin/caa4779f_nohash_1.wav,marvin
DataSet/marvin/caa7feaf_nohash_0.wav,marvin
DataSet/marvin/cab100c9_nohash_0.wav,marvin
DataSet/marvin/cae62f38_nohash_0.wav,marvin
DataSet/marvin/cae62f38_nohash_1.wav,marvin
DataSet/marvin/cae62f38_nohash_2.wav,marvin
DataSet/marvin/caf9fceb_nohash_0.wav,marvin
DataSet/marvin/cb2929ce_nohash_0.wav,marvin
DataSet/marvin/cb62dbf1_nohash_0.wav,marvin
DataSet/marvin/cb72dfb6_nohash_0.wav,marvin
DataSet/marvin/cb802c63_nohash_0.wav,marvin
DataSet/marvin/cb802c63_nohash_1.wav,marvin
DataSet/marvin/cc2f1a85_nohash_0.wav,marvin
DataSet/marvin/cc2f1a85_nohash_1.wav,marvin
DataSet/marvin/cc3b5b62_nohash_0.wav,marvin
DataSet/marvin/cc554de3_nohash_0.wav,marvin
DataSet/marvin/cc554de3_nohash_1.wav,marvin
DataSet/marvin/cc592808_nohash_0.wav,marvin
DataSet/marvin/cc592808_nohash_1.wav,marvin
DataSet/marvin/cc6ee39b_nohash_0.wav,marvin
DataSet/marvin/cc8b3228_nohash_0.wav,marvin
DataSet/marvin/ccb1266b_nohash_0.wav,marvin
DataSet/marvin/cce17a61_nohash_0.wav,marvin
DataSet/marvin/cce17a61_nohash_1.wav,marvin
DataSet/marvin/cce7416f_nohash_0.wav,marvin
DataSet/marvin/cce7416f_nohash_1.wav,marvin
DataSet/marvin/cce7416f_nohash_2.wav,marvin
DataSet/marvin/cce7416f_nohash_3.wav,marvin
DataSet/marvin/cd3331a6_nohash_0.wav,marvin
DataSet/marvin/cd3331a6_nohash_1.wav,marvin
DataSet/marvin/cd671b5f_nohash_0.wav,marvin
DataSet/marvin/cd7f8c1b_nohash_0.wav,marvin
DataSet/marvin/cd85758f_nohash_0.wav,marvin
DataSet/marvin/cd911ace_nohash_0.wav,marvin
DataSet/marvin/cd997d46_nohash_0.wav,marvin
DataSet/marvin/cdbd6969_nohash_0.wav,marvin
DataSet/marvin/cdee383b_nohash_0.wav,marvin
DataSet/marvin/ce0cb033_nohash_0.wav,marvin
DataSet/marvin/ce49cb60_nohash_0.wav,marvin
DataSet/marvin/ce7a8e92_nohash_0.wav,marvin
DataSet/marvin/ceaadb24_nohash_0.wav,marvin
DataSet/marvin/cee22275_nohash_0.wav,marvin
DataSet/marvin/ceef6d96_nohash_0.wav,marvin
DataSet/marvin/cf87b736_nohash_0.wav,marvin
DataSet/marvin/cf8d91cf_nohash_0.wav,marvin
DataSet/marvin/cfbedff9_nohash_0.wav,marvin
DataSet/marvin/cfde27ba_nohash_0.wav,marvin
DataSet/marvin/d0426d63_nohash_0.wav,marvin
DataSet/marvin/d0426d63_nohash_1.wav,marvin
DataSet/marvin/d0426d63_nohash_2.wav,marvin
DataSet/marvin/d070ea86_nohash_0.wav,marvin
DataSet/marvin/d0858dce_nohash_0.wav,marvin
DataSet/marvin/d0ce2418_nohash_0.wav,marvin
DataSet/marvin/d0ce2418_nohash_1.wav,marvin
DataSet/marvin/d0ce2418_nohash_2.wav,marvin
DataSet/marvin/d0f7bef5_nohash_0.wav,marvin
DataSet/marvin/d0f7bef5_nohash_1.wav,marvin
DataSet/marvin/d0f7bef5_nohash_2.wav,marvin
DataSet/marvin/d0faf7e4_nohash_0.wav,marvin
DataSet/marvin/d0fb9ff4_nohash_0.wav,marvin
DataSet/marvin/d107dc42_nohash_0.wav,marvin
DataSet/marvin/d1453a87_nohash_0.wav,marvin
DataSet/marvin/d1a4fb3f_nohash_0.wav,marvin
DataSet/marvin/d1a4fb3f_nohash_1.wav,marvin
DataSet/marvin/d1a4fb3f_nohash_2.wav,marvin
DataSet/marvin/d1a4fb3f_nohash_3.wav,marvin
DataSet/marvin/d1bf406b_nohash_0.wav,marvin
DataSet/marvin/d1bf406b_nohash_1.wav,marvin
DataSet/marvin/d1d3e64d_nohash_0.wav,marvin
DataSet/marvin/d1dd03ed_nohash_0.wav,marvin
DataSet/marvin/d21fd169_nohash_0.wav,marvin
DataSet/marvin/d264f7b6_nohash_0.wav,marvin
DataSet/marvin/d2f4f431_nohash_0.wav,marvin
DataSet/marvin/d312f481_nohash_0.wav,marvin
DataSet/marvin/d33df435_nohash_0.wav,marvin
DataSet/marvin/d33df435_nohash_1.wav,marvin
DataSet/marvin/d37e4bf1_nohash_0.wav,marvin
DataSet/marvin/d3831f6a_nohash_0.wav,marvin
DataSet/marvin/d394ef8e_nohash_0.wav,marvin
DataSet/marvin/d3badc9a_nohash_0.wav,marvin
DataSet/marvin/d3d8fcd0_nohash_0.wav,marvin
DataSet/marvin/d3f22f0e_nohash_0.wav,marvin
DataSet/marvin/d4082f3e_nohash_0.wav,marvin
DataSet/marvin/d4082f3e_nohash_1.wav,marvin
DataSet/marvin/d430b3cc_nohash_0.wav,marvin
DataSet/marvin/d486fb84_nohash_0.wav,marvin
DataSet/marvin/d486fb84_nohash_1.wav,marvin
DataSet/marvin/d4d898d7_nohash_0.wav,marvin
DataSet/marvin/d4d898d7_nohash_1.wav,marvin
DataSet/marvin/d4d898d7_nohash_2.wav,marvin
DataSet/marvin/d53e25ba_nohash_0.wav,marvin
DataSet/marvin/d57febf0_nohash_0.wav,marvin
DataSet/marvin/d5b963aa_nohash_0.wav,marvin
DataSet/marvin/d5c41d6a_nohash_0.wav,marvin
DataSet/marvin/d5dd88da_nohash_0.wav,marvin
DataSet/marvin/d71ad617_nohash_0.wav,marvin
DataSet/marvin/d750966e_nohash_0.wav,marvin
DataSet/marvin/d750966e_nohash_1.wav,marvin
DataSet/marvin/d7529c0c_nohash_0.wav,marvin
DataSet/marvin/d7559b2d_nohash_0.wav,marvin
DataSet/marvin/d7559b2d_nohash_1.wav,marvin
DataSet/marvin/d78858d9_nohash_0.wav,marvin
DataSet/marvin/d78858d9_nohash_1.wav,marvin
DataSet/marvin/d78858d9_nohash_2.wav,marvin
DataSet/marvin/d7a58714_nohash_0.wav,marvin
DataSet/marvin/d84829e0_nohash_0.wav,marvin
DataSet/marvin/d84829e0_nohash_1.wav,marvin
DataSet/marvin/d84829e0_nohash_2.wav,marvin
DataSet/marvin/d84829e0_nohash_3.wav,marvin
DataSet/marvin/d8521ea0_nohash_0.wav,marvin
DataSet/marvin/d874a786_nohash_0.wav,marvin
DataSet/marvin/d874a786_nohash_1.wav,marvin
DataSet/marvin/d8a5ace5_nohash_0.wav,marvin
DataSet/marvin/d8ee4734_nohash_0.wav,marvin
DataSet/marvin/d8ee4734_nohash_1.wav,marvin
DataSet/marvin/d933bf5e_nohash_0.wav,marvin
DataSet/marvin/d94eb94f_nohash_0.wav,marvin
DataSet/marvin/d952a17e_nohash_0.wav,marvin
DataSet/marvin/d952a17e_nohash_1.wav,marvin
DataSet/marvin/d952a17e_nohash_2.wav,marvin
DataSet/marvin/d98dd124_nohash_0.wav,marvin
DataSet/marvin/d98f6043_nohash_0.wav,marvin
DataSet/marvin/d9aa8c90_nohash_0.wav,marvin
DataSet/marvin/d9ae8983_nohash_0.wav,marvin
DataSet/marvin/da040491_nohash_0.wav,marvin
DataSet/marvin/da1d320c_nohash_0.wav,marvin
DataSet/marvin/da2c5f1b_nohash_0.wav,marvin
DataSet/marvin/da4ef063_nohash_0.wav,marvin
DataSet/marvin/da584bc0_nohash_0.wav,marvin
DataSet/marvin/da5e685e_nohash_0.wav,marvin
DataSet/marvin/da7689f1_nohash_0.wav,marvin
DataSet/marvin/da8fa823_nohash_0.wav,marvin
DataSet/marvin/dabd70c2_nohash_0.wav,marvin
DataSet/marvin/dabf67d9_nohash_0.wav,marvin
DataSet/marvin/dabf67d9_nohash_1.wav,marvin
DataSet/marvin/dabf67d9_nohash_2.wav,marvin
DataSet/marvin/dae01802_nohash_0.wav,marvin
DataSet/marvin/db24628d_nohash_0.wav,marvin
DataSet/marvin/db43cd03_nohash_0.wav,marvin
DataSet/marvin/db43cd03_nohash_1.wav,marvin
DataSet/marvin/db72a474_nohash_0.wav,marvin
DataSet/marvin/db9cd41d_nohash_0.wav,marvin
DataSet/marvin/db9cd41d_nohash_1.wav,marvin
DataSet/marvin/db9cfc88_nohash_0.wav,marvin
DataSet/marvin/db9d52d2_nohash_0.wav,marvin
DataSet/marvin/dbb40d24_nohash_0.wav,marvin
DataSet/marvin/dbb7723a_nohash_0.wav,marvin
DataSet/marvin/dc2222d7_nohash_0.wav,marvin
DataSet/marvin/dc269564_nohash_0.wav,marvin
DataSet/marvin/dc6e9c04_nohash_0.wav,marvin
DataSet/marvin/dc6e9c04_nohash_1.wav,marvin
DataSet/marvin/dc7ec25b_nohash_0.wav,marvin
DataSet/marvin/dc7ec25b_nohash_1.wav,marvin
DataSet/marvin/dc7ec25b_nohash_2.wav,marvin
DataSet/marvin/dca2797e_nohash_0.wav,marvin
DataSet/marvin/dcbfe008_nohash_0.wav,marvin
DataSet/marvin/dcc012ec_nohash_0.wav,marvin
DataSet/marvin/dce05676_nohash_0.wav,marvin
DataSet/marvin/dce05676_nohash_1.wav,marvin
DataSet/marvin/dce5041a_nohash_0.wav,marvin
DataSet/marvin/dd086776_nohash_0.wav,marvin
DataSet/marvin/dd086776_nohash_1.wav,marvin
DataSet/marvin/dd664d92_nohash_0.wav,marvin
DataSet/marvin/dd6c6806_nohash_0.wav,marvin
DataSet/marvin/de08912f_nohash_0.wav,marvin
DataSet/marvin/de08912f_nohash_1.wav,marvin
DataSet/marvin/de3fe344_nohash_0.wav,marvin
DataSet/marvin/de4f7798_nohash_0.wav,marvin
DataSet/marvin/de6eb27c_nohash_0.wav,marvin
DataSet/marvin/de89e2ca_nohash_0.wav,marvin
DataSet/marvin/dedc7fab_nohash_0.wav,marvin
DataSet/marvin/dedc7fab_nohash_1.wav,marvin
DataSet/marvin/df280250_nohash_0.wav,marvin
DataSet/marvin/df6bd83f_nohash_0.wav,marvin
DataSet/marvin/df6bd83f_nohash_1.wav,marvin
DataSet/marvin/dfb6450b_nohash_0.wav,marvin
DataSet/marvin/dfb6450b_nohash_1.wav,marvin
DataSet/marvin/dfdabe19_nohash_0.wav,marvin
DataSet/marvin/dff327c5_nohash_0.wav,marvin
DataSet/marvin/e0315cf6_nohash_0.wav,marvin
DataSet/marvin/e0322f2c_nohash_0.wav,marvin
DataSet/marvin/e0344f60_nohash_0.wav,marvin
DataSet/marvin/e04d7130_nohash_0.wav,marvin
DataSet/marvin/e04d7130_nohash_1.wav,marvin
DataSet/marvin/e0611c84_nohash_0.wav,marvin
DataSet/marvin/e0611c84_nohash_1.wav,marvin
DataSet/marvin/e0611c84_nohash_2.wav,marvin
DataSet/marvin/e0a7c5a0_nohash_0.wav,marvin
DataSet/marvin/e0c782d5_nohash_0.wav,marvin
DataSet/marvin/e102119e_nohash_0.wav,marvin
DataSet/marvin/e102119e_nohash_1.wav,marvin
DataSet/marvin/e11fbc6e_nohash_0.wav,marvin
DataSet/marvin/e1469561_nohash_0.wav,marvin
DataSet/marvin/e14d3db8_nohash_0.wav,marvin
DataSet/marvin/e1936ce8_nohash_0.wav,marvin
DataSet/marvin/e1aa22e4_nohash_0.wav,marvin
DataSet/marvin/e1aa22e4_nohash_1.wav,marvin
DataSet/marvin/e1aa22e4_nohash_2.wav,marvin
DataSet/marvin/e20be42a_nohash_0.wav,marvin
DataSet/marvin/e20be42a_nohash_1.wav,marvin
DataSet/marvin/e2362167_nohash_0.wav,marvin
DataSet/marvin/e269bac0_nohash_0.wav,marvin
DataSet/marvin/e269bac0_nohash_1.wav,marvin
DataSet/marvin/e3411931_nohash_0.wav,marvin
DataSet/marvin/e3411931_nohash_1.wav,marvin
DataSet/marvin/e39a8ddc_nohash_0.wav,marvin
DataSet/marvin/e3b64217_nohash_0.wav,marvin
DataSet/marvin/e3e49931_nohash_0.wav,marvin
DataSet/marvin/e41a903b_nohash_0.wav,marvin
DataSet/marvin/e4200516_nohash_0.wav,marvin
DataSet/marvin/e48a80ed_nohash_0.wav,marvin
DataSet/marvin/e48a80ed_nohash_1.wav,marvin
DataSet/marvin/e49428d9_nohash_0.wav,marvin
DataSet/marvin/e4a2cf79_nohash_0.wav,marvin
DataSet/marvin/e4a2cf79_nohash_1.wav,marvin
DataSet/marvin/e4a2cf79_nohash_2.wav,marvin
DataSet/marvin/e4be0cf6_nohash_0.wav,marvin
DataSet/marvin/e54a0f16_nohash_0.wav,marvin
DataSet/marvin/e55a2b20_nohash_0.wav,marvin
DataSet/marvin/e57abea3_nohash_0.wav,marvin
DataSet/marvin/e57abea3_nohash_1.wav,marvin
DataSet/marvin/e57d35bc_nohash_0.wav,marvin
DataSet/marvin/e5afa9b0_nohash_0.wav,marvin
DataSet/marvin/e5afa9b0_nohash_1.wav,marvin
DataSet/marvin/e5c48e53_nohash_0.wav,marvin
DataSet/marvin/e5d2e09d_nohash_0.wav,marvin
DataSet/marvin/e5dadd24_nohash_0.wav,marvin
DataSet/marvin/e5dadd24_nohash_1.wav,marvin
DataSet/marvin/e5e54cee_nohash_0.wav,marvin
DataSet/marvin/e62056e2_nohash_0.wav,marvin
DataSet/marvin/e62056e2_nohash_1.wav,marvin
DataSet/marvin/e6327279_nohash_0.wav,marvin
DataSet/marvin/e6515415_nohash_0.wav,marvin
DataSet/marvin/e6515415_nohash_1.wav,marvin
DataSet/marvin/e6e29c47_nohash_0.wav,marvin
DataSet/marvin/e6e29c47_nohash_1.wav,marvin
DataSet/marvin/e71b4ce6_nohash_0.wav,marvin
DataSet/marvin/e72aa705_nohash_0.wav,marvin
DataSet/marvin/e7334395_nohash_0.wav,marvin
DataSet/marvin/e7334395_nohash_1.wav,marvin
DataSet/marvin/e76dd1ce_nohash_0.wav,marvin
DataSet/marvin/e77d88fc_nohash_0.wav,marvin
DataSet/marvin/e7d0eb3f_nohash_0.wav,marvin
DataSet/marvin/e7ea8b76_nohash_0.wav,marvin
DataSet/marvin/e7ebf59c_nohash_0.wav,marvin
DataSet/marvin/e7ebf59c_nohash_1.wav,marvin
DataSet/marvin/e82914c0_nohash_0.wav,marvin
DataSet/marvin/e855b8f1_nohash_0.wav,marvin
DataSet/marvin/e882abb2_nohash_0.wav,marvin
DataSet/marvin/e8b6f6fe_nohash_0.wav,marvin
DataSet/marvin/e8b6f6fe_nohash_1.wav,marvin
DataSet/marvin/e8c3c5ca_nohash_0.wav,marvin
DataSet/marvin/e900b652_nohash_0.wav,marvin
DataSet/marvin/e91d173e_nohash_0.wav,marvin
DataSet/marvin/e9323bd9_nohash_0.wav,marvin
DataSet/marvin/e95c70e2_nohash_0.wav,marvin
DataSet/marvin/e98cb283_nohash_0.wav,marvin
DataSet/marvin/e99d36c8_nohash_0.wav,marvin
DataSet/marvin/e9a76b2f_nohash_0.wav,marvin
DataSet/marvin/e9abfe31_nohash_0.wav,marvin
DataSet/marvin/e9b61425_nohash_0.wav,marvin
DataSet/marvin/e9bc5cc2_nohash_0.wav,marvin
DataSet/marvin/ea1f888c_nohash_0.wav,marvin
DataSet/marvin/ea7ca285_nohash_0.wav,marvin
DataSet/marvin/ea7ca285_nohash_1.wav,marvin
DataSet/marvin/ea7ca285_nohash_2.wav,marvin
DataSet/marvin/ea9f8e11_nohash_0.wav,marvin
DataSet/marvin/eaa83485_nohash_0.wav,marvin
DataSet/marvin/eb0676ec_nohash_0.wav,marvin
DataSet/marvin/eb3d8eb1_nohash_0.wav,marvin
DataSet/marvin/eb3f7d82_nohash_0.wav,marvin
DataSet/marvin/eb609143_nohash_0.wav,marvin
DataSet/marvin/eb6dab4a_nohash_0.wav,marvin
DataSet/marvin/eb6dab4a_nohash_1.wav,marvin
DataSet/marvin/ec201020_nohash_0.wav,marvin
DataSet/marvin/ec32860c_nohash_0.wav,marvin
DataSet/marvin/ec7d1151_nohash_0.wav,marvin
DataSet/marvin/ec989d6d_nohash_0.wav,marvin
DataSet/marvin/ecbd8d66_nohash_0.wav,marvin
DataSet/marvin/ecbd8d66_nohash_1.wav,marvin
DataSet/marvin/ece1a95a_nohash_0.wav,marvin
DataSet/marvin/ecef25ba_nohash_0.wav,marvin
DataSet/marvin/ed032775_nohash_0.wav,marvin
DataSet/marvin/ed07d5b7_nohash_0.wav,marvin
DataSet/marvin/ed07d5b7_nohash_1.wav,marvin
DataSet/marvin/ed3c2d05_nohash_0.wav,marvin
DataSet/marvin/ed3c2d05_nohash_1.wav,marvin
DataSet/marvin/ed3c2d05_nohash_2.wav,marvin
DataSet/marvin/ed3c2d05_nohash_3.wav,marvin
DataSet/marvin/edc53350_nohash_0.wav,marvin
DataSet/marvin/edd8bfe3_nohash_0.wav,marvin
DataSet/marvin/edd8bfe3_nohash_1.wav,marvin
DataSet/marvin/ede2f4ee_nohash_0.wav,marvin
DataSet/marvin/ede2f4ee_nohash_1.wav,marvin
DataSet/marvin/ee1d8d49_nohash_0.wav,marvin
DataSet/marvin/ee23b031_nohash_0.wav,marvin
DataSet/marvin/ee28caac_nohash_0.wav,marvin
DataSet/marvin/ee6163d5_nohash_0.wav,marvin
DataSet/marvin/eeaf97c3_nohash_0.wav,marvin
DataSet/marvin/eee5e541_nohash_0.wav,marvin
DataSet/marvin/ef2578c0_nohash_0.wav,marvin
DataSet/marvin/ef2a3cfb_nohash_0.wav,marvin
DataSet/marvin/ef2a3cfb_nohash_1.wav,marvin
DataSet/marvin/ef3367d9_nohash_0.wav,marvin
DataSet/marvin/ef3367d9_nohash_1.wav,marvin
DataSet/marvin/ef77b778_nohash_0.wav,marvin
DataSet/marvin/efa16ffd_nohash_0.wav,marvin
DataSet/marvin/efab2cbd_nohash_0.wav,marvin
DataSet/marvin/efc5e569_nohash_0.wav,marvin
DataSet/marvin/f01a0d63_nohash_0.wav,marvin
DataSet/marvin/f035e2ea_nohash_0.wav,marvin
DataSet/marvin/f0522ff4_nohash_0.wav,marvin
DataSet/marvin/f0659908_nohash_0.wav,marvin
DataSet/marvin/f0ac2522_nohash_0.wav,marvin
DataSet/marvin/f0ae7203_nohash_0.wav,marvin
DataSet/marvin/f0ebef1b_nohash_0.wav,marvin
DataSet/marvin/f17d21b5_nohash_0.wav,marvin
DataSet/marvin/f19279c4_nohash_0.wav,marvin
DataSet/marvin/f192e6b4_nohash_0.wav,marvin
DataSet/marvin/f19c1390_nohash_0.wav,marvin
DataSet/marvin/f1b35ace_nohash_0.wav,marvin
DataSet/marvin/f1b35ace_nohash_1.wav,marvin
DataSet/marvin/f1d36c53_nohash_0.wav,marvin
DataSet/marvin/f1d36c53_nohash_1.wav,marvin
DataSet/marvin/f1d36c53_nohash_2.wav,marvin
DataSet/marvin/f216055e_nohash_0.wav,marvin
DataSet/marvin/f216055e_nohash_1.wav,marvin
DataSet/marvin/f21893dc_nohash_0.wav,marvin
DataSet/marvin/f21893dc_nohash_1.wav,marvin
DataSet/marvin/f2898d06_nohash_0.wav,marvin
DataSet/marvin/f292725f_nohash_0.wav,marvin
DataSet/marvin/f297e878_nohash_0.wav,marvin
DataSet/marvin/f297e878_nohash_1.wav,marvin
DataSet/marvin/f297e878_nohash_2.wav,marvin
DataSet/marvin/f2a90886_nohash_0.wav,marvin
DataSet/marvin/f2dd248e_nohash_0.wav,marvin
DataSet/marvin/f2dd248e_nohash_1.wav,marvin
DataSet/marvin/f2e59fea_nohash_0.wav,marvin
DataSet/marvin/f2e9b610_nohash_0.wav,marvin
DataSet/marvin/f2f0d244_nohash_0.wav,marvin
DataSet/marvin/f30285c8_nohash_0.wav,marvin
DataSet/marvin/f3210686_nohash_0.wav,marvin
DataSet/marvin/f33660af_nohash_0.wav,marvin
DataSet/marvin/f3957e23_nohash_0.wav,marvin
DataSet/marvin/f3d06008_nohash_0.wav,marvin
DataSet/marvin/f428ca69_nohash_0.wav,marvin
DataSet/marvin/f42e234b_nohash_0.wav,marvin
DataSet/marvin/f44f440f_nohash_0.wav,marvin
DataSet/marvin/f4504600_nohash_0.wav,marvin
DataSet/marvin/f45fcf9a_nohash_0.wav,marvin
DataSet/marvin/f47d644e_nohash_0.wav,marvin
DataSet/marvin/f4c77b26_nohash_0.wav,marvin
DataSet/marvin/f4c77b26_nohash_1.wav,marvin
DataSet/marvin/f4cae173_nohash_0.wav,marvin
DataSet/marvin/f4cae173_nohash_1.wav,marvin
DataSet/marvin/f4cae173_nohash_2.wav,marvin
DataSet/marvin/f4f59743_nohash_0.wav,marvin
DataSet/marvin/f5341341_nohash_0.wav,marvin
DataSet/marvin/f5496439_nohash_0.wav,marvin
DataSet/marvin/f5496439_nohash_1.wav,marvin
DataSet/marvin/f5626af6_nohash_0.wav,marvin
DataSet/marvin/f568162b_nohash_0.wav,marvin
DataSet/marvin/f5733968_nohash_0.wav,marvin
DataSet/marvin/f5c3de1b_nohash_0.wav,marvin
DataSet/marvin/f5d09ebd_nohash_0.wav,marvin
DataSet/marvin/f5e5e8b0_nohash_0.wav,marvin
DataSet/marvin/f618568f_nohash_0.wav,marvin
DataSet/marvin/f618568f_nohash_1.wav,marvin
DataSet/marvin/f618568f_nohash_2.wav,marvin
DataSet/marvin/f632210f_nohash_0.wav,marvin
DataSet/marvin/f638a812_nohash_0.wav,marvin
DataSet/marvin/f6581345_nohash_0.wav,marvin
DataSet/marvin/f6617a86_nohash_0.wav,marvin
DataSet/marvin/f6617a86_nohash_1.wav,marvin
DataSet/marvin/f68160c0_nohash_0.wav,marvin
DataSet/marvin/f6a380e7_nohash_0.wav,marvin
DataSet/marvin/f736ab63_nohash_0.wav,marvin
DataSet/marvin/f7879738_nohash_0.wav,marvin
DataSet/marvin/f798ac78_nohash_0.wav,marvin
DataSet/marvin/f7b43563_nohash_0.wav,marvin
DataSet/marvin/f810e799_nohash_0.wav,marvin
DataSet/marvin/f816db77_nohash_0.wav,marvin
DataSet/marvin/f822b9bf_nohash_0.wav,marvin
DataSet/marvin/f84762e5_nohash_0.wav,marvin
DataSet/marvin/f864cd4a_nohash_0.wav,marvin
DataSet/marvin/f875f965_nohash_0.wav,marvin
DataSet/marvin/f875f965_nohash_1.wav,marvin
DataSet/marvin/f88f97a7_nohash_0.wav,marvin
DataSet/marvin/f88f97a7_nohash_1.wav,marvin
DataSet/marvin/f8ad3941_nohash_0.wav,marvin
DataSet/marvin/f8ba7c0e_nohash_0.wav,marvin
DataSet/marvin/f9273a21_nohash_0.wav,marvin
DataSet/marvin/f9318c93_nohash_0.wav,marvin
DataSet/marvin/f953e1af_nohash_0.wav,marvin
DataSet/marvin/f9643d42_nohash_0.wav,marvin
DataSet/marvin/f9af0887_nohash_0.wav,marvin
DataSet/marvin/f9af823e_nohash_0.wav,marvin
DataSet/marvin/f9af823e_nohash_1.wav,marvin
DataSet/marvin/f9af823e_nohash_2.wav,marvin
DataSet/marvin/f9f9751d_nohash_0.wav,marvin
DataSet/marvin/fa44fcf5_nohash_0.wav,marvin
DataSet/marvin/fa44fcf5_nohash_1.wav,marvin
DataSet/marvin/fa52ddf6_nohash_0.wav,marvin
DataSet/marvin/fa57ab3b_nohash_0.wav,marvin
DataSet/marvin/fa7895de_nohash_0.wav,marvin
DataSet/marvin/fa7895de_nohash_1.wav,marvin
DataSet/marvin/fac7deca_nohash_0.wav,marvin
DataSet/marvin/facd97c0_nohash_0.wav,marvin
DataSet/marvin/fad7a69a_nohash_0.wav,marvin
DataSet/marvin/fad7a69a_nohash_1.wav,marvin
DataSet/marvin/fafe8101_nohash_0.wav,marvin
DataSet/marvin/fb24c826_nohash_0.wav,marvin
DataSet/marvin/fb2f3242_nohash_0.wav,marvin
DataSet/marvin/fb2f3242_nohash_1.wav,marvin
DataSet/marvin/fb2f3242_nohash_2.wav,marvin
DataSet/marvin/fb495c43_nohash_0.wav,marvin
DataSet/marvin/fb495c43_nohash_1.wav,marvin
DataSet/marvin/fb727898_nohash_0.wav,marvin
DataSet/marvin/fb7eb481_nohash_0.wav,marvin
DataSet/marvin/fb8c31a9_nohash_0.wav,marvin
DataSet/marvin/fb9d6d23_nohash_0.wav,marvin
DataSet/marvin/fbb2f6cc_nohash_0.wav,marvin
DataSet/marvin/fbb56351_nohash_0.wav,marvin
DataSet/marvin/fbdc07bb_nohash_0.wav,marvin
DataSet/marvin/fbdc07bb_nohash_1.wav,marvin
DataSet/marvin/fbe51750_nohash_0.wav,marvin
DataSet/marvin/fc2411fe_nohash_0.wav,marvin
DataSet/marvin/fc2411fe_nohash_1.wav,marvin
DataSet/marvin/fc28c8d8_nohash_0.wav,marvin
DataSet/marvin/fc28c8d8_nohash_1.wav,marvin
DataSet/marvin/fc28c8d8_nohash_2.wav,marvin
DataSet/marvin/fc28c8d8_nohash_3.wav,marvin
DataSet/marvin/fc3ba625_nohash_0.wav,marvin
DataSet/marvin/fc94edb0_nohash_0.wav,marvin
DataSet/marvin/fcb25a78_nohash_0.wav,marvin
DataSet/marvin/fce96bac_nohash_0.wav,marvin
DataSet/marvin/fda46b78_nohash_0.wav,marvin
DataSet/marvin/fde2dee7_nohash_0.wav,marvin
DataSet/marvin/fde2dee7_nohash_1.wav,marvin
DataSet/marvin/fe11e258_nohash_0.wav,marvin
DataSet/marvin/fe5c4a7a_nohash_0.wav,marvin
DataSet/marvin/ff21fb59_nohash_0.wav,marvin
DataSet/marvin/ff21fb59_nohash_1.wav,marvin
DataSet/marvin/ff21fb59_nohash_2.wav,marvin
DataSet/marvin/ff21fb59_nohash_3.wav,marvin
DataSet/marvin/ff2b842e_nohash_0.wav,marvin
DataSet/marvin/ff4ed4f3_nohash_0.wav,marvin
DataSet/marvin/ff63ab0b_nohash_0.wav,marvin
DataSet/marvin/ff63ab0b_nohash_1.wav,marvin
DataSet/marvin/ffa76c4a_nohash_0.wav,marvin
DataSet/marvin/ffd2ba2f_nohash_0.wav,marvin
DataSet/marvin/fffcabd1_nohash_0.wav,marvin
DataSet/marvin/fffcabd1_nohash_1.wav,marvin
